0000000000000000000000000000000000000000000000000000000000000001	0000000000000000000000000000000000000000000000000000000000000000	0000000000000000000000000000000000000000000000000000000000000001
0000000000000000000000000000000000000000000000000000000000000001	0000000000000000000000000000000000000000000000000000000000000000	0000000000000000000000000000000000000000000000000000000000000002
0000000000000000000000000000000000000000000000000000000000000001	0000000000000000000000000000000000000000000000000000000000000000	0000000000000000000000000000000000000000000000000000000000000003
0000000000000000000000000000000000000000000000000000000000000001	0000000000000000000000000000000000000000000000000000000000000000	00000000000000000000000000000000000000000000000000000001000003d0
0000000000000000000000000000000000000000000000000000000000000001	0000000000000000000000000000000000000000000000000000000000000000	00000000000000000000000000000000000000000000000000000001000003d1
0000000000000000000000000000000000000000000000000000000000000001	0000000000000000000000000000000000000000000000000000000000000000	00000000000000000000000000000000000000000000000000000001000003d2
0000000000000000000000000000000000000000000000000000000000000001	0000000000000000000000000000000000000000000000000000000000000000	0000000000000000000000000000000100000000000000000000000000000001
0000000000000000000000000000000000000000000000000000000000000001	0000000000000000000000000000000000000000000000000000000000000000	fffffffffffffffffffffffffffffffffffffffffffffffffffffffefffffc2e
0000000000000000000000000000000000000000000000000000000000000001	0000000000000000000000000000000000000000000000000000000000000000	9f69ee183927f2de409371d48b0733735c9568941bfe791cb02499365401facb
0000000000000000000000000000000000000000000000000000000000000001	0000000000000000000000000000000000000000000000000000000000000000	d3c5244fc0c8c00553ff409212b6a57b0a3b623ee0bc7b23d9147250759aa415
0000000000000000000000000000000000000000000000000000000000000001	0000000000000000000000000000000000000000000000000000000000000000	5dcdef1aadba6e6f9fa7a194cf6a71df9168d97d2e9ca4dc296908565f00b4d9
0000000000000000000000000000000000000000000000000000000000000001	0000000000000000000000000000000000000000000000000000000000000000	d534d578d3e1eb2b1690b9a2d4b2d2d84100437c040d8b79df6fffed9032d272
0000000000000000000000000000000000000000000000000000000000000001	0000000000000000000000000000000000000000000000000000000000000000	f66fbe57319563b64a8f58cd428595b307c07a72b2164595c11d283eab60b45c
0000000000000000000000000000000000000000000000000000000000000001	0000000000000000000000000000000000000000000000000000000000000000	400e17f31c864b185ee05029b4ca04a020c29967468e73e015981536dedd5700
0000000000000000000000000000000000000000000000000000000000000001	0000000000000000000000000000000000000000000000000000000000000000	d435856f9ab6ccc30eb8a023031b74008865b8b6a0ce79565dfb4936b4b73fb5
0000000000000000000000000000000000000000000000000000000000000001	0000000000000000000000000000000000000000000000000000000000000000	19347eb1e110c6697b2151d083099e040675b4cfa6923f26ad57d963c97e1512
0000000000000000000000000000000000000000000000000000000000000001	0000000000000000000000000000000000000000000000000000000000000000	b4779d0db00a11f69106d731567d0ad360668f49b2481481d932e714a143e45f
0000000000000000000000000000000000000000000000000000000000000001	0000000000000000000000000000000000000000000000000000000000000000	99d83593a28df721d8a102e8776220d5aec0976a7b2283f6065686dafe7e51fb
0000000000000000000000000000000000000000000000000000000000000001	0000000000000000000000000000000000000000000000000000000000000000	ba4e25b946a879db07bca35656369b0b2979018a9ad29eea7a1777fd5fd39c85
0000000000000000000000000000000000000000000000000000000000000001	0000000000000000000000000000000000000000000000000000000000000000	40b40b9c7f95437f05fab8bbb92a269c56994ea170dfacdd3b3952c1ec8bc580
0000000000000000000000000000000000000000000000000000000000000001	0000000000000000000000000000000000000000000000000000000000000000	b63351de682f433979d63242bbfa3b025d702b2537cd6d9c9e957ca15d1deac8
0000000000000000000000000000000000000000000000000000000000000001	0000000000000000000000000000000000000000000000000000000000000000	7558116f93c6298ec934167195825c927f3ce843e06d8dd8a7343861e7dce9d9
0000000000000000000000000000000000000000000000000000000000000001	0000000000000000000000000000000000000000000000000000000000000000	dff894f905106cd06ad1dbe2c1c46aa79b53e9406b796e7c4016a7d6353db602
0000000000000000000000000000000000000000000000000000000000000001	0000000000000000000000000000000000000000000000000000000000000000	994c52cd54933a2d4a1f216cc9332d2c3c642bcb967c6948aacdd903536b6325
0000000000000000000000000000000000000000000000000000000000000001	0000000000000000000000000000000000000000000000000000000000000000	4b3198f4ba8705ac3c84d34411a488c5972a8e5a16d4726f0f077650d2871bdf
0000000000000000000000000000000000000000000000000000000000000001	0000000000000000000000000000000000000000000000000000000000000000	174bae57a2d7a1629ba040e754ef59a8b0eda026eb917c3cc139a86c88646978
0000000000000000000000000000000000000000000000000000000000000001	0000000000000000000000000000000000000000000000000000000000000000	0ea05b5d5f3613201470d6192914c594827bfe1afe65cb722b4a2393e4f8fbdd
0000000000000000000000000000000000000000000000000000000000000001	0000000000000000000000000000000000000000000000000000000000000000	9351b1da87f6b5eb7537fafa579b08ff8779d847c3eb282cf6b608d3c44bef55
0000000000000000000000000000000000000000000000000000000000000001	0000000000000000000000000000000000000000000000000000000000000000	ee3056755f73938fe24874c6e48e7179fc7c9cf584e86c49da8cdb2436d3caf8
0000000000000000000000000000000000000000000000000000000000000001	0000000000000000000000000000000000000000000000000000000000000000	483f81fc39a2d891702b937b846a53cd1c958dc6bd180c02059bdecd2cb3c5b9
0000000000000000000000000000000000000000000000000000000000000001	0000000000000000000000000000000000000000000000000000000000000000	9bdb8c2fb94e8eb23b0b82372348b7f665c83cc61618aef659c20cafc3756577
0000000000000000000000000000000000000000000000000000000000000001	0000000000000000000000000000000000000000000000000000000000000000	14866b25bfec8d9088ea50e559c7cca8ad737550b972896b141596c723d09595
0000000000000000000000000000000000000000000000000000000000000001	0000000000000000000000000000000000000000000000000000000000000001	0000000000000000000000000000000000000000000000000000000000000001
0000000000000000000000000000000000000000000000000000000000000001	0000000000000000000000000000000000000000000000000000000000000001	fffffffffffffffffffffffffffffffffffffffffffffffffffffffefffffc2e
0000000000000000000000000000000000000000000000000000000000000001	fffffffffffffffffffffffffffffffffffffffffffffffffffffffefffffc2e	0000000000000000000000000000000000000000000000000000000000000001
0000000000000000000000000000000000000000000000000000000000000001	fffffffffffffffffffffffffffffffffffffffffffffffffffffffefffffc2e	fffffffffffffffffffffffffffffffffffffffffffffffffffffffefffffc2e
0000000000000000000000000000000000000000000000000000000000000001	00000000000000000000000000000000000000000000000000000001000003d1	00000000000000000000000000000000000000000000000000000001000003d2
0000000000000000000000000000000000000000000000000000000000000001	00000000000000000000000000000000ffffffffffffffffffffffffffffffff	0000000000000000000000000000000100000000000000000000000000000001
0000000000000000000000000000000000000000000000000000000000000001	7fffffffffffffffffffffffffffffffffffffffffffffffffffffffffffffed	00000000000000000000000000000000000000000000000000000001000003d1
0000000000000000000000000000000000000000000000000000000000000001	00000000000000000000000000000000000000000000000000000001000003d2	8000000000000000000000000000000000000000000000000000000000000013
0000000000000000000000000000000000000000000000000000000000000001	96de292ad08c05f33374ff077e037057cb1976be5fd11814eb427a298826a7de	f5a02b551d42e1af8af605ff1660926f160366df7b9584c2f4e83c5251d4ac4a
0000000000000000000000000000000000000000000000000000000000000001	4d6ec7bab20514a58c089d6067f55985b8392d48b5531403790e390b58cb6397	a3b527dc3ded3db1ebb2d76d1e0f1d3ba27e4a809a3654648bbde08dbf1f454c
0000000000000000000000000000000000000000000000000000000000000001	e45d6b3a7bab850fd4636fc1bec55df32d3abc216d2837543c5ba15d153069f1	ddbec74a741dcc3fccbef14fb226877249dae56655d5d9a1b1a073c6e04abe33
0000000000000000000000000000000000000000000000000000000000000001	bd9c04cdfd5b0caa1588bd3d277d72ace38f467b02aba014e5a8e90eeb3fbe1a	1bb54365673065de32ecf60d870ba0653ed1c3e18b6bedc01dd5d4dd04bbe4ca
0000000000000000000000000000000000000000000000000000000000000001	2beaf41bc983d4f633f48d269bfa408bfc599b1e1b73e28d09e3ee7ea71ac7a6	357cec24e0b81663bc645f7cf6352799e9e2022fd4915646b6785bedbcbe7334
0000000000000000000000000000000000000000000000000000000000000001	b5c07245c079654f786d357f629f0790f7723aad5562066fe2e4f01b9e1cddc8	a6584ec2aadddec9d4bd5db607d1f8bf5222837160d787d1353fcbbeaf9136fa
0000000000000000000000000000000000000000000000000000000000000001	5f7336cee5cf61f96cd20b5175605b709909aa714d33cc087d3466f57f617fff	bb61dcac06769ca45dd1f5557c5e315a0a5ef6c91f8f8fd8f6dec8c4855d4312
0000000000000000000000000000000000000000000000000000000000000001	2acc6dfff840182c12a710e41723c9d58be39cd1c35ca4bc90b833ab186ab981	1163f31315c921af267f5c165fa15639ff6a27f22da4f0d54a22c5756f4f01bb
0000000000000000000000000000000000000000000000000000000000000001	d4748cd56a1ba4db81904bd851953aa1e6ad2f30f789700f6a026e53fce2523e	03ad3d62b8d59506de2bbb6a0fb9b9e9c3e3840ceff473be4e7bae93d10a7aa7
0000000000000000000000000000000000000000000000000000000000000001	512ff00c68eaac642ac7ac7d377bf11621b1b12948db0eb2afed1bbb9abeb1c5	f2c52d8a84bfdbfdf0253c59082bf79ddf5cdadd40f16c27b3ec33a6545b905e
0000000000000000000000000000000000000000000000000000000000000001	02af8362bd0440652f8b0774287cb3d0d4d1d9f9cd0b4a348a63b5beae8d0bb4	c1b0638d4b66c508d947c069e7ca0d241c5ee6d149a290b3b1dab1f62f842b37
0000000000000000000000000000000000000000000000000000000000000001	d25b514f3ecd73eb99a9fb4df1427c72d13744c2c280a35a7e0de96e4ba264e6	e85a4bb427c8f87dd7840a7994234b7a8b3c783b7ac9584436fcbe4ff485a11c
0000000000000000000000000000000000000000000000000000000000000001	a914abac0c875449aa59bd68cc1f68bf74661024895373a19b8e770c89e48bf4	8ce849c8db38c84b2a44d6572a0772cf460a4c0c9b9edd81ed74b160f3498f67
0000000000000000000000000000000000000000000000000000000000000001	b42468bb21919254b35ba9b2d6196dacb763658d59b32092c19011fa56e5bab7	dca2587b05442efd5f959abd92d8ebcc00123da5227abd899d23727047ec47e1
0000000000000000000000000000000000000000000000000000000000000001	cdf9fb6f3e724045d145b38f4ba6029866d6eecb293b7446f663bd21619289d1	ef5d51b43d937b85b459606fdf44b9172e45f1855afde8da489c0878c98b6637
0000000000000000000000000000000000000000000000000000000000000001	fd574845f718a4699ab18dd690c0cb7d5a70e1d9e7cc79899d77dc2f820b0887	ef3df975bf32e79693f84a45aab6ce9a4ce8f6f255b2bc855334b23bd02f69c3
0000000000000000000000000000000000000000000000000000000000000001	3d01065fa8d2f127ec215cb633b545cc2e4ac01ef8e534f433e264d8466cec92	5900b78154d61769c01f152b1d733b6c6d342e64b9f80882cad772c19dced026
0000000000000000000000000000000000000000000000000000000000000001	921c715d3cff5e9294c47bb3701a2b5298ce18ac820b35f9041f0ef64a515b5c	52f4f74a17a5423f6b79fe78aa1f75a581a552605bc4e1c8d715fa578181c210
0000000000000000000000000000000000000000000000000000000000000001	0683e5161c3e6b59b9e88f8164b15ede68d7fb5f73224130d408e6b944bb1c54	471e1faf3b5fb3cb68d996af8dd80565751b48ca94da9cf079b6d83e5bdb6c97
0000000000000000000000000000000000000000000000000000000000000001	713ecac72d72778c195d5d9c494545f5310f11cc91d2682f32637262247f7d22	21efca2d51daf34d53309b5169d1da162e64194961ac01924604d8ab6c946ffb
0000000000000000000000000000000000000000000000000000000000000001	9b97ed60917ef827867593286ae20f87081430029c151e22f91f48dd824942af	4d8cacbf43ee8a53bc0fa467890739c1768af3cfe20fe49355cf238fc7472113
0000000000000000000000000000000000000000000000000000000000000001	18e2c312b8a96ec1562fa25d3622bbb6722736e47326da420bd49b5b74db66c4	f3c1683b267f956469878122341d36c533f5c407b0583165d6c049cc4af22519
0000000000000000000000000000000000000000000000000000000000000001	98d143525569f7bdaa02c909b6c26e24aaf33ab175e1b0e95ee0219e105c65c2	609315be080284ee9e9d6cc6b37e0b2fd157775c2ef7fc241e687fbdb359d21f
0000000000000000000000000000000000000000000000000000000000000001	defb17327fcc7a1eb8639e91a8c20792ef1e516ceabc01a0e650593dc60d80fd	39fab05c3e9287d0cf82d07c743e3ada7f5173e2675a574a546e590a07477a29
0000000000000000000000000000000000000000000000000000000000000002	0000000000000000000000000000000000000000000000000000000000000000	0000000000000000000000000000000000000000000000000000000000000001
0000000000000000000000000000000000000000000000000000000000000002	0000000000000000000000000000000000000000000000000000000000000000	0000000000000000000000000000000000000000000000000000000000000002
0000000000000000000000000000000000000000000000000000000000000002	0000000000000000000000000000000000000000000000000000000000000000	0000000000000000000000000000000000000000000000000000000000000003
0000000000000000000000000000000000000000000000000000000000000002	0000000000000000000000000000000000000000000000000000000000000000	00000000000000000000000000000000000000000000000000000001000003d0
0000000000000000000000000000000000000000000000000000000000000002	0000000000000000000000000000000000000000000000000000000000000000	00000000000000000000000000000000000000000000000000000001000003d1
0000000000000000000000000000000000000000000000000000000000000002	0000000000000000000000000000000000000000000000000000000000000000	00000000000000000000000000000000000000000000000000000001000003d2
0000000000000000000000000000000000000000000000000000000000000002	0000000000000000000000000000000000000000000000000000000000000000	0000000000000000000000000000000100000000000000000000000000000001
0000000000000000000000000000000000000000000000000000000000000002	0000000000000000000000000000000000000000000000000000000000000000	fffffffffffffffffffffffffffffffffffffffffffffffffffffffefffffc2e
0000000000000000000000000000000000000000000000000000000000000002	0000000000000000000000000000000000000000000000000000000000000000	9f69ee183927f2de409371d48b0733735c9568941bfe791cb02499365401facb
0000000000000000000000000000000000000000000000000000000000000002	0000000000000000000000000000000000000000000000000000000000000000	d3c5244fc0c8c00553ff409212b6a57b0a3b623ee0bc7b23d9147250759aa415
0000000000000000000000000000000000000000000000000000000000000002	0000000000000000000000000000000000000000000000000000000000000000	5dcdef1aadba6e6f9fa7a194cf6a71df9168d97d2e9ca4dc296908565f00b4d9
0000000000000000000000000000000000000000000000000000000000000002	0000000000000000000000000000000000000000000000000000000000000000	d534d578d3e1eb2b1690b9a2d4b2d2d84100437c040d8b79df6fffed9032d272
0000000000000000000000000000000000000000000000000000000000000002	0000000000000000000000000000000000000000000000000000000000000000	f66fbe57319563b64a8f58cd428595b307c07a72b2164595c11d283eab60b45c
0000000000000000000000000000000000000000000000000000000000000002	0000000000000000000000000000000000000000000000000000000000000000	400e17f31c864b185ee05029b4ca04a020c29967468e73e015981536dedd5700
0000000000000000000000000000000000000000000000000000000000000002	0000000000000000000000000000000000000000000000000000000000000000	d435856f9ab6ccc30eb8a023031b74008865b8b6a0ce79565dfb4936b4b73fb5
0000000000000000000000000000000000000000000000000000000000000002	0000000000000000000000000000000000000000000000000000000000000000	19347eb1e110c6697b2151d083099e040675b4cfa6923f26ad57d963c97e1512
0000000000000000000000000000000000000000000000000000000000000002	0000000000000000000000000000000000000000000000000000000000000000	b4779d0db00a11f69106d731567d0ad360668f49b2481481d932e714a143e45f
0000000000000000000000000000000000000000000000000000000000000002	0000000000000000000000000000000000000000000000000000000000000000	99d83593a28df721d8a102e8776220d5aec0976a7b2283f6065686dafe7e51fb
0000000000000000000000000000000000000000000000000000000000000002	0000000000000000000000000000000000000000000000000000000000000000	ba4e25b946a879db07bca35656369b0b2979018a9ad29eea7a1777fd5fd39c85
0000000000000000000000000000000000000000000000000000000000000002	0000000000000000000000000000000000000000000000000000000000000000	40b40b9c7f95437f05fab8bbb92a269c56994ea170dfacdd3b3952c1ec8bc580
0000000000000000000000000000000000000000000000000000000000000002	0000000000000000000000000000000000000000000000000000000000000000	b63351de682f433979d63242bbfa3b025d702b2537cd6d9c9e957ca15d1deac8
0000000000000000000000000000000000000000000000000000000000000002	0000000000000000000000000000000000000000000000000000000000000000	7558116f93c6298ec934167195825c927f3ce843e06d8dd8a7343861e7dce9d9
0000000000000000000000000000000000000000000000000000000000000002	0000000000000000000000000000000000000000000000000000000000000000	dff894f905106cd06ad1dbe2c1c46aa79b53e9406b796e7c4016a7d6353db602
0000000000000000000000000000000000000000000000000000000000000002	0000000000000000000000000000000000000000000000000000000000000000	994c52cd54933a2d4a1f216cc9332d2c3c642bcb967c6948aacdd903536b6325
0000000000000000000000000000000000000000000000000000000000000002	0000000000000000000000000000000000000000000000000000000000000000	4b3198f4ba8705ac3c84d34411a488c5972a8e5a16d4726f0f077650d2871bdf
0000000000000000000000000000000000000000000000000000000000000002	0000000000000000000000000000000000000000000000000000000000000000	174bae57a2d7a1629ba040e754ef59a8b0eda026eb917c3cc139a86c88646978
0000000000000000000000000000000000000000000000000000000000000002	0000000000000000000000000000000000000000000000000000000000000000	0ea05b5d5f3613201470d6192914c594827bfe1afe65cb722b4a2393e4f8fbdd
0000000000000000000000000000000000000000000000000000000000000002	0000000000000000000000000000000000000000000000000000000000000000	9351b1da87f6b5eb7537fafa579b08ff8779d847c3eb282cf6b608d3c44bef55
0000000000000000000000000000000000000000000000000000000000000002	0000000000000000000000000000000000000000000000000000000000000000	ee3056755f73938fe24874c6e48e7179fc7c9cf584e86c49da8cdb2436d3caf8
0000000000000000000000000000000000000000000000000000000000000002	0000000000000000000000000000000000000000000000000000000000000000	483f81fc39a2d891702b937b846a53cd1c958dc6bd180c02059bdecd2cb3c5b9
0000000000000000000000000000000000000000000000000000000000000002	0000000000000000000000000000000000000000000000000000000000000000	9bdb8c2fb94e8eb23b0b82372348b7f665c83cc61618aef659c20cafc3756577
0000000000000000000000000000000000000000000000000000000000000002	0000000000000000000000000000000000000000000000000000000000000000	14866b25bfec8d9088ea50e559c7cca8ad737550b972896b141596c723d09595
0000000000000000000000000000000000000000000000000000000000000002	0000000000000000000000000000000000000000000000000000000000000001	0000000000000000000000000000000000000000000000000000000000000001
0000000000000000000000000000000000000000000000000000000000000002	0000000000000000000000000000000000000000000000000000000000000001	fffffffffffffffffffffffffffffffffffffffffffffffffffffffefffffc2e
0000000000000000000000000000000000000000000000000000000000000002	fffffffffffffffffffffffffffffffffffffffffffffffffffffffefffffc2e	0000000000000000000000000000000000000000000000000000000000000001
0000000000000000000000000000000000000000000000000000000000000002	fffffffffffffffffffffffffffffffffffffffffffffffffffffffefffffc2e	fffffffffffffffffffffffffffffffffffffffffffffffffffffffefffffc2e
0000000000000000000000000000000000000000000000000000000000000002	00000000000000000000000000000000000000000000000000000001000003d1	00000000000000000000000000000000000000000000000000000001000003d2
0000000000000000000000000000000000000000000000000000000000000002	00000000000000000000000000000000ffffffffffffffffffffffffffffffff	0000000000000000000000000000000100000000000000000000000000000001
0000000000000000000000000000000000000000000000000000000000000002	7fffffffffffffffffffffffffffffffffffffffffffffffffffffffffffffed	00000000000000000000000000000000000000000000000000000001000003d1
0000000000000000000000000000000000000000000000000000000000000002	00000000000000000000000000000000000000000000000000000001000003d2	8000000000000000000000000000000000000000000000000000000000000013
0000000000000000000000000000000000000000000000000000000000000002	96de292ad08c05f33374ff077e037057cb1976be5fd11814eb427a298826a7de	f5a02b551d42e1af8af605ff1660926f160366df7b9584c2f4e83c5251d4ac4a
0000000000000000000000000000000000000000000000000000000000000002	4d6ec7bab20514a58c089d6067f55985b8392d48b5531403790e390b58cb6397	a3b527dc3ded3db1ebb2d76d1e0f1d3ba27e4a809a3654648bbde08dbf1f454c
0000000000000000000000000000000000000000000000000000000000000002	e45d6b3a7bab850fd4636fc1bec55df32d3abc216d2837543c5ba15d153069f1	ddbec74a741dcc3fccbef14fb226877249dae56655d5d9a1b1a073c6e04abe33
0000000000000000000000000000000000000000000000000000000000000002	bd9c04cdfd5b0caa1588bd3d277d72ace38f467b02aba014e5a8e90eeb3fbe1a	1bb54365673065de32ecf60d870ba0653ed1c3e18b6bedc01dd5d4dd04bbe4ca
0000000000000000000000000000000000000000000000000000000000000002	2beaf41bc983d4f633f48d269bfa408bfc599b1e1b73e28d09e3ee7ea71ac7a6	357cec24e0b81663bc645f7cf6352799e9e2022fd4915646b6785bedbcbe7334
0000000000000000000000000000000000000000000000000000000000000002	b5c07245c079654f786d357f629f0790f7723aad5562066fe2e4f01b9e1cddc8	a6584ec2aadddec9d4bd5db607d1f8bf5222837160d787d1353fcbbeaf9136fa
0000000000000000000000000000000000000000000000000000000000000002	5f7336cee5cf61f96cd20b5175605b709909aa714d33cc087d3466f57f617fff	bb61dcac06769ca45dd1f5557c5e315a0a5ef6c91f8f8fd8f6dec8c4855d4312
0000000000000000000000000000000000000000000000000000000000000002	2acc6dfff840182c12a710e41723c9d58be39cd1c35ca4bc90b833ab186ab981	1163f31315c921af267f5c165fa15639ff6a27f22da4f0d54a22c5756f4f01bb
0000000000000000000000000000000000000000000000000000000000000002	d4748cd56a1ba4db81904bd851953aa1e6ad2f30f789700f6a026e53fce2523e	03ad3d62b8d59506de2bbb6a0fb9b9e9c3e3840ceff473be4e7bae93d10a7aa7
0000000000000000000000000000000000000000000000000000000000000002	512ff00c68eaac642ac7ac7d377bf11621b1b12948db0eb2afed1bbb9abeb1c5	f2c52d8a84bfdbfdf0253c59082bf79ddf5cdadd40f16c27b3ec33a6545b905e
0000000000000000000000000000000000000000000000000000000000000002	02af8362bd0440652f8b0774287cb3d0d4d1d9f9cd0b4a348a63b5beae8d0bb4	c1b0638d4b66c508d947c069e7ca0d241c5ee6d149a290b3b1dab1f62f842b37
0000000000000000000000000000000000000000000000000000000000000002	d25b514f3ecd73eb99a9fb4df1427c72d13744c2c280a35a7e0de96e4ba264e6	e85a4bb427c8f87dd7840a7994234b7a8b3c783b7ac9584436fcbe4ff485a11c
0000000000000000000000000000000000000000000000000000000000000002	a914abac0c875449aa59bd68cc1f68bf74661024895373a19b8e770c89e48bf4	8ce849c8db38c84b2a44d6572a0772cf460a4c0c9b9edd81ed74b160f3498f67
0000000000000000000000000000000000000000000000000000000000000002	b42468bb21919254b35ba9b2d6196dacb763658d59b32092c19011fa56e5bab7	dca2587b05442efd5f959abd92d8ebcc00123da5227abd899d23727047ec47e1
0000000000000000000000000000000000000000000000000000000000000002	cdf9fb6f3e724045d145b38f4ba6029866d6eecb293b7446f663bd21619289d1	ef5d51b43d937b85b459606fdf44b9172e45f1855afde8da489c0878c98b6637
0000000000000000000000000000000000000000000000000000000000000002	fd574845f718a4699ab18dd690c0cb7d5a70e1d9e7cc79899d77dc2f820b0887	ef3df975bf32e79693f84a45aab6ce9a4ce8f6f255b2bc855334b23bd02f69c3
0000000000000000000000000000000000000000000000000000000000000002	3d01065fa8d2f127ec215cb633b545cc2e4ac01ef8e534f433e264d8466cec92	5900b78154d61769c01f152b1d733b6c6d342e64b9f80882cad772c19dced026
0000000000000000000000000000000000000000000000000000000000000002	921c715d3cff5e9294c47bb3701a2b5298ce18ac820b35f9041f0ef64a515b5c	52f4f74a17a5423f6b79fe78aa1f75a581a552605bc4e1c8d715fa578181c210
0000000000000000000000000000000000000000000000000000000000000002	0683e5161c3e6b59b9e88f8164b15ede68d7fb5f73224130d408e6b944bb1c54	471e1faf3b5fb3cb68d996af8dd80565751b48ca94da9cf079b6d83e5bdb6c97
0000000000000000000000000000000000000000000000000000000000000002	713ecac72d72778c195d5d9c494545f5310f11cc91d2682f32637262247f7d22	21efca2d51daf34d53309b5169d1da162e64194961ac01924604d8ab6c946ffb
0000000000000000000000000000000000000000000000000000000000000002	9b97ed60917ef827867593286ae20f87081430029c151e22f91f48dd824942af	4d8cacbf43ee8a53bc0fa467890739c1768af3cfe20fe49355cf238fc7472113
0000000000000000000000000000000000000000000000000000000000000002	18e2c312b8a96ec1562fa25d3622bbb6722736e47326da420bd49b5b74db66c4	f3c1683b267f956469878122341d36c533f5c407b0583165d6c049cc4af22519
0000000000000000000000000000000000000000000000000000000000000002	98d143525569f7bdaa02c909b6c26e24aaf33ab175e1b0e95ee0219e105c65c2	609315be080284ee9e9d6cc6b37e0b2fd157775c2ef7fc241e687fbdb359d21f
0000000000000000000000000000000000000000000000000000000000000002	defb17327fcc7a1eb8639e91a8c20792ef1e516ceabc01a0e650593dc60d80fd	39fab05c3e9287d0cf82d07c743e3ada7f5173e2675a574a546e590a07477a29
0000000000000000000000000000000000000000000000000000000000000003	0000000000000000000000000000000000000000000000000000000000000000	0000000000000000000000000000000000000000000000000000000000000001
0000000000000000000000000000000000000000000000000000000000000003	0000000000000000000000000000000000000000000000000000000000000000	0000000000000000000000000000000000000000000000000000000000000002
0000000000000000000000000000000000000000000000000000000000000003	0000000000000000000000000000000000000000000000000000000000000000	0000000000000000000000000000000000000000000000000000000000000003
0000000000000000000000000000000000000000000000000000000000000003	0000000000000000000000000000000000000000000000000000000000000000	00000000000000000000000000000000000000000000000000000001000003d0
0000000000000000000000000000000000000000000000000000000000000003	0000000000000000000000000000000000000000000000000000000000000000	00000000000000000000000000000000000000000000000000000001000003d1
0000000000000000000000000000000000000000000000000000000000000003	0000000000000000000000000000000000000000000000000000000000000000	00000000000000000000000000000000000000000000000000000001000003d2
0000000000000000000000000000000000000000000000000000000000000003	0000000000000000000000000000000000000000000000000000000000000000	0000000000000000000000000000000100000000000000000000000000000001
0000000000000000000000000000000000000000000000000000000000000003	0000000000000000000000000000000000000000000000000000000000000000	fffffffffffffffffffffffffffffffffffffffffffffffffffffffefffffc2e
0000000000000000000000000000000000000000000000000000000000000003	0000000000000000000000000000000000000000000000000000000000000000	9f69ee183927f2de409371d48b0733735c9568941bfe791cb02499365401facb
0000000000000000000000000000000000000000000000000000000000000003	0000000000000000000000000000000000000000000000000000000000000000	d3c5244fc0c8c00553ff409212b6a57b0a3b623ee0bc7b23d9147250759aa415
0000000000000000000000000000000000000000000000000000000000000003	0000000000000000000000000000000000000000000000000000000000000000	5dcdef1aadba6e6f9fa7a194cf6a71df9168d97d2e9ca4dc296908565f00b4d9
0000000000000000000000000000000000000000000000000000000000000003	0000000000000000000000000000000000000000000000000000000000000000	d534d578d3e1eb2b1690b9a2d4b2d2d84100437c040d8b79df6fffed9032d272
0000000000000000000000000000000000000000000000000000000000000003	0000000000000000000000000000000000000000000000000000000000000000	f66fbe57319563b64a8f58cd428595b307c07a72b2164595c11d283eab60b45c
0000000000000000000000000000000000000000000000000000000000000003	0000000000000000000000000000000000000000000000000000000000000000	400e17f31c864b185ee05029b4ca04a020c29967468e73e015981536dedd5700
0000000000000000000000000000000000000000000000000000000000000003	0000000000000000000000000000000000000000000000000000000000000000	d435856f9ab6ccc30eb8a023031b74008865b8b6a0ce79565dfb4936b4b73fb5
0000000000000000000000000000000000000000000000000000000000000003	0000000000000000000000000000000000000000000000000000000000000000	19347eb1e110c6697b2151d083099e040675b4cfa6923f26ad57d963c97e1512
0000000000000000000000000000000000000000000000000000000000000003	0000000000000000000000000000000000000000000000000000000000000000	b4779d0db00a11f69106d731567d0ad360668f49b2481481d932e714a143e45f
0000000000000000000000000000000000000000000000000000000000000003	0000000000000000000000000000000000000000000000000000000000000000	99d83593a28df721d8a102e8776220d5aec0976a7b2283f6065686dafe7e51fb
0000000000000000000000000000000000000000000000000000000000000003	0000000000000000000000000000000000000000000000000000000000000000	ba4e25b946a879db07bca35656369b0b2979018a9ad29eea7a1777fd5fd39c85
0000000000000000000000000000000000000000000000000000000000000003	0000000000000000000000000000000000000000000000000000000000000000	40b40b9c7f95437f05fab8bbb92a269c56994ea170dfacdd3b3952c1ec8bc580
0000000000000000000000000000000000000000000000000000000000000003	0000000000000000000000000000000000000000000000000000000000000000	b63351de682f433979d63242bbfa3b025d702b2537cd6d9c9e957ca15d1deac8
0000000000000000000000000000000000000000000000000000000000000003	0000000000000000000000000000000000000000000000000000000000000000	7558116f93c6298ec934167195825c927f3ce843e06d8dd8a7343861e7dce9d9
0000000000000000000000000000000000000000000000000000000000000003	0000000000000000000000000000000000000000000000000000000000000000	dff894f905106cd06ad1dbe2c1c46aa79b53e9406b796e7c4016a7d6353db602
0000000000000000000000000000000000000000000000000000000000000003	0000000000000000000000000000000000000000000000000000000000000000	994c52cd54933a2d4a1f216cc9332d2c3c642bcb967c6948aacdd903536b6325
0000000000000000000000000000000000000000000000000000000000000003	0000000000000000000000000000000000000000000000000000000000000000	4b3198f4ba8705ac3c84d34411a488c5972a8e5a16d4726f0f077650d2871bdf
0000000000000000000000000000000000000000000000000000000000000003	0000000000000000000000000000000000000000000000000000000000000000	174bae57a2d7a1629ba040e754ef59a8b0eda026eb917c3cc139a86c88646978
0000000000000000000000000000000000000000000000000000000000000003	0000000000000000000000000000000000000000000000000000000000000000	0ea05b5d5f3613201470d6192914c594827bfe1afe65cb722b4a2393e4f8fbdd
0000000000000000000000000000000000000000000000000000000000000003	0000000000000000000000000000000000000000000000000000000000000000	9351b1da87f6b5eb7537fafa579b08ff8779d847c3eb282cf6b608d3c44bef55
0000000000000000000000000000000000000000000000000000000000000003	0000000000000000000000000000000000000000000000000000000000000000	ee3056755f73938fe24874c6e48e7179fc7c9cf584e86c49da8cdb2436d3caf8
0000000000000000000000000000000000000000000000000000000000000003	0000000000000000000000000000000000000000000000000000000000000000	483f81fc39a2d891702b937b846a53cd1c958dc6bd180c02059bdecd2cb3c5b9
0000000000000000000000000000000000000000000000000000000000000003	0000000000000000000000000000000000000000000000000000000000000000	9bdb8c2fb94e8eb23b0b82372348b7f665c83cc61618aef659c20cafc3756577
0000000000000000000000000000000000000000000000000000000000000003	0000000000000000000000000000000000000000000000000000000000000000	14866b25bfec8d9088ea50e559c7cca8ad737550b972896b141596c723d09595
0000000000000000000000000000000000000000000000000000000000000003	0000000000000000000000000000000000000000000000000000000000000001	0000000000000000000000000000000000000000000000000000000000000001
0000000000000000000000000000000000000000000000000000000000000003	0000000000000000000000000000000000000000000000000000000000000001	fffffffffffffffffffffffffffffffffffffffffffffffffffffffefffffc2e
0000000000000000000000000000000000000000000000000000000000000003	fffffffffffffffffffffffffffffffffffffffffffffffffffffffefffffc2e	0000000000000000000000000000000000000000000000000000000000000001
0000000000000000000000000000000000000000000000000000000000000003	fffffffffffffffffffffffffffffffffffffffffffffffffffffffefffffc2e	fffffffffffffffffffffffffffffffffffffffffffffffffffffffefffffc2e
0000000000000000000000000000000000000000000000000000000000000003	00000000000000000000000000000000000000000000000000000001000003d1	00000000000000000000000000000000000000000000000000000001000003d2
0000000000000000000000000000000000000000000000000000000000000003	00000000000000000000000000000000ffffffffffffffffffffffffffffffff	0000000000000000000000000000000100000000000000000000000000000001
0000000000000000000000000000000000000000000000000000000000000003	7fffffffffffffffffffffffffffffffffffffffffffffffffffffffffffffed	00000000000000000000000000000000000000000000000000000001000003d1
0000000000000000000000000000000000000000000000000000000000000003	00000000000000000000000000000000000000000000000000000001000003d2	8000000000000000000000000000000000000000000000000000000000000013
0000000000000000000000000000000000000000000000000000000000000003	96de292ad08c05f33374ff077e037057cb1976be5fd11814eb427a298826a7de	f5a02b551d42e1af8af605ff1660926f160366df7b9584c2f4e83c5251d4ac4a
0000000000000000000000000000000000000000000000000000000000000003	4d6ec7bab20514a58c089d6067f55985b8392d48b5531403790e390b58cb6397	a3b527dc3ded3db1ebb2d76d1e0f1d3ba27e4a809a3654648bbde08dbf1f454c
0000000000000000000000000000000000000000000000000000000000000003	e45d6b3a7bab850fd4636fc1bec55df32d3abc216d2837543c5ba15d153069f1	ddbec74a741dcc3fccbef14fb226877249dae56655d5d9a1b1a073c6e04abe33
0000000000000000000000000000000000000000000000000000000000000003	bd9c04cdfd5b0caa1588bd3d277d72ace38f467b02aba014e5a8e90eeb3fbe1a	1bb54365673065de32ecf60d870ba0653ed1c3e18b6bedc01dd5d4dd04bbe4ca
0000000000000000000000000000000000000000000000000000000000000003	2beaf41bc983d4f633f48d269bfa408bfc599b1e1b73e28d09e3ee7ea71ac7a6	357cec24e0b81663bc645f7cf6352799e9e2022fd4915646b6785bedbcbe7334
0000000000000000000000000000000000000000000000000000000000000003	b5c07245c079654f786d357f629f0790f7723aad5562066fe2e4f01b9e1cddc8	a6584ec2aadddec9d4bd5db607d1f8bf5222837160d787d1353fcbbeaf9136fa
0000000000000000000000000000000000000000000000000000000000000003	5f7336cee5cf61f96cd20b5175605b709909aa714d33cc087d3466f57f617fff	bb61dcac06769ca45dd1f5557c5e315a0a5ef6c91f8f8fd8f6dec8c4855d4312
0000000000000000000000000000000000000000000000000000000000000003	2acc6dfff840182c12a710e41723c9d58be39cd1c35ca4bc90b833ab186ab981	1163f31315c921af267f5c165fa15639ff6a27f22da4f0d54a22c5756f4f01bb
0000000000000000000000000000000000000000000000000000000000000003	d4748cd56a1ba4db81904bd851953aa1e6ad2f30f789700f6a026e53fce2523e	03ad3d62b8d59506de2bbb6a0fb9b9e9c3e3840ceff473be4e7bae93d10a7aa7
0000000000000000000000000000000000000000000000000000000000000003	512ff00c68eaac642ac7ac7d377bf11621b1b12948db0eb2afed1bbb9abeb1c5	f2c52d8a84bfdbfdf0253c59082bf79ddf5cdadd40f16c27b3ec33a6545b905e
0000000000000000000000000000000000000000000000000000000000000003	02af8362bd0440652f8b0774287cb3d0d4d1d9f9cd0b4a348a63b5beae8d0bb4	c1b0638d4b66c508d947c069e7ca0d241c5ee6d149a290b3b1dab1f62f842b37
0000000000000000000000000000000000000000000000000000000000000003	d25b514f3ecd73eb99a9fb4df1427c72d13744c2c280a35a7e0de96e4ba264e6	e85a4bb427c8f87dd7840a7994234b7a8b3c783b7ac9584436fcbe4ff485a11c
0000000000000000000000000000000000000000000000000000000000000003	a914abac0c875449aa59bd68cc1f68bf74661024895373a19b8e770c89e48bf4	8ce849c8db38c84b2a44d6572a0772cf460a4c0c9b9edd81ed74b160f3498f67
0000000000000000000000000000000000000000000000000000000000000003	b42468bb21919254b35ba9b2d6196dacb763658d59b32092c19011fa56e5bab7	dca2587b05442efd5f959abd92d8ebcc00123da5227abd899d23727047ec47e1
0000000000000000000000000000000000000000000000000000000000000003	cdf9fb6f3e724045d145b38f4ba6029866d6eecb293b7446f663bd21619289d1	ef5d51b43d937b85b459606fdf44b9172e45f1855afde8da489c0878c98b6637
0000000000000000000000000000000000000000000000000000000000000003	fd574845f718a4699ab18dd690c0cb7d5a70e1d9e7cc79899d77dc2f820b0887	ef3df975bf32e79693f84a45aab6ce9a4ce8f6f255b2bc855334b23bd02f69c3
0000000000000000000000000000000000000000000000000000000000000003	3d01065fa8d2f127ec215cb633b545cc2e4ac01ef8e534f433e264d8466cec92	5900b78154d61769c01f152b1d733b6c6d342e64b9f80882cad772c19dced026
0000000000000000000000000000000000000000000000000000000000000003	921c715d3cff5e9294c47bb3701a2b5298ce18ac820b35f9041f0ef64a515b5c	52f4f74a17a5423f6b79fe78aa1f75a581a552605bc4e1c8d715fa578181c210
0000000000000000000000000000000000000000000000000000000000000003	0683e5161c3e6b59b9e88f8164b15ede68d7fb5f73224130d408e6b944bb1c54	471e1faf3b5fb3cb68d996af8dd80565751b48ca94da9cf079b6d83e5bdb6c97
0000000000000000000000000000000000000000000000000000000000000003	713ecac72d72778c195d5d9c494545f5310f11cc91d2682f32637262247f7d22	21efca2d51daf34d53309b5169d1da162e64194961ac01924604d8ab6c946ffb
0000000000000000000000000000000000000000000000000000000000000003	9b97ed60917ef827867593286ae20f87081430029c151e22f91f48dd824942af	4d8cacbf43ee8a53bc0fa467890739c1768af3cfe20fe49355cf238fc7472113
0000000000000000000000000000000000000000000000000000000000000003	18e2c312b8a96ec1562fa25d3622bbb6722736e47326da420bd49b5b74db66c4	f3c1683b267f956469878122341d36c533f5c407b0583165d6c049cc4af22519
0000000000000000000000000000000000000000000000000000000000000003	98d143525569f7bdaa02c909b6c26e24aaf33ab175e1b0e95ee0219e105c65c2	609315be080284ee9e9d6cc6b37e0b2fd157775c2ef7fc241e687fbdb359d21f
0000000000000000000000000000000000000000000000000000000000000003	defb17327fcc7a1eb8639e91a8c20792ef1e516ceabc01a0e650593dc60d80fd	39fab05c3e9287d0cf82d07c743e3ada7f5173e2675a574a546e590a07477a29
0000000000000000000000000000000000000000000000000000000000000004	0000000000000000000000000000000000000000000000000000000000000000	0000000000000000000000000000000000000000000000000000000000000001
0000000000000000000000000000000000000000000000000000000000000004	0000000000000000000000000000000000000000000000000000000000000000	0000000000000000000000000000000000000000000000000000000000000002
0000000000000000000000000000000000000000000000000000000000000004	0000000000000000000000000000000000000000000000000000000000000000	0000000000000000000000000000000000000000000000000000000000000003
0000000000000000000000000000000000000000000000000000000000000004	0000000000000000000000000000000000000000000000000000000000000000	00000000000000000000000000000000000000000000000000000001000003d0
0000000000000000000000000000000000000000000000000000000000000004	0000000000000000000000000000000000000000000000000000000000000000	00000000000000000000000000000000000000000000000000000001000003d1
0000000000000000000000000000000000000000000000000000000000000004	0000000000000000000000000000000000000000000000000000000000000000	00000000000000000000000000000000000000000000000000000001000003d2
0000000000000000000000000000000000000000000000000000000000000004	0000000000000000000000000000000000000000000000000000000000000000	0000000000000000000000000000000100000000000000000000000000000001
0000000000000000000000000000000000000000000000000000000000000004	0000000000000000000000000000000000000000000000000000000000000000	fffffffffffffffffffffffffffffffffffffffffffffffffffffffefffffc2e
0000000000000000000000000000000000000000000000000000000000000004	0000000000000000000000000000000000000000000000000000000000000000	9f69ee183927f2de409371d48b0733735c9568941bfe791cb02499365401facb
0000000000000000000000000000000000000000000000000000000000000004	0000000000000000000000000000000000000000000000000000000000000000	d3c5244fc0c8c00553ff409212b6a57b0a3b623ee0bc7b23d9147250759aa415
0000000000000000000000000000000000000000000000000000000000000004	0000000000000000000000000000000000000000000000000000000000000000	5dcdef1aadba6e6f9fa7a194cf6a71df9168d97d2e9ca4dc296908565f00b4d9
0000000000000000000000000000000000000000000000000000000000000004	0000000000000000000000000000000000000000000000000000000000000000	d534d578d3e1eb2b1690b9a2d4b2d2d84100437c040d8b79df6fffed9032d272
0000000000000000000000000000000000000000000000000000000000000004	0000000000000000000000000000000000000000000000000000000000000000	f66fbe57319563b64a8f58cd428595b307c07a72b2164595c11d283eab60b45c
0000000000000000000000000000000000000000000000000000000000000004	0000000000000000000000000000000000000000000000000000000000000000	400e17f31c864b185ee05029b4ca04a020c29967468e73e015981536dedd5700
0000000000000000000000000000000000000000000000000000000000000004	0000000000000000000000000000000000000000000000000000000000000000	d435856f9ab6ccc30eb8a023031b74008865b8b6a0ce79565dfb4936b4b73fb5
0000000000000000000000000000000000000000000000000000000000000004	0000000000000000000000000000000000000000000000000000000000000000	19347eb1e110c6697b2151d083099e040675b4cfa6923f26ad57d963c97e1512
0000000000000000000000000000000000000000000000000000000000000004	0000000000000000000000000000000000000000000000000000000000000000	b4779d0db00a11f69106d731567d0ad360668f49b2481481d932e714a143e45f
0000000000000000000000000000000000000000000000000000000000000004	0000000000000000000000000000000000000000000000000000000000000000	99d83593a28df721d8a102e8776220d5aec0976a7b2283f6065686dafe7e51fb
0000000000000000000000000000000000000000000000000000000000000004	0000000000000000000000000000000000000000000000000000000000000000	ba4e25b946a879db07bca35656369b0b2979018a9ad29eea7a1777fd5fd39c85
0000000000000000000000000000000000000000000000000000000000000004	0000000000000000000000000000000000000000000000000000000000000000	40b40b9c7f95437f05fab8bbb92a269c56994ea170dfacdd3b3952c1ec8bc580
0000000000000000000000000000000000000000000000000000000000000004	0000000000000000000000000000000000000000000000000000000000000000	b63351de682f433979d63242bbfa3b025d702b2537cd6d9c9e957ca15d1deac8
0000000000000000000000000000000000000000000000000000000000000004	0000000000000000000000000000000000000000000000000000000000000000	7558116f93c6298ec934167195825c927f3ce843e06d8dd8a7343861e7dce9d9
0000000000000000000000000000000000000000000000000000000000000004	0000000000000000000000000000000000000000000000000000000000000000	dff894f905106cd06ad1dbe2c1c46aa79b53e9406b796e7c4016a7d6353db602
0000000000000000000000000000000000000000000000000000000000000004	0000000000000000000000000000000000000000000000000000000000000000	994c52cd54933a2d4a1f216cc9332d2c3c642bcb967c6948aacdd903536b6325
0000000000000000000000000000000000000000000000000000000000000004	0000000000000000000000000000000000000000000000000000000000000000	4b3198f4ba8705ac3c84d34411a488c5972a8e5a16d4726f0f077650d2871bdf
0000000000000000000000000000000000000000000000000000000000000004	0000000000000000000000000000000000000000000000000000000000000000	174bae57a2d7a1629ba040e754ef59a8b0eda026eb917c3cc139a86c88646978
0000000000000000000000000000000000000000000000000000000000000004	0000000000000000000000000000000000000000000000000000000000000000	0ea05b5d5f3613201470d6192914c594827bfe1afe65cb722b4a2393e4f8fbdd
0000000000000000000000000000000000000000000000000000000000000004	0000000000000000000000000000000000000000000000000000000000000000	9351b1da87f6b5eb7537fafa579b08ff8779d847c3eb282cf6b608d3c44bef55
0000000000000000000000000000000000000000000000000000000000000004	0000000000000000000000000000000000000000000000000000000000000000	ee3056755f73938fe24874c6e48e7179fc7c9cf584e86c49da8cdb2436d3caf8
0000000000000000000000000000000000000000000000000000000000000004	0000000000000000000000000000000000000000000000000000000000000000	483f81fc39a2d891702b937b846a53cd1c958dc6bd180c02059bdecd2cb3c5b9
0000000000000000000000000000000000000000000000000000000000000004	0000000000000000000000000000000000000000000000000000000000000000	9bdb8c2fb94e8eb23b0b82372348b7f665c83cc61618aef659c20cafc3756577
0000000000000000000000000000000000000000000000000000000000000004	0000000000000000000000000000000000000000000000000000000000000000	14866b25bfec8d9088ea50e559c7cca8ad737550b972896b141596c723d09595
0000000000000000000000000000000000000000000000000000000000000004	0000000000000000000000000000000000000000000000000000000000000001	0000000000000000000000000000000000000000000000000000000000000001
0000000000000000000000000000000000000000000000000000000000000004	0000000000000000000000000000000000000000000000000000000000000001	fffffffffffffffffffffffffffffffffffffffffffffffffffffffefffffc2e
0000000000000000000000000000000000000000000000000000000000000004	fffffffffffffffffffffffffffffffffffffffffffffffffffffffefffffc2e	0000000000000000000000000000000000000000000000000000000000000001
0000000000000000000000000000000000000000000000000000000000000004	fffffffffffffffffffffffffffffffffffffffffffffffffffffffefffffc2e	fffffffffffffffffffffffffffffffffffffffffffffffffffffffefffffc2e
0000000000000000000000000000000000000000000000000000000000000004	00000000000000000000000000000000000000000000000000000001000003d1	00000000000000000000000000000000000000000000000000000001000003d2
0000000000000000000000000000000000000000000000000000000000000004	00000000000000000000000000000000ffffffffffffffffffffffffffffffff	0000000000000000000000000000000100000000000000000000000000000001
0000000000000000000000000000000000000000000000000000000000000004	7fffffffffffffffffffffffffffffffffffffffffffffffffffffffffffffed	00000000000000000000000000000000000000000000000000000001000003d1
0000000000000000000000000000000000000000000000000000000000000004	00000000000000000000000000000000000000000000000000000001000003d2	8000000000000000000000000000000000000000000000000000000000000013
0000000000000000000000000000000000000000000000000000000000000004	96de292ad08c05f33374ff077e037057cb1976be5fd11814eb427a298826a7de	f5a02b551d42e1af8af605ff1660926f160366df7b9584c2f4e83c5251d4ac4a
0000000000000000000000000000000000000000000000000000000000000004	4d6ec7bab20514a58c089d6067f55985b8392d48b5531403790e390b58cb6397	a3b527dc3ded3db1ebb2d76d1e0f1d3ba27e4a809a3654648bbde08dbf1f454c
0000000000000000000000000000000000000000000000000000000000000004	e45d6b3a7bab850fd4636fc1bec55df32d3abc216d2837543c5ba15d153069f1	ddbec74a741dcc3fccbef14fb226877249dae56655d5d9a1b1a073c6e04abe33
0000000000000000000000000000000000000000000000000000000000000004	bd9c04cdfd5b0caa1588bd3d277d72ace38f467b02aba014e5a8e90eeb3fbe1a	1bb54365673065de32ecf60d870ba0653ed1c3e18b6bedc01dd5d4dd04bbe4ca
0000000000000000000000000000000000000000000000000000000000000004	2beaf41bc983d4f633f48d269bfa408bfc599b1e1b73e28d09e3ee7ea71ac7a6	357cec24e0b81663bc645f7cf6352799e9e2022fd4915646b6785bedbcbe7334
0000000000000000000000000000000000000000000000000000000000000004	b5c07245c079654f786d357f629f0790f7723aad5562066fe2e4f01b9e1cddc8	a6584ec2aadddec9d4bd5db607d1f8bf5222837160d787d1353fcbbeaf9136fa
0000000000000000000000000000000000000000000000000000000000000004	5f7336cee5cf61f96cd20b5175605b709909aa714d33cc087d3466f57f617fff	bb61dcac06769ca45dd1f5557c5e315a0a5ef6c91f8f8fd8f6dec8c4855d4312
0000000000000000000000000000000000000000000000000000000000000004	2acc6dfff840182c12a710e41723c9d58be39cd1c35ca4bc90b833ab186ab981	1163f31315c921af267f5c165fa15639ff6a27f22da4f0d54a22c5756f4f01bb
0000000000000000000000000000000000000000000000000000000000000004	d4748cd56a1ba4db81904bd851953aa1e6ad2f30f789700f6a026e53fce2523e	03ad3d62b8d59506de2bbb6a0fb9b9e9c3e3840ceff473be4e7bae93d10a7aa7
0000000000000000000000000000000000000000000000000000000000000004	512ff00c68eaac642ac7ac7d377bf11621b1b12948db0eb2afed1bbb9abeb1c5	f2c52d8a84bfdbfdf0253c59082bf79ddf5cdadd40f16c27b3ec33a6545b905e
0000000000000000000000000000000000000000000000000000000000000004	02af8362bd0440652f8b0774287cb3d0d4d1d9f9cd0b4a348a63b5beae8d0bb4	c1b0638d4b66c508d947c069e7ca0d241c5ee6d149a290b3b1dab1f62f842b37
0000000000000000000000000000000000000000000000000000000000000004	d25b514f3ecd73eb99a9fb4df1427c72d13744c2c280a35a7e0de96e4ba264e6	e85a4bb427c8f87dd7840a7994234b7a8b3c783b7ac9584436fcbe4ff485a11c
0000000000000000000000000000000000000000000000000000000000000004	a914abac0c875449aa59bd68cc1f68bf74661024895373a19b8e770c89e48bf4	8ce849c8db38c84b2a44d6572a0772cf460a4c0c9b9edd81ed74b160f3498f67
0000000000000000000000000000000000000000000000000000000000000004	b42468bb21919254b35ba9b2d6196dacb763658d59b32092c19011fa56e5bab7	dca2587b05442efd5f959abd92d8ebcc00123da5227abd899d23727047ec47e1
0000000000000000000000000000000000000000000000000000000000000004	cdf9fb6f3e724045d145b38f4ba6029866d6eecb293b7446f663bd21619289d1	ef5d51b43d937b85b459606fdf44b9172e45f1855afde8da489c0878c98b6637
0000000000000000000000000000000000000000000000000000000000000004	fd574845f718a4699ab18dd690c0cb7d5a70e1d9e7cc79899d77dc2f820b0887	ef3df975bf32e79693f84a45aab6ce9a4ce8f6f255b2bc855334b23bd02f69c3
0000000000000000000000000000000000000000000000000000000000000004	3d01065fa8d2f127ec215cb633b545cc2e4ac01ef8e534f433e264d8466cec92	5900b78154d61769c01f152b1d733b6c6d342e64b9f80882cad772c19dced026
0000000000000000000000000000000000000000000000000000000000000004	921c715d3cff5e9294c47bb3701a2b5298ce18ac820b35f9041f0ef64a515b5c	52f4f74a17a5423f6b79fe78aa1f75a581a552605bc4e1c8d715fa578181c210
0000000000000000000000000000000000000000000000000000000000000004	0683e5161c3e6b59b9e88f8164b15ede68d7fb5f73224130d408e6b944bb1c54	471e1faf3b5fb3cb68d996af8dd80565751b48ca94da9cf079b6d83e5bdb6c97
0000000000000000000000000000000000000000000000000000000000000004	713ecac72d72778c195d5d9c494545f5310f11cc91d2682f32637262247f7d22	21efca2d51daf34d53309b5169d1da162e64194961ac01924604d8ab6c946ffb
0000000000000000000000000000000000000000000000000000000000000004	9b97ed60917ef827867593286ae20f87081430029c151e22f91f48dd824942af	4d8cacbf43ee8a53bc0fa467890739c1768af3cfe20fe49355cf238fc7472113
0000000000000000000000000000000000000000000000000000000000000004	18e2c312b8a96ec1562fa25d3622bbb6722736e47326da420bd49b5b74db66c4	f3c1683b267f956469878122341d36c533f5c407b0583165d6c049cc4af22519
0000000000000000000000000000000000000000000000000000000000000004	98d143525569f7bdaa02c909b6c26e24aaf33ab175e1b0e95ee0219e105c65c2	609315be080284ee9e9d6cc6b37e0b2fd157775c2ef7fc241e687fbdb359d21f
0000000000000000000000000000000000000000000000000000000000000004	defb17327fcc7a1eb8639e91a8c20792ef1e516ceabc01a0e650593dc60d80fd	39fab05c3e9287d0cf82d07c743e3ada7f5173e2675a574a546e590a07477a29
fffffffffffffffffffffffffffffffffffffffffffffffffffffffefffffc2e	0000000000000000000000000000000000000000000000000000000000000000	0000000000000000000000000000000000000000000000000000000000000001
fffffffffffffffffffffffffffffffffffffffffffffffffffffffefffffc2e	0000000000000000000000000000000000000000000000000000000000000000	0000000000000000000000000000000000000000000000000000000000000002
fffffffffffffffffffffffffffffffffffffffffffffffffffffffefffffc2e	0000000000000000000000000000000000000000000000000000000000000000	0000000000000000000000000000000000000000000000000000000000000003
fffffffffffffffffffffffffffffffffffffffffffffffffffffffefffffc2e	0000000000000000000000000000000000000000000000000000000000000000	00000000000000000000000000000000000000000000000000000001000003d0
fffffffffffffffffffffffffffffffffffffffffffffffffffffffefffffc2e	0000000000000000000000000000000000000000000000000000000000000000	00000000000000000000000000000000000000000000000000000001000003d1
fffffffffffffffffffffffffffffffffffffffffffffffffffffffefffffc2e	0000000000000000000000000000000000000000000000000000000000000000	00000000000000000000000000000000000000000000000000000001000003d2
fffffffffffffffffffffffffffffffffffffffffffffffffffffffefffffc2e	0000000000000000000000000000000000000000000000000000000000000000	0000000000000000000000000000000100000000000000000000000000000001
fffffffffffffffffffffffffffffffffffffffffffffffffffffffefffffc2e	0000000000000000000000000000000000000000000000000000000000000000	fffffffffffffffffffffffffffffffffffffffffffffffffffffffefffffc2e
fffffffffffffffffffffffffffffffffffffffffffffffffffffffefffffc2e	0000000000000000000000000000000000000000000000000000000000000000	9f69ee183927f2de409371d48b0733735c9568941bfe791cb02499365401facb
fffffffffffffffffffffffffffffffffffffffffffffffffffffffefffffc2e	0000000000000000000000000000000000000000000000000000000000000000	d3c5244fc0c8c00553ff409212b6a57b0a3b623ee0bc7b23d9147250759aa415
fffffffffffffffffffffffffffffffffffffffffffffffffffffffefffffc2e	0000000000000000000000000000000000000000000000000000000000000000	5dcdef1aadba6e6f9fa7a194cf6a71df9168d97d2e9ca4dc296908565f00b4d9
fffffffffffffffffffffffffffffffffffffffffffffffffffffffefffffc2e	0000000000000000000000000000000000000000000000000000000000000000	d534d578d3e1eb2b1690b9a2d4b2d2d84100437c040d8b79df6fffed9032d272
fffffffffffffffffffffffffffffffffffffffffffffffffffffffefffffc2e	0000000000000000000000000000000000000000000000000000000000000000	f66fbe57319563b64a8f58cd428595b307c07a72b2164595c11d283eab60b45c
fffffffffffffffffffffffffffffffffffffffffffffffffffffffefffffc2e	0000000000000000000000000000000000000000000000000000000000000000	400e17f31c864b185ee05029b4ca04a020c29967468e73e015981536dedd5700
fffffffffffffffffffffffffffffffffffffffffffffffffffffffefffffc2e	0000000000000000000000000000000000000000000000000000000000000000	d435856f9ab6ccc30eb8a023031b74008865b8b6a0ce79565dfb4936b4b73fb5
fffffffffffffffffffffffffffffffffffffffffffffffffffffffefffffc2e	0000000000000000000000000000000000000000000000000000000000000000	19347eb1e110c6697b2151d083099e040675b4cfa6923f26ad57d963c97e1512
fffffffffffffffffffffffffffffffffffffffffffffffffffffffefffffc2e	0000000000000000000000000000000000000000000000000000000000000000	b4779d0db00a11f69106d731567d0ad360668f49b2481481d932e714a143e45f
fffffffffffffffffffffffffffffffffffffffffffffffffffffffefffffc2e	0000000000000000000000000000000000000000000000000000000000000000	99d83593a28df721d8a102e8776220d5aec0976a7b2283f6065686dafe7e51fb
fffffffffffffffffffffffffffffffffffffffffffffffffffffffefffffc2e	0000000000000000000000000000000000000000000000000000000000000000	ba4e25b946a879db07bca35656369b0b2979018a9ad29eea7a1777fd5fd39c85
fffffffffffffffffffffffffffffffffffffffffffffffffffffffefffffc2e	0000000000000000000000000000000000000000000000000000000000000000	40b40b9c7f95437f05fab8bbb92a269c56994ea170dfacdd3b3952c1ec8bc580
fffffffffffffffffffffffffffffffffffffffffffffffffffffffefffffc2e	0000000000000000000000000000000000000000000000000000000000000000	b63351de682f433979d63242bbfa3b025d702b2537cd6d9c9e957ca15d1deac8
fffffffffffffffffffffffffffffffffffffffffffffffffffffffefffffc2e	0000000000000000000000000000000000000000000000000000000000000000	7558116f93c6298ec934167195825c927f3ce843e06d8dd8a7343861e7dce9d9
fffffffffffffffffffffffffffffffffffffffffffffffffffffffefffffc2e	0000000000000000000000000000000000000000000000000000000000000000	dff894f905106cd06ad1dbe2c1c46aa79b53e9406b796e7c4016a7d6353db602
fffffffffffffffffffffffffffffffffffffffffffffffffffffffefffffc2e	0000000000000000000000000000000000000000000000000000000000000000	994c52cd54933a2d4a1f216cc9332d2c3c642bcb967c6948aacdd903536b6325
fffffffffffffffffffffffffffffffffffffffffffffffffffffffefffffc2e	0000000000000000000000000000000000000000000000000000000000000000	4b3198f4ba8705ac3c84d34411a488c5972a8e5a16d4726f0f077650d2871bdf
fffffffffffffffffffffffffffffffffffffffffffffffffffffffefffffc2e	0000000000000000000000000000000000000000000000000000000000000000	174bae57a2d7a1629ba040e754ef59a8b0eda026eb917c3cc139a86c88646978
fffffffffffffffffffffffffffffffffffffffffffffffffffffffefffffc2e	0000000000000000000000000000000000000000000000000000000000000000	0ea05b5d5f3613201470d6192914c594827bfe1afe65cb722b4a2393e4f8fbdd
fffffffffffffffffffffffffffffffffffffffffffffffffffffffefffffc2e	0000000000000000000000000000000000000000000000000000000000000000	9351b1da87f6b5eb7537fafa579b08ff8779d847c3eb282cf6b608d3c44bef55
fffffffffffffffffffffffffffffffffffffffffffffffffffffffefffffc2e	0000000000000000000000000000000000000000000000000000000000000000	ee3056755f73938fe24874c6e48e7179fc7c9cf584e86c49da8cdb2436d3caf8
fffffffffffffffffffffffffffffffffffffffffffffffffffffffefffffc2e	0000000000000000000000000000000000000000000000000000000000000000	483f81fc39a2d891702b937b846a53cd1c958dc6bd180c02059bdecd2cb3c5b9
fffffffffffffffffffffffffffffffffffffffffffffffffffffffefffffc2e	0000000000000000000000000000000000000000000000000000000000000000	9bdb8c2fb94e8eb23b0b82372348b7f665c83cc61618aef659c20cafc3756577
fffffffffffffffffffffffffffffffffffffffffffffffffffffffefffffc2e	0000000000000000000000000000000000000000000000000000000000000000	14866b25bfec8d9088ea50e559c7cca8ad737550b972896b141596c723d09595
fffffffffffffffffffffffffffffffffffffffffffffffffffffffefffffc2e	0000000000000000000000000000000000000000000000000000000000000001	0000000000000000000000000000000000000000000000000000000000000001
fffffffffffffffffffffffffffffffffffffffffffffffffffffffefffffc2e	0000000000000000000000000000000000000000000000000000000000000001	fffffffffffffffffffffffffffffffffffffffffffffffffffffffefffffc2e
fffffffffffffffffffffffffffffffffffffffffffffffffffffffefffffc2e	fffffffffffffffffffffffffffffffffffffffffffffffffffffffefffffc2e	0000000000000000000000000000000000000000000000000000000000000001
fffffffffffffffffffffffffffffffffffffffffffffffffffffffefffffc2e	fffffffffffffffffffffffffffffffffffffffffffffffffffffffefffffc2e	fffffffffffffffffffffffffffffffffffffffffffffffffffffffefffffc2e
fffffffffffffffffffffffffffffffffffffffffffffffffffffffefffffc2e	00000000000000000000000000000000000000000000000000000001000003d1	00000000000000000000000000000000000000000000000000000001000003d2
fffffffffffffffffffffffffffffffffffffffffffffffffffffffefffffc2e	00000000000000000000000000000000ffffffffffffffffffffffffffffffff	0000000000000000000000000000000100000000000000000000000000000001
fffffffffffffffffffffffffffffffffffffffffffffffffffffffefffffc2e	7fffffffffffffffffffffffffffffffffffffffffffffffffffffffffffffed	00000000000000000000000000000000000000000000000000000001000003d1
fffffffffffffffffffffffffffffffffffffffffffffffffffffffefffffc2e	00000000000000000000000000000000000000000000000000000001000003d2	8000000000000000000000000000000000000000000000000000000000000013
fffffffffffffffffffffffffffffffffffffffffffffffffffffffefffffc2e	96de292ad08c05f33374ff077e037057cb1976be5fd11814eb427a298826a7de	f5a02b551d42e1af8af605ff1660926f160366df7b9584c2f4e83c5251d4ac4a
fffffffffffffffffffffffffffffffffffffffffffffffffffffffefffffc2e	4d6ec7bab20514a58c089d6067f55985b8392d48b5531403790e390b58cb6397	a3b527dc3ded3db1ebb2d76d1e0f1d3ba27e4a809a3654648bbde08dbf1f454c
fffffffffffffffffffffffffffffffffffffffffffffffffffffffefffffc2e	e45d6b3a7bab850fd4636fc1bec55df32d3abc216d2837543c5ba15d153069f1	ddbec74a741dcc3fccbef14fb226877249dae56655d5d9a1b1a073c6e04abe33
fffffffffffffffffffffffffffffffffffffffffffffffffffffffefffffc2e	bd9c04cdfd5b0caa1588bd3d277d72ace38f467b02aba014e5a8e90eeb3fbe1a	1bb54365673065de32ecf60d870ba0653ed1c3e18b6bedc01dd5d4dd04bbe4ca
fffffffffffffffffffffffffffffffffffffffffffffffffffffffefffffc2e	2beaf41bc983d4f633f48d269bfa408bfc599b1e1b73e28d09e3ee7ea71ac7a6	357cec24e0b81663bc645f7cf6352799e9e2022fd4915646b6785bedbcbe7334
fffffffffffffffffffffffffffffffffffffffffffffffffffffffefffffc2e	b5c07245c079654f786d357f629f0790f7723aad5562066fe2e4f01b9e1cddc8	a6584ec2aadddec9d4bd5db607d1f8bf5222837160d787d1353fcbbeaf9136fa
fffffffffffffffffffffffffffffffffffffffffffffffffffffffefffffc2e	5f7336cee5cf61f96cd20b5175605b709909aa714d33cc087d3466f57f617fff	bb61dcac06769ca45dd1f5557c5e315a0a5ef6c91f8f8fd8f6dec8c4855d4312
fffffffffffffffffffffffffffffffffffffffffffffffffffffffefffffc2e	2acc6dfff840182c12a710e41723c9d58be39cd1c35ca4bc90b833ab186ab981	1163f31315c921af267f5c165fa15639ff6a27f22da4f0d54a22c5756f4f01bb
fffffffffffffffffffffffffffffffffffffffffffffffffffffffefffffc2e	d4748cd56a1ba4db81904bd851953aa1e6ad2f30f789700f6a026e53fce2523e	03ad3d62b8d59506de2bbb6a0fb9b9e9c3e3840ceff473be4e7bae93d10a7aa7
fffffffffffffffffffffffffffffffffffffffffffffffffffffffefffffc2e	512ff00c68eaac642ac7ac7d377bf11621b1b12948db0eb2afed1bbb9abeb1c5	f2c52d8a84bfdbfdf0253c59082bf79ddf5cdadd40f16c27b3ec33a6545b905e
fffffffffffffffffffffffffffffffffffffffffffffffffffffffefffffc2e	02af8362bd0440652f8b0774287cb3d0d4d1d9f9cd0b4a348a63b5beae8d0bb4	c1b0638d4b66c508d947c069e7ca0d241c5ee6d149a290b3b1dab1f62f842b37
fffffffffffffffffffffffffffffffffffffffffffffffffffffffefffffc2e	d25b514f3ecd73eb99a9fb4df1427c72d13744c2c280a35a7e0de96e4ba264e6	e85a4bb427c8f87dd7840a7994234b7a8b3c783b7ac9584436fcbe4ff485a11c
fffffffffffffffffffffffffffffffffffffffffffffffffffffffefffffc2e	a914abac0c875449aa59bd68cc1f68bf74661024895373a19b8e770c89e48bf4	8ce849c8db38c84b2a44d6572a0772cf460a4c0c9b9edd81ed74b160f3498f67
fffffffffffffffffffffffffffffffffffffffffffffffffffffffefffffc2e	b42468bb21919254b35ba9b2d6196dacb763658d59b32092c19011fa56e5bab7	dca2587b05442efd5f959abd92d8ebcc00123da5227abd899d23727047ec47e1
fffffffffffffffffffffffffffffffffffffffffffffffffffffffefffffc2e	cdf9fb6f3e724045d145b38f4ba6029866d6eecb293b7446f663bd21619289d1	ef5d51b43d937b85b459606fdf44b9172e45f1855afde8da489c0878c98b6637
fffffffffffffffffffffffffffffffffffffffffffffffffffffffefffffc2e	fd574845f718a4699ab18dd690c0cb7d5a70e1d9e7cc79899d77dc2f820b0887	ef3df975bf32e79693f84a45aab6ce9a4ce8f6f255b2bc855334b23bd02f69c3
fffffffffffffffffffffffffffffffffffffffffffffffffffffffefffffc2e	3d01065fa8d2f127ec215cb633b545cc2e4ac01ef8e534f433e264d8466cec92	5900b78154d61769c01f152b1d733b6c6d342e64b9f80882cad772c19dced026
fffffffffffffffffffffffffffffffffffffffffffffffffffffffefffffc2e	921c715d3cff5e9294c47bb3701a2b5298ce18ac820b35f9041f0ef64a515b5c	52f4f74a17a5423f6b79fe78aa1f75a581a552605bc4e1c8d715fa578181c210
fffffffffffffffffffffffffffffffffffffffffffffffffffffffefffffc2e	0683e5161c3e6b59b9e88f8164b15ede68d7fb5f73224130d408e6b944bb1c54	471e1faf3b5fb3cb68d996af8dd80565751b48ca94da9cf079b6d83e5bdb6c97
fffffffffffffffffffffffffffffffffffffffffffffffffffffffefffffc2e	713ecac72d72778c195d5d9c494545f5310f11cc91d2682f32637262247f7d22	21efca2d51daf34d53309b5169d1da162e64194961ac01924604d8ab6c946ffb
fffffffffffffffffffffffffffffffffffffffffffffffffffffffefffffc2e	9b97ed60917ef827867593286ae20f87081430029c151e22f91f48dd824942af	4d8cacbf43ee8a53bc0fa467890739c1768af3cfe20fe49355cf238fc7472113
fffffffffffffffffffffffffffffffffffffffffffffffffffffffefffffc2e	18e2c312b8a96ec1562fa25d3622bbb6722736e47326da420bd49b5b74db66c4	f3c1683b267f956469878122341d36c533f5c407b0583165d6c049cc4af22519
fffffffffffffffffffffffffffffffffffffffffffffffffffffffefffffc2e	98d143525569f7bdaa02c909b6c26e24aaf33ab175e1b0e95ee0219e105c65c2	609315be080284ee9e9d6cc6b37e0b2fd157775c2ef7fc241e687fbdb359d21f
fffffffffffffffffffffffffffffffffffffffffffffffffffffffefffffc2e	defb17327fcc7a1eb8639e91a8c20792ef1e516ceabc01a0e650593dc60d80fd	39fab05c3e9287d0cf82d07c743e3ada7f5173e2675a574a546e590a07477a29
fffffffffffffffffffffffffffffffffffffffffffffffffffffffefffffc2d	0000000000000000000000000000000000000000000000000000000000000000	0000000000000000000000000000000000000000000000000000000000000001
fffffffffffffffffffffffffffffffffffffffffffffffffffffffefffffc2d	0000000000000000000000000000000000000000000000000000000000000000	0000000000000000000000000000000000000000000000000000000000000002
fffffffffffffffffffffffffffffffffffffffffffffffffffffffefffffc2d	0000000000000000000000000000000000000000000000000000000000000000	0000000000000000000000000000000000000000000000000000000000000003
fffffffffffffffffffffffffffffffffffffffffffffffffffffffefffffc2d	0000000000000000000000000000000000000000000000000000000000000000	00000000000000000000000000000000000000000000000000000001000003d0
fffffffffffffffffffffffffffffffffffffffffffffffffffffffefffffc2d	0000000000000000000000000000000000000000000000000000000000000000	00000000000000000000000000000000000000000000000000000001000003d1
fffffffffffffffffffffffffffffffffffffffffffffffffffffffefffffc2d	0000000000000000000000000000000000000000000000000000000000000000	00000000000000000000000000000000000000000000000000000001000003d2
fffffffffffffffffffffffffffffffffffffffffffffffffffffffefffffc2d	0000000000000000000000000000000000000000000000000000000000000000	0000000000000000000000000000000100000000000000000000000000000001
fffffffffffffffffffffffffffffffffffffffffffffffffffffffefffffc2d	0000000000000000000000000000000000000000000000000000000000000000	fffffffffffffffffffffffffffffffffffffffffffffffffffffffefffffc2e
fffffffffffffffffffffffffffffffffffffffffffffffffffffffefffffc2d	0000000000000000000000000000000000000000000000000000000000000000	9f69ee183927f2de409371d48b0733735c9568941bfe791cb02499365401facb
fffffffffffffffffffffffffffffffffffffffffffffffffffffffefffffc2d	0000000000000000000000000000000000000000000000000000000000000000	d3c5244fc0c8c00553ff409212b6a57b0a3b623ee0bc7b23d9147250759aa415
fffffffffffffffffffffffffffffffffffffffffffffffffffffffefffffc2d	0000000000000000000000000000000000000000000000000000000000000000	5dcdef1aadba6e6f9fa7a194cf6a71df9168d97d2e9ca4dc296908565f00b4d9
fffffffffffffffffffffffffffffffffffffffffffffffffffffffefffffc2d	0000000000000000000000000000000000000000000000000000000000000000	d534d578d3e1eb2b1690b9a2d4b2d2d84100437c040d8b79df6fffed9032d272
fffffffffffffffffffffffffffffffffffffffffffffffffffffffefffffc2d	0000000000000000000000000000000000000000000000000000000000000000	f66fbe57319563b64a8f58cd428595b307c07a72b2164595c11d283eab60b45c
fffffffffffffffffffffffffffffffffffffffffffffffffffffffefffffc2d	0000000000000000000000000000000000000000000000000000000000000000	400e17f31c864b185ee05029b4ca04a020c29967468e73e015981536dedd5700
fffffffffffffffffffffffffffffffffffffffffffffffffffffffefffffc2d	0000000000000000000000000000000000000000000000000000000000000000	d435856f9ab6ccc30eb8a023031b74008865b8b6a0ce79565dfb4936b4b73fb5
fffffffffffffffffffffffffffffffffffffffffffffffffffffffefffffc2d	0000000000000000000000000000000000000000000000000000000000000000	19347eb1e110c6697b2151d083099e040675b4cfa6923f26ad57d963c97e1512
fffffffffffffffffffffffffffffffffffffffffffffffffffffffefffffc2d	0000000000000000000000000000000000000000000000000000000000000000	b4779d0db00a11f69106d731567d0ad360668f49b2481481d932e714a143e45f
fffffffffffffffffffffffffffffffffffffffffffffffffffffffefffffc2d	0000000000000000000000000000000000000000000000000000000000000000	99d83593a28df721d8a102e8776220d5aec0976a7b2283f6065686dafe7e51fb
fffffffffffffffffffffffffffffffffffffffffffffffffffffffefffffc2d	0000000000000000000000000000000000000000000000000000000000000000	ba4e25b946a879db07bca35656369b0b2979018a9ad29eea7a1777fd5fd39c85
fffffffffffffffffffffffffffffffffffffffffffffffffffffffefffffc2d	0000000000000000000000000000000000000000000000000000000000000000	40b40b9c7f95437f05fab8bbb92a269c56994ea170dfacdd3b3952c1ec8bc580
fffffffffffffffffffffffffffffffffffffffffffffffffffffffefffffc2d	0000000000000000000000000000000000000000000000000000000000000000	b63351de682f433979d63242bbfa3b025d702b2537cd6d9c9e957ca15d1deac8
fffffffffffffffffffffffffffffffffffffffffffffffffffffffefffffc2d	0000000000000000000000000000000000000000000000000000000000000000	7558116f93c6298ec934167195825c927f3ce843e06d8dd8a7343861e7dce9d9
fffffffffffffffffffffffffffffffffffffffffffffffffffffffefffffc2d	0000000000000000000000000000000000000000000000000000000000000000	dff894f905106cd06ad1dbe2c1c46aa79b53e9406b796e7c4016a7d6353db602
fffffffffffffffffffffffffffffffffffffffffffffffffffffffefffffc2d	0000000000000000000000000000000000000000000000000000000000000000	994c52cd54933a2d4a1f216cc9332d2c3c642bcb967c6948aacdd903536b6325
fffffffffffffffffffffffffffffffffffffffffffffffffffffffefffffc2d	0000000000000000000000000000000000000000000000000000000000000000	4b3198f4ba8705ac3c84d34411a488c5972a8e5a16d4726f0f077650d2871bdf
fffffffffffffffffffffffffffffffffffffffffffffffffffffffefffffc2d	0000000000000000000000000000000000000000000000000000000000000000	174bae57a2d7a1629ba040e754ef59a8b0eda026eb917c3cc139a86c88646978
fffffffffffffffffffffffffffffffffffffffffffffffffffffffefffffc2d	0000000000000000000000000000000000000000000000000000000000000000	0ea05b5d5f3613201470d6192914c594827bfe1afe65cb722b4a2393e4f8fbdd
fffffffffffffffffffffffffffffffffffffffffffffffffffffffefffffc2d	0000000000000000000000000000000000000000000000000000000000000000	9351b1da87f6b5eb7537fafa579b08ff8779d847c3eb282cf6b608d3c44bef55
fffffffffffffffffffffffffffffffffffffffffffffffffffffffefffffc2d	0000000000000000000000000000000000000000000000000000000000000000	ee3056755f73938fe24874c6e48e7179fc7c9cf584e86c49da8cdb2436d3caf8
fffffffffffffffffffffffffffffffffffffffffffffffffffffffefffffc2d	0000000000000000000000000000000000000000000000000000000000000000	483f81fc39a2d891702b937b846a53cd1c958dc6bd180c02059bdecd2cb3c5b9
fffffffffffffffffffffffffffffffffffffffffffffffffffffffefffffc2d	0000000000000000000000000000000000000000000000000000000000000000	9bdb8c2fb94e8eb23b0b82372348b7f665c83cc61618aef659c20cafc3756577
fffffffffffffffffffffffffffffffffffffffffffffffffffffffefffffc2d	0000000000000000000000000000000000000000000000000000000000000000	14866b25bfec8d9088ea50e559c7cca8ad737550b972896b141596c723d09595
fffffffffffffffffffffffffffffffffffffffffffffffffffffffefffffc2d	0000000000000000000000000000000000000000000000000000000000000001	0000000000000000000000000000000000000000000000000000000000000001
fffffffffffffffffffffffffffffffffffffffffffffffffffffffefffffc2d	0000000000000000000000000000000000000000000000000000000000000001	fffffffffffffffffffffffffffffffffffffffffffffffffffffffefffffc2e
fffffffffffffffffffffffffffffffffffffffffffffffffffffffefffffc2d	fffffffffffffffffffffffffffffffffffffffffffffffffffffffefffffc2e	0000000000000000000000000000000000000000000000000000000000000001
fffffffffffffffffffffffffffffffffffffffffffffffffffffffefffffc2d	fffffffffffffffffffffffffffffffffffffffffffffffffffffffefffffc2e	fffffffffffffffffffffffffffffffffffffffffffffffffffffffefffffc2e
fffffffffffffffffffffffffffffffffffffffffffffffffffffffefffffc2d	00000000000000000000000000000000000000000000000000000001000003d1	00000000000000000000000000000000000000000000000000000001000003d2
fffffffffffffffffffffffffffffffffffffffffffffffffffffffefffffc2d	00000000000000000000000000000000ffffffffffffffffffffffffffffffff	0000000000000000000000000000000100000000000000000000000000000001
fffffffffffffffffffffffffffffffffffffffffffffffffffffffefffffc2d	7fffffffffffffffffffffffffffffffffffffffffffffffffffffffffffffed	00000000000000000000000000000000000000000000000000000001000003d1
fffffffffffffffffffffffffffffffffffffffffffffffffffffffefffffc2d	00000000000000000000000000000000000000000000000000000001000003d2	8000000000000000000000000000000000000000000000000000000000000013
fffffffffffffffffffffffffffffffffffffffffffffffffffffffefffffc2d	96de292ad08c05f33374ff077e037057cb1976be5fd11814eb427a298826a7de	f5a02b551d42e1af8af605ff1660926f160366df7b9584c2f4e83c5251d4ac4a
fffffffffffffffffffffffffffffffffffffffffffffffffffffffefffffc2d	4d6ec7bab20514a58c089d6067f55985b8392d48b5531403790e390b58cb6397	a3b527dc3ded3db1ebb2d76d1e0f1d3ba27e4a809a3654648bbde08dbf1f454c
fffffffffffffffffffffffffffffffffffffffffffffffffffffffefffffc2d	e45d6b3a7bab850fd4636fc1bec55df32d3abc216d2837543c5ba15d153069f1	ddbec74a741dcc3fccbef14fb226877249dae56655d5d9a1b1a073c6e04abe33
fffffffffffffffffffffffffffffffffffffffffffffffffffffffefffffc2d	bd9c04cdfd5b0caa1588bd3d277d72ace38f467b02aba014e5a8e90eeb3fbe1a	1bb54365673065de32ecf60d870ba0653ed1c3e18b6bedc01dd5d4dd04bbe4ca
fffffffffffffffffffffffffffffffffffffffffffffffffffffffefffffc2d	2beaf41bc983d4f633f48d269bfa408bfc599b1e1b73e28d09e3ee7ea71ac7a6	357cec24e0b81663bc645f7cf6352799e9e2022fd4915646b6785bedbcbe7334
fffffffffffffffffffffffffffffffffffffffffffffffffffffffefffffc2d	b5c07245c079654f786d357f629f0790f7723aad5562066fe2e4f01b9e1cddc8	a6584ec2aadddec9d4bd5db607d1f8bf5222837160d787d1353fcbbeaf9136fa
fffffffffffffffffffffffffffffffffffffffffffffffffffffffefffffc2d	5f7336cee5cf61f96cd20b5175605b709909aa714d33cc087d3466f57f617fff	bb61dcac06769ca45dd1f5557c5e315a0a5ef6c91f8f8fd8f6dec8c4855d4312
fffffffffffffffffffffffffffffffffffffffffffffffffffffffefffffc2d	2acc6dfff840182c12a710e41723c9d58be39cd1c35ca4bc90b833ab186ab981	1163f31315c921af267f5c165fa15639ff6a27f22da4f0d54a22c5756f4f01bb
fffffffffffffffffffffffffffffffffffffffffffffffffffffffefffffc2d	d4748cd56a1ba4db81904bd851953aa1e6ad2f30f789700f6a026e53fce2523e	03ad3d62b8d59506de2bbb6a0fb9b9e9c3e3840ceff473be4e7bae93d10a7aa7
fffffffffffffffffffffffffffffffffffffffffffffffffffffffefffffc2d	512ff00c68eaac642ac7ac7d377bf11621b1b12948db0eb2afed1bbb9abeb1c5	f2c52d8a84bfdbfdf0253c59082bf79ddf5cdadd40f16c27b3ec33a6545b905e
fffffffffffffffffffffffffffffffffffffffffffffffffffffffefffffc2d	02af8362bd0440652f8b0774287cb3d0d4d1d9f9cd0b4a348a63b5beae8d0bb4	c1b0638d4b66c508d947c069e7ca0d241c5ee6d149a290b3b1dab1f62f842b37
fffffffffffffffffffffffffffffffffffffffffffffffffffffffefffffc2d	d25b514f3ecd73eb99a9fb4df1427c72d13744c2c280a35a7e0de96e4ba264e6	e85a4bb427c8f87dd7840a7994234b7a8b3c783b7ac9584436fcbe4ff485a11c
fffffffffffffffffffffffffffffffffffffffffffffffffffffffefffffc2d	a914abac0c875449aa59bd68cc1f68bf74661024895373a19b8e770c89e48bf4	8ce849c8db38c84b2a44d6572a0772cf460a4c0c9b9edd81ed74b160f3498f67
fffffffffffffffffffffffffffffffffffffffffffffffffffffffefffffc2d	b42468bb21919254b35ba9b2d6196dacb763658d59b32092c19011fa56e5bab7	dca2587b05442efd5f959abd92d8ebcc00123da5227abd899d23727047ec47e1
fffffffffffffffffffffffffffffffffffffffffffffffffffffffefffffc2d	cdf9fb6f3e724045d145b38f4ba6029866d6eecb293b7446f663bd21619289d1	ef5d51b43d937b85b459606fdf44b9172e45f1855afde8da489c0878c98b6637
fffffffffffffffffffffffffffffffffffffffffffffffffffffffefffffc2d	fd574845f718a4699ab18dd690c0cb7d5a70e1d9e7cc79899d77dc2f820b0887	ef3df975bf32e79693f84a45aab6ce9a4ce8f6f255b2bc855334b23bd02f69c3
fffffffffffffffffffffffffffffffffffffffffffffffffffffffefffffc2d	3d01065fa8d2f127ec215cb633b545cc2e4ac01ef8e534f433e264d8466cec92	5900b78154d61769c01f152b1d733b6c6d342e64b9f80882cad772c19dced026
fffffffffffffffffffffffffffffffffffffffffffffffffffffffefffffc2d	921c715d3cff5e9294c47bb3701a2b5298ce18ac820b35f9041f0ef64a515b5c	52f4f74a17a5423f6b79fe78aa1f75a581a552605bc4e1c8d715fa578181c210
fffffffffffffffffffffffffffffffffffffffffffffffffffffffefffffc2d	0683e5161c3e6b59b9e88f8164b15ede68d7fb5f73224130d408e6b944bb1c54	471e1faf3b5fb3cb68d996af8dd80565751b48ca94da9cf079b6d83e5bdb6c97
fffffffffffffffffffffffffffffffffffffffffffffffffffffffefffffc2d	713ecac72d72778c195d5d9c494545f5310f11cc91d2682f32637262247f7d22	21efca2d51daf34d53309b5169d1da162e64194961ac01924604d8ab6c946ffb
fffffffffffffffffffffffffffffffffffffffffffffffffffffffefffffc2d	9b97ed60917ef827867593286ae20f87081430029c151e22f91f48dd824942af	4d8cacbf43ee8a53bc0fa467890739c1768af3cfe20fe49355cf238fc7472113
fffffffffffffffffffffffffffffffffffffffffffffffffffffffefffffc2d	18e2c312b8a96ec1562fa25d3622bbb6722736e47326da420bd49b5b74db66c4	f3c1683b267f956469878122341d36c533f5c407b0583165d6c049cc4af22519
fffffffffffffffffffffffffffffffffffffffffffffffffffffffefffffc2d	98d143525569f7bdaa02c909b6c26e24aaf33ab175e1b0e95ee0219e105c65c2	609315be080284ee9e9d6cc6b37e0b2fd157775c2ef7fc241e687fbdb359d21f
fffffffffffffffffffffffffffffffffffffffffffffffffffffffefffffc2d	defb17327fcc7a1eb8639e91a8c20792ef1e516ceabc01a0e650593dc60d80fd	39fab05c3e9287d0cf82d07c743e3ada7f5173e2675a574a546e590a07477a29
fffffffffffffffffffffffffffffffffffffffffffffffffffffffefffffc2c	0000000000000000000000000000000000000000000000000000000000000000	0000000000000000000000000000000000000000000000000000000000000001
fffffffffffffffffffffffffffffffffffffffffffffffffffffffefffffc2c	0000000000000000000000000000000000000000000000000000000000000000	0000000000000000000000000000000000000000000000000000000000000002
fffffffffffffffffffffffffffffffffffffffffffffffffffffffefffffc2c	0000000000000000000000000000000000000000000000000000000000000000	0000000000000000000000000000000000000000000000000000000000000003
fffffffffffffffffffffffffffffffffffffffffffffffffffffffefffffc2c	0000000000000000000000000000000000000000000000000000000000000000	00000000000000000000000000000000000000000000000000000001000003d0
fffffffffffffffffffffffffffffffffffffffffffffffffffffffefffffc2c	0000000000000000000000000000000000000000000000000000000000000000	00000000000000000000000000000000000000000000000000000001000003d1
fffffffffffffffffffffffffffffffffffffffffffffffffffffffefffffc2c	0000000000000000000000000000000000000000000000000000000000000000	00000000000000000000000000000000000000000000000000000001000003d2
fffffffffffffffffffffffffffffffffffffffffffffffffffffffefffffc2c	0000000000000000000000000000000000000000000000000000000000000000	0000000000000000000000000000000100000000000000000000000000000001
fffffffffffffffffffffffffffffffffffffffffffffffffffffffefffffc2c	0000000000000000000000000000000000000000000000000000000000000000	fffffffffffffffffffffffffffffffffffffffffffffffffffffffefffffc2e
fffffffffffffffffffffffffffffffffffffffffffffffffffffffefffffc2c	0000000000000000000000000000000000000000000000000000000000000000	9f69ee183927f2de409371d48b0733735c9568941bfe791cb02499365401facb
fffffffffffffffffffffffffffffffffffffffffffffffffffffffefffffc2c	0000000000000000000000000000000000000000000000000000000000000000	d3c5244fc0c8c00553ff409212b6a57b0a3b623ee0bc7b23d9147250759aa415
fffffffffffffffffffffffffffffffffffffffffffffffffffffffefffffc2c	0000000000000000000000000000000000000000000000000000000000000000	5dcdef1aadba6e6f9fa7a194cf6a71df9168d97d2e9ca4dc296908565f00b4d9
fffffffffffffffffffffffffffffffffffffffffffffffffffffffefffffc2c	0000000000000000000000000000000000000000000000000000000000000000	d534d578d3e1eb2b1690b9a2d4b2d2d84100437c040d8b79df6fffed9032d272
fffffffffffffffffffffffffffffffffffffffffffffffffffffffefffffc2c	0000000000000000000000000000000000000000000000000000000000000000	f66fbe57319563b64a8f58cd428595b307c07a72b2164595c11d283eab60b45c
fffffffffffffffffffffffffffffffffffffffffffffffffffffffefffffc2c	0000000000000000000000000000000000000000000000000000000000000000	400e17f31c864b185ee05029b4ca04a020c29967468e73e015981536dedd5700
fffffffffffffffffffffffffffffffffffffffffffffffffffffffefffffc2c	0000000000000000000000000000000000000000000000000000000000000000	d435856f9ab6ccc30eb8a023031b74008865b8b6a0ce79565dfb4936b4b73fb5
fffffffffffffffffffffffffffffffffffffffffffffffffffffffefffffc2c	0000000000000000000000000000000000000000000000000000000000000000	19347eb1e110c6697b2151d083099e040675b4cfa6923f26ad57d963c97e1512
fffffffffffffffffffffffffffffffffffffffffffffffffffffffefffffc2c	0000000000000000000000000000000000000000000000000000000000000000	b4779d0db00a11f69106d731567d0ad360668f49b2481481d932e714a143e45f
fffffffffffffffffffffffffffffffffffffffffffffffffffffffefffffc2c	0000000000000000000000000000000000000000000000000000000000000000	99d83593a28df721d8a102e8776220d5aec0976a7b2283f6065686dafe7e51fb
fffffffffffffffffffffffffffffffffffffffffffffffffffffffefffffc2c	0000000000000000000000000000000000000000000000000000000000000000	ba4e25b946a879db07bca35656369b0b2979018a9ad29eea7a1777fd5fd39c85
fffffffffffffffffffffffffffffffffffffffffffffffffffffffefffffc2c	0000000000000000000000000000000000000000000000000000000000000000	40b40b9c7f95437f05fab8bbb92a269c56994ea170dfacdd3b3952c1ec8bc580
fffffffffffffffffffffffffffffffffffffffffffffffffffffffefffffc2c	0000000000000000000000000000000000000000000000000000000000000000	b63351de682f433979d63242bbfa3b025d702b2537cd6d9c9e957ca15d1deac8
fffffffffffffffffffffffffffffffffffffffffffffffffffffffefffffc2c	0000000000000000000000000000000000000000000000000000000000000000	7558116f93c6298ec934167195825c927f3ce843e06d8dd8a7343861e7dce9d9
fffffffffffffffffffffffffffffffffffffffffffffffffffffffefffffc2c	0000000000000000000000000000000000000000000000000000000000000000	dff894f905106cd06ad1dbe2c1c46aa79b53e9406b796e7c4016a7d6353db602
fffffffffffffffffffffffffffffffffffffffffffffffffffffffefffffc2c	0000000000000000000000000000000000000000000000000000000000000000	994c52cd54933a2d4a1f216cc9332d2c3c642bcb967c6948aacdd903536b6325
fffffffffffffffffffffffffffffffffffffffffffffffffffffffefffffc2c	0000000000000000000000000000000000000000000000000000000000000000	4b3198f4ba8705ac3c84d34411a488c5972a8e5a16d4726f0f077650d2871bdf
fffffffffffffffffffffffffffffffffffffffffffffffffffffffefffffc2c	0000000000000000000000000000000000000000000000000000000000000000	174bae57a2d7a1629ba040e754ef59a8b0eda026eb917c3cc139a86c88646978
fffffffffffffffffffffffffffffffffffffffffffffffffffffffefffffc2c	0000000000000000000000000000000000000000000000000000000000000000	0ea05b5d5f3613201470d6192914c594827bfe1afe65cb722b4a2393e4f8fbdd
fffffffffffffffffffffffffffffffffffffffffffffffffffffffefffffc2c	0000000000000000000000000000000000000000000000000000000000000000	9351b1da87f6b5eb7537fafa579b08ff8779d847c3eb282cf6b608d3c44bef55
fffffffffffffffffffffffffffffffffffffffffffffffffffffffefffffc2c	0000000000000000000000000000000000000000000000000000000000000000	ee3056755f73938fe24874c6e48e7179fc7c9cf584e86c49da8cdb2436d3caf8
fffffffffffffffffffffffffffffffffffffffffffffffffffffffefffffc2c	0000000000000000000000000000000000000000000000000000000000000000	483f81fc39a2d891702b937b846a53cd1c958dc6bd180c02059bdecd2cb3c5b9
fffffffffffffffffffffffffffffffffffffffffffffffffffffffefffffc2c	0000000000000000000000000000000000000000000000000000000000000000	9bdb8c2fb94e8eb23b0b82372348b7f665c83cc61618aef659c20cafc3756577
fffffffffffffffffffffffffffffffffffffffffffffffffffffffefffffc2c	0000000000000000000000000000000000000000000000000000000000000000	14866b25bfec8d9088ea50e559c7cca8ad737550b972896b141596c723d09595
fffffffffffffffffffffffffffffffffffffffffffffffffffffffefffffc2c	0000000000000000000000000000000000000000000000000000000000000001	0000000000000000000000000000000000000000000000000000000000000001
fffffffffffffffffffffffffffffffffffffffffffffffffffffffefffffc2c	0000000000000000000000000000000000000000000000000000000000000001	fffffffffffffffffffffffffffffffffffffffffffffffffffffffefffffc2e
fffffffffffffffffffffffffffffffffffffffffffffffffffffffefffffc2c	fffffffffffffffffffffffffffffffffffffffffffffffffffffffefffffc2e	0000000000000000000000000000000000000000000000000000000000000001
fffffffffffffffffffffffffffffffffffffffffffffffffffffffefffffc2c	fffffffffffffffffffffffffffffffffffffffffffffffffffffffefffffc2e	fffffffffffffffffffffffffffffffffffffffffffffffffffffffefffffc2e
fffffffffffffffffffffffffffffffffffffffffffffffffffffffefffffc2c	00000000000000000000000000000000000000000000000000000001000003d1	00000000000000000000000000000000000000000000000000000001000003d2
fffffffffffffffffffffffffffffffffffffffffffffffffffffffefffffc2c	00000000000000000000000000000000ffffffffffffffffffffffffffffffff	0000000000000000000000000000000100000000000000000000000000000001
fffffffffffffffffffffffffffffffffffffffffffffffffffffffefffffc2c	7fffffffffffffffffffffffffffffffffffffffffffffffffffffffffffffed	00000000000000000000000000000000000000000000000000000001000003d1
fffffffffffffffffffffffffffffffffffffffffffffffffffffffefffffc2c	00000000000000000000000000000000000000000000000000000001000003d2	8000000000000000000000000000000000000000000000000000000000000013
fffffffffffffffffffffffffffffffffffffffffffffffffffffffefffffc2c	96de292ad08c05f33374ff077e037057cb1976be5fd11814eb427a298826a7de	f5a02b551d42e1af8af605ff1660926f160366df7b9584c2f4e83c5251d4ac4a
fffffffffffffffffffffffffffffffffffffffffffffffffffffffefffffc2c	4d6ec7bab20514a58c089d6067f55985b8392d48b5531403790e390b58cb6397	a3b527dc3ded3db1ebb2d76d1e0f1d3ba27e4a809a3654648bbde08dbf1f454c
fffffffffffffffffffffffffffffffffffffffffffffffffffffffefffffc2c	e45d6b3a7bab850fd4636fc1bec55df32d3abc216d2837543c5ba15d153069f1	ddbec74a741dcc3fccbef14fb226877249dae56655d5d9a1b1a073c6e04abe33
fffffffffffffffffffffffffffffffffffffffffffffffffffffffefffffc2c	bd9c04cdfd5b0caa1588bd3d277d72ace38f467b02aba014e5a8e90eeb3fbe1a	1bb54365673065de32ecf60d870ba0653ed1c3e18b6bedc01dd5d4dd04bbe4ca
fffffffffffffffffffffffffffffffffffffffffffffffffffffffefffffc2c	2beaf41bc983d4f633f48d269bfa408bfc599b1e1b73e28d09e3ee7ea71ac7a6	357cec24e0b81663bc645f7cf6352799e9e2022fd4915646b6785bedbcbe7334
fffffffffffffffffffffffffffffffffffffffffffffffffffffffefffffc2c	b5c07245c079654f786d357f629f0790f7723aad5562066fe2e4f01b9e1cddc8	a6584ec2aadddec9d4bd5db607d1f8bf5222837160d787d1353fcbbeaf9136fa
fffffffffffffffffffffffffffffffffffffffffffffffffffffffefffffc2c	5f7336cee5cf61f96cd20b5175605b709909aa714d33cc087d3466f57f617fff	bb61dcac06769ca45dd1f5557c5e315a0a5ef6c91f8f8fd8f6dec8c4855d4312
fffffffffffffffffffffffffffffffffffffffffffffffffffffffefffffc2c	2acc6dfff840182c12a710e41723c9d58be39cd1c35ca4bc90b833ab186ab981	1163f31315c921af267f5c165fa15639ff6a27f22da4f0d54a22c5756f4f01bb
fffffffffffffffffffffffffffffffffffffffffffffffffffffffefffffc2c	d4748cd56a1ba4db81904bd851953aa1e6ad2f30f789700f6a026e53fce2523e	03ad3d62b8d59506de2bbb6a0fb9b9e9c3e3840ceff473be4e7bae93d10a7aa7
fffffffffffffffffffffffffffffffffffffffffffffffffffffffefffffc2c	512ff00c68eaac642ac7ac7d377bf11621b1b12948db0eb2afed1bbb9abeb1c5	f2c52d8a84bfdbfdf0253c59082bf79ddf5cdadd40f16c27b3ec33a6545b905e
fffffffffffffffffffffffffffffffffffffffffffffffffffffffefffffc2c	02af8362bd0440652f8b0774287cb3d0d4d1d9f9cd0b4a348a63b5beae8d0bb4	c1b0638d4b66c508d947c069e7ca0d241c5ee6d149a290b3b1dab1f62f842b37
fffffffffffffffffffffffffffffffffffffffffffffffffffffffefffffc2c	d25b514f3ecd73eb99a9fb4df1427c72d13744c2c280a35a7e0de96e4ba264e6	e85a4bb427c8f87dd7840a7994234b7a8b3c783b7ac9584436fcbe4ff485a11c
fffffffffffffffffffffffffffffffffffffffffffffffffffffffefffffc2c	a914abac0c875449aa59bd68cc1f68bf74661024895373a19b8e770c89e48bf4	8ce849c8db38c84b2a44d6572a0772cf460a4c0c9b9edd81ed74b160f3498f67
fffffffffffffffffffffffffffffffffffffffffffffffffffffffefffffc2c	b42468bb21919254b35ba9b2d6196dacb763658d59b32092c19011fa56e5bab7	dca2587b05442efd5f959abd92d8ebcc00123da5227abd899d23727047ec47e1
fffffffffffffffffffffffffffffffffffffffffffffffffffffffefffffc2c	cdf9fb6f3e724045d145b38f4ba6029866d6eecb293b7446f663bd21619289d1	ef5d51b43d937b85b459606fdf44b9172e45f1855afde8da489c0878c98b6637
fffffffffffffffffffffffffffffffffffffffffffffffffffffffefffffc2c	fd574845f718a4699ab18dd690c0cb7d5a70e1d9e7cc79899d77dc2f820b0887	ef3df975bf32e79693f84a45aab6ce9a4ce8f6f255b2bc855334b23bd02f69c3
fffffffffffffffffffffffffffffffffffffffffffffffffffffffefffffc2c	3d01065fa8d2f127ec215cb633b545cc2e4ac01ef8e534f433e264d8466cec92	5900b78154d61769c01f152b1d733b6c6d342e64b9f80882cad772c19dced026
fffffffffffffffffffffffffffffffffffffffffffffffffffffffefffffc2c	921c715d3cff5e9294c47bb3701a2b5298ce18ac820b35f9041f0ef64a515b5c	52f4f74a17a5423f6b79fe78aa1f75a581a552605bc4e1c8d715fa578181c210
fffffffffffffffffffffffffffffffffffffffffffffffffffffffefffffc2c	0683e5161c3e6b59b9e88f8164b15ede68d7fb5f73224130d408e6b944bb1c54	471e1faf3b5fb3cb68d996af8dd80565751b48ca94da9cf079b6d83e5bdb6c97
fffffffffffffffffffffffffffffffffffffffffffffffffffffffefffffc2c	713ecac72d72778c195d5d9c494545f5310f11cc91d2682f32637262247f7d22	21efca2d51daf34d53309b5169d1da162e64194961ac01924604d8ab6c946ffb
fffffffffffffffffffffffffffffffffffffffffffffffffffffffefffffc2c	9b97ed60917ef827867593286ae20f87081430029c151e22f91f48dd824942af	4d8cacbf43ee8a53bc0fa467890739c1768af3cfe20fe49355cf238fc7472113
fffffffffffffffffffffffffffffffffffffffffffffffffffffffefffffc2c	18e2c312b8a96ec1562fa25d3622bbb6722736e47326da420bd49b5b74db66c4	f3c1683b267f956469878122341d36c533f5c407b0583165d6c049cc4af22519
fffffffffffffffffffffffffffffffffffffffffffffffffffffffefffffc2c	98d143525569f7bdaa02c909b6c26e24aaf33ab175e1b0e95ee0219e105c65c2	609315be080284ee9e9d6cc6b37e0b2fd157775c2ef7fc241e687fbdb359d21f
fffffffffffffffffffffffffffffffffffffffffffffffffffffffefffffc2c	defb17327fcc7a1eb8639e91a8c20792ef1e516ceabc01a0e650593dc60d80fd	39fab05c3e9287d0cf82d07c743e3ada7f5173e2675a574a546e590a07477a29
fffffffffffffffffffffffffffffffffffffffffffffffffffffffefffffc2b	0000000000000000000000000000000000000000000000000000000000000000	0000000000000000000000000000000000000000000000000000000000000001
fffffffffffffffffffffffffffffffffffffffffffffffffffffffefffffc2b	0000000000000000000000000000000000000000000000000000000000000000	0000000000000000000000000000000000000000000000000000000000000002
fffffffffffffffffffffffffffffffffffffffffffffffffffffffefffffc2b	0000000000000000000000000000000000000000000000000000000000000000	0000000000000000000000000000000000000000000000000000000000000003
fffffffffffffffffffffffffffffffffffffffffffffffffffffffefffffc2b	0000000000000000000000000000000000000000000000000000000000000000	00000000000000000000000000000000000000000000000000000001000003d0
fffffffffffffffffffffffffffffffffffffffffffffffffffffffefffffc2b	0000000000000000000000000000000000000000000000000000000000000000	00000000000000000000000000000000000000000000000000000001000003d1
fffffffffffffffffffffffffffffffffffffffffffffffffffffffefffffc2b	0000000000000000000000000000000000000000000000000000000000000000	00000000000000000000000000000000000000000000000000000001000003d2
fffffffffffffffffffffffffffffffffffffffffffffffffffffffefffffc2b	0000000000000000000000000000000000000000000000000000000000000000	0000000000000000000000000000000100000000000000000000000000000001
fffffffffffffffffffffffffffffffffffffffffffffffffffffffefffffc2b	0000000000000000000000000000000000000000000000000000000000000000	fffffffffffffffffffffffffffffffffffffffffffffffffffffffefffffc2e
fffffffffffffffffffffffffffffffffffffffffffffffffffffffefffffc2b	0000000000000000000000000000000000000000000000000000000000000000	9f69ee183927f2de409371d48b0733735c9568941bfe791cb02499365401facb
fffffffffffffffffffffffffffffffffffffffffffffffffffffffefffffc2b	0000000000000000000000000000000000000000000000000000000000000000	d3c5244fc0c8c00553ff409212b6a57b0a3b623ee0bc7b23d9147250759aa415
fffffffffffffffffffffffffffffffffffffffffffffffffffffffefffffc2b	0000000000000000000000000000000000000000000000000000000000000000	5dcdef1aadba6e6f9fa7a194cf6a71df9168d97d2e9ca4dc296908565f00b4d9
fffffffffffffffffffffffffffffffffffffffffffffffffffffffefffffc2b	0000000000000000000000000000000000000000000000000000000000000000	d534d578d3e1eb2b1690b9a2d4b2d2d84100437c040d8b79df6fffed9032d272
fffffffffffffffffffffffffffffffffffffffffffffffffffffffefffffc2b	0000000000000000000000000000000000000000000000000000000000000000	f66fbe57319563b64a8f58cd428595b307c07a72b2164595c11d283eab60b45c
fffffffffffffffffffffffffffffffffffffffffffffffffffffffefffffc2b	0000000000000000000000000000000000000000000000000000000000000000	400e17f31c864b185ee05029b4ca04a020c29967468e73e015981536dedd5700
fffffffffffffffffffffffffffffffffffffffffffffffffffffffefffffc2b	0000000000000000000000000000000000000000000000000000000000000000	d435856f9ab6ccc30eb8a023031b74008865b8b6a0ce79565dfb4936b4b73fb5
fffffffffffffffffffffffffffffffffffffffffffffffffffffffefffffc2b	0000000000000000000000000000000000000000000000000000000000000000	19347eb1e110c6697b2151d083099e040675b4cfa6923f26ad57d963c97e1512
fffffffffffffffffffffffffffffffffffffffffffffffffffffffefffffc2b	0000000000000000000000000000000000000000000000000000000000000000	b4779d0db00a11f69106d731567d0ad360668f49b2481481d932e714a143e45f
fffffffffffffffffffffffffffffffffffffffffffffffffffffffefffffc2b	0000000000000000000000000000000000000000000000000000000000000000	99d83593a28df721d8a102e8776220d5aec0976a7b2283f6065686dafe7e51fb
fffffffffffffffffffffffffffffffffffffffffffffffffffffffefffffc2b	0000000000000000000000000000000000000000000000000000000000000000	ba4e25b946a879db07bca35656369b0b2979018a9ad29eea7a1777fd5fd39c85
fffffffffffffffffffffffffffffffffffffffffffffffffffffffefffffc2b	0000000000000000000000000000000000000000000000000000000000000000	40b40b9c7f95437f05fab8bbb92a269c56994ea170dfacdd3b3952c1ec8bc580
fffffffffffffffffffffffffffffffffffffffffffffffffffffffefffffc2b	0000000000000000000000000000000000000000000000000000000000000000	b63351de682f433979d63242bbfa3b025d702b2537cd6d9c9e957ca15d1deac8
fffffffffffffffffffffffffffffffffffffffffffffffffffffffefffffc2b	0000000000000000000000000000000000000000000000000000000000000000	7558116f93c6298ec934167195825c927f3ce843e06d8dd8a7343861e7dce9d9
fffffffffffffffffffffffffffffffffffffffffffffffffffffffefffffc2b	0000000000000000000000000000000000000000000000000000000000000000	dff894f905106cd06ad1dbe2c1c46aa79b53e9406b796e7c4016a7d6353db602
fffffffffffffffffffffffffffffffffffffffffffffffffffffffefffffc2b	0000000000000000000000000000000000000000000000000000000000000000	994c52cd54933a2d4a1f216cc9332d2c3c642bcb967c6948aacdd903536b6325
fffffffffffffffffffffffffffffffffffffffffffffffffffffffefffffc2b	0000000000000000000000000000000000000000000000000000000000000000	4b3198f4ba8705ac3c84d34411a488c5972a8e5a16d4726f0f077650d2871bdf
fffffffffffffffffffffffffffffffffffffffffffffffffffffffefffffc2b	0000000000000000000000000000000000000000000000000000000000000000	174bae57a2d7a1629ba040e754ef59a8b0eda026eb917c3cc139a86c88646978
fffffffffffffffffffffffffffffffffffffffffffffffffffffffefffffc2b	0000000000000000000000000000000000000000000000000000000000000000	0ea05b5d5f3613201470d6192914c594827bfe1afe65cb722b4a2393e4f8fbdd
fffffffffffffffffffffffffffffffffffffffffffffffffffffffefffffc2b	0000000000000000000000000000000000000000000000000000000000000000	9351b1da87f6b5eb7537fafa579b08ff8779d847c3eb282cf6b608d3c44bef55
fffffffffffffffffffffffffffffffffffffffffffffffffffffffefffffc2b	0000000000000000000000000000000000000000000000000000000000000000	ee3056755f73938fe24874c6e48e7179fc7c9cf584e86c49da8cdb2436d3caf8
fffffffffffffffffffffffffffffffffffffffffffffffffffffffefffffc2b	0000000000000000000000000000000000000000000000000000000000000000	483f81fc39a2d891702b937b846a53cd1c958dc6bd180c02059bdecd2cb3c5b9
fffffffffffffffffffffffffffffffffffffffffffffffffffffffefffffc2b	0000000000000000000000000000000000000000000000000000000000000000	9bdb8c2fb94e8eb23b0b82372348b7f665c83cc61618aef659c20cafc3756577
fffffffffffffffffffffffffffffffffffffffffffffffffffffffefffffc2b	0000000000000000000000000000000000000000000000000000000000000000	14866b25bfec8d9088ea50e559c7cca8ad737550b972896b141596c723d09595
fffffffffffffffffffffffffffffffffffffffffffffffffffffffefffffc2b	0000000000000000000000000000000000000000000000000000000000000001	0000000000000000000000000000000000000000000000000000000000000001
fffffffffffffffffffffffffffffffffffffffffffffffffffffffefffffc2b	0000000000000000000000000000000000000000000000000000000000000001	fffffffffffffffffffffffffffffffffffffffffffffffffffffffefffffc2e
fffffffffffffffffffffffffffffffffffffffffffffffffffffffefffffc2b	fffffffffffffffffffffffffffffffffffffffffffffffffffffffefffffc2e	0000000000000000000000000000000000000000000000000000000000000001
fffffffffffffffffffffffffffffffffffffffffffffffffffffffefffffc2b	fffffffffffffffffffffffffffffffffffffffffffffffffffffffefffffc2e	fffffffffffffffffffffffffffffffffffffffffffffffffffffffefffffc2e
fffffffffffffffffffffffffffffffffffffffffffffffffffffffefffffc2b	00000000000000000000000000000000000000000000000000000001000003d1	00000000000000000000000000000000000000000000000000000001000003d2
fffffffffffffffffffffffffffffffffffffffffffffffffffffffefffffc2b	00000000000000000000000000000000ffffffffffffffffffffffffffffffff	0000000000000000000000000000000100000000000000000000000000000001
fffffffffffffffffffffffffffffffffffffffffffffffffffffffefffffc2b	7fffffffffffffffffffffffffffffffffffffffffffffffffffffffffffffed	00000000000000000000000000000000000000000000000000000001000003d1
fffffffffffffffffffffffffffffffffffffffffffffffffffffffefffffc2b	00000000000000000000000000000000000000000000000000000001000003d2	8000000000000000000000000000000000000000000000000000000000000013
fffffffffffffffffffffffffffffffffffffffffffffffffffffffefffffc2b	96de292ad08c05f33374ff077e037057cb1976be5fd11814eb427a298826a7de	f5a02b551d42e1af8af605ff1660926f160366df7b9584c2f4e83c5251d4ac4a
fffffffffffffffffffffffffffffffffffffffffffffffffffffffefffffc2b	4d6ec7bab20514a58c089d6067f55985b8392d48b5531403790e390b58cb6397	a3b527dc3ded3db1ebb2d76d1e0f1d3ba27e4a809a3654648bbde08dbf1f454c
fffffffffffffffffffffffffffffffffffffffffffffffffffffffefffffc2b	e45d6b3a7bab850fd4636fc1bec55df32d3abc216d2837543c5ba15d153069f1	ddbec74a741dcc3fccbef14fb226877249dae56655d5d9a1b1a073c6e04abe33
fffffffffffffffffffffffffffffffffffffffffffffffffffffffefffffc2b	bd9c04cdfd5b0caa1588bd3d277d72ace38f467b02aba014e5a8e90eeb3fbe1a	1bb54365673065de32ecf60d870ba0653ed1c3e18b6bedc01dd5d4dd04bbe4ca
fffffffffffffffffffffffffffffffffffffffffffffffffffffffefffffc2b	2beaf41bc983d4f633f48d269bfa408bfc599b1e1b73e28d09e3ee7ea71ac7a6	357cec24e0b81663bc645f7cf6352799e9e2022fd4915646b6785bedbcbe7334
fffffffffffffffffffffffffffffffffffffffffffffffffffffffefffffc2b	b5c07245c079654f786d357f629f0790f7723aad5562066fe2e4f01b9e1cddc8	a6584ec2aadddec9d4bd5db607d1f8bf5222837160d787d1353fcbbeaf9136fa
fffffffffffffffffffffffffffffffffffffffffffffffffffffffefffffc2b	5f7336cee5cf61f96cd20b5175605b709909aa714d33cc087d3466f57f617fff	bb61dcac06769ca45dd1f5557c5e315a0a5ef6c91f8f8fd8f6dec8c4855d4312
fffffffffffffffffffffffffffffffffffffffffffffffffffffffefffffc2b	2acc6dfff840182c12a710e41723c9d58be39cd1c35ca4bc90b833ab186ab981	1163f31315c921af267f5c165fa15639ff6a27f22da4f0d54a22c5756f4f01bb
fffffffffffffffffffffffffffffffffffffffffffffffffffffffefffffc2b	d4748cd56a1ba4db81904bd851953aa1e6ad2f30f789700f6a026e53fce2523e	03ad3d62b8d59506de2bbb6a0fb9b9e9c3e3840ceff473be4e7bae93d10a7aa7
fffffffffffffffffffffffffffffffffffffffffffffffffffffffefffffc2b	512ff00c68eaac642ac7ac7d377bf11621b1b12948db0eb2afed1bbb9abeb1c5	f2c52d8a84bfdbfdf0253c59082bf79ddf5cdadd40f16c27b3ec33a6545b905e
fffffffffffffffffffffffffffffffffffffffffffffffffffffffefffffc2b	02af8362bd0440652f8b0774287cb3d0d4d1d9f9cd0b4a348a63b5beae8d0bb4	c1b0638d4b66c508d947c069e7ca0d241c5ee6d149a290b3b1dab1f62f842b37
fffffffffffffffffffffffffffffffffffffffffffffffffffffffefffffc2b	d25b514f3ecd73eb99a9fb4df1427c72d13744c2c280a35a7e0de96e4ba264e6	e85a4bb427c8f87dd7840a7994234b7a8b3c783b7ac9584436fcbe4ff485a11c
fffffffffffffffffffffffffffffffffffffffffffffffffffffffefffffc2b	a914abac0c875449aa59bd68cc1f68bf74661024895373a19b8e770c89e48bf4	8ce849c8db38c84b2a44d6572a0772cf460a4c0c9b9edd81ed74b160f3498f67
fffffffffffffffffffffffffffffffffffffffffffffffffffffffefffffc2b	b42468bb21919254b35ba9b2d6196dacb763658d59b32092c19011fa56e5bab7	dca2587b05442efd5f959abd92d8ebcc00123da5227abd899d23727047ec47e1
fffffffffffffffffffffffffffffffffffffffffffffffffffffffefffffc2b	cdf9fb6f3e724045d145b38f4ba6029866d6eecb293b7446f663bd21619289d1	ef5d51b43d937b85b459606fdf44b9172e45f1855afde8da489c0878c98b6637
fffffffffffffffffffffffffffffffffffffffffffffffffffffffefffffc2b	fd574845f718a4699ab18dd690c0cb7d5a70e1d9e7cc79899d77dc2f820b0887	ef3df975bf32e79693f84a45aab6ce9a4ce8f6f255b2bc855334b23bd02f69c3
fffffffffffffffffffffffffffffffffffffffffffffffffffffffefffffc2b	3d01065fa8d2f127ec215cb633b545cc2e4ac01ef8e534f433e264d8466cec92	5900b78154d61769c01f152b1d733b6c6d342e64b9f80882cad772c19dced026
fffffffffffffffffffffffffffffffffffffffffffffffffffffffefffffc2b	921c715d3cff5e9294c47bb3701a2b5298ce18ac820b35f9041f0ef64a515b5c	52f4f74a17a5423f6b79fe78aa1f75a581a552605bc4e1c8d715fa578181c210
fffffffffffffffffffffffffffffffffffffffffffffffffffffffefffffc2b	0683e5161c3e6b59b9e88f8164b15ede68d7fb5f73224130d408e6b944bb1c54	471e1faf3b5fb3cb68d996af8dd80565751b48ca94da9cf079b6d83e5bdb6c97
fffffffffffffffffffffffffffffffffffffffffffffffffffffffefffffc2b	713ecac72d72778c195d5d9c494545f5310f11cc91d2682f32637262247f7d22	21efca2d51daf34d53309b5169d1da162e64194961ac01924604d8ab6c946ffb
fffffffffffffffffffffffffffffffffffffffffffffffffffffffefffffc2b	9b97ed60917ef827867593286ae20f87081430029c151e22f91f48dd824942af	4d8cacbf43ee8a53bc0fa467890739c1768af3cfe20fe49355cf238fc7472113
fffffffffffffffffffffffffffffffffffffffffffffffffffffffefffffc2b	18e2c312b8a96ec1562fa25d3622bbb6722736e47326da420bd49b5b74db66c4	f3c1683b267f956469878122341d36c533f5c407b0583165d6c049cc4af22519
fffffffffffffffffffffffffffffffffffffffffffffffffffffffefffffc2b	98d143525569f7bdaa02c909b6c26e24aaf33ab175e1b0e95ee0219e105c65c2	609315be080284ee9e9d6cc6b37e0b2fd157775c2ef7fc241e687fbdb359d21f
fffffffffffffffffffffffffffffffffffffffffffffffffffffffefffffc2b	defb17327fcc7a1eb8639e91a8c20792ef1e516ceabc01a0e650593dc60d80fd	39fab05c3e9287d0cf82d07c743e3ada7f5173e2675a574a546e590a07477a29
00000000000000000000000000000000000000000000000000000001000003d1	0000000000000000000000000000000000000000000000000000000000000000	0000000000000000000000000000000000000000000000000000000000000001
00000000000000000000000000000000000000000000000000000001000003d1	0000000000000000000000000000000000000000000000000000000000000000	0000000000000000000000000000000000000000000000000000000000000002
00000000000000000000000000000000000000000000000000000001000003d1	0000000000000000000000000000000000000000000000000000000000000000	0000000000000000000000000000000000000000000000000000000000000003
00000000000000000000000000000000000000000000000000000001000003d1	0000000000000000000000000000000000000000000000000000000000000000	00000000000000000000000000000000000000000000000000000001000003d0
00000000000000000000000000000000000000000000000000000001000003d1	0000000000000000000000000000000000000000000000000000000000000000	00000000000000000000000000000000000000000000000000000001000003d1
00000000000000000000000000000000000000000000000000000001000003d1	0000000000000000000000000000000000000000000000000000000000000000	00000000000000000000000000000000000000000000000000000001000003d2
00000000000000000000000000000000000000000000000000000001000003d1	0000000000000000000000000000000000000000000000000000000000000000	0000000000000000000000000000000100000000000000000000000000000001
00000000000000000000000000000000000000000000000000000001000003d1	0000000000000000000000000000000000000000000000000000000000000000	fffffffffffffffffffffffffffffffffffffffffffffffffffffffefffffc2e
00000000000000000000000000000000000000000000000000000001000003d1	0000000000000000000000000000000000000000000000000000000000000000	9f69ee183927f2de409371d48b0733735c9568941bfe791cb02499365401facb
00000000000000000000000000000000000000000000000000000001000003d1	0000000000000000000000000000000000000000000000000000000000000000	d3c5244fc0c8c00553ff409212b6a57b0a3b623ee0bc7b23d9147250759aa415
00000000000000000000000000000000000000000000000000000001000003d1	0000000000000000000000000000000000000000000000000000000000000000	5dcdef1aadba6e6f9fa7a194cf6a71df9168d97d2e9ca4dc296908565f00b4d9
00000000000000000000000000000000000000000000000000000001000003d1	0000000000000000000000000000000000000000000000000000000000000000	d534d578d3e1eb2b1690b9a2d4b2d2d84100437c040d8b79df6fffed9032d272
00000000000000000000000000000000000000000000000000000001000003d1	0000000000000000000000000000000000000000000000000000000000000000	f66fbe57319563b64a8f58cd428595b307c07a72b2164595c11d283eab60b45c
00000000000000000000000000000000000000000000000000000001000003d1	0000000000000000000000000000000000000000000000000000000000000000	400e17f31c864b185ee05029b4ca04a020c29967468e73e015981536dedd5700
00000000000000000000000000000000000000000000000000000001000003d1	0000000000000000000000000000000000000000000000000000000000000000	d435856f9ab6ccc30eb8a023031b74008865b8b6a0ce79565dfb4936b4b73fb5
00000000000000000000000000000000000000000000000000000001000003d1	0000000000000000000000000000000000000000000000000000000000000000	19347eb1e110c6697b2151d083099e040675b4cfa6923f26ad57d963c97e1512
00000000000000000000000000000000000000000000000000000001000003d1	0000000000000000000000000000000000000000000000000000000000000000	b4779d0db00a11f69106d731567d0ad360668f49b2481481d932e714a143e45f
00000000000000000000000000000000000000000000000000000001000003d1	0000000000000000000000000000000000000000000000000000000000000000	99d83593a28df721d8a102e8776220d5aec0976a7b2283f6065686dafe7e51fb
00000000000000000000000000000000000000000000000000000001000003d1	0000000000000000000000000000000000000000000000000000000000000000	ba4e25b946a879db07bca35656369b0b2979018a9ad29eea7a1777fd5fd39c85
00000000000000000000000000000000000000000000000000000001000003d1	0000000000000000000000000000000000000000000000000000000000000000	40b40b9c7f95437f05fab8bbb92a269c56994ea170dfacdd3b3952c1ec8bc580
00000000000000000000000000000000000000000000000000000001000003d1	0000000000000000000000000000000000000000000000000000000000000000	b63351de682f433979d63242bbfa3b025d702b2537cd6d9c9e957ca15d1deac8
00000000000000000000000000000000000000000000000000000001000003d1	0000000000000000000000000000000000000000000000000000000000000000	7558116f93c6298ec934167195825c927f3ce843e06d8dd8a7343861e7dce9d9
00000000000000000000000000000000000000000000000000000001000003d1	0000000000000000000000000000000000000000000000000000000000000000	dff894f905106cd06ad1dbe2c1c46aa79b53e9406b796e7c4016a7d6353db602
00000000000000000000000000000000000000000000000000000001000003d1	0000000000000000000000000000000000000000000000000000000000000000	994c52cd54933a2d4a1f216cc9332d2c3c642bcb967c6948aacdd903536b6325
00000000000000000000000000000000000000000000000000000001000003d1	0000000000000000000000000000000000000000000000000000000000000000	4b3198f4ba8705ac3c84d34411a488c5972a8e5a16d4726f0f077650d2871bdf
00000000000000000000000000000000000000000000000000000001000003d1	0000000000000000000000000000000000000000000000000000000000000000	174bae57a2d7a1629ba040e754ef59a8b0eda026eb917c3cc139a86c88646978
00000000000000000000000000000000000000000000000000000001000003d1	0000000000000000000000000000000000000000000000000000000000000000	0ea05b5d5f3613201470d6192914c594827bfe1afe65cb722b4a2393e4f8fbdd
00000000000000000000000000000000000000000000000000000001000003d1	0000000000000000000000000000000000000000000000000000000000000000	9351b1da87f6b5eb7537fafa579b08ff8779d847c3eb282cf6b608d3c44bef55
00000000000000000000000000000000000000000000000000000001000003d1	0000000000000000000000000000000000000000000000000000000000000000	ee3056755f73938fe24874c6e48e7179fc7c9cf584e86c49da8cdb2436d3caf8
00000000000000000000000000000000000000000000000000000001000003d1	0000000000000000000000000000000000000000000000000000000000000000	483f81fc39a2d891702b937b846a53cd1c958dc6bd180c02059bdecd2cb3c5b9
00000000000000000000000000000000000000000000000000000001000003d1	0000000000000000000000000000000000000000000000000000000000000000	9bdb8c2fb94e8eb23b0b82372348b7f665c83cc61618aef659c20cafc3756577
00000000000000000000000000000000000000000000000000000001000003d1	0000000000000000000000000000000000000000000000000000000000000000	14866b25bfec8d9088ea50e559c7cca8ad737550b972896b141596c723d09595
00000000000000000000000000000000000000000000000000000001000003d1	0000000000000000000000000000000000000000000000000000000000000001	0000000000000000000000000000000000000000000000000000000000000001
00000000000000000000000000000000000000000000000000000001000003d1	0000000000000000000000000000000000000000000000000000000000000001	fffffffffffffffffffffffffffffffffffffffffffffffffffffffefffffc2e
00000000000000000000000000000000000000000000000000000001000003d1	fffffffffffffffffffffffffffffffffffffffffffffffffffffffefffffc2e	0000000000000000000000000000000000000000000000000000000000000001
00000000000000000000000000000000000000000000000000000001000003d1	fffffffffffffffffffffffffffffffffffffffffffffffffffffffefffffc2e	fffffffffffffffffffffffffffffffffffffffffffffffffffffffefffffc2e
00000000000000000000000000000000000000000000000000000001000003d1	00000000000000000000000000000000000000000000000000000001000003d1	00000000000000000000000000000000000000000000000000000001000003d2
00000000000000000000000000000000000000000000000000000001000003d1	00000000000000000000000000000000ffffffffffffffffffffffffffffffff	0000000000000000000000000000000100000000000000000000000000000001
00000000000000000000000000000000000000000000000000000001000003d1	7fffffffffffffffffffffffffffffffffffffffffffffffffffffffffffffed	00000000000000000000000000000000000000000000000000000001000003d1
00000000000000000000000000000000000000000000000000000001000003d1	00000000000000000000000000000000000000000000000000000001000003d2	8000000000000000000000000000000000000000000000000000000000000013
00000000000000000000000000000000000000000000000000000001000003d1	96de292ad08c05f33374ff077e037057cb1976be5fd11814eb427a298826a7de	f5a02b551d42e1af8af605ff1660926f160366df7b9584c2f4e83c5251d4ac4a
00000000000000000000000000000000000000000000000000000001000003d1	4d6ec7bab20514a58c089d6067f55985b8392d48b5531403790e390b58cb6397	a3b527dc3ded3db1ebb2d76d1e0f1d3ba27e4a809a3654648bbde08dbf1f454c
00000000000000000000000000000000000000000000000000000001000003d1	e45d6b3a7bab850fd4636fc1bec55df32d3abc216d2837543c5ba15d153069f1	ddbec74a741dcc3fccbef14fb226877249dae56655d5d9a1b1a073c6e04abe33
00000000000000000000000000000000000000000000000000000001000003d1	bd9c04cdfd5b0caa1588bd3d277d72ace38f467b02aba014e5a8e90eeb3fbe1a	1bb54365673065de32ecf60d870ba0653ed1c3e18b6bedc01dd5d4dd04bbe4ca
00000000000000000000000000000000000000000000000000000001000003d1	2beaf41bc983d4f633f48d269bfa408bfc599b1e1b73e28d09e3ee7ea71ac7a6	357cec24e0b81663bc645f7cf6352799e9e2022fd4915646b6785bedbcbe7334
00000000000000000000000000000000000000000000000000000001000003d1	b5c07245c079654f786d357f629f0790f7723aad5562066fe2e4f01b9e1cddc8	a6584ec2aadddec9d4bd5db607d1f8bf5222837160d787d1353fcbbeaf9136fa
00000000000000000000000000000000000000000000000000000001000003d1	5f7336cee5cf61f96cd20b5175605b709909aa714d33cc087d3466f57f617fff	bb61dcac06769ca45dd1f5557c5e315a0a5ef6c91f8f8fd8f6dec8c4855d4312
00000000000000000000000000000000000000000000000000000001000003d1	2acc6dfff840182c12a710e41723c9d58be39cd1c35ca4bc90b833ab186ab981	1163f31315c921af267f5c165fa15639ff6a27f22da4f0d54a22c5756f4f01bb
00000000000000000000000000000000000000000000000000000001000003d1	d4748cd56a1ba4db81904bd851953aa1e6ad2f30f789700f6a026e53fce2523e	03ad3d62b8d59506de2bbb6a0fb9b9e9c3e3840ceff473be4e7bae93d10a7aa7
00000000000000000000000000000000000000000000000000000001000003d1	512ff00c68eaac642ac7ac7d377bf11621b1b12948db0eb2afed1bbb9abeb1c5	f2c52d8a84bfdbfdf0253c59082bf79ddf5cdadd40f16c27b3ec33a6545b905e
00000000000000000000000000000000000000000000000000000001000003d1	02af8362bd0440652f8b0774287cb3d0d4d1d9f9cd0b4a348a63b5beae8d0bb4	c1b0638d4b66c508d947c069e7ca0d241c5ee6d149a290b3b1dab1f62f842b37
00000000000000000000000000000000000000000000000000000001000003d1	d25b514f3ecd73eb99a9fb4df1427c72d13744c2c280a35a7e0de96e4ba264e6	e85a4bb427c8f87dd7840a7994234b7a8b3c783b7ac9584436fcbe4ff485a11c
00000000000000000000000000000000000000000000000000000001000003d1	a914abac0c875449aa59bd68cc1f68bf74661024895373a19b8e770c89e48bf4	8ce849c8db38c84b2a44d6572a0772cf460a4c0c9b9edd81ed74b160f3498f67
00000000000000000000000000000000000000000000000000000001000003d1	b42468bb21919254b35ba9b2d6196dacb763658d59b32092c19011fa56e5bab7	dca2587b05442efd5f959abd92d8ebcc00123da5227abd899d23727047ec47e1
00000000000000000000000000000000000000000000000000000001000003d1	cdf9fb6f3e724045d145b38f4ba6029866d6eecb293b7446f663bd21619289d1	ef5d51b43d937b85b459606fdf44b9172e45f1855afde8da489c0878c98b6637
00000000000000000000000000000000000000000000000000000001000003d1	fd574845f718a4699ab18dd690c0cb7d5a70e1d9e7cc79899d77dc2f820b0887	ef3df975bf32e79693f84a45aab6ce9a4ce8f6f255b2bc855334b23bd02f69c3
00000000000000000000000000000000000000000000000000000001000003d1	3d01065fa8d2f127ec215cb633b545cc2e4ac01ef8e534f433e264d8466cec92	5900b78154d61769c01f152b1d733b6c6d342e64b9f80882cad772c19dced026
00000000000000000000000000000000000000000000000000000001000003d1	921c715d3cff5e9294c47bb3701a2b5298ce18ac820b35f9041f0ef64a515b5c	52f4f74a17a5423f6b79fe78aa1f75a581a552605bc4e1c8d715fa578181c210
00000000000000000000000000000000000000000000000000000001000003d1	0683e5161c3e6b59b9e88f8164b15ede68d7fb5f73224130d408e6b944bb1c54	471e1faf3b5fb3cb68d996af8dd80565751b48ca94da9cf079b6d83e5bdb6c97
00000000000000000000000000000000000000000000000000000001000003d1	713ecac72d72778c195d5d9c494545f5310f11cc91d2682f32637262247f7d22	21efca2d51daf34d53309b5169d1da162e64194961ac01924604d8ab6c946ffb
00000000000000000000000000000000000000000000000000000001000003d1	9b97ed60917ef827867593286ae20f87081430029c151e22f91f48dd824942af	4d8cacbf43ee8a53bc0fa467890739c1768af3cfe20fe49355cf238fc7472113
00000000000000000000000000000000000000000000000000000001000003d1	18e2c312b8a96ec1562fa25d3622bbb6722736e47326da420bd49b5b74db66c4	f3c1683b267f956469878122341d36c533f5c407b0583165d6c049cc4af22519
00000000000000000000000000000000000000000000000000000001000003d1	98d143525569f7bdaa02c909b6c26e24aaf33ab175e1b0e95ee0219e105c65c2	609315be080284ee9e9d6cc6b37e0b2fd157775c2ef7fc241e687fbdb359d21f
00000000000000000000000000000000000000000000000000000001000003d1	defb17327fcc7a1eb8639e91a8c20792ef1e516ceabc01a0e650593dc60d80fd	39fab05c3e9287d0cf82d07c743e3ada7f5173e2675a574a546e590a07477a29
00000000000000000000000000000000000000000000000000000001000003d0	0000000000000000000000000000000000000000000000000000000000000000	0000000000000000000000000000000000000000000000000000000000000001
00000000000000000000000000000000000000000000000000000001000003d0	0000000000000000000000000000000000000000000000000000000000000000	0000000000000000000000000000000000000000000000000000000000000002
00000000000000000000000000000000000000000000000000000001000003d0	0000000000000000000000000000000000000000000000000000000000000000	0000000000000000000000000000000000000000000000000000000000000003
00000000000000000000000000000000000000000000000000000001000003d0	0000000000000000000000000000000000000000000000000000000000000000	00000000000000000000000000000000000000000000000000000001000003d0
00000000000000000000000000000000000000000000000000000001000003d0	0000000000000000000000000000000000000000000000000000000000000000	00000000000000000000000000000000000000000000000000000001000003d1
00000000000000000000000000000000000000000000000000000001000003d0	0000000000000000000000000000000000000000000000000000000000000000	00000000000000000000000000000000000000000000000000000001000003d2
00000000000000000000000000000000000000000000000000000001000003d0	0000000000000000000000000000000000000000000000000000000000000000	0000000000000000000000000000000100000000000000000000000000000001
00000000000000000000000000000000000000000000000000000001000003d0	0000000000000000000000000000000000000000000000000000000000000000	fffffffffffffffffffffffffffffffffffffffffffffffffffffffefffffc2e
00000000000000000000000000000000000000000000000000000001000003d0	0000000000000000000000000000000000000000000000000000000000000000	9f69ee183927f2de409371d48b0733735c9568941bfe791cb02499365401facb
00000000000000000000000000000000000000000000000000000001000003d0	0000000000000000000000000000000000000000000000000000000000000000	d3c5244fc0c8c00553ff409212b6a57b0a3b623ee0bc7b23d9147250759aa415
00000000000000000000000000000000000000000000000000000001000003d0	0000000000000000000000000000000000000000000000000000000000000000	5dcdef1aadba6e6f9fa7a194cf6a71df9168d97d2e9ca4dc296908565f00b4d9
00000000000000000000000000000000000000000000000000000001000003d0	0000000000000000000000000000000000000000000000000000000000000000	d534d578d3e1eb2b1690b9a2d4b2d2d84100437c040d8b79df6fffed9032d272
00000000000000000000000000000000000000000000000000000001000003d0	0000000000000000000000000000000000000000000000000000000000000000	f66fbe57319563b64a8f58cd428595b307c07a72b2164595c11d283eab60b45c
00000000000000000000000000000000000000000000000000000001000003d0	0000000000000000000000000000000000000000000000000000000000000000	400e17f31c864b185ee05029b4ca04a020c29967468e73e015981536dedd5700
00000000000000000000000000000000000000000000000000000001000003d0	0000000000000000000000000000000000000000000000000000000000000000	d435856f9ab6ccc30eb8a023031b74008865b8b6a0ce79565dfb4936b4b73fb5
00000000000000000000000000000000000000000000000000000001000003d0	0000000000000000000000000000000000000000000000000000000000000000	19347eb1e110c6697b2151d083099e040675b4cfa6923f26ad57d963c97e1512
00000000000000000000000000000000000000000000000000000001000003d0	0000000000000000000000000000000000000000000000000000000000000000	b4779d0db00a11f69106d731567d0ad360668f49b2481481d932e714a143e45f
00000000000000000000000000000000000000000000000000000001000003d0	0000000000000000000000000000000000000000000000000000000000000000	99d83593a28df721d8a102e8776220d5aec0976a7b2283f6065686dafe7e51fb
00000000000000000000000000000000000000000000000000000001000003d0	0000000000000000000000000000000000000000000000000000000000000000	ba4e25b946a879db07bca35656369b0b2979018a9ad29eea7a1777fd5fd39c85
00000000000000000000000000000000000000000000000000000001000003d0	0000000000000000000000000000000000000000000000000000000000000000	40b40b9c7f95437f05fab8bbb92a269c56994ea170dfacdd3b3952c1ec8bc580
00000000000000000000000000000000000000000000000000000001000003d0	0000000000000000000000000000000000000000000000000000000000000000	b63351de682f433979d63242bbfa3b025d702b2537cd6d9c9e957ca15d1deac8
00000000000000000000000000000000000000000000000000000001000003d0	0000000000000000000000000000000000000000000000000000000000000000	7558116f93c6298ec934167195825c927f3ce843e06d8dd8a7343861e7dce9d9
00000000000000000000000000000000000000000000000000000001000003d0	0000000000000000000000000000000000000000000000000000000000000000	dff894f905106cd06ad1dbe2c1c46aa79b53e9406b796e7c4016a7d6353db602
00000000000000000000000000000000000000000000000000000001000003d0	0000000000000000000000000000000000000000000000000000000000000000	994c52cd54933a2d4a1f216cc9332d2c3c642bcb967c6948aacdd903536b6325
00000000000000000000000000000000000000000000000000000001000003d0	0000000000000000000000000000000000000000000000000000000000000000	4b3198f4ba8705ac3c84d34411a488c5972a8e5a16d4726f0f077650d2871bdf
00000000000000000000000000000000000000000000000000000001000003d0	0000000000000000000000000000000000000000000000000000000000000000	174bae57a2d7a1629ba040e754ef59a8b0eda026eb917c3cc139a86c88646978
00000000000000000000000000000000000000000000000000000001000003d0	0000000000000000000000000000000000000000000000000000000000000000	0ea05b5d5f3613201470d6192914c594827bfe1afe65cb722b4a2393e4f8fbdd
00000000000000000000000000000000000000000000000000000001000003d0	0000000000000000000000000000000000000000000000000000000000000000	9351b1da87f6b5eb7537fafa579b08ff8779d847c3eb282cf6b608d3c44bef55
00000000000000000000000000000000000000000000000000000001000003d0	0000000000000000000000000000000000000000000000000000000000000000	ee3056755f73938fe24874c6e48e7179fc7c9cf584e86c49da8cdb2436d3caf8
00000000000000000000000000000000000000000000000000000001000003d0	0000000000000000000000000000000000000000000000000000000000000000	483f81fc39a2d891702b937b846a53cd1c958dc6bd180c02059bdecd2cb3c5b9
00000000000000000000000000000000000000000000000000000001000003d0	0000000000000000000000000000000000000000000000000000000000000000	9bdb8c2fb94e8eb23b0b82372348b7f665c83cc61618aef659c20cafc3756577
00000000000000000000000000000000000000000000000000000001000003d0	0000000000000000000000000000000000000000000000000000000000000000	14866b25bfec8d9088ea50e559c7cca8ad737550b972896b141596c723d09595
00000000000000000000000000000000000000000000000000000001000003d0	0000000000000000000000000000000000000000000000000000000000000001	0000000000000000000000000000000000000000000000000000000000000001
00000000000000000000000000000000000000000000000000000001000003d0	0000000000000000000000000000000000000000000000000000000000000001	fffffffffffffffffffffffffffffffffffffffffffffffffffffffefffffc2e
00000000000000000000000000000000000000000000000000000001000003d0	fffffffffffffffffffffffffffffffffffffffffffffffffffffffefffffc2e	0000000000000000000000000000000000000000000000000000000000000001
00000000000000000000000000000000000000000000000000000001000003d0	fffffffffffffffffffffffffffffffffffffffffffffffffffffffefffffc2e	fffffffffffffffffffffffffffffffffffffffffffffffffffffffefffffc2e
00000000000000000000000000000000000000000000000000000001000003d0	00000000000000000000000000000000000000000000000000000001000003d1	00000000000000000000000000000000000000000000000000000001000003d2
00000000000000000000000000000000000000000000000000000001000003d0	00000000000000000000000000000000ffffffffffffffffffffffffffffffff	0000000000000000000000000000000100000000000000000000000000000001
00000000000000000000000000000000000000000000000000000001000003d0	7fffffffffffffffffffffffffffffffffffffffffffffffffffffffffffffed	00000000000000000000000000000000000000000000000000000001000003d1
00000000000000000000000000000000000000000000000000000001000003d0	00000000000000000000000000000000000000000000000000000001000003d2	8000000000000000000000000000000000000000000000000000000000000013
00000000000000000000000000000000000000000000000000000001000003d0	96de292ad08c05f33374ff077e037057cb1976be5fd11814eb427a298826a7de	f5a02b551d42e1af8af605ff1660926f160366df7b9584c2f4e83c5251d4ac4a
00000000000000000000000000000000000000000000000000000001000003d0	4d6ec7bab20514a58c089d6067f55985b8392d48b5531403790e390b58cb6397	a3b527dc3ded3db1ebb2d76d1e0f1d3ba27e4a809a3654648bbde08dbf1f454c
00000000000000000000000000000000000000000000000000000001000003d0	e45d6b3a7bab850fd4636fc1bec55df32d3abc216d2837543c5ba15d153069f1	ddbec74a741dcc3fccbef14fb226877249dae56655d5d9a1b1a073c6e04abe33
00000000000000000000000000000000000000000000000000000001000003d0	bd9c04cdfd5b0caa1588bd3d277d72ace38f467b02aba014e5a8e90eeb3fbe1a	1bb54365673065de32ecf60d870ba0653ed1c3e18b6bedc01dd5d4dd04bbe4ca
00000000000000000000000000000000000000000000000000000001000003d0	2beaf41bc983d4f633f48d269bfa408bfc599b1e1b73e28d09e3ee7ea71ac7a6	357cec24e0b81663bc645f7cf6352799e9e2022fd4915646b6785bedbcbe7334
00000000000000000000000000000000000000000000000000000001000003d0	b5c07245c079654f786d357f629f0790f7723aad5562066fe2e4f01b9e1cddc8	a6584ec2aadddec9d4bd5db607d1f8bf5222837160d787d1353fcbbeaf9136fa
00000000000000000000000000000000000000000000000000000001000003d0	5f7336cee5cf61f96cd20b5175605b709909aa714d33cc087d3466f57f617fff	bb61dcac06769ca45dd1f5557c5e315a0a5ef6c91f8f8fd8f6dec8c4855d4312
00000000000000000000000000000000000000000000000000000001000003d0	2acc6dfff840182c12a710e41723c9d58be39cd1c35ca4bc90b833ab186ab981	1163f31315c921af267f5c165fa15639ff6a27f22da4f0d54a22c5756f4f01bb
00000000000000000000000000000000000000000000000000000001000003d0	d4748cd56a1ba4db81904bd851953aa1e6ad2f30f789700f6a026e53fce2523e	03ad3d62b8d59506de2bbb6a0fb9b9e9c3e3840ceff473be4e7bae93d10a7aa7
00000000000000000000000000000000000000000000000000000001000003d0	512ff00c68eaac642ac7ac7d377bf11621b1b12948db0eb2afed1bbb9abeb1c5	f2c52d8a84bfdbfdf0253c59082bf79ddf5cdadd40f16c27b3ec33a6545b905e
00000000000000000000000000000000000000000000000000000001000003d0	02af8362bd0440652f8b0774287cb3d0d4d1d9f9cd0b4a348a63b5beae8d0bb4	c1b0638d4b66c508d947c069e7ca0d241c5ee6d149a290b3b1dab1f62f842b37
00000000000000000000000000000000000000000000000000000001000003d0	d25b514f3ecd73eb99a9fb4df1427c72d13744c2c280a35a7e0de96e4ba264e6	e85a4bb427c8f87dd7840a7994234b7a8b3c783b7ac9584436fcbe4ff485a11c
00000000000000000000000000000000000000000000000000000001000003d0	a914abac0c875449aa59bd68cc1f68bf74661024895373a19b8e770c89e48bf4	8ce849c8db38c84b2a44d6572a0772cf460a4c0c9b9edd81ed74b160f3498f67
00000000000000000000000000000000000000000000000000000001000003d0	b42468bb21919254b35ba9b2d6196dacb763658d59b32092c19011fa56e5bab7	dca2587b05442efd5f959abd92d8ebcc00123da5227abd899d23727047ec47e1
00000000000000000000000000000000000000000000000000000001000003d0	cdf9fb6f3e724045d145b38f4ba6029866d6eecb293b7446f663bd21619289d1	ef5d51b43d937b85b459606fdf44b9172e45f1855afde8da489c0878c98b6637
00000000000000000000000000000000000000000000000000000001000003d0	fd574845f718a4699ab18dd690c0cb7d5a70e1d9e7cc79899d77dc2f820b0887	ef3df975bf32e79693f84a45aab6ce9a4ce8f6f255b2bc855334b23bd02f69c3
00000000000000000000000000000000000000000000000000000001000003d0	3d01065fa8d2f127ec215cb633b545cc2e4ac01ef8e534f433e264d8466cec92	5900b78154d61769c01f152b1d733b6c6d342e64b9f80882cad772c19dced026
00000000000000000000000000000000000000000000000000000001000003d0	921c715d3cff5e9294c47bb3701a2b5298ce18ac820b35f9041f0ef64a515b5c	52f4f74a17a5423f6b79fe78aa1f75a581a552605bc4e1c8d715fa578181c210
00000000000000000000000000000000000000000000000000000001000003d0	0683e5161c3e6b59b9e88f8164b15ede68d7fb5f73224130d408e6b944bb1c54	471e1faf3b5fb3cb68d996af8dd80565751b48ca94da9cf079b6d83e5bdb6c97
00000000000000000000000000000000000000000000000000000001000003d0	713ecac72d72778c195d5d9c494545f5310f11cc91d2682f32637262247f7d22	21efca2d51daf34d53309b5169d1da162e64194961ac01924604d8ab6c946ffb
00000000000000000000000000000000000000000000000000000001000003d0	9b97ed60917ef827867593286ae20f87081430029c151e22f91f48dd824942af	4d8cacbf43ee8a53bc0fa467890739c1768af3cfe20fe49355cf238fc7472113
00000000000000000000000000000000000000000000000000000001000003d0	18e2c312b8a96ec1562fa25d3622bbb6722736e47326da420bd49b5b74db66c4	f3c1683b267f956469878122341d36c533f5c407b0583165d6c049cc4af22519
00000000000000000000000000000000000000000000000000000001000003d0	98d143525569f7bdaa02c909b6c26e24aaf33ab175e1b0e95ee0219e105c65c2	609315be080284ee9e9d6cc6b37e0b2fd157775c2ef7fc241e687fbdb359d21f
00000000000000000000000000000000000000000000000000000001000003d0	defb17327fcc7a1eb8639e91a8c20792ef1e516ceabc01a0e650593dc60d80fd	39fab05c3e9287d0cf82d07c743e3ada7f5173e2675a574a546e590a07477a29
00000000000000000000000000000000000000000000000000000001000003d2	0000000000000000000000000000000000000000000000000000000000000000	0000000000000000000000000000000000000000000000000000000000000001
00000000000000000000000000000000000000000000000000000001000003d2	0000000000000000000000000000000000000000000000000000000000000000	0000000000000000000000000000000000000000000000000000000000000002
00000000000000000000000000000000000000000000000000000001000003d2	0000000000000000000000000000000000000000000000000000000000000000	0000000000000000000000000000000000000000000000000000000000000003
00000000000000000000000000000000000000000000000000000001000003d2	0000000000000000000000000000000000000000000000000000000000000000	00000000000000000000000000000000000000000000000000000001000003d0
00000000000000000000000000000000000000000000000000000001000003d2	0000000000000000000000000000000000000000000000000000000000000000	00000000000000000000000000000000000000000000000000000001000003d1
00000000000000000000000000000000000000000000000000000001000003d2	0000000000000000000000000000000000000000000000000000000000000000	00000000000000000000000000000000000000000000000000000001000003d2
00000000000000000000000000000000000000000000000000000001000003d2	0000000000000000000000000000000000000000000000000000000000000000	0000000000000000000000000000000100000000000000000000000000000001
00000000000000000000000000000000000000000000000000000001000003d2	0000000000000000000000000000000000000000000000000000000000000000	fffffffffffffffffffffffffffffffffffffffffffffffffffffffefffffc2e
00000000000000000000000000000000000000000000000000000001000003d2	0000000000000000000000000000000000000000000000000000000000000000	9f69ee183927f2de409371d48b0733735c9568941bfe791cb02499365401facb
00000000000000000000000000000000000000000000000000000001000003d2	0000000000000000000000000000000000000000000000000000000000000000	d3c5244fc0c8c00553ff409212b6a57b0a3b623ee0bc7b23d9147250759aa415
00000000000000000000000000000000000000000000000000000001000003d2	0000000000000000000000000000000000000000000000000000000000000000	5dcdef1aadba6e6f9fa7a194cf6a71df9168d97d2e9ca4dc296908565f00b4d9
00000000000000000000000000000000000000000000000000000001000003d2	0000000000000000000000000000000000000000000000000000000000000000	d534d578d3e1eb2b1690b9a2d4b2d2d84100437c040d8b79df6fffed9032d272
00000000000000000000000000000000000000000000000000000001000003d2	0000000000000000000000000000000000000000000000000000000000000000	f66fbe57319563b64a8f58cd428595b307c07a72b2164595c11d283eab60b45c
00000000000000000000000000000000000000000000000000000001000003d2	0000000000000000000000000000000000000000000000000000000000000000	400e17f31c864b185ee05029b4ca04a020c29967468e73e015981536dedd5700
00000000000000000000000000000000000000000000000000000001000003d2	0000000000000000000000000000000000000000000000000000000000000000	d435856f9ab6ccc30eb8a023031b74008865b8b6a0ce79565dfb4936b4b73fb5
00000000000000000000000000000000000000000000000000000001000003d2	0000000000000000000000000000000000000000000000000000000000000000	19347eb1e110c6697b2151d083099e040675b4cfa6923f26ad57d963c97e1512
00000000000000000000000000000000000000000000000000000001000003d2	0000000000000000000000000000000000000000000000000000000000000000	b4779d0db00a11f69106d731567d0ad360668f49b2481481d932e714a143e45f
00000000000000000000000000000000000000000000000000000001000003d2	0000000000000000000000000000000000000000000000000000000000000000	99d83593a28df721d8a102e8776220d5aec0976a7b2283f6065686dafe7e51fb
00000000000000000000000000000000000000000000000000000001000003d2	0000000000000000000000000000000000000000000000000000000000000000	ba4e25b946a879db07bca35656369b0b2979018a9ad29eea7a1777fd5fd39c85
00000000000000000000000000000000000000000000000000000001000003d2	0000000000000000000000000000000000000000000000000000000000000000	40b40b9c7f95437f05fab8bbb92a269c56994ea170dfacdd3b3952c1ec8bc580
00000000000000000000000000000000000000000000000000000001000003d2	0000000000000000000000000000000000000000000000000000000000000000	b63351de682f433979d63242bbfa3b025d702b2537cd6d9c9e957ca15d1deac8
00000000000000000000000000000000000000000000000000000001000003d2	0000000000000000000000000000000000000000000000000000000000000000	7558116f93c6298ec934167195825c927f3ce843e06d8dd8a7343861e7dce9d9
00000000000000000000000000000000000000000000000000000001000003d2	0000000000000000000000000000000000000000000000000000000000000000	dff894f905106cd06ad1dbe2c1c46aa79b53e9406b796e7c4016a7d6353db602
00000000000000000000000000000000000000000000000000000001000003d2	0000000000000000000000000000000000000000000000000000000000000000	994c52cd54933a2d4a1f216cc9332d2c3c642bcb967c6948aacdd903536b6325
00000000000000000000000000000000000000000000000000000001000003d2	0000000000000000000000000000000000000000000000000000000000000000	4b3198f4ba8705ac3c84d34411a488c5972a8e5a16d4726f0f077650d2871bdf
00000000000000000000000000000000000000000000000000000001000003d2	0000000000000000000000000000000000000000000000000000000000000000	174bae57a2d7a1629ba040e754ef59a8b0eda026eb917c3cc139a86c88646978
00000000000000000000000000000000000000000000000000000001000003d2	0000000000000000000000000000000000000000000000000000000000000000	0ea05b5d5f3613201470d6192914c594827bfe1afe65cb722b4a2393e4f8fbdd
00000000000000000000000000000000000000000000000000000001000003d2	0000000000000000000000000000000000000000000000000000000000000000	9351b1da87f6b5eb7537fafa579b08ff8779d847c3eb282cf6b608d3c44bef55
00000000000000000000000000000000000000000000000000000001000003d2	0000000000000000000000000000000000000000000000000000000000000000	ee3056755f73938fe24874c6e48e7179fc7c9cf584e86c49da8cdb2436d3caf8
00000000000000000000000000000000000000000000000000000001000003d2	0000000000000000000000000000000000000000000000000000000000000000	483f81fc39a2d891702b937b846a53cd1c958dc6bd180c02059bdecd2cb3c5b9
00000000000000000000000000000000000000000000000000000001000003d2	0000000000000000000000000000000000000000000000000000000000000000	9bdb8c2fb94e8eb23b0b82372348b7f665c83cc61618aef659c20cafc3756577
00000000000000000000000000000000000000000000000000000001000003d2	0000000000000000000000000000000000000000000000000000000000000000	14866b25bfec8d9088ea50e559c7cca8ad737550b972896b141596c723d09595
00000000000000000000000000000000000000000000000000000001000003d2	0000000000000000000000000000000000000000000000000000000000000001	0000000000000000000000000000000000000000000000000000000000000001
00000000000000000000000000000000000000000000000000000001000003d2	0000000000000000000000000000000000000000000000000000000000000001	fffffffffffffffffffffffffffffffffffffffffffffffffffffffefffffc2e
00000000000000000000000000000000000000000000000000000001000003d2	fffffffffffffffffffffffffffffffffffffffffffffffffffffffefffffc2e	0000000000000000000000000000000000000000000000000000000000000001
00000000000000000000000000000000000000000000000000000001000003d2	fffffffffffffffffffffffffffffffffffffffffffffffffffffffefffffc2e	fffffffffffffffffffffffffffffffffffffffffffffffffffffffefffffc2e
00000000000000000000000000000000000000000000000000000001000003d2	00000000000000000000000000000000000000000000000000000001000003d1	00000000000000000000000000000000000000000000000000000001000003d2
00000000000000000000000000000000000000000000000000000001000003d2	00000000000000000000000000000000ffffffffffffffffffffffffffffffff	0000000000000000000000000000000100000000000000000000000000000001
00000000000000000000000000000000000000000000000000000001000003d2	7fffffffffffffffffffffffffffffffffffffffffffffffffffffffffffffed	00000000000000000000000000000000000000000000000000000001000003d1
00000000000000000000000000000000000000000000000000000001000003d2	00000000000000000000000000000000000000000000000000000001000003d2	8000000000000000000000000000000000000000000000000000000000000013
00000000000000000000000000000000000000000000000000000001000003d2	96de292ad08c05f33374ff077e037057cb1976be5fd11814eb427a298826a7de	f5a02b551d42e1af8af605ff1660926f160366df7b9584c2f4e83c5251d4ac4a
00000000000000000000000000000000000000000000000000000001000003d2	4d6ec7bab20514a58c089d6067f55985b8392d48b5531403790e390b58cb6397	a3b527dc3ded3db1ebb2d76d1e0f1d3ba27e4a809a3654648bbde08dbf1f454c
00000000000000000000000000000000000000000000000000000001000003d2	e45d6b3a7bab850fd4636fc1bec55df32d3abc216d2837543c5ba15d153069f1	ddbec74a741dcc3fccbef14fb226877249dae56655d5d9a1b1a073c6e04abe33
00000000000000000000000000000000000000000000000000000001000003d2	bd9c04cdfd5b0caa1588bd3d277d72ace38f467b02aba014e5a8e90eeb3fbe1a	1bb54365673065de32ecf60d870ba0653ed1c3e18b6bedc01dd5d4dd04bbe4ca
00000000000000000000000000000000000000000000000000000001000003d2	2beaf41bc983d4f633f48d269bfa408bfc599b1e1b73e28d09e3ee7ea71ac7a6	357cec24e0b81663bc645f7cf6352799e9e2022fd4915646b6785bedbcbe7334
00000000000000000000000000000000000000000000000000000001000003d2	b5c07245c079654f786d357f629f0790f7723aad5562066fe2e4f01b9e1cddc8	a6584ec2aadddec9d4bd5db607d1f8bf5222837160d787d1353fcbbeaf9136fa
00000000000000000000000000000000000000000000000000000001000003d2	5f7336cee5cf61f96cd20b5175605b709909aa714d33cc087d3466f57f617fff	bb61dcac06769ca45dd1f5557c5e315a0a5ef6c91f8f8fd8f6dec8c4855d4312
00000000000000000000000000000000000000000000000000000001000003d2	2acc6dfff840182c12a710e41723c9d58be39cd1c35ca4bc90b833ab186ab981	1163f31315c921af267f5c165fa15639ff6a27f22da4f0d54a22c5756f4f01bb
00000000000000000000000000000000000000000000000000000001000003d2	d4748cd56a1ba4db81904bd851953aa1e6ad2f30f789700f6a026e53fce2523e	03ad3d62b8d59506de2bbb6a0fb9b9e9c3e3840ceff473be4e7bae93d10a7aa7
00000000000000000000000000000000000000000000000000000001000003d2	512ff00c68eaac642ac7ac7d377bf11621b1b12948db0eb2afed1bbb9abeb1c5	f2c52d8a84bfdbfdf0253c59082bf79ddf5cdadd40f16c27b3ec33a6545b905e
00000000000000000000000000000000000000000000000000000001000003d2	02af8362bd0440652f8b0774287cb3d0d4d1d9f9cd0b4a348a63b5beae8d0bb4	c1b0638d4b66c508d947c069e7ca0d241c5ee6d149a290b3b1dab1f62f842b37
00000000000000000000000000000000000000000000000000000001000003d2	d25b514f3ecd73eb99a9fb4df1427c72d13744c2c280a35a7e0de96e4ba264e6	e85a4bb427c8f87dd7840a7994234b7a8b3c783b7ac9584436fcbe4ff485a11c
00000000000000000000000000000000000000000000000000000001000003d2	a914abac0c875449aa59bd68cc1f68bf74661024895373a19b8e770c89e48bf4	8ce849c8db38c84b2a44d6572a0772cf460a4c0c9b9edd81ed74b160f3498f67
00000000000000000000000000000000000000000000000000000001000003d2	b42468bb21919254b35ba9b2d6196dacb763658d59b32092c19011fa56e5bab7	dca2587b05442efd5f959abd92d8ebcc00123da5227abd899d23727047ec47e1
00000000000000000000000000000000000000000000000000000001000003d2	cdf9fb6f3e724045d145b38f4ba6029866d6eecb293b7446f663bd21619289d1	ef5d51b43d937b85b459606fdf44b9172e45f1855afde8da489c0878c98b6637
00000000000000000000000000000000000000000000000000000001000003d2	fd574845f718a4699ab18dd690c0cb7d5a70e1d9e7cc79899d77dc2f820b0887	ef3df975bf32e79693f84a45aab6ce9a4ce8f6f255b2bc855334b23bd02f69c3
00000000000000000000000000000000000000000000000000000001000003d2	3d01065fa8d2f127ec215cb633b545cc2e4ac01ef8e534f433e264d8466cec92	5900b78154d61769c01f152b1d733b6c6d342e64b9f80882cad772c19dced026
00000000000000000000000000000000000000000000000000000001000003d2	921c715d3cff5e9294c47bb3701a2b5298ce18ac820b35f9041f0ef64a515b5c	52f4f74a17a5423f6b79fe78aa1f75a581a552605bc4e1c8d715fa578181c210
00000000000000000000000000000000000000000000000000000001000003d2	0683e5161c3e6b59b9e88f8164b15ede68d7fb5f73224130d408e6b944bb1c54	471e1faf3b5fb3cb68d996af8dd80565751b48ca94da9cf079b6d83e5bdb6c97
00000000000000000000000000000000000000000000000000000001000003d2	713ecac72d72778c195d5d9c494545f5310f11cc91d2682f32637262247f7d22	21efca2d51daf34d53309b5169d1da162e64194961ac01924604d8ab6c946ffb
00000000000000000000000000000000000000000000000000000001000003d2	9b97ed60917ef827867593286ae20f87081430029c151e22f91f48dd824942af	4d8cacbf43ee8a53bc0fa467890739c1768af3cfe20fe49355cf238fc7472113
00000000000000000000000000000000000000000000000000000001000003d2	18e2c312b8a96ec1562fa25d3622bbb6722736e47326da420bd49b5b74db66c4	f3c1683b267f956469878122341d36c533f5c407b0583165d6c049cc4af22519
00000000000000000000000000000000000000000000000000000001000003d2	98d143525569f7bdaa02c909b6c26e24aaf33ab175e1b0e95ee0219e105c65c2	609315be080284ee9e9d6cc6b37e0b2fd157775c2ef7fc241e687fbdb359d21f
00000000000000000000000000000000000000000000000000000001000003d2	defb17327fcc7a1eb8639e91a8c20792ef1e516ceabc01a0e650593dc60d80fd	39fab05c3e9287d0cf82d07c743e3ada7f5173e2675a574a546e590a07477a29
00000000000000000000000000000000ffffffffffffffffffffffffffffffff	0000000000000000000000000000000000000000000000000000000000000000	0000000000000000000000000000000000000000000000000000000000000001
00000000000000000000000000000000ffffffffffffffffffffffffffffffff	0000000000000000000000000000000000000000000000000000000000000000	0000000000000000000000000000000000000000000000000000000000000002
00000000000000000000000000000000ffffffffffffffffffffffffffffffff	0000000000000000000000000000000000000000000000000000000000000000	0000000000000000000000000000000000000000000000000000000000000003
00000000000000000000000000000000ffffffffffffffffffffffffffffffff	0000000000000000000000000000000000000000000000000000000000000000	00000000000000000000000000000000000000000000000000000001000003d0
00000000000000000000000000000000ffffffffffffffffffffffffffffffff	0000000000000000000000000000000000000000000000000000000000000000	00000000000000000000000000000000000000000000000000000001000003d1
00000000000000000000000000000000ffffffffffffffffffffffffffffffff	0000000000000000000000000000000000000000000000000000000000000000	00000000000000000000000000000000000000000000000000000001000003d2
00000000000000000000000000000000ffffffffffffffffffffffffffffffff	0000000000000000000000000000000000000000000000000000000000000000	0000000000000000000000000000000100000000000000000000000000000001
00000000000000000000000000000000ffffffffffffffffffffffffffffffff	0000000000000000000000000000000000000000000000000000000000000000	fffffffffffffffffffffffffffffffffffffffffffffffffffffffefffffc2e
00000000000000000000000000000000ffffffffffffffffffffffffffffffff	0000000000000000000000000000000000000000000000000000000000000000	9f69ee183927f2de409371d48b0733735c9568941bfe791cb02499365401facb
00000000000000000000000000000000ffffffffffffffffffffffffffffffff	0000000000000000000000000000000000000000000000000000000000000000	d3c5244fc0c8c00553ff409212b6a57b0a3b623ee0bc7b23d9147250759aa415
00000000000000000000000000000000ffffffffffffffffffffffffffffffff	0000000000000000000000000000000000000000000000000000000000000000	5dcdef1aadba6e6f9fa7a194cf6a71df9168d97d2e9ca4dc296908565f00b4d9
00000000000000000000000000000000ffffffffffffffffffffffffffffffff	0000000000000000000000000000000000000000000000000000000000000000	d534d578d3e1eb2b1690b9a2d4b2d2d84100437c040d8b79df6fffed9032d272
00000000000000000000000000000000ffffffffffffffffffffffffffffffff	0000000000000000000000000000000000000000000000000000000000000000	f66fbe57319563b64a8f58cd428595b307c07a72b2164595c11d283eab60b45c
00000000000000000000000000000000ffffffffffffffffffffffffffffffff	0000000000000000000000000000000000000000000000000000000000000000	400e17f31c864b185ee05029b4ca04a020c29967468e73e015981536dedd5700
00000000000000000000000000000000ffffffffffffffffffffffffffffffff	0000000000000000000000000000000000000000000000000000000000000000	d435856f9ab6ccc30eb8a023031b74008865b8b6a0ce79565dfb4936b4b73fb5
00000000000000000000000000000000ffffffffffffffffffffffffffffffff	0000000000000000000000000000000000000000000000000000000000000000	19347eb1e110c6697b2151d083099e040675b4cfa6923f26ad57d963c97e1512
00000000000000000000000000000000ffffffffffffffffffffffffffffffff	0000000000000000000000000000000000000000000000000000000000000000	b4779d0db00a11f69106d731567d0ad360668f49b2481481d932e714a143e45f
00000000000000000000000000000000ffffffffffffffffffffffffffffffff	0000000000000000000000000000000000000000000000000000000000000000	99d83593a28df721d8a102e8776220d5aec0976a7b2283f6065686dafe7e51fb
00000000000000000000000000000000ffffffffffffffffffffffffffffffff	0000000000000000000000000000000000000000000000000000000000000000	ba4e25b946a879db07bca35656369b0b2979018a9ad29eea7a1777fd5fd39c85
00000000000000000000000000000000ffffffffffffffffffffffffffffffff	0000000000000000000000000000000000000000000000000000000000000000	40b40b9c7f95437f05fab8bbb92a269c56994ea170dfacdd3b3952c1ec8bc580
00000000000000000000000000000000ffffffffffffffffffffffffffffffff	0000000000000000000000000000000000000000000000000000000000000000	b63351de682f433979d63242bbfa3b025d702b2537cd6d9c9e957ca15d1deac8
00000000000000000000000000000000ffffffffffffffffffffffffffffffff	0000000000000000000000000000000000000000000000000000000000000000	7558116f93c6298ec934167195825c927f3ce843e06d8dd8a7343861e7dce9d9
00000000000000000000000000000000ffffffffffffffffffffffffffffffff	0000000000000000000000000000000000000000000000000000000000000000	dff894f905106cd06ad1dbe2c1c46aa79b53e9406b796e7c4016a7d6353db602
00000000000000000000000000000000ffffffffffffffffffffffffffffffff	0000000000000000000000000000000000000000000000000000000000000000	994c52cd54933a2d4a1f216cc9332d2c3c642bcb967c6948aacdd903536b6325
00000000000000000000000000000000ffffffffffffffffffffffffffffffff	0000000000000000000000000000000000000000000000000000000000000000	4b3198f4ba8705ac3c84d34411a488c5972a8e5a16d4726f0f077650d2871bdf
00000000000000000000000000000000ffffffffffffffffffffffffffffffff	0000000000000000000000000000000000000000000000000000000000000000	174bae57a2d7a1629ba040e754ef59a8b0eda026eb917c3cc139a86c88646978
00000000000000000000000000000000ffffffffffffffffffffffffffffffff	0000000000000000000000000000000000000000000000000000000000000000	0ea05b5d5f3613201470d6192914c594827bfe1afe65cb722b4a2393e4f8fbdd
00000000000000000000000000000000ffffffffffffffffffffffffffffffff	0000000000000000000000000000000000000000000000000000000000000000	9351b1da87f6b5eb7537fafa579b08ff8779d847c3eb282cf6b608d3c44bef55
00000000000000000000000000000000ffffffffffffffffffffffffffffffff	0000000000000000000000000000000000000000000000000000000000000000	ee3056755f73938fe24874c6e48e7179fc7c9cf584e86c49da8cdb2436d3caf8
00000000000000000000000000000000ffffffffffffffffffffffffffffffff	0000000000000000000000000000000000000000000000000000000000000000	483f81fc39a2d891702b937b846a53cd1c958dc6bd180c02059bdecd2cb3c5b9
00000000000000000000000000000000ffffffffffffffffffffffffffffffff	0000000000000000000000000000000000000000000000000000000000000000	9bdb8c2fb94e8eb23b0b82372348b7f665c83cc61618aef659c20cafc3756577
00000000000000000000000000000000ffffffffffffffffffffffffffffffff	0000000000000000000000000000000000000000000000000000000000000000	14866b25bfec8d9088ea50e559c7cca8ad737550b972896b141596c723d09595
00000000000000000000000000000000ffffffffffffffffffffffffffffffff	0000000000000000000000000000000000000000000000000000000000000001	0000000000000000000000000000000000000000000000000000000000000001
00000000000000000000000000000000ffffffffffffffffffffffffffffffff	0000000000000000000000000000000000000000000000000000000000000001	fffffffffffffffffffffffffffffffffffffffffffffffffffffffefffffc2e
00000000000000000000000000000000ffffffffffffffffffffffffffffffff	fffffffffffffffffffffffffffffffffffffffffffffffffffffffefffffc2e	0000000000000000000000000000000000000000000000000000000000000001
00000000000000000000000000000000ffffffffffffffffffffffffffffffff	fffffffffffffffffffffffffffffffffffffffffffffffffffffffefffffc2e	fffffffffffffffffffffffffffffffffffffffffffffffffffffffefffffc2e
00000000000000000000000000000000ffffffffffffffffffffffffffffffff	00000000000000000000000000000000000000000000000000000001000003d1	00000000000000000000000000000000000000000000000000000001000003d2
00000000000000000000000000000000ffffffffffffffffffffffffffffffff	00000000000000000000000000000000ffffffffffffffffffffffffffffffff	0000000000000000000000000000000100000000000000000000000000000001
00000000000000000000000000000000ffffffffffffffffffffffffffffffff	7fffffffffffffffffffffffffffffffffffffffffffffffffffffffffffffed	00000000000000000000000000000000000000000000000000000001000003d1
00000000000000000000000000000000ffffffffffffffffffffffffffffffff	00000000000000000000000000000000000000000000000000000001000003d2	8000000000000000000000000000000000000000000000000000000000000013
00000000000000000000000000000000ffffffffffffffffffffffffffffffff	96de292ad08c05f33374ff077e037057cb1976be5fd11814eb427a298826a7de	f5a02b551d42e1af8af605ff1660926f160366df7b9584c2f4e83c5251d4ac4a
00000000000000000000000000000000ffffffffffffffffffffffffffffffff	4d6ec7bab20514a58c089d6067f55985b8392d48b5531403790e390b58cb6397	a3b527dc3ded3db1ebb2d76d1e0f1d3ba27e4a809a3654648bbde08dbf1f454c
00000000000000000000000000000000ffffffffffffffffffffffffffffffff	e45d6b3a7bab850fd4636fc1bec55df32d3abc216d2837543c5ba15d153069f1	ddbec74a741dcc3fccbef14fb226877249dae56655d5d9a1b1a073c6e04abe33
00000000000000000000000000000000ffffffffffffffffffffffffffffffff	bd9c04cdfd5b0caa1588bd3d277d72ace38f467b02aba014e5a8e90eeb3fbe1a	1bb54365673065de32ecf60d870ba0653ed1c3e18b6bedc01dd5d4dd04bbe4ca
00000000000000000000000000000000ffffffffffffffffffffffffffffffff	2beaf41bc983d4f633f48d269bfa408bfc599b1e1b73e28d09e3ee7ea71ac7a6	357cec24e0b81663bc645f7cf6352799e9e2022fd4915646b6785bedbcbe7334
00000000000000000000000000000000ffffffffffffffffffffffffffffffff	b5c07245c079654f786d357f629f0790f7723aad5562066fe2e4f01b9e1cddc8	a6584ec2aadddec9d4bd5db607d1f8bf5222837160d787d1353fcbbeaf9136fa
00000000000000000000000000000000ffffffffffffffffffffffffffffffff	5f7336cee5cf61f96cd20b5175605b709909aa714d33cc087d3466f57f617fff	bb61dcac06769ca45dd1f5557c5e315a0a5ef6c91f8f8fd8f6dec8c4855d4312
00000000000000000000000000000000ffffffffffffffffffffffffffffffff	2acc6dfff840182c12a710e41723c9d58be39cd1c35ca4bc90b833ab186ab981	1163f31315c921af267f5c165fa15639ff6a27f22da4f0d54a22c5756f4f01bb
00000000000000000000000000000000ffffffffffffffffffffffffffffffff	d4748cd56a1ba4db81904bd851953aa1e6ad2f30f789700f6a026e53fce2523e	03ad3d62b8d59506de2bbb6a0fb9b9e9c3e3840ceff473be4e7bae93d10a7aa7
00000000000000000000000000000000ffffffffffffffffffffffffffffffff	512ff00c68eaac642ac7ac7d377bf11621b1b12948db0eb2afed1bbb9abeb1c5	f2c52d8a84bfdbfdf0253c59082bf79ddf5cdadd40f16c27b3ec33a6545b905e
00000000000000000000000000000000ffffffffffffffffffffffffffffffff	02af8362bd0440652f8b0774287cb3d0d4d1d9f9cd0b4a348a63b5beae8d0bb4	c1b0638d4b66c508d947c069e7ca0d241c5ee6d149a290b3b1dab1f62f842b37
00000000000000000000000000000000ffffffffffffffffffffffffffffffff	d25b514f3ecd73eb99a9fb4df1427c72d13744c2c280a35a7e0de96e4ba264e6	e85a4bb427c8f87dd7840a7994234b7a8b3c783b7ac9584436fcbe4ff485a11c
00000000000000000000000000000000ffffffffffffffffffffffffffffffff	a914abac0c875449aa59bd68cc1f68bf74661024895373a19b8e770c89e48bf4	8ce849c8db38c84b2a44d6572a0772cf460a4c0c9b9edd81ed74b160f3498f67
00000000000000000000000000000000ffffffffffffffffffffffffffffffff	b42468bb21919254b35ba9b2d6196dacb763658d59b32092c19011fa56e5bab7	dca2587b05442efd5f959abd92d8ebcc00123da5227abd899d23727047ec47e1
00000000000000000000000000000000ffffffffffffffffffffffffffffffff	cdf9fb6f3e724045d145b38f4ba6029866d6eecb293b7446f663bd21619289d1	ef5d51b43d937b85b459606fdf44b9172e45f1855afde8da489c0878c98b6637
00000000000000000000000000000000ffffffffffffffffffffffffffffffff	fd574845f718a4699ab18dd690c0cb7d5a70e1d9e7cc79899d77dc2f820b0887	ef3df975bf32e79693f84a45aab6ce9a4ce8f6f255b2bc855334b23bd02f69c3
00000000000000000000000000000000ffffffffffffffffffffffffffffffff	3d01065fa8d2f127ec215cb633b545cc2e4ac01ef8e534f433e264d8466cec92	5900b78154d61769c01f152b1d733b6c6d342e64b9f80882cad772c19dced026
00000000000000000000000000000000ffffffffffffffffffffffffffffffff	921c715d3cff5e9294c47bb3701a2b5298ce18ac820b35f9041f0ef64a515b5c	52f4f74a17a5423f6b79fe78aa1f75a581a552605bc4e1c8d715fa578181c210
00000000000000000000000000000000ffffffffffffffffffffffffffffffff	0683e5161c3e6b59b9e88f8164b15ede68d7fb5f73224130d408e6b944bb1c54	471e1faf3b5fb3cb68d996af8dd80565751b48ca94da9cf079b6d83e5bdb6c97
00000000000000000000000000000000ffffffffffffffffffffffffffffffff	713ecac72d72778c195d5d9c494545f5310f11cc91d2682f32637262247f7d22	21efca2d51daf34d53309b5169d1da162e64194961ac01924604d8ab6c946ffb
00000000000000000000000000000000ffffffffffffffffffffffffffffffff	9b97ed60917ef827867593286ae20f87081430029c151e22f91f48dd824942af	4d8cacbf43ee8a53bc0fa467890739c1768af3cfe20fe49355cf238fc7472113
00000000000000000000000000000000ffffffffffffffffffffffffffffffff	18e2c312b8a96ec1562fa25d3622bbb6722736e47326da420bd49b5b74db66c4	f3c1683b267f956469878122341d36c533f5c407b0583165d6c049cc4af22519
00000000000000000000000000000000ffffffffffffffffffffffffffffffff	98d143525569f7bdaa02c909b6c26e24aaf33ab175e1b0e95ee0219e105c65c2	609315be080284ee9e9d6cc6b37e0b2fd157775c2ef7fc241e687fbdb359d21f
00000000000000000000000000000000ffffffffffffffffffffffffffffffff	defb17327fcc7a1eb8639e91a8c20792ef1e516ceabc01a0e650593dc60d80fd	39fab05c3e9287d0cf82d07c743e3ada7f5173e2675a574a546e590a07477a29
0000000000000000000000000000000100000000000000000000000000000000	0000000000000000000000000000000000000000000000000000000000000000	0000000000000000000000000000000000000000000000000000000000000001
0000000000000000000000000000000100000000000000000000000000000000	0000000000000000000000000000000000000000000000000000000000000000	0000000000000000000000000000000000000000000000000000000000000002
0000000000000000000000000000000100000000000000000000000000000000	0000000000000000000000000000000000000000000000000000000000000000	0000000000000000000000000000000000000000000000000000000000000003
0000000000000000000000000000000100000000000000000000000000000000	0000000000000000000000000000000000000000000000000000000000000000	00000000000000000000000000000000000000000000000000000001000003d0
0000000000000000000000000000000100000000000000000000000000000000	0000000000000000000000000000000000000000000000000000000000000000	00000000000000000000000000000000000000000000000000000001000003d1
0000000000000000000000000000000100000000000000000000000000000000	0000000000000000000000000000000000000000000000000000000000000000	00000000000000000000000000000000000000000000000000000001000003d2
0000000000000000000000000000000100000000000000000000000000000000	0000000000000000000000000000000000000000000000000000000000000000	0000000000000000000000000000000100000000000000000000000000000001
0000000000000000000000000000000100000000000000000000000000000000	0000000000000000000000000000000000000000000000000000000000000000	fffffffffffffffffffffffffffffffffffffffffffffffffffffffefffffc2e
0000000000000000000000000000000100000000000000000000000000000000	0000000000000000000000000000000000000000000000000000000000000000	9f69ee183927f2de409371d48b0733735c9568941bfe791cb02499365401facb
0000000000000000000000000000000100000000000000000000000000000000	0000000000000000000000000000000000000000000000000000000000000000	d3c5244fc0c8c00553ff409212b6a57b0a3b623ee0bc7b23d9147250759aa415
0000000000000000000000000000000100000000000000000000000000000000	0000000000000000000000000000000000000000000000000000000000000000	5dcdef1aadba6e6f9fa7a194cf6a71df9168d97d2e9ca4dc296908565f00b4d9
0000000000000000000000000000000100000000000000000000000000000000	0000000000000000000000000000000000000000000000000000000000000000	d534d578d3e1eb2b1690b9a2d4b2d2d84100437c040d8b79df6fffed9032d272
0000000000000000000000000000000100000000000000000000000000000000	0000000000000000000000000000000000000000000000000000000000000000	f66fbe57319563b64a8f58cd428595b307c07a72b2164595c11d283eab60b45c
0000000000000000000000000000000100000000000000000000000000000000	0000000000000000000000000000000000000000000000000000000000000000	400e17f31c864b185ee05029b4ca04a020c29967468e73e015981536dedd5700
0000000000000000000000000000000100000000000000000000000000000000	0000000000000000000000000000000000000000000000000000000000000000	d435856f9ab6ccc30eb8a023031b74008865b8b6a0ce79565dfb4936b4b73fb5
0000000000000000000000000000000100000000000000000000000000000000	0000000000000000000000000000000000000000000000000000000000000000	19347eb1e110c6697b2151d083099e040675b4cfa6923f26ad57d963c97e1512
0000000000000000000000000000000100000000000000000000000000000000	0000000000000000000000000000000000000000000000000000000000000000	b4779d0db00a11f69106d731567d0ad360668f49b2481481d932e714a143e45f
0000000000000000000000000000000100000000000000000000000000000000	0000000000000000000000000000000000000000000000000000000000000000	99d83593a28df721d8a102e8776220d5aec0976a7b2283f6065686dafe7e51fb
0000000000000000000000000000000100000000000000000000000000000000	0000000000000000000000000000000000000000000000000000000000000000	ba4e25b946a879db07bca35656369b0b2979018a9ad29eea7a1777fd5fd39c85
0000000000000000000000000000000100000000000000000000000000000000	0000000000000000000000000000000000000000000000000000000000000000	40b40b9c7f95437f05fab8bbb92a269c56994ea170dfacdd3b3952c1ec8bc580
0000000000000000000000000000000100000000000000000000000000000000	0000000000000000000000000000000000000000000000000000000000000000	b63351de682f433979d63242bbfa3b025d702b2537cd6d9c9e957ca15d1deac8
0000000000000000000000000000000100000000000000000000000000000000	0000000000000000000000000000000000000000000000000000000000000000	7558116f93c6298ec934167195825c927f3ce843e06d8dd8a7343861e7dce9d9
0000000000000000000000000000000100000000000000000000000000000000	0000000000000000000000000000000000000000000000000000000000000000	dff894f905106cd06ad1dbe2c1c46aa79b53e9406b796e7c4016a7d6353db602
0000000000000000000000000000000100000000000000000000000000000000	0000000000000000000000000000000000000000000000000000000000000000	994c52cd54933a2d4a1f216cc9332d2c3c642bcb967c6948aacdd903536b6325
0000000000000000000000000000000100000000000000000000000000000000	0000000000000000000000000000000000000000000000000000000000000000	4b3198f4ba8705ac3c84d34411a488c5972a8e5a16d4726f0f077650d2871bdf
0000000000000000000000000000000100000000000000000000000000000000	0000000000000000000000000000000000000000000000000000000000000000	174bae57a2d7a1629ba040e754ef59a8b0eda026eb917c3cc139a86c88646978
0000000000000000000000000000000100000000000000000000000000000000	0000000000000000000000000000000000000000000000000000000000000000	0ea05b5d5f3613201470d6192914c594827bfe1afe65cb722b4a2393e4f8fbdd
0000000000000000000000000000000100000000000000000000000000000000	0000000000000000000000000000000000000000000000000000000000000000	9351b1da87f6b5eb7537fafa579b08ff8779d847c3eb282cf6b608d3c44bef55
0000000000000000000000000000000100000000000000000000000000000000	0000000000000000000000000000000000000000000000000000000000000000	ee3056755f73938fe24874c6e48e7179fc7c9cf584e86c49da8cdb2436d3caf8
0000000000000000000000000000000100000000000000000000000000000000	0000000000000000000000000000000000000000000000000000000000000000	483f81fc39a2d891702b937b846a53cd1c958dc6bd180c02059bdecd2cb3c5b9
0000000000000000000000000000000100000000000000000000000000000000	0000000000000000000000000000000000000000000000000000000000000000	9bdb8c2fb94e8eb23b0b82372348b7f665c83cc61618aef659c20cafc3756577
0000000000000000000000000000000100000000000000000000000000000000	0000000000000000000000000000000000000000000000000000000000000000	14866b25bfec8d9088ea50e559c7cca8ad737550b972896b141596c723d09595
0000000000000000000000000000000100000000000000000000000000000000	0000000000000000000000000000000000000000000000000000000000000001	0000000000000000000000000000000000000000000000000000000000000001
0000000000000000000000000000000100000000000000000000000000000000	0000000000000000000000000000000000000000000000000000000000000001	fffffffffffffffffffffffffffffffffffffffffffffffffffffffefffffc2e
0000000000000000000000000000000100000000000000000000000000000000	fffffffffffffffffffffffffffffffffffffffffffffffffffffffefffffc2e	0000000000000000000000000000000000000000000000000000000000000001
0000000000000000000000000000000100000000000000000000000000000000	fffffffffffffffffffffffffffffffffffffffffffffffffffffffefffffc2e	fffffffffffffffffffffffffffffffffffffffffffffffffffffffefffffc2e
0000000000000000000000000000000100000000000000000000000000000000	00000000000000000000000000000000000000000000000000000001000003d1	00000000000000000000000000000000000000000000000000000001000003d2
0000000000000000000000000000000100000000000000000000000000000000	00000000000000000000000000000000ffffffffffffffffffffffffffffffff	0000000000000000000000000000000100000000000000000000000000000001
0000000000000000000000000000000100000000000000000000000000000000	7fffffffffffffffffffffffffffffffffffffffffffffffffffffffffffffed	00000000000000000000000000000000000000000000000000000001000003d1
0000000000000000000000000000000100000000000000000000000000000000	00000000000000000000000000000000000000000000000000000001000003d2	8000000000000000000000000000000000000000000000000000000000000013
0000000000000000000000000000000100000000000000000000000000000000	96de292ad08c05f33374ff077e037057cb1976be5fd11814eb427a298826a7de	f5a02b551d42e1af8af605ff1660926f160366df7b9584c2f4e83c5251d4ac4a
0000000000000000000000000000000100000000000000000000000000000000	4d6ec7bab20514a58c089d6067f55985b8392d48b5531403790e390b58cb6397	a3b527dc3ded3db1ebb2d76d1e0f1d3ba27e4a809a3654648bbde08dbf1f454c
0000000000000000000000000000000100000000000000000000000000000000	e45d6b3a7bab850fd4636fc1bec55df32d3abc216d2837543c5ba15d153069f1	ddbec74a741dcc3fccbef14fb226877249dae56655d5d9a1b1a073c6e04abe33
0000000000000000000000000000000100000000000000000000000000000000	bd9c04cdfd5b0caa1588bd3d277d72ace38f467b02aba014e5a8e90eeb3fbe1a	1bb54365673065de32ecf60d870ba0653ed1c3e18b6bedc01dd5d4dd04bbe4ca
0000000000000000000000000000000100000000000000000000000000000000	2beaf41bc983d4f633f48d269bfa408bfc599b1e1b73e28d09e3ee7ea71ac7a6	357cec24e0b81663bc645f7cf6352799e9e2022fd4915646b6785bedbcbe7334
0000000000000000000000000000000100000000000000000000000000000000	b5c07245c079654f786d357f629f0790f7723aad5562066fe2e4f01b9e1cddc8	a6584ec2aadddec9d4bd5db607d1f8bf5222837160d787d1353fcbbeaf9136fa
0000000000000000000000000000000100000000000000000000000000000000	5f7336cee5cf61f96cd20b5175605b709909aa714d33cc087d3466f57f617fff	bb61dcac06769ca45dd1f5557c5e315a0a5ef6c91f8f8fd8f6dec8c4855d4312
0000000000000000000000000000000100000000000000000000000000000000	2acc6dfff840182c12a710e41723c9d58be39cd1c35ca4bc90b833ab186ab981	1163f31315c921af267f5c165fa15639ff6a27f22da4f0d54a22c5756f4f01bb
0000000000000000000000000000000100000000000000000000000000000000	d4748cd56a1ba4db81904bd851953aa1e6ad2f30f789700f6a026e53fce2523e	03ad3d62b8d59506de2bbb6a0fb9b9e9c3e3840ceff473be4e7bae93d10a7aa7
0000000000000000000000000000000100000000000000000000000000000000	512ff00c68eaac642ac7ac7d377bf11621b1b12948db0eb2afed1bbb9abeb1c5	f2c52d8a84bfdbfdf0253c59082bf79ddf5cdadd40f16c27b3ec33a6545b905e
0000000000000000000000000000000100000000000000000000000000000000	02af8362bd0440652f8b0774287cb3d0d4d1d9f9cd0b4a348a63b5beae8d0bb4	c1b0638d4b66c508d947c069e7ca0d241c5ee6d149a290b3b1dab1f62f842b37
0000000000000000000000000000000100000000000000000000000000000000	d25b514f3ecd73eb99a9fb4df1427c72d13744c2c280a35a7e0de96e4ba264e6	e85a4bb427c8f87dd7840a7994234b7a8b3c783b7ac9584436fcbe4ff485a11c
0000000000000000000000000000000100000000000000000000000000000000	a914abac0c875449aa59bd68cc1f68bf74661024895373a19b8e770c89e48bf4	8ce849c8db38c84b2a44d6572a0772cf460a4c0c9b9edd81ed74b160f3498f67
0000000000000000000000000000000100000000000000000000000000000000	b42468bb21919254b35ba9b2d6196dacb763658d59b32092c19011fa56e5bab7	dca2587b05442efd5f959abd92d8ebcc00123da5227abd899d23727047ec47e1
0000000000000000000000000000000100000000000000000000000000000000	cdf9fb6f3e724045d145b38f4ba6029866d6eecb293b7446f663bd21619289d1	ef5d51b43d937b85b459606fdf44b9172e45f1855afde8da489c0878c98b6637
0000000000000000000000000000000100000000000000000000000000000000	fd574845f718a4699ab18dd690c0cb7d5a70e1d9e7cc79899d77dc2f820b0887	ef3df975bf32e79693f84a45aab6ce9a4ce8f6f255b2bc855334b23bd02f69c3
0000000000000000000000000000000100000000000000000000000000000000	3d01065fa8d2f127ec215cb633b545cc2e4ac01ef8e534f433e264d8466cec92	5900b78154d61769c01f152b1d733b6c6d342e64b9f80882cad772c19dced026
0000000000000000000000000000000100000000000000000000000000000000	921c715d3cff5e9294c47bb3701a2b5298ce18ac820b35f9041f0ef64a515b5c	52f4f74a17a5423f6b79fe78aa1f75a581a552605bc4e1c8d715fa578181c210
0000000000000000000000000000000100000000000000000000000000000000	0683e5161c3e6b59b9e88f8164b15ede68d7fb5f73224130d408e6b944bb1c54	471e1faf3b5fb3cb68d996af8dd80565751b48ca94da9cf079b6d83e5bdb6c97
0000000000000000000000000000000100000000000000000000000000000000	713ecac72d72778c195d5d9c494545f5310f11cc91d2682f32637262247f7d22	21efca2d51daf34d53309b5169d1da162e64194961ac01924604d8ab6c946ffb
0000000000000000000000000000000100000000000000000000000000000000	9b97ed60917ef827867593286ae20f87081430029c151e22f91f48dd824942af	4d8cacbf43ee8a53bc0fa467890739c1768af3cfe20fe49355cf238fc7472113
0000000000000000000000000000000100000000000000000000000000000000	18e2c312b8a96ec1562fa25d3622bbb6722736e47326da420bd49b5b74db66c4	f3c1683b267f956469878122341d36c533f5c407b0583165d6c049cc4af22519
0000000000000000000000000000000100000000000000000000000000000000	98d143525569f7bdaa02c909b6c26e24aaf33ab175e1b0e95ee0219e105c65c2	609315be080284ee9e9d6cc6b37e0b2fd157775c2ef7fc241e687fbdb359d21f
0000000000000000000000000000000100000000000000000000000000000000	defb17327fcc7a1eb8639e91a8c20792ef1e516ceabc01a0e650593dc60d80fd	39fab05c3e9287d0cf82d07c743e3ada7f5173e2675a574a546e590a07477a29
0000000000000000000000000000000100000000000000000000000000000001	0000000000000000000000000000000000000000000000000000000000000000	0000000000000000000000000000000000000000000000000000000000000001
0000000000000000000000000000000100000000000000000000000000000001	0000000000000000000000000000000000000000000000000000000000000000	0000000000000000000000000000000000000000000000000000000000000002
0000000000000000000000000000000100000000000000000000000000000001	0000000000000000000000000000000000000000000000000000000000000000	0000000000000000000000000000000000000000000000000000000000000003
0000000000000000000000000000000100000000000000000000000000000001	0000000000000000000000000000000000000000000000000000000000000000	00000000000000000000000000000000000000000000000000000001000003d0
0000000000000000000000000000000100000000000000000000000000000001	0000000000000000000000000000000000000000000000000000000000000000	00000000000000000000000000000000000000000000000000000001000003d1
0000000000000000000000000000000100000000000000000000000000000001	0000000000000000000000000000000000000000000000000000000000000000	00000000000000000000000000000000000000000000000000000001000003d2
0000000000000000000000000000000100000000000000000000000000000001	0000000000000000000000000000000000000000000000000000000000000000	0000000000000000000000000000000100000000000000000000000000000001
0000000000000000000000000000000100000000000000000000000000000001	0000000000000000000000000000000000000000000000000000000000000000	fffffffffffffffffffffffffffffffffffffffffffffffffffffffefffffc2e
0000000000000000000000000000000100000000000000000000000000000001	0000000000000000000000000000000000000000000000000000000000000000	9f69ee183927f2de409371d48b0733735c9568941bfe791cb02499365401facb
0000000000000000000000000000000100000000000000000000000000000001	0000000000000000000000000000000000000000000000000000000000000000	d3c5244fc0c8c00553ff409212b6a57b0a3b623ee0bc7b23d9147250759aa415
0000000000000000000000000000000100000000000000000000000000000001	0000000000000000000000000000000000000000000000000000000000000000	5dcdef1aadba6e6f9fa7a194cf6a71df9168d97d2e9ca4dc296908565f00b4d9
0000000000000000000000000000000100000000000000000000000000000001	0000000000000000000000000000000000000000000000000000000000000000	d534d578d3e1eb2b1690b9a2d4b2d2d84100437c040d8b79df6fffed9032d272
0000000000000000000000000000000100000000000000000000000000000001	0000000000000000000000000000000000000000000000000000000000000000	f66fbe57319563b64a8f58cd428595b307c07a72b2164595c11d283eab60b45c
0000000000000000000000000000000100000000000000000000000000000001	0000000000000000000000000000000000000000000000000000000000000000	400e17f31c864b185ee05029b4ca04a020c29967468e73e015981536dedd5700
0000000000000000000000000000000100000000000000000000000000000001	0000000000000000000000000000000000000000000000000000000000000000	d435856f9ab6ccc30eb8a023031b74008865b8b6a0ce79565dfb4936b4b73fb5
0000000000000000000000000000000100000000000000000000000000000001	0000000000000000000000000000000000000000000000000000000000000000	19347eb1e110c6697b2151d083099e040675b4cfa6923f26ad57d963c97e1512
0000000000000000000000000000000100000000000000000000000000000001	0000000000000000000000000000000000000000000000000000000000000000	b4779d0db00a11f69106d731567d0ad360668f49b2481481d932e714a143e45f
0000000000000000000000000000000100000000000000000000000000000001	0000000000000000000000000000000000000000000000000000000000000000	99d83593a28df721d8a102e8776220d5aec0976a7b2283f6065686dafe7e51fb
0000000000000000000000000000000100000000000000000000000000000001	0000000000000000000000000000000000000000000000000000000000000000	ba4e25b946a879db07bca35656369b0b2979018a9ad29eea7a1777fd5fd39c85
0000000000000000000000000000000100000000000000000000000000000001	0000000000000000000000000000000000000000000000000000000000000000	40b40b9c7f95437f05fab8bbb92a269c56994ea170dfacdd3b3952c1ec8bc580
0000000000000000000000000000000100000000000000000000000000000001	0000000000000000000000000000000000000000000000000000000000000000	b63351de682f433979d63242bbfa3b025d702b2537cd6d9c9e957ca15d1deac8
0000000000000000000000000000000100000000000000000000000000000001	0000000000000000000000000000000000000000000000000000000000000000	7558116f93c6298ec934167195825c927f3ce843e06d8dd8a7343861e7dce9d9
0000000000000000000000000000000100000000000000000000000000000001	0000000000000000000000000000000000000000000000000000000000000000	dff894f905106cd06ad1dbe2c1c46aa79b53e9406b796e7c4016a7d6353db602
0000000000000000000000000000000100000000000000000000000000000001	0000000000000000000000000000000000000000000000000000000000000000	994c52cd54933a2d4a1f216cc9332d2c3c642bcb967c6948aacdd903536b6325
0000000000000000000000000000000100000000000000000000000000000001	0000000000000000000000000000000000000000000000000000000000000000	4b3198f4ba8705ac3c84d34411a488c5972a8e5a16d4726f0f077650d2871bdf
0000000000000000000000000000000100000000000000000000000000000001	0000000000000000000000000000000000000000000000000000000000000000	174bae57a2d7a1629ba040e754ef59a8b0eda026eb917c3cc139a86c88646978
0000000000000000000000000000000100000000000000000000000000000001	0000000000000000000000000000000000000000000000000000000000000000	0ea05b5d5f3613201470d6192914c594827bfe1afe65cb722b4a2393e4f8fbdd
0000000000000000000000000000000100000000000000000000000000000001	0000000000000000000000000000000000000000000000000000000000000000	9351b1da87f6b5eb7537fafa579b08ff8779d847c3eb282cf6b608d3c44bef55
0000000000000000000000000000000100000000000000000000000000000001	0000000000000000000000000000000000000000000000000000000000000000	ee3056755f73938fe24874c6e48e7179fc7c9cf584e86c49da8cdb2436d3caf8
0000000000000000000000000000000100000000000000000000000000000001	0000000000000000000000000000000000000000000000000000000000000000	483f81fc39a2d891702b937b846a53cd1c958dc6bd180c02059bdecd2cb3c5b9
0000000000000000000000000000000100000000000000000000000000000001	0000000000000000000000000000000000000000000000000000000000000000	9bdb8c2fb94e8eb23b0b82372348b7f665c83cc61618aef659c20cafc3756577
0000000000000000000000000000000100000000000000000000000000000001	0000000000000000000000000000000000000000000000000000000000000000	14866b25bfec8d9088ea50e559c7cca8ad737550b972896b141596c723d09595
0000000000000000000000000000000100000000000000000000000000000001	0000000000000000000000000000000000000000000000000000000000000001	0000000000000000000000000000000000000000000000000000000000000001
0000000000000000000000000000000100000000000000000000000000000001	0000000000000000000000000000000000000000000000000000000000000001	fffffffffffffffffffffffffffffffffffffffffffffffffffffffefffffc2e
0000000000000000000000000000000100000000000000000000000000000001	fffffffffffffffffffffffffffffffffffffffffffffffffffffffefffffc2e	0000000000000000000000000000000000000000000000000000000000000001
0000000000000000000000000000000100000000000000000000000000000001	fffffffffffffffffffffffffffffffffffffffffffffffffffffffefffffc2e	fffffffffffffffffffffffffffffffffffffffffffffffffffffffefffffc2e
0000000000000000000000000000000100000000000000000000000000000001	00000000000000000000000000000000000000000000000000000001000003d1	00000000000000000000000000000000000000000000000000000001000003d2
0000000000000000000000000000000100000000000000000000000000000001	00000000000000000000000000000000ffffffffffffffffffffffffffffffff	0000000000000000000000000000000100000000000000000000000000000001
0000000000000000000000000000000100000000000000000000000000000001	7fffffffffffffffffffffffffffffffffffffffffffffffffffffffffffffed	00000000000000000000000000000000000000000000000000000001000003d1
0000000000000000000000000000000100000000000000000000000000000001	00000000000000000000000000000000000000000000000000000001000003d2	8000000000000000000000000000000000000000000000000000000000000013
0000000000000000000000000000000100000000000000000000000000000001	96de292ad08c05f33374ff077e037057cb1976be5fd11814eb427a298826a7de	f5a02b551d42e1af8af605ff1660926f160366df7b9584c2f4e83c5251d4ac4a
0000000000000000000000000000000100000000000000000000000000000001	4d6ec7bab20514a58c089d6067f55985b8392d48b5531403790e390b58cb6397	a3b527dc3ded3db1ebb2d76d1e0f1d3ba27e4a809a3654648bbde08dbf1f454c
0000000000000000000000000000000100000000000000000000000000000001	e45d6b3a7bab850fd4636fc1bec55df32d3abc216d2837543c5ba15d153069f1	ddbec74a741dcc3fccbef14fb226877249dae56655d5d9a1b1a073c6e04abe33
0000000000000000000000000000000100000000000000000000000000000001	bd9c04cdfd5b0caa1588bd3d277d72ace38f467b02aba014e5a8e90eeb3fbe1a	1bb54365673065de32ecf60d870ba0653ed1c3e18b6bedc01dd5d4dd04bbe4ca
0000000000000000000000000000000100000000000000000000000000000001	2beaf41bc983d4f633f48d269bfa408bfc599b1e1b73e28d09e3ee7ea71ac7a6	357cec24e0b81663bc645f7cf6352799e9e2022fd4915646b6785bedbcbe7334
0000000000000000000000000000000100000000000000000000000000000001	b5c07245c079654f786d357f629f0790f7723aad5562066fe2e4f01b9e1cddc8	a6584ec2aadddec9d4bd5db607d1f8bf5222837160d787d1353fcbbeaf9136fa
0000000000000000000000000000000100000000000000000000000000000001	5f7336cee5cf61f96cd20b5175605b709909aa714d33cc087d3466f57f617fff	bb61dcac06769ca45dd1f5557c5e315a0a5ef6c91f8f8fd8f6dec8c4855d4312
0000000000000000000000000000000100000000000000000000000000000001	2acc6dfff840182c12a710e41723c9d58be39cd1c35ca4bc90b833ab186ab981	1163f31315c921af267f5c165fa15639ff6a27f22da4f0d54a22c5756f4f01bb
0000000000000000000000000000000100000000000000000000000000000001	d4748cd56a1ba4db81904bd851953aa1e6ad2f30f789700f6a026e53fce2523e	03ad3d62b8d59506de2bbb6a0fb9b9e9c3e3840ceff473be4e7bae93d10a7aa7
0000000000000000000000000000000100000000000000000000000000000001	512ff00c68eaac642ac7ac7d377bf11621b1b12948db0eb2afed1bbb9abeb1c5	f2c52d8a84bfdbfdf0253c59082bf79ddf5cdadd40f16c27b3ec33a6545b905e
0000000000000000000000000000000100000000000000000000000000000001	02af8362bd0440652f8b0774287cb3d0d4d1d9f9cd0b4a348a63b5beae8d0bb4	c1b0638d4b66c508d947c069e7ca0d241c5ee6d149a290b3b1dab1f62f842b37
0000000000000000000000000000000100000000000000000000000000000001	d25b514f3ecd73eb99a9fb4df1427c72d13744c2c280a35a7e0de96e4ba264e6	e85a4bb427c8f87dd7840a7994234b7a8b3c783b7ac9584436fcbe4ff485a11c
0000000000000000000000000000000100000000000000000000000000000001	a914abac0c875449aa59bd68cc1f68bf74661024895373a19b8e770c89e48bf4	8ce849c8db38c84b2a44d6572a0772cf460a4c0c9b9edd81ed74b160f3498f67
0000000000000000000000000000000100000000000000000000000000000001	b42468bb21919254b35ba9b2d6196dacb763658d59b32092c19011fa56e5bab7	dca2587b05442efd5f959abd92d8ebcc00123da5227abd899d23727047ec47e1
0000000000000000000000000000000100000000000000000000000000000001	cdf9fb6f3e724045d145b38f4ba6029866d6eecb293b7446f663bd21619289d1	ef5d51b43d937b85b459606fdf44b9172e45f1855afde8da489c0878c98b6637
0000000000000000000000000000000100000000000000000000000000000001	fd574845f718a4699ab18dd690c0cb7d5a70e1d9e7cc79899d77dc2f820b0887	ef3df975bf32e79693f84a45aab6ce9a4ce8f6f255b2bc855334b23bd02f69c3
0000000000000000000000000000000100000000000000000000000000000001	3d01065fa8d2f127ec215cb633b545cc2e4ac01ef8e534f433e264d8466cec92	5900b78154d61769c01f152b1d733b6c6d342e64b9f80882cad772c19dced026
0000000000000000000000000000000100000000000000000000000000000001	921c715d3cff5e9294c47bb3701a2b5298ce18ac820b35f9041f0ef64a515b5c	52f4f74a17a5423f6b79fe78aa1f75a581a552605bc4e1c8d715fa578181c210
0000000000000000000000000000000100000000000000000000000000000001	0683e5161c3e6b59b9e88f8164b15ede68d7fb5f73224130d408e6b944bb1c54	471e1faf3b5fb3cb68d996af8dd80565751b48ca94da9cf079b6d83e5bdb6c97
0000000000000000000000000000000100000000000000000000000000000001	713ecac72d72778c195d5d9c494545f5310f11cc91d2682f32637262247f7d22	21efca2d51daf34d53309b5169d1da162e64194961ac01924604d8ab6c946ffb
0000000000000000000000000000000100000000000000000000000000000001	9b97ed60917ef827867593286ae20f87081430029c151e22f91f48dd824942af	4d8cacbf43ee8a53bc0fa467890739c1768af3cfe20fe49355cf238fc7472113
0000000000000000000000000000000100000000000000000000000000000001	18e2c312b8a96ec1562fa25d3622bbb6722736e47326da420bd49b5b74db66c4	f3c1683b267f956469878122341d36c533f5c407b0583165d6c049cc4af22519
0000000000000000000000000000000100000000000000000000000000000001	98d143525569f7bdaa02c909b6c26e24aaf33ab175e1b0e95ee0219e105c65c2	609315be080284ee9e9d6cc6b37e0b2fd157775c2ef7fc241e687fbdb359d21f
0000000000000000000000000000000100000000000000000000000000000001	defb17327fcc7a1eb8639e91a8c20792ef1e516ceabc01a0e650593dc60d80fd	39fab05c3e9287d0cf82d07c743e3ada7f5173e2675a574a546e590a07477a29
7fffffffffffffffffffffffffffffffffffffffffffffffffffffffffffffed	0000000000000000000000000000000000000000000000000000000000000000	0000000000000000000000000000000000000000000000000000000000000001
7fffffffffffffffffffffffffffffffffffffffffffffffffffffffffffffed	0000000000000000000000000000000000000000000000000000000000000000	0000000000000000000000000000000000000000000000000000000000000002
7fffffffffffffffffffffffffffffffffffffffffffffffffffffffffffffed	0000000000000000000000000000000000000000000000000000000000000000	0000000000000000000000000000000000000000000000000000000000000003
7fffffffffffffffffffffffffffffffffffffffffffffffffffffffffffffed	0000000000000000000000000000000000000000000000000000000000000000	00000000000000000000000000000000000000000000000000000001000003d0
7fffffffffffffffffffffffffffffffffffffffffffffffffffffffffffffed	0000000000000000000000000000000000000000000000000000000000000000	00000000000000000000000000000000000000000000000000000001000003d1
7fffffffffffffffffffffffffffffffffffffffffffffffffffffffffffffed	0000000000000000000000000000000000000000000000000000000000000000	00000000000000000000000000000000000000000000000000000001000003d2
7fffffffffffffffffffffffffffffffffffffffffffffffffffffffffffffed	0000000000000000000000000000000000000000000000000000000000000000	0000000000000000000000000000000100000000000000000000000000000001
7fffffffffffffffffffffffffffffffffffffffffffffffffffffffffffffed	0000000000000000000000000000000000000000000000000000000000000000	fffffffffffffffffffffffffffffffffffffffffffffffffffffffefffffc2e
7fffffffffffffffffffffffffffffffffffffffffffffffffffffffffffffed	0000000000000000000000000000000000000000000000000000000000000000	9f69ee183927f2de409371d48b0733735c9568941bfe791cb02499365401facb
7fffffffffffffffffffffffffffffffffffffffffffffffffffffffffffffed	0000000000000000000000000000000000000000000000000000000000000000	d3c5244fc0c8c00553ff409212b6a57b0a3b623ee0bc7b23d9147250759aa415
7fffffffffffffffffffffffffffffffffffffffffffffffffffffffffffffed	0000000000000000000000000000000000000000000000000000000000000000	5dcdef1aadba6e6f9fa7a194cf6a71df9168d97d2e9ca4dc296908565f00b4d9
7fffffffffffffffffffffffffffffffffffffffffffffffffffffffffffffed	0000000000000000000000000000000000000000000000000000000000000000	d534d578d3e1eb2b1690b9a2d4b2d2d84100437c040d8b79df6fffed9032d272
7fffffffffffffffffffffffffffffffffffffffffffffffffffffffffffffed	0000000000000000000000000000000000000000000000000000000000000000	f66fbe57319563b64a8f58cd428595b307c07a72b2164595c11d283eab60b45c
7fffffffffffffffffffffffffffffffffffffffffffffffffffffffffffffed	0000000000000000000000000000000000000000000000000000000000000000	400e17f31c864b185ee05029b4ca04a020c29967468e73e015981536dedd5700
7fffffffffffffffffffffffffffffffffffffffffffffffffffffffffffffed	0000000000000000000000000000000000000000000000000000000000000000	d435856f9ab6ccc30eb8a023031b74008865b8b6a0ce79565dfb4936b4b73fb5
7fffffffffffffffffffffffffffffffffffffffffffffffffffffffffffffed	0000000000000000000000000000000000000000000000000000000000000000	19347eb1e110c6697b2151d083099e040675b4cfa6923f26ad57d963c97e1512
7fffffffffffffffffffffffffffffffffffffffffffffffffffffffffffffed	0000000000000000000000000000000000000000000000000000000000000000	b4779d0db00a11f69106d731567d0ad360668f49b2481481d932e714a143e45f
7fffffffffffffffffffffffffffffffffffffffffffffffffffffffffffffed	0000000000000000000000000000000000000000000000000000000000000000	99d83593a28df721d8a102e8776220d5aec0976a7b2283f6065686dafe7e51fb
7fffffffffffffffffffffffffffffffffffffffffffffffffffffffffffffed	0000000000000000000000000000000000000000000000000000000000000000	ba4e25b946a879db07bca35656369b0b2979018a9ad29eea7a1777fd5fd39c85
7fffffffffffffffffffffffffffffffffffffffffffffffffffffffffffffed	0000000000000000000000000000000000000000000000000000000000000000	40b40b9c7f95437f05fab8bbb92a269c56994ea170dfacdd3b3952c1ec8bc580
7fffffffffffffffffffffffffffffffffffffffffffffffffffffffffffffed	0000000000000000000000000000000000000000000000000000000000000000	b63351de682f433979d63242bbfa3b025d702b2537cd6d9c9e957ca15d1deac8
7fffffffffffffffffffffffffffffffffffffffffffffffffffffffffffffed	0000000000000000000000000000000000000000000000000000000000000000	7558116f93c6298ec934167195825c927f3ce843e06d8dd8a7343861e7dce9d9
7fffffffffffffffffffffffffffffffffffffffffffffffffffffffffffffed	0000000000000000000000000000000000000000000000000000000000000000	dff894f905106cd06ad1dbe2c1c46aa79b53e9406b796e7c4016a7d6353db602
7fffffffffffffffffffffffffffffffffffffffffffffffffffffffffffffed	0000000000000000000000000000000000000000000000000000000000000000	994c52cd54933a2d4a1f216cc9332d2c3c642bcb967c6948aacdd903536b6325
7fffffffffffffffffffffffffffffffffffffffffffffffffffffffffffffed	0000000000000000000000000000000000000000000000000000000000000000	4b3198f4ba8705ac3c84d34411a488c5972a8e5a16d4726f0f077650d2871bdf
7fffffffffffffffffffffffffffffffffffffffffffffffffffffffffffffed	0000000000000000000000000000000000000000000000000000000000000000	174bae57a2d7a1629ba040e754ef59a8b0eda026eb917c3cc139a86c88646978
7fffffffffffffffffffffffffffffffffffffffffffffffffffffffffffffed	0000000000000000000000000000000000000000000000000000000000000000	0ea05b5d5f3613201470d6192914c594827bfe1afe65cb722b4a2393e4f8fbdd
7fffffffffffffffffffffffffffffffffffffffffffffffffffffffffffffed	0000000000000000000000000000000000000000000000000000000000000000	9351b1da87f6b5eb7537fafa579b08ff8779d847c3eb282cf6b608d3c44bef55
7fffffffffffffffffffffffffffffffffffffffffffffffffffffffffffffed	0000000000000000000000000000000000000000000000000000000000000000	ee3056755f73938fe24874c6e48e7179fc7c9cf584e86c49da8cdb2436d3caf8
7fffffffffffffffffffffffffffffffffffffffffffffffffffffffffffffed	0000000000000000000000000000000000000000000000000000000000000000	483f81fc39a2d891702b937b846a53cd1c958dc6bd180c02059bdecd2cb3c5b9
7fffffffffffffffffffffffffffffffffffffffffffffffffffffffffffffed	0000000000000000000000000000000000000000000000000000000000000000	9bdb8c2fb94e8eb23b0b82372348b7f665c83cc61618aef659c20cafc3756577
7fffffffffffffffffffffffffffffffffffffffffffffffffffffffffffffed	0000000000000000000000000000000000000000000000000000000000000000	14866b25bfec8d9088ea50e559c7cca8ad737550b972896b141596c723d09595
7fffffffffffffffffffffffffffffffffffffffffffffffffffffffffffffed	0000000000000000000000000000000000000000000000000000000000000001	0000000000000000000000000000000000000000000000000000000000000001
7fffffffffffffffffffffffffffffffffffffffffffffffffffffffffffffed	0000000000000000000000000000000000000000000000000000000000000001	fffffffffffffffffffffffffffffffffffffffffffffffffffffffefffffc2e
7fffffffffffffffffffffffffffffffffffffffffffffffffffffffffffffed	fffffffffffffffffffffffffffffffffffffffffffffffffffffffefffffc2e	0000000000000000000000000000000000000000000000000000000000000001
7fffffffffffffffffffffffffffffffffffffffffffffffffffffffffffffed	fffffffffffffffffffffffffffffffffffffffffffffffffffffffefffffc2e	fffffffffffffffffffffffffffffffffffffffffffffffffffffffefffffc2e
7fffffffffffffffffffffffffffffffffffffffffffffffffffffffffffffed	00000000000000000000000000000000000000000000000000000001000003d1	00000000000000000000000000000000000000000000000000000001000003d2
7fffffffffffffffffffffffffffffffffffffffffffffffffffffffffffffed	00000000000000000000000000000000ffffffffffffffffffffffffffffffff	0000000000000000000000000000000100000000000000000000000000000001
7fffffffffffffffffffffffffffffffffffffffffffffffffffffffffffffed	7fffffffffffffffffffffffffffffffffffffffffffffffffffffffffffffed	00000000000000000000000000000000000000000000000000000001000003d1
7fffffffffffffffffffffffffffffffffffffffffffffffffffffffffffffed	00000000000000000000000000000000000000000000000000000001000003d2	8000000000000000000000000000000000000000000000000000000000000013
7fffffffffffffffffffffffffffffffffffffffffffffffffffffffffffffed	96de292ad08c05f33374ff077e037057cb1976be5fd11814eb427a298826a7de	f5a02b551d42e1af8af605ff1660926f160366df7b9584c2f4e83c5251d4ac4a
7fffffffffffffffffffffffffffffffffffffffffffffffffffffffffffffed	4d6ec7bab20514a58c089d6067f55985b8392d48b5531403790e390b58cb6397	a3b527dc3ded3db1ebb2d76d1e0f1d3ba27e4a809a3654648bbde08dbf1f454c
7fffffffffffffffffffffffffffffffffffffffffffffffffffffffffffffed	e45d6b3a7bab850fd4636fc1bec55df32d3abc216d2837543c5ba15d153069f1	ddbec74a741dcc3fccbef14fb226877249dae56655d5d9a1b1a073c6e04abe33
7fffffffffffffffffffffffffffffffffffffffffffffffffffffffffffffed	bd9c04cdfd5b0caa1588bd3d277d72ace38f467b02aba014e5a8e90eeb3fbe1a	1bb54365673065de32ecf60d870ba0653ed1c3e18b6bedc01dd5d4dd04bbe4ca
7fffffffffffffffffffffffffffffffffffffffffffffffffffffffffffffed	2beaf41bc983d4f633f48d269bfa408bfc599b1e1b73e28d09e3ee7ea71ac7a6	357cec24e0b81663bc645f7cf6352799e9e2022fd4915646b6785bedbcbe7334
7fffffffffffffffffffffffffffffffffffffffffffffffffffffffffffffed	b5c07245c079654f786d357f629f0790f7723aad5562066fe2e4f01b9e1cddc8	a6584ec2aadddec9d4bd5db607d1f8bf5222837160d787d1353fcbbeaf9136fa
7fffffffffffffffffffffffffffffffffffffffffffffffffffffffffffffed	5f7336cee5cf61f96cd20b5175605b709909aa714d33cc087d3466f57f617fff	bb61dcac06769ca45dd1f5557c5e315a0a5ef6c91f8f8fd8f6dec8c4855d4312
7fffffffffffffffffffffffffffffffffffffffffffffffffffffffffffffed	2acc6dfff840182c12a710e41723c9d58be39cd1c35ca4bc90b833ab186ab981	1163f31315c921af267f5c165fa15639ff6a27f22da4f0d54a22c5756f4f01bb
7fffffffffffffffffffffffffffffffffffffffffffffffffffffffffffffed	d4748cd56a1ba4db81904bd851953aa1e6ad2f30f789700f6a026e53fce2523e	03ad3d62b8d59506de2bbb6a0fb9b9e9c3e3840ceff473be4e7bae93d10a7aa7
7fffffffffffffffffffffffffffffffffffffffffffffffffffffffffffffed	512ff00c68eaac642ac7ac7d377bf11621b1b12948db0eb2afed1bbb9abeb1c5	f2c52d8a84bfdbfdf0253c59082bf79ddf5cdadd40f16c27b3ec33a6545b905e
7fffffffffffffffffffffffffffffffffffffffffffffffffffffffffffffed	02af8362bd0440652f8b0774287cb3d0d4d1d9f9cd0b4a348a63b5beae8d0bb4	c1b0638d4b66c508d947c069e7ca0d241c5ee6d149a290b3b1dab1f62f842b37
7fffffffffffffffffffffffffffffffffffffffffffffffffffffffffffffed	d25b514f3ecd73eb99a9fb4df1427c72d13744c2c280a35a7e0de96e4ba264e6	e85a4bb427c8f87dd7840a7994234b7a8b3c783b7ac9584436fcbe4ff485a11c
7fffffffffffffffffffffffffffffffffffffffffffffffffffffffffffffed	a914abac0c875449aa59bd68cc1f68bf74661024895373a19b8e770c89e48bf4	8ce849c8db38c84b2a44d6572a0772cf460a4c0c9b9edd81ed74b160f3498f67
7fffffffffffffffffffffffffffffffffffffffffffffffffffffffffffffed	b42468bb21919254b35ba9b2d6196dacb763658d59b32092c19011fa56e5bab7	dca2587b05442efd5f959abd92d8ebcc00123da5227abd899d23727047ec47e1
7fffffffffffffffffffffffffffffffffffffffffffffffffffffffffffffed	cdf9fb6f3e724045d145b38f4ba6029866d6eecb293b7446f663bd21619289d1	ef5d51b43d937b85b459606fdf44b9172e45f1855afde8da489c0878c98b6637
7fffffffffffffffffffffffffffffffffffffffffffffffffffffffffffffed	fd574845f718a4699ab18dd690c0cb7d5a70e1d9e7cc79899d77dc2f820b0887	ef3df975bf32e79693f84a45aab6ce9a4ce8f6f255b2bc855334b23bd02f69c3
7fffffffffffffffffffffffffffffffffffffffffffffffffffffffffffffed	3d01065fa8d2f127ec215cb633b545cc2e4ac01ef8e534f433e264d8466cec92	5900b78154d61769c01f152b1d733b6c6d342e64b9f80882cad772c19dced026
7fffffffffffffffffffffffffffffffffffffffffffffffffffffffffffffed	921c715d3cff5e9294c47bb3701a2b5298ce18ac820b35f9041f0ef64a515b5c	52f4f74a17a5423f6b79fe78aa1f75a581a552605bc4e1c8d715fa578181c210
7fffffffffffffffffffffffffffffffffffffffffffffffffffffffffffffed	0683e5161c3e6b59b9e88f8164b15ede68d7fb5f73224130d408e6b944bb1c54	471e1faf3b5fb3cb68d996af8dd80565751b48ca94da9cf079b6d83e5bdb6c97
7fffffffffffffffffffffffffffffffffffffffffffffffffffffffffffffed	713ecac72d72778c195d5d9c494545f5310f11cc91d2682f32637262247f7d22	21efca2d51daf34d53309b5169d1da162e64194961ac01924604d8ab6c946ffb
7fffffffffffffffffffffffffffffffffffffffffffffffffffffffffffffed	9b97ed60917ef827867593286ae20f87081430029c151e22f91f48dd824942af	4d8cacbf43ee8a53bc0fa467890739c1768af3cfe20fe49355cf238fc7472113
7fffffffffffffffffffffffffffffffffffffffffffffffffffffffffffffed	18e2c312b8a96ec1562fa25d3622bbb6722736e47326da420bd49b5b74db66c4	f3c1683b267f956469878122341d36c533f5c407b0583165d6c049cc4af22519
7fffffffffffffffffffffffffffffffffffffffffffffffffffffffffffffed	98d143525569f7bdaa02c909b6c26e24aaf33ab175e1b0e95ee0219e105c65c2	609315be080284ee9e9d6cc6b37e0b2fd157775c2ef7fc241e687fbdb359d21f
7fffffffffffffffffffffffffffffffffffffffffffffffffffffffffffffed	defb17327fcc7a1eb8639e91a8c20792ef1e516ceabc01a0e650593dc60d80fd	39fab05c3e9287d0cf82d07c743e3ada7f5173e2675a574a546e590a07477a29
8000000000000000000000000000000000000000000000000000000000000013	0000000000000000000000000000000000000000000000000000000000000000	0000000000000000000000000000000000000000000000000000000000000001
8000000000000000000000000000000000000000000000000000000000000013	0000000000000000000000000000000000000000000000000000000000000000	0000000000000000000000000000000000000000000000000000000000000002
8000000000000000000000000000000000000000000000000000000000000013	0000000000000000000000000000000000000000000000000000000000000000	0000000000000000000000000000000000000000000000000000000000000003
8000000000000000000000000000000000000000000000000000000000000013	0000000000000000000000000000000000000000000000000000000000000000	00000000000000000000000000000000000000000000000000000001000003d0
8000000000000000000000000000000000000000000000000000000000000013	0000000000000000000000000000000000000000000000000000000000000000	00000000000000000000000000000000000000000000000000000001000003d1
8000000000000000000000000000000000000000000000000000000000000013	0000000000000000000000000000000000000000000000000000000000000000	00000000000000000000000000000000000000000000000000000001000003d2
8000000000000000000000000000000000000000000000000000000000000013	0000000000000000000000000000000000000000000000000000000000000000	0000000000000000000000000000000100000000000000000000000000000001
8000000000000000000000000000000000000000000000000000000000000013	0000000000000000000000000000000000000000000000000000000000000000	fffffffffffffffffffffffffffffffffffffffffffffffffffffffefffffc2e
8000000000000000000000000000000000000000000000000000000000000013	0000000000000000000000000000000000000000000000000000000000000000	9f69ee183927f2de409371d48b0733735c9568941bfe791cb02499365401facb
8000000000000000000000000000000000000000000000000000000000000013	0000000000000000000000000000000000000000000000000000000000000000	d3c5244fc0c8c00553ff409212b6a57b0a3b623ee0bc7b23d9147250759aa415
8000000000000000000000000000000000000000000000000000000000000013	0000000000000000000000000000000000000000000000000000000000000000	5dcdef1aadba6e6f9fa7a194cf6a71df9168d97d2e9ca4dc296908565f00b4d9
8000000000000000000000000000000000000000000000000000000000000013	0000000000000000000000000000000000000000000000000000000000000000	d534d578d3e1eb2b1690b9a2d4b2d2d84100437c040d8b79df6fffed9032d272
8000000000000000000000000000000000000000000000000000000000000013	0000000000000000000000000000000000000000000000000000000000000000	f66fbe57319563b64a8f58cd428595b307c07a72b2164595c11d283eab60b45c
8000000000000000000000000000000000000000000000000000000000000013	0000000000000000000000000000000000000000000000000000000000000000	400e17f31c864b185ee05029b4ca04a020c29967468e73e015981536dedd5700
8000000000000000000000000000000000000000000000000000000000000013	0000000000000000000000000000000000000000000000000000000000000000	d435856f9ab6ccc30eb8a023031b74008865b8b6a0ce79565dfb4936b4b73fb5
8000000000000000000000000000000000000000000000000000000000000013	0000000000000000000000000000000000000000000000000000000000000000	19347eb1e110c6697b2151d083099e040675b4cfa6923f26ad57d963c97e1512
8000000000000000000000000000000000000000000000000000000000000013	0000000000000000000000000000000000000000000000000000000000000000	b4779d0db00a11f69106d731567d0ad360668f49b2481481d932e714a143e45f
8000000000000000000000000000000000000000000000000000000000000013	0000000000000000000000000000000000000000000000000000000000000000	99d83593a28df721d8a102e8776220d5aec0976a7b2283f6065686dafe7e51fb
8000000000000000000000000000000000000000000000000000000000000013	0000000000000000000000000000000000000000000000000000000000000000	ba4e25b946a879db07bca35656369b0b2979018a9ad29eea7a1777fd5fd39c85
8000000000000000000000000000000000000000000000000000000000000013	0000000000000000000000000000000000000000000000000000000000000000	40b40b9c7f95437f05fab8bbb92a269c56994ea170dfacdd3b3952c1ec8bc580
8000000000000000000000000000000000000000000000000000000000000013	0000000000000000000000000000000000000000000000000000000000000000	b63351de682f433979d63242bbfa3b025d702b2537cd6d9c9e957ca15d1deac8
8000000000000000000000000000000000000000000000000000000000000013	0000000000000000000000000000000000000000000000000000000000000000	7558116f93c6298ec934167195825c927f3ce843e06d8dd8a7343861e7dce9d9
8000000000000000000000000000000000000000000000000000000000000013	0000000000000000000000000000000000000000000000000000000000000000	dff894f905106cd06ad1dbe2c1c46aa79b53e9406b796e7c4016a7d6353db602
8000000000000000000000000000000000000000000000000000000000000013	0000000000000000000000000000000000000000000000000000000000000000	994c52cd54933a2d4a1f216cc9332d2c3c642bcb967c6948aacdd903536b6325
8000000000000000000000000000000000000000000000000000000000000013	0000000000000000000000000000000000000000000000000000000000000000	4b3198f4ba8705ac3c84d34411a488c5972a8e5a16d4726f0f077650d2871bdf
8000000000000000000000000000000000000000000000000000000000000013	0000000000000000000000000000000000000000000000000000000000000000	174bae57a2d7a1629ba040e754ef59a8b0eda026eb917c3cc139a86c88646978
8000000000000000000000000000000000000000000000000000000000000013	0000000000000000000000000000000000000000000000000000000000000000	0ea05b5d5f3613201470d6192914c594827bfe1afe65cb722b4a2393e4f8fbdd
8000000000000000000000000000000000000000000000000000000000000013	0000000000000000000000000000000000000000000000000000000000000000	9351b1da87f6b5eb7537fafa579b08ff8779d847c3eb282cf6b608d3c44bef55
8000000000000000000000000000000000000000000000000000000000000013	0000000000000000000000000000000000000000000000000000000000000000	ee3056755f73938fe24874c6e48e7179fc7c9cf584e86c49da8cdb2436d3caf8
8000000000000000000000000000000000000000000000000000000000000013	0000000000000000000000000000000000000000000000000000000000000000	483f81fc39a2d891702b937b846a53cd1c958dc6bd180c02059bdecd2cb3c5b9
8000000000000000000000000000000000000000000000000000000000000013	0000000000000000000000000000000000000000000000000000000000000000	9bdb8c2fb94e8eb23b0b82372348b7f665c83cc61618aef659c20cafc3756577
8000000000000000000000000000000000000000000000000000000000000013	0000000000000000000000000000000000000000000000000000000000000000	14866b25bfec8d9088ea50e559c7cca8ad737550b972896b141596c723d09595
8000000000000000000000000000000000000000000000000000000000000013	0000000000000000000000000000000000000000000000000000000000000001	0000000000000000000000000000000000000000000000000000000000000001
8000000000000000000000000000000000000000000000000000000000000013	0000000000000000000000000000000000000000000000000000000000000001	fffffffffffffffffffffffffffffffffffffffffffffffffffffffefffffc2e
8000000000000000000000000000000000000000000000000000000000000013	fffffffffffffffffffffffffffffffffffffffffffffffffffffffefffffc2e	0000000000000000000000000000000000000000000000000000000000000001
8000000000000000000000000000000000000000000000000000000000000013	fffffffffffffffffffffffffffffffffffffffffffffffffffffffefffffc2e	fffffffffffffffffffffffffffffffffffffffffffffffffffffffefffffc2e
8000000000000000000000000000000000000000000000000000000000000013	00000000000000000000000000000000000000000000000000000001000003d1	00000000000000000000000000000000000000000000000000000001000003d2
8000000000000000000000000000000000000000000000000000000000000013	00000000000000000000000000000000ffffffffffffffffffffffffffffffff	0000000000000000000000000000000100000000000000000000000000000001
8000000000000000000000000000000000000000000000000000000000000013	7fffffffffffffffffffffffffffffffffffffffffffffffffffffffffffffed	00000000000000000000000000000000000000000000000000000001000003d1
8000000000000000000000000000000000000000000000000000000000000013	00000000000000000000000000000000000000000000000000000001000003d2	8000000000000000000000000000000000000000000000000000000000000013
8000000000000000000000000000000000000000000000000000000000000013	96de292ad08c05f33374ff077e037057cb1976be5fd11814eb427a298826a7de	f5a02b551d42e1af8af605ff1660926f160366df7b9584c2f4e83c5251d4ac4a
8000000000000000000000000000000000000000000000000000000000000013	4d6ec7bab20514a58c089d6067f55985b8392d48b5531403790e390b58cb6397	a3b527dc3ded3db1ebb2d76d1e0f1d3ba27e4a809a3654648bbde08dbf1f454c
8000000000000000000000000000000000000000000000000000000000000013	e45d6b3a7bab850fd4636fc1bec55df32d3abc216d2837543c5ba15d153069f1	ddbec74a741dcc3fccbef14fb226877249dae56655d5d9a1b1a073c6e04abe33
8000000000000000000000000000000000000000000000000000000000000013	bd9c04cdfd5b0caa1588bd3d277d72ace38f467b02aba014e5a8e90eeb3fbe1a	1bb54365673065de32ecf60d870ba0653ed1c3e18b6bedc01dd5d4dd04bbe4ca
8000000000000000000000000000000000000000000000000000000000000013	2beaf41bc983d4f633f48d269bfa408bfc599b1e1b73e28d09e3ee7ea71ac7a6	357cec24e0b81663bc645f7cf6352799e9e2022fd4915646b6785bedbcbe7334
8000000000000000000000000000000000000000000000000000000000000013	b5c07245c079654f786d357f629f0790f7723aad5562066fe2e4f01b9e1cddc8	a6584ec2aadddec9d4bd5db607d1f8bf5222837160d787d1353fcbbeaf9136fa
8000000000000000000000000000000000000000000000000000000000000013	5f7336cee5cf61f96cd20b5175605b709909aa714d33cc087d3466f57f617fff	bb61dcac06769ca45dd1f5557c5e315a0a5ef6c91f8f8fd8f6dec8c4855d4312
8000000000000000000000000000000000000000000000000000000000000013	2acc6dfff840182c12a710e41723c9d58be39cd1c35ca4bc90b833ab186ab981	1163f31315c921af267f5c165fa15639ff6a27f22da4f0d54a22c5756f4f01bb
8000000000000000000000000000000000000000000000000000000000000013	d4748cd56a1ba4db81904bd851953aa1e6ad2f30f789700f6a026e53fce2523e	03ad3d62b8d59506de2bbb6a0fb9b9e9c3e3840ceff473be4e7bae93d10a7aa7
8000000000000000000000000000000000000000000000000000000000000013	512ff00c68eaac642ac7ac7d377bf11621b1b12948db0eb2afed1bbb9abeb1c5	f2c52d8a84bfdbfdf0253c59082bf79ddf5cdadd40f16c27b3ec33a6545b905e
8000000000000000000000000000000000000000000000000000000000000013	02af8362bd0440652f8b0774287cb3d0d4d1d9f9cd0b4a348a63b5beae8d0bb4	c1b0638d4b66c508d947c069e7ca0d241c5ee6d149a290b3b1dab1f62f842b37
8000000000000000000000000000000000000000000000000000000000000013	d25b514f3ecd73eb99a9fb4df1427c72d13744c2c280a35a7e0de96e4ba264e6	e85a4bb427c8f87dd7840a7994234b7a8b3c783b7ac9584436fcbe4ff485a11c
8000000000000000000000000000000000000000000000000000000000000013	a914abac0c875449aa59bd68cc1f68bf74661024895373a19b8e770c89e48bf4	8ce849c8db38c84b2a44d6572a0772cf460a4c0c9b9edd81ed74b160f3498f67
8000000000000000000000000000000000000000000000000000000000000013	b42468bb21919254b35ba9b2d6196dacb763658d59b32092c19011fa56e5bab7	dca2587b05442efd5f959abd92d8ebcc00123da5227abd899d23727047ec47e1
8000000000000000000000000000000000000000000000000000000000000013	cdf9fb6f3e724045d145b38f4ba6029866d6eecb293b7446f663bd21619289d1	ef5d51b43d937b85b459606fdf44b9172e45f1855afde8da489c0878c98b6637
8000000000000000000000000000000000000000000000000000000000000013	fd574845f718a4699ab18dd690c0cb7d5a70e1d9e7cc79899d77dc2f820b0887	ef3df975bf32e79693f84a45aab6ce9a4ce8f6f255b2bc855334b23bd02f69c3
8000000000000000000000000000000000000000000000000000000000000013	3d01065fa8d2f127ec215cb633b545cc2e4ac01ef8e534f433e264d8466cec92	5900b78154d61769c01f152b1d733b6c6d342e64b9f80882cad772c19dced026
8000000000000000000000000000000000000000000000000000000000000013	921c715d3cff5e9294c47bb3701a2b5298ce18ac820b35f9041f0ef64a515b5c	52f4f74a17a5423f6b79fe78aa1f75a581a552605bc4e1c8d715fa578181c210
8000000000000000000000000000000000000000000000000000000000000013	0683e5161c3e6b59b9e88f8164b15ede68d7fb5f73224130d408e6b944bb1c54	471e1faf3b5fb3cb68d996af8dd80565751b48ca94da9cf079b6d83e5bdb6c97
8000000000000000000000000000000000000000000000000000000000000013	713ecac72d72778c195d5d9c494545f5310f11cc91d2682f32637262247f7d22	21efca2d51daf34d53309b5169d1da162e64194961ac01924604d8ab6c946ffb
8000000000000000000000000000000000000000000000000000000000000013	9b97ed60917ef827867593286ae20f87081430029c151e22f91f48dd824942af	4d8cacbf43ee8a53bc0fa467890739c1768af3cfe20fe49355cf238fc7472113
8000000000000000000000000000000000000000000000000000000000000013	18e2c312b8a96ec1562fa25d3622bbb6722736e47326da420bd49b5b74db66c4	f3c1683b267f956469878122341d36c533f5c407b0583165d6c049cc4af22519
8000000000000000000000000000000000000000000000000000000000000013	98d143525569f7bdaa02c909b6c26e24aaf33ab175e1b0e95ee0219e105c65c2	609315be080284ee9e9d6cc6b37e0b2fd157775c2ef7fc241e687fbdb359d21f
8000000000000000000000000000000000000000000000000000000000000013	defb17327fcc7a1eb8639e91a8c20792ef1e516ceabc01a0e650593dc60d80fd	39fab05c3e9287d0cf82d07c743e3ada7f5173e2675a574a546e590a07477a29
75e257826a8052bfa91f92328e9aba607866d17fe48801dda7eb97c1225468a9	0000000000000000000000000000000000000000000000000000000000000000	0000000000000000000000000000000000000000000000000000000000000001
75e257826a8052bfa91f92328e9aba607866d17fe48801dda7eb97c1225468a9	0000000000000000000000000000000000000000000000000000000000000000	0000000000000000000000000000000000000000000000000000000000000002
75e257826a8052bfa91f92328e9aba607866d17fe48801dda7eb97c1225468a9	0000000000000000000000000000000000000000000000000000000000000000	0000000000000000000000000000000000000000000000000000000000000003
75e257826a8052bfa91f92328e9aba607866d17fe48801dda7eb97c1225468a9	0000000000000000000000000000000000000000000000000000000000000000	00000000000000000000000000000000000000000000000000000001000003d0
75e257826a8052bfa91f92328e9aba607866d17fe48801dda7eb97c1225468a9	0000000000000000000000000000000000000000000000000000000000000000	00000000000000000000000000000000000000000000000000000001000003d1
75e257826a8052bfa91f92328e9aba607866d17fe48801dda7eb97c1225468a9	0000000000000000000000000000000000000000000000000000000000000000	00000000000000000000000000000000000000000000000000000001000003d2
75e257826a8052bfa91f92328e9aba607866d17fe48801dda7eb97c1225468a9	0000000000000000000000000000000000000000000000000000000000000000	0000000000000000000000000000000100000000000000000000000000000001
75e257826a8052bfa91f92328e9aba607866d17fe48801dda7eb97c1225468a9	0000000000000000000000000000000000000000000000000000000000000000	fffffffffffffffffffffffffffffffffffffffffffffffffffffffefffffc2e
75e257826a8052bfa91f92328e9aba607866d17fe48801dda7eb97c1225468a9	0000000000000000000000000000000000000000000000000000000000000000	9f69ee183927f2de409371d48b0733735c9568941bfe791cb02499365401facb
75e257826a8052bfa91f92328e9aba607866d17fe48801dda7eb97c1225468a9	0000000000000000000000000000000000000000000000000000000000000000	d3c5244fc0c8c00553ff409212b6a57b0a3b623ee0bc7b23d9147250759aa415
75e257826a8052bfa91f92328e9aba607866d17fe48801dda7eb97c1225468a9	0000000000000000000000000000000000000000000000000000000000000000	5dcdef1aadba6e6f9fa7a194cf6a71df9168d97d2e9ca4dc296908565f00b4d9
75e257826a8052bfa91f92328e9aba607866d17fe48801dda7eb97c1225468a9	0000000000000000000000000000000000000000000000000000000000000000	d534d578d3e1eb2b1690b9a2d4b2d2d84100437c040d8b79df6fffed9032d272
75e257826a8052bfa91f92328e9aba607866d17fe48801dda7eb97c1225468a9	0000000000000000000000000000000000000000000000000000000000000000	f66fbe57319563b64a8f58cd428595b307c07a72b2164595c11d283eab60b45c
75e257826a8052bfa91f92328e9aba607866d17fe48801dda7eb97c1225468a9	0000000000000000000000000000000000000000000000000000000000000000	400e17f31c864b185ee05029b4ca04a020c29967468e73e015981536dedd5700
75e257826a8052bfa91f92328e9aba607866d17fe48801dda7eb97c1225468a9	0000000000000000000000000000000000000000000000000000000000000000	d435856f9ab6ccc30eb8a023031b74008865b8b6a0ce79565dfb4936b4b73fb5
75e257826a8052bfa91f92328e9aba607866d17fe48801dda7eb97c1225468a9	0000000000000000000000000000000000000000000000000000000000000000	19347eb1e110c6697b2151d083099e040675b4cfa6923f26ad57d963c97e1512
75e257826a8052bfa91f92328e9aba607866d17fe48801dda7eb97c1225468a9	0000000000000000000000000000000000000000000000000000000000000000	b4779d0db00a11f69106d731567d0ad360668f49b2481481d932e714a143e45f
75e257826a8052bfa91f92328e9aba607866d17fe48801dda7eb97c1225468a9	0000000000000000000000000000000000000000000000000000000000000000	99d83593a28df721d8a102e8776220d5aec0976a7b2283f6065686dafe7e51fb
75e257826a8052bfa91f92328e9aba607866d17fe48801dda7eb97c1225468a9	0000000000000000000000000000000000000000000000000000000000000000	ba4e25b946a879db07bca35656369b0b2979018a9ad29eea7a1777fd5fd39c85
75e257826a8052bfa91f92328e9aba607866d17fe48801dda7eb97c1225468a9	0000000000000000000000000000000000000000000000000000000000000000	40b40b9c7f95437f05fab8bbb92a269c56994ea170dfacdd3b3952c1ec8bc580
75e257826a8052bfa91f92328e9aba607866d17fe48801dda7eb97c1225468a9	0000000000000000000000000000000000000000000000000000000000000000	b63351de682f433979d63242bbfa3b025d702b2537cd6d9c9e957ca15d1deac8
75e257826a8052bfa91f92328e9aba607866d17fe48801dda7eb97c1225468a9	0000000000000000000000000000000000000000000000000000000000000000	7558116f93c6298ec934167195825c927f3ce843e06d8dd8a7343861e7dce9d9
75e257826a8052bfa91f92328e9aba607866d17fe48801dda7eb97c1225468a9	0000000000000000000000000000000000000000000000000000000000000000	dff894f905106cd06ad1dbe2c1c46aa79b53e9406b796e7c4016a7d6353db602
75e257826a8052bfa91f92328e9aba607866d17fe48801dda7eb97c1225468a9	0000000000000000000000000000000000000000000000000000000000000000	994c52cd54933a2d4a1f216cc9332d2c3c642bcb967c6948aacdd903536b6325
75e257826a8052bfa91f92328e9aba607866d17fe48801dda7eb97c1225468a9	0000000000000000000000000000000000000000000000000000000000000000	4b3198f4ba8705ac3c84d34411a488c5972a8e5a16d4726f0f077650d2871bdf
75e257826a8052bfa91f92328e9aba607866d17fe48801dda7eb97c1225468a9	0000000000000000000000000000000000000000000000000000000000000000	174bae57a2d7a1629ba040e754ef59a8b0eda026eb917c3cc139a86c88646978
75e257826a8052bfa91f92328e9aba607866d17fe48801dda7eb97c1225468a9	0000000000000000000000000000000000000000000000000000000000000000	0ea05b5d5f3613201470d6192914c594827bfe1afe65cb722b4a2393e4f8fbdd
75e257826a8052bfa91f92328e9aba607866d17fe48801dda7eb97c1225468a9	0000000000000000000000000000000000000000000000000000000000000000	9351b1da87f6b5eb7537fafa579b08ff8779d847c3eb282cf6b608d3c44bef55
75e257826a8052bfa91f92328e9aba607866d17fe48801dda7eb97c1225468a9	0000000000000000000000000000000000000000000000000000000000000000	ee3056755f73938fe24874c6e48e7179fc7c9cf584e86c49da8cdb2436d3caf8
75e257826a8052bfa91f92328e9aba607866d17fe48801dda7eb97c1225468a9	0000000000000000000000000000000000000000000000000000000000000000	483f81fc39a2d891702b937b846a53cd1c958dc6bd180c02059bdecd2cb3c5b9
75e257826a8052bfa91f92328e9aba607866d17fe48801dda7eb97c1225468a9	0000000000000000000000000000000000000000000000000000000000000000	9bdb8c2fb94e8eb23b0b82372348b7f665c83cc61618aef659c20cafc3756577
75e257826a8052bfa91f92328e9aba607866d17fe48801dda7eb97c1225468a9	0000000000000000000000000000000000000000000000000000000000000000	14866b25bfec8d9088ea50e559c7cca8ad737550b972896b141596c723d09595
75e257826a8052bfa91f92328e9aba607866d17fe48801dda7eb97c1225468a9	0000000000000000000000000000000000000000000000000000000000000001	0000000000000000000000000000000000000000000000000000000000000001
75e257826a8052bfa91f92328e9aba607866d17fe48801dda7eb97c1225468a9	0000000000000000000000000000000000000000000000000000000000000001	fffffffffffffffffffffffffffffffffffffffffffffffffffffffefffffc2e
75e257826a8052bfa91f92328e9aba607866d17fe48801dda7eb97c1225468a9	fffffffffffffffffffffffffffffffffffffffffffffffffffffffefffffc2e	0000000000000000000000000000000000000000000000000000000000000001
75e257826a8052bfa91f92328e9aba607866d17fe48801dda7eb97c1225468a9	fffffffffffffffffffffffffffffffffffffffffffffffffffffffefffffc2e	fffffffffffffffffffffffffffffffffffffffffffffffffffffffefffffc2e
75e257826a8052bfa91f92328e9aba607866d17fe48801dda7eb97c1225468a9	00000000000000000000000000000000000000000000000000000001000003d1	00000000000000000000000000000000000000000000000000000001000003d2
75e257826a8052bfa91f92328e9aba607866d17fe48801dda7eb97c1225468a9	00000000000000000000000000000000ffffffffffffffffffffffffffffffff	0000000000000000000000000000000100000000000000000000000000000001
75e257826a8052bfa91f92328e9aba607866d17fe48801dda7eb97c1225468a9	7fffffffffffffffffffffffffffffffffffffffffffffffffffffffffffffed	00000000000000000000000000000000000000000000000000000001000003d1
75e257826a8052bfa91f92328e9aba607866d17fe48801dda7eb97c1225468a9	00000000000000000000000000000000000000000000000000000001000003d2	8000000000000000000000000000000000000000000000000000000000000013
75e257826a8052bfa91f92328e9aba607866d17fe48801dda7eb97c1225468a9	96de292ad08c05f33374ff077e037057cb1976be5fd11814eb427a298826a7de	f5a02b551d42e1af8af605ff1660926f160366df7b9584c2f4e83c5251d4ac4a
75e257826a8052bfa91f92328e9aba607866d17fe48801dda7eb97c1225468a9	4d6ec7bab20514a58c089d6067f55985b8392d48b5531403790e390b58cb6397	a3b527dc3ded3db1ebb2d76d1e0f1d3ba27e4a809a3654648bbde08dbf1f454c
75e257826a8052bfa91f92328e9aba607866d17fe48801dda7eb97c1225468a9	e45d6b3a7bab850fd4636fc1bec55df32d3abc216d2837543c5ba15d153069f1	ddbec74a741dcc3fccbef14fb226877249dae56655d5d9a1b1a073c6e04abe33
75e257826a8052bfa91f92328e9aba607866d17fe48801dda7eb97c1225468a9	bd9c04cdfd5b0caa1588bd3d277d72ace38f467b02aba014e5a8e90eeb3fbe1a	1bb54365673065de32ecf60d870ba0653ed1c3e18b6bedc01dd5d4dd04bbe4ca
75e257826a8052bfa91f92328e9aba607866d17fe48801dda7eb97c1225468a9	2beaf41bc983d4f633f48d269bfa408bfc599b1e1b73e28d09e3ee7ea71ac7a6	357cec24e0b81663bc645f7cf6352799e9e2022fd4915646b6785bedbcbe7334
75e257826a8052bfa91f92328e9aba607866d17fe48801dda7eb97c1225468a9	b5c07245c079654f786d357f629f0790f7723aad5562066fe2e4f01b9e1cddc8	a6584ec2aadddec9d4bd5db607d1f8bf5222837160d787d1353fcbbeaf9136fa
75e257826a8052bfa91f92328e9aba607866d17fe48801dda7eb97c1225468a9	5f7336cee5cf61f96cd20b5175605b709909aa714d33cc087d3466f57f617fff	bb61dcac06769ca45dd1f5557c5e315a0a5ef6c91f8f8fd8f6dec8c4855d4312
75e257826a8052bfa91f92328e9aba607866d17fe48801dda7eb97c1225468a9	2acc6dfff840182c12a710e41723c9d58be39cd1c35ca4bc90b833ab186ab981	1163f31315c921af267f5c165fa15639ff6a27f22da4f0d54a22c5756f4f01bb
75e257826a8052bfa91f92328e9aba607866d17fe48801dda7eb97c1225468a9	d4748cd56a1ba4db81904bd851953aa1e6ad2f30f789700f6a026e53fce2523e	03ad3d62b8d59506de2bbb6a0fb9b9e9c3e3840ceff473be4e7bae93d10a7aa7
75e257826a8052bfa91f92328e9aba607866d17fe48801dda7eb97c1225468a9	512ff00c68eaac642ac7ac7d377bf11621b1b12948db0eb2afed1bbb9abeb1c5	f2c52d8a84bfdbfdf0253c59082bf79ddf5cdadd40f16c27b3ec33a6545b905e
75e257826a8052bfa91f92328e9aba607866d17fe48801dda7eb97c1225468a9	02af8362bd0440652f8b0774287cb3d0d4d1d9f9cd0b4a348a63b5beae8d0bb4	c1b0638d4b66c508d947c069e7ca0d241c5ee6d149a290b3b1dab1f62f842b37
75e257826a8052bfa91f92328e9aba607866d17fe48801dda7eb97c1225468a9	d25b514f3ecd73eb99a9fb4df1427c72d13744c2c280a35a7e0de96e4ba264e6	e85a4bb427c8f87dd7840a7994234b7a8b3c783b7ac9584436fcbe4ff485a11c
75e257826a8052bfa91f92328e9aba607866d17fe48801dda7eb97c1225468a9	a914abac0c875449aa59bd68cc1f68bf74661024895373a19b8e770c89e48bf4	8ce849c8db38c84b2a44d6572a0772cf460a4c0c9b9edd81ed74b160f3498f67
75e257826a8052bfa91f92328e9aba607866d17fe48801dda7eb97c1225468a9	b42468bb21919254b35ba9b2d6196dacb763658d59b32092c19011fa56e5bab7	dca2587b05442efd5f959abd92d8ebcc00123da5227abd899d23727047ec47e1
75e257826a8052bfa91f92328e9aba607866d17fe48801dda7eb97c1225468a9	cdf9fb6f3e724045d145b38f4ba6029866d6eecb293b7446f663bd21619289d1	ef5d51b43d937b85b459606fdf44b9172e45f1855afde8da489c0878c98b6637
75e257826a8052bfa91f92328e9aba607866d17fe48801dda7eb97c1225468a9	fd574845f718a4699ab18dd690c0cb7d5a70e1d9e7cc79899d77dc2f820b0887	ef3df975bf32e79693f84a45aab6ce9a4ce8f6f255b2bc855334b23bd02f69c3
75e257826a8052bfa91f92328e9aba607866d17fe48801dda7eb97c1225468a9	3d01065fa8d2f127ec215cb633b545cc2e4ac01ef8e534f433e264d8466cec92	5900b78154d61769c01f152b1d733b6c6d342e64b9f80882cad772c19dced026
75e257826a8052bfa91f92328e9aba607866d17fe48801dda7eb97c1225468a9	921c715d3cff5e9294c47bb3701a2b5298ce18ac820b35f9041f0ef64a515b5c	52f4f74a17a5423f6b79fe78aa1f75a581a552605bc4e1c8d715fa578181c210
75e257826a8052bfa91f92328e9aba607866d17fe48801dda7eb97c1225468a9	0683e5161c3e6b59b9e88f8164b15ede68d7fb5f73224130d408e6b944bb1c54	471e1faf3b5fb3cb68d996af8dd80565751b48ca94da9cf079b6d83e5bdb6c97
75e257826a8052bfa91f92328e9aba607866d17fe48801dda7eb97c1225468a9	713ecac72d72778c195d5d9c494545f5310f11cc91d2682f32637262247f7d22	21efca2d51daf34d53309b5169d1da162e64194961ac01924604d8ab6c946ffb
75e257826a8052bfa91f92328e9aba607866d17fe48801dda7eb97c1225468a9	9b97ed60917ef827867593286ae20f87081430029c151e22f91f48dd824942af	4d8cacbf43ee8a53bc0fa467890739c1768af3cfe20fe49355cf238fc7472113
75e257826a8052bfa91f92328e9aba607866d17fe48801dda7eb97c1225468a9	18e2c312b8a96ec1562fa25d3622bbb6722736e47326da420bd49b5b74db66c4	f3c1683b267f956469878122341d36c533f5c407b0583165d6c049cc4af22519
75e257826a8052bfa91f92328e9aba607866d17fe48801dda7eb97c1225468a9	98d143525569f7bdaa02c909b6c26e24aaf33ab175e1b0e95ee0219e105c65c2	609315be080284ee9e9d6cc6b37e0b2fd157775c2ef7fc241e687fbdb359d21f
75e257826a8052bfa91f92328e9aba607866d17fe48801dda7eb97c1225468a9	defb17327fcc7a1eb8639e91a8c20792ef1e516ceabc01a0e650593dc60d80fd	39fab05c3e9287d0cf82d07c743e3ada7f5173e2675a574a546e590a07477a29
1d957917b8914f1f7c723866449761bc7edd08b0fc21beed50094a33bcfd10e7	0000000000000000000000000000000000000000000000000000000000000000	0000000000000000000000000000000000000000000000000000000000000001
1d957917b8914f1f7c723866449761bc7edd08b0fc21beed50094a33bcfd10e7	0000000000000000000000000000000000000000000000000000000000000000	0000000000000000000000000000000000000000000000000000000000000002
1d957917b8914f1f7c723866449761bc7edd08b0fc21beed50094a33bcfd10e7	0000000000000000000000000000000000000000000000000000000000000000	0000000000000000000000000000000000000000000000000000000000000003
1d957917b8914f1f7c723866449761bc7edd08b0fc21beed50094a33bcfd10e7	0000000000000000000000000000000000000000000000000000000000000000	00000000000000000000000000000000000000000000000000000001000003d0
1d957917b8914f1f7c723866449761bc7edd08b0fc21beed50094a33bcfd10e7	0000000000000000000000000000000000000000000000000000000000000000	00000000000000000000000000000000000000000000000000000001000003d1
1d957917b8914f1f7c723866449761bc7edd08b0fc21beed50094a33bcfd10e7	0000000000000000000000000000000000000000000000000000000000000000	00000000000000000000000000000000000000000000000000000001000003d2
1d957917b8914f1f7c723866449761bc7edd08b0fc21beed50094a33bcfd10e7	0000000000000000000000000000000000000000000000000000000000000000	0000000000000000000000000000000100000000000000000000000000000001
1d957917b8914f1f7c723866449761bc7edd08b0fc21beed50094a33bcfd10e7	0000000000000000000000000000000000000000000000000000000000000000	fffffffffffffffffffffffffffffffffffffffffffffffffffffffefffffc2e
1d957917b8914f1f7c723866449761bc7edd08b0fc21beed50094a33bcfd10e7	0000000000000000000000000000000000000000000000000000000000000000	9f69ee183927f2de409371d48b0733735c9568941bfe791cb02499365401facb
1d957917b8914f1f7c723866449761bc7edd08b0fc21beed50094a33bcfd10e7	0000000000000000000000000000000000000000000000000000000000000000	d3c5244fc0c8c00553ff409212b6a57b0a3b623ee0bc7b23d9147250759aa415
1d957917b8914f1f7c723866449761bc7edd08b0fc21beed50094a33bcfd10e7	0000000000000000000000000000000000000000000000000000000000000000	5dcdef1aadba6e6f9fa7a194cf6a71df9168d97d2e9ca4dc296908565f00b4d9
1d957917b8914f1f7c723866449761bc7edd08b0fc21beed50094a33bcfd10e7	0000000000000000000000000000000000000000000000000000000000000000	d534d578d3e1eb2b1690b9a2d4b2d2d84100437c040d8b79df6fffed9032d272
1d957917b8914f1f7c723866449761bc7edd08b0fc21beed50094a33bcfd10e7	0000000000000000000000000000000000000000000000000000000000000000	f66fbe57319563b64a8f58cd428595b307c07a72b2164595c11d283eab60b45c
1d957917b8914f1f7c723866449761bc7edd08b0fc21beed50094a33bcfd10e7	0000000000000000000000000000000000000000000000000000000000000000	400e17f31c864b185ee05029b4ca04a020c29967468e73e015981536dedd5700
1d957917b8914f1f7c723866449761bc7edd08b0fc21beed50094a33bcfd10e7	0000000000000000000000000000000000000000000000000000000000000000	d435856f9ab6ccc30eb8a023031b74008865b8b6a0ce79565dfb4936b4b73fb5
1d957917b8914f1f7c723866449761bc7edd08b0fc21beed50094a33bcfd10e7	0000000000000000000000000000000000000000000000000000000000000000	19347eb1e110c6697b2151d083099e040675b4cfa6923f26ad57d963c97e1512
1d957917b8914f1f7c723866449761bc7edd08b0fc21beed50094a33bcfd10e7	0000000000000000000000000000000000000000000000000000000000000000	b4779d0db00a11f69106d731567d0ad360668f49b2481481d932e714a143e45f
1d957917b8914f1f7c723866449761bc7edd08b0fc21beed50094a33bcfd10e7	0000000000000000000000000000000000000000000000000000000000000000	99d83593a28df721d8a102e8776220d5aec0976a7b2283f6065686dafe7e51fb
1d957917b8914f1f7c723866449761bc7edd08b0fc21beed50094a33bcfd10e7	0000000000000000000000000000000000000000000000000000000000000000	ba4e25b946a879db07bca35656369b0b2979018a9ad29eea7a1777fd5fd39c85
1d957917b8914f1f7c723866449761bc7edd08b0fc21beed50094a33bcfd10e7	0000000000000000000000000000000000000000000000000000000000000000	40b40b9c7f95437f05fab8bbb92a269c56994ea170dfacdd3b3952c1ec8bc580
1d957917b8914f1f7c723866449761bc7edd08b0fc21beed50094a33bcfd10e7	0000000000000000000000000000000000000000000000000000000000000000	b63351de682f433979d63242bbfa3b025d702b2537cd6d9c9e957ca15d1deac8
1d957917b8914f1f7c723866449761bc7edd08b0fc21beed50094a33bcfd10e7	0000000000000000000000000000000000000000000000000000000000000000	7558116f93c6298ec934167195825c927f3ce843e06d8dd8a7343861e7dce9d9
1d957917b8914f1f7c723866449761bc7edd08b0fc21beed50094a33bcfd10e7	0000000000000000000000000000000000000000000000000000000000000000	dff894f905106cd06ad1dbe2c1c46aa79b53e9406b796e7c4016a7d6353db602
1d957917b8914f1f7c723866449761bc7edd08b0fc21beed50094a33bcfd10e7	0000000000000000000000000000000000000000000000000000000000000000	994c52cd54933a2d4a1f216cc9332d2c3c642bcb967c6948aacdd903536b6325
1d957917b8914f1f7c723866449761bc7edd08b0fc21beed50094a33bcfd10e7	0000000000000000000000000000000000000000000000000000000000000000	4b3198f4ba8705ac3c84d34411a488c5972a8e5a16d4726f0f077650d2871bdf
1d957917b8914f1f7c723866449761bc7edd08b0fc21beed50094a33bcfd10e7	0000000000000000000000000000000000000000000000000000000000000000	174bae57a2d7a1629ba040e754ef59a8b0eda026eb917c3cc139a86c88646978
1d957917b8914f1f7c723866449761bc7edd08b0fc21beed50094a33bcfd10e7	0000000000000000000000000000000000000000000000000000000000000000	0ea05b5d5f3613201470d6192914c594827bfe1afe65cb722b4a2393e4f8fbdd
1d957917b8914f1f7c723866449761bc7edd08b0fc21beed50094a33bcfd10e7	0000000000000000000000000000000000000000000000000000000000000000	9351b1da87f6b5eb7537fafa579b08ff8779d847c3eb282cf6b608d3c44bef55
1d957917b8914f1f7c723866449761bc7edd08b0fc21beed50094a33bcfd10e7	0000000000000000000000000000000000000000000000000000000000000000	ee3056755f73938fe24874c6e48e7179fc7c9cf584e86c49da8cdb2436d3caf8
1d957917b8914f1f7c723866449761bc7edd08b0fc21beed50094a33bcfd10e7	0000000000000000000000000000000000000000000000000000000000000000	483f81fc39a2d891702b937b846a53cd1c958dc6bd180c02059bdecd2cb3c5b9
1d957917b8914f1f7c723866449761bc7edd08b0fc21beed50094a33bcfd10e7	0000000000000000000000000000000000000000000000000000000000000000	9bdb8c2fb94e8eb23b0b82372348b7f665c83cc61618aef659c20cafc3756577
1d957917b8914f1f7c723866449761bc7edd08b0fc21beed50094a33bcfd10e7	0000000000000000000000000000000000000000000000000000000000000000	14866b25bfec8d9088ea50e559c7cca8ad737550b972896b141596c723d09595
1d957917b8914f1f7c723866449761bc7edd08b0fc21beed50094a33bcfd10e7	0000000000000000000000000000000000000000000000000000000000000001	0000000000000000000000000000000000000000000000000000000000000001
1d957917b8914f1f7c723866449761bc7edd08b0fc21beed50094a33bcfd10e7	0000000000000000000000000000000000000000000000000000000000000001	fffffffffffffffffffffffffffffffffffffffffffffffffffffffefffffc2e
1d957917b8914f1f7c723866449761bc7edd08b0fc21beed50094a33bcfd10e7	fffffffffffffffffffffffffffffffffffffffffffffffffffffffefffffc2e	0000000000000000000000000000000000000000000000000000000000000001
1d957917b8914f1f7c723866449761bc7edd08b0fc21beed50094a33bcfd10e7	fffffffffffffffffffffffffffffffffffffffffffffffffffffffefffffc2e	fffffffffffffffffffffffffffffffffffffffffffffffffffffffefffffc2e
1d957917b8914f1f7c723866449761bc7edd08b0fc21beed50094a33bcfd10e7	00000000000000000000000000000000000000000000000000000001000003d1	00000000000000000000000000000000000000000000000000000001000003d2
1d957917b8914f1f7c723866449761bc7edd08b0fc21beed50094a33bcfd10e7	00000000000000000000000000000000ffffffffffffffffffffffffffffffff	0000000000000000000000000000000100000000000000000000000000000001
1d957917b8914f1f7c723866449761bc7edd08b0fc21beed50094a33bcfd10e7	7fffffffffffffffffffffffffffffffffffffffffffffffffffffffffffffed	00000000000000000000000000000000000000000000000000000001000003d1
1d957917b8914f1f7c723866449761bc7edd08b0fc21beed50094a33bcfd10e7	00000000000000000000000000000000000000000000000000000001000003d2	8000000000000000000000000000000000000000000000000000000000000013
1d957917b8914f1f7c723866449761bc7edd08b0fc21beed50094a33bcfd10e7	96de292ad08c05f33374ff077e037057cb1976be5fd11814eb427a298826a7de	f5a02b551d42e1af8af605ff1660926f160366df7b9584c2f4e83c5251d4ac4a
1d957917b8914f1f7c723866449761bc7edd08b0fc21beed50094a33bcfd10e7	4d6ec7bab20514a58c089d6067f55985b8392d48b5531403790e390b58cb6397	a3b527dc3ded3db1ebb2d76d1e0f1d3ba27e4a809a3654648bbde08dbf1f454c
1d957917b8914f1f7c723866449761bc7edd08b0fc21beed50094a33bcfd10e7	e45d6b3a7bab850fd4636fc1bec55df32d3abc216d2837543c5ba15d153069f1	ddbec74a741dcc3fccbef14fb226877249dae56655d5d9a1b1a073c6e04abe33
1d957917b8914f1f7c723866449761bc7edd08b0fc21beed50094a33bcfd10e7	bd9c04cdfd5b0caa1588bd3d277d72ace38f467b02aba014e5a8e90eeb3fbe1a	1bb54365673065de32ecf60d870ba0653ed1c3e18b6bedc01dd5d4dd04bbe4ca
1d957917b8914f1f7c723866449761bc7edd08b0fc21beed50094a33bcfd10e7	2beaf41bc983d4f633f48d269bfa408bfc599b1e1b73e28d09e3ee7ea71ac7a6	357cec24e0b81663bc645f7cf6352799e9e2022fd4915646b6785bedbcbe7334
1d957917b8914f1f7c723866449761bc7edd08b0fc21beed50094a33bcfd10e7	b5c07245c079654f786d357f629f0790f7723aad5562066fe2e4f01b9e1cddc8	a6584ec2aadddec9d4bd5db607d1f8bf5222837160d787d1353fcbbeaf9136fa
1d957917b8914f1f7c723866449761bc7edd08b0fc21beed50094a33bcfd10e7	5f7336cee5cf61f96cd20b5175605b709909aa714d33cc087d3466f57f617fff	bb61dcac06769ca45dd1f5557c5e315a0a5ef6c91f8f8fd8f6dec8c4855d4312
1d957917b8914f1f7c723866449761bc7edd08b0fc21beed50094a33bcfd10e7	2acc6dfff840182c12a710e41723c9d58be39cd1c35ca4bc90b833ab186ab981	1163f31315c921af267f5c165fa15639ff6a27f22da4f0d54a22c5756f4f01bb
1d957917b8914f1f7c723866449761bc7edd08b0fc21beed50094a33bcfd10e7	d4748cd56a1ba4db81904bd851953aa1e6ad2f30f789700f6a026e53fce2523e	03ad3d62b8d59506de2bbb6a0fb9b9e9c3e3840ceff473be4e7bae93d10a7aa7
1d957917b8914f1f7c723866449761bc7edd08b0fc21beed50094a33bcfd10e7	512ff00c68eaac642ac7ac7d377bf11621b1b12948db0eb2afed1bbb9abeb1c5	f2c52d8a84bfdbfdf0253c59082bf79ddf5cdadd40f16c27b3ec33a6545b905e
1d957917b8914f1f7c723866449761bc7edd08b0fc21beed50094a33bcfd10e7	02af8362bd0440652f8b0774287cb3d0d4d1d9f9cd0b4a348a63b5beae8d0bb4	c1b0638d4b66c508d947c069e7ca0d241c5ee6d149a290b3b1dab1f62f842b37
1d957917b8914f1f7c723866449761bc7edd08b0fc21beed50094a33bcfd10e7	d25b514f3ecd73eb99a9fb4df1427c72d13744c2c280a35a7e0de96e4ba264e6	e85a4bb427c8f87dd7840a7994234b7a8b3c783b7ac9584436fcbe4ff485a11c
1d957917b8914f1f7c723866449761bc7edd08b0fc21beed50094a33bcfd10e7	a914abac0c875449aa59bd68cc1f68bf74661024895373a19b8e770c89e48bf4	8ce849c8db38c84b2a44d6572a0772cf460a4c0c9b9edd81ed74b160f3498f67
1d957917b8914f1f7c723866449761bc7edd08b0fc21beed50094a33bcfd10e7	b42468bb21919254b35ba9b2d6196dacb763658d59b32092c19011fa56e5bab7	dca2587b05442efd5f959abd92d8ebcc00123da5227abd899d23727047ec47e1
1d957917b8914f1f7c723866449761bc7edd08b0fc21beed50094a33bcfd10e7	cdf9fb6f3e724045d145b38f4ba6029866d6eecb293b7446f663bd21619289d1	ef5d51b43d937b85b459606fdf44b9172e45f1855afde8da489c0878c98b6637
1d957917b8914f1f7c723866449761bc7edd08b0fc21beed50094a33bcfd10e7	fd574845f718a4699ab18dd690c0cb7d5a70e1d9e7cc79899d77dc2f820b0887	ef3df975bf32e79693f84a45aab6ce9a4ce8f6f255b2bc855334b23bd02f69c3
1d957917b8914f1f7c723866449761bc7edd08b0fc21beed50094a33bcfd10e7	3d01065fa8d2f127ec215cb633b545cc2e4ac01ef8e534f433e264d8466cec92	5900b78154d61769c01f152b1d733b6c6d342e64b9f80882cad772c19dced026
1d957917b8914f1f7c723866449761bc7edd08b0fc21beed50094a33bcfd10e7	921c715d3cff5e9294c47bb3701a2b5298ce18ac820b35f9041f0ef64a515b5c	52f4f74a17a5423f6b79fe78aa1f75a581a552605bc4e1c8d715fa578181c210
1d957917b8914f1f7c723866449761bc7edd08b0fc21beed50094a33bcfd10e7	0683e5161c3e6b59b9e88f8164b15ede68d7fb5f73224130d408e6b944bb1c54	471e1faf3b5fb3cb68d996af8dd80565751b48ca94da9cf079b6d83e5bdb6c97
1d957917b8914f1f7c723866449761bc7edd08b0fc21beed50094a33bcfd10e7	713ecac72d72778c195d5d9c494545f5310f11cc91d2682f32637262247f7d22	21efca2d51daf34d53309b5169d1da162e64194961ac01924604d8ab6c946ffb
1d957917b8914f1f7c723866449761bc7edd08b0fc21beed50094a33bcfd10e7	9b97ed60917ef827867593286ae20f87081430029c151e22f91f48dd824942af	4d8cacbf43ee8a53bc0fa467890739c1768af3cfe20fe49355cf238fc7472113
1d957917b8914f1f7c723866449761bc7edd08b0fc21beed50094a33bcfd10e7	18e2c312b8a96ec1562fa25d3622bbb6722736e47326da420bd49b5b74db66c4	f3c1683b267f956469878122341d36c533f5c407b0583165d6c049cc4af22519
1d957917b8914f1f7c723866449761bc7edd08b0fc21beed50094a33bcfd10e7	98d143525569f7bdaa02c909b6c26e24aaf33ab175e1b0e95ee0219e105c65c2	609315be080284ee9e9d6cc6b37e0b2fd157775c2ef7fc241e687fbdb359d21f
1d957917b8914f1f7c723866449761bc7edd08b0fc21beed50094a33bcfd10e7	defb17327fcc7a1eb8639e91a8c20792ef1e516ceabc01a0e650593dc60d80fd	39fab05c3e9287d0cf82d07c743e3ada7f5173e2675a574a546e590a07477a29
3bd4180c8b9103b8d8bfacfec9934ee384477f56c3524cf368b4f364f3d116ff	0000000000000000000000000000000000000000000000000000000000000000	0000000000000000000000000000000000000000000000000000000000000001
3bd4180c8b9103b8d8bfacfec9934ee384477f56c3524cf368b4f364f3d116ff	0000000000000000000000000000000000000000000000000000000000000000	0000000000000000000000000000000000000000000000000000000000000002
3bd4180c8b9103b8d8bfacfec9934ee384477f56c3524cf368b4f364f3d116ff	0000000000000000000000000000000000000000000000000000000000000000	0000000000000000000000000000000000000000000000000000000000000003
3bd4180c8b9103b8d8bfacfec9934ee384477f56c3524cf368b4f364f3d116ff	0000000000000000000000000000000000000000000000000000000000000000	00000000000000000000000000000000000000000000000000000001000003d0
3bd4180c8b9103b8d8bfacfec9934ee384477f56c3524cf368b4f364f3d116ff	0000000000000000000000000000000000000000000000000000000000000000	00000000000000000000000000000000000000000000000000000001000003d1
3bd4180c8b9103b8d8bfacfec9934ee384477f56c3524cf368b4f364f3d116ff	0000000000000000000000000000000000000000000000000000000000000000	00000000000000000000000000000000000000000000000000000001000003d2
3bd4180c8b9103b8d8bfacfec9934ee384477f56c3524cf368b4f364f3d116ff	0000000000000000000000000000000000000000000000000000000000000000	0000000000000000000000000000000100000000000000000000000000000001
3bd4180c8b9103b8d8bfacfec9934ee384477f56c3524cf368b4f364f3d116ff	0000000000000000000000000000000000000000000000000000000000000000	fffffffffffffffffffffffffffffffffffffffffffffffffffffffefffffc2e
3bd4180c8b9103b8d8bfacfec9934ee384477f56c3524cf368b4f364f3d116ff	0000000000000000000000000000000000000000000000000000000000000000	9f69ee183927f2de409371d48b0733735c9568941bfe791cb02499365401facb
3bd4180c8b9103b8d8bfacfec9934ee384477f56c3524cf368b4f364f3d116ff	0000000000000000000000000000000000000000000000000000000000000000	d3c5244fc0c8c00553ff409212b6a57b0a3b623ee0bc7b23d9147250759aa415
3bd4180c8b9103b8d8bfacfec9934ee384477f56c3524cf368b4f364f3d116ff	0000000000000000000000000000000000000000000000000000000000000000	5dcdef1aadba6e6f9fa7a194cf6a71df9168d97d2e9ca4dc296908565f00b4d9
3bd4180c8b9103b8d8bfacfec9934ee384477f56c3524cf368b4f364f3d116ff	0000000000000000000000000000000000000000000000000000000000000000	d534d578d3e1eb2b1690b9a2d4b2d2d84100437c040d8b79df6fffed9032d272
3bd4180c8b9103b8d8bfacfec9934ee384477f56c3524cf368b4f364f3d116ff	0000000000000000000000000000000000000000000000000000000000000000	f66fbe57319563b64a8f58cd428595b307c07a72b2164595c11d283eab60b45c
3bd4180c8b9103b8d8bfacfec9934ee384477f56c3524cf368b4f364f3d116ff	0000000000000000000000000000000000000000000000000000000000000000	400e17f31c864b185ee05029b4ca04a020c29967468e73e015981536dedd5700
3bd4180c8b9103b8d8bfacfec9934ee384477f56c3524cf368b4f364f3d116ff	0000000000000000000000000000000000000000000000000000000000000000	d435856f9ab6ccc30eb8a023031b74008865b8b6a0ce79565dfb4936b4b73fb5
3bd4180c8b9103b8d8bfacfec9934ee384477f56c3524cf368b4f364f3d116ff	0000000000000000000000000000000000000000000000000000000000000000	19347eb1e110c6697b2151d083099e040675b4cfa6923f26ad57d963c97e1512
3bd4180c8b9103b8d8bfacfec9934ee384477f56c3524cf368b4f364f3d116ff	0000000000000000000000000000000000000000000000000000000000000000	b4779d0db00a11f69106d731567d0ad360668f49b2481481d932e714a143e45f
3bd4180c8b9103b8d8bfacfec9934ee384477f56c3524cf368b4f364f3d116ff	0000000000000000000000000000000000000000000000000000000000000000	99d83593a28df721d8a102e8776220d5aec0976a7b2283f6065686dafe7e51fb
3bd4180c8b9103b8d8bfacfec9934ee384477f56c3524cf368b4f364f3d116ff	0000000000000000000000000000000000000000000000000000000000000000	ba4e25b946a879db07bca35656369b0b2979018a9ad29eea7a1777fd5fd39c85
3bd4180c8b9103b8d8bfacfec9934ee384477f56c3524cf368b4f364f3d116ff	0000000000000000000000000000000000000000000000000000000000000000	40b40b9c7f95437f05fab8bbb92a269c56994ea170dfacdd3b3952c1ec8bc580
3bd4180c8b9103b8d8bfacfec9934ee384477f56c3524cf368b4f364f3d116ff	0000000000000000000000000000000000000000000000000000000000000000	b63351de682f433979d63242bbfa3b025d702b2537cd6d9c9e957ca15d1deac8
3bd4180c8b9103b8d8bfacfec9934ee384477f56c3524cf368b4f364f3d116ff	0000000000000000000000000000000000000000000000000000000000000000	7558116f93c6298ec934167195825c927f3ce843e06d8dd8a7343861e7dce9d9
3bd4180c8b9103b8d8bfacfec9934ee384477f56c3524cf368b4f364f3d116ff	0000000000000000000000000000000000000000000000000000000000000000	dff894f905106cd06ad1dbe2c1c46aa79b53e9406b796e7c4016a7d6353db602
3bd4180c8b9103b8d8bfacfec9934ee384477f56c3524cf368b4f364f3d116ff	0000000000000000000000000000000000000000000000000000000000000000	994c52cd54933a2d4a1f216cc9332d2c3c642bcb967c6948aacdd903536b6325
3bd4180c8b9103b8d8bfacfec9934ee384477f56c3524cf368b4f364f3d116ff	0000000000000000000000000000000000000000000000000000000000000000	4b3198f4ba8705ac3c84d34411a488c5972a8e5a16d4726f0f077650d2871bdf
3bd4180c8b9103b8d8bfacfec9934ee384477f56c3524cf368b4f364f3d116ff	0000000000000000000000000000000000000000000000000000000000000000	174bae57a2d7a1629ba040e754ef59a8b0eda026eb917c3cc139a86c88646978
3bd4180c8b9103b8d8bfacfec9934ee384477f56c3524cf368b4f364f3d116ff	0000000000000000000000000000000000000000000000000000000000000000	0ea05b5d5f3613201470d6192914c594827bfe1afe65cb722b4a2393e4f8fbdd
3bd4180c8b9103b8d8bfacfec9934ee384477f56c3524cf368b4f364f3d116ff	0000000000000000000000000000000000000000000000000000000000000000	9351b1da87f6b5eb7537fafa579b08ff8779d847c3eb282cf6b608d3c44bef55
3bd4180c8b9103b8d8bfacfec9934ee384477f56c3524cf368b4f364f3d116ff	0000000000000000000000000000000000000000000000000000000000000000	ee3056755f73938fe24874c6e48e7179fc7c9cf584e86c49da8cdb2436d3caf8
3bd4180c8b9103b8d8bfacfec9934ee384477f56c3524cf368b4f364f3d116ff	0000000000000000000000000000000000000000000000000000000000000000	483f81fc39a2d891702b937b846a53cd1c958dc6bd180c02059bdecd2cb3c5b9
3bd4180c8b9103b8d8bfacfec9934ee384477f56c3524cf368b4f364f3d116ff	0000000000000000000000000000000000000000000000000000000000000000	9bdb8c2fb94e8eb23b0b82372348b7f665c83cc61618aef659c20cafc3756577
3bd4180c8b9103b8d8bfacfec9934ee384477f56c3524cf368b4f364f3d116ff	0000000000000000000000000000000000000000000000000000000000000000	14866b25bfec8d9088ea50e559c7cca8ad737550b972896b141596c723d09595
3bd4180c8b9103b8d8bfacfec9934ee384477f56c3524cf368b4f364f3d116ff	0000000000000000000000000000000000000000000000000000000000000001	0000000000000000000000000000000000000000000000000000000000000001
3bd4180c8b9103b8d8bfacfec9934ee384477f56c3524cf368b4f364f3d116ff	0000000000000000000000000000000000000000000000000000000000000001	fffffffffffffffffffffffffffffffffffffffffffffffffffffffefffffc2e
3bd4180c8b9103b8d8bfacfec9934ee384477f56c3524cf368b4f364f3d116ff	fffffffffffffffffffffffffffffffffffffffffffffffffffffffefffffc2e	0000000000000000000000000000000000000000000000000000000000000001
3bd4180c8b9103b8d8bfacfec9934ee384477f56c3524cf368b4f364f3d116ff	fffffffffffffffffffffffffffffffffffffffffffffffffffffffefffffc2e	fffffffffffffffffffffffffffffffffffffffffffffffffffffffefffffc2e
3bd4180c8b9103b8d8bfacfec9934ee384477f56c3524cf368b4f364f3d116ff	00000000000000000000000000000000000000000000000000000001000003d1	00000000000000000000000000000000000000000000000000000001000003d2
3bd4180c8b9103b8d8bfacfec9934ee384477f56c3524cf368b4f364f3d116ff	00000000000000000000000000000000ffffffffffffffffffffffffffffffff	0000000000000000000000000000000100000000000000000000000000000001
3bd4180c8b9103b8d8bfacfec9934ee384477f56c3524cf368b4f364f3d116ff	7fffffffffffffffffffffffffffffffffffffffffffffffffffffffffffffed	00000000000000000000000000000000000000000000000000000001000003d1
3bd4180c8b9103b8d8bfacfec9934ee384477f56c3524cf368b4f364f3d116ff	00000000000000000000000000000000000000000000000000000001000003d2	8000000000000000000000000000000000000000000000000000000000000013
3bd4180c8b9103b8d8bfacfec9934ee384477f56c3524cf368b4f364f3d116ff	96de292ad08c05f33374ff077e037057cb1976be5fd11814eb427a298826a7de	f5a02b551d42e1af8af605ff1660926f160366df7b9584c2f4e83c5251d4ac4a
3bd4180c8b9103b8d8bfacfec9934ee384477f56c3524cf368b4f364f3d116ff	4d6ec7bab20514a58c089d6067f55985b8392d48b5531403790e390b58cb6397	a3b527dc3ded3db1ebb2d76d1e0f1d3ba27e4a809a3654648bbde08dbf1f454c
3bd4180c8b9103b8d8bfacfec9934ee384477f56c3524cf368b4f364f3d116ff	e45d6b3a7bab850fd4636fc1bec55df32d3abc216d2837543c5ba15d153069f1	ddbec74a741dcc3fccbef14fb226877249dae56655d5d9a1b1a073c6e04abe33
3bd4180c8b9103b8d8bfacfec9934ee384477f56c3524cf368b4f364f3d116ff	bd9c04cdfd5b0caa1588bd3d277d72ace38f467b02aba014e5a8e90eeb3fbe1a	1bb54365673065de32ecf60d870ba0653ed1c3e18b6bedc01dd5d4dd04bbe4ca
3bd4180c8b9103b8d8bfacfec9934ee384477f56c3524cf368b4f364f3d116ff	2beaf41bc983d4f633f48d269bfa408bfc599b1e1b73e28d09e3ee7ea71ac7a6	357cec24e0b81663bc645f7cf6352799e9e2022fd4915646b6785bedbcbe7334
3bd4180c8b9103b8d8bfacfec9934ee384477f56c3524cf368b4f364f3d116ff	b5c07245c079654f786d357f629f0790f7723aad5562066fe2e4f01b9e1cddc8	a6584ec2aadddec9d4bd5db607d1f8bf5222837160d787d1353fcbbeaf9136fa
3bd4180c8b9103b8d8bfacfec9934ee384477f56c3524cf368b4f364f3d116ff	5f7336cee5cf61f96cd20b5175605b709909aa714d33cc087d3466f57f617fff	bb61dcac06769ca45dd1f5557c5e315a0a5ef6c91f8f8fd8f6dec8c4855d4312
3bd4180c8b9103b8d8bfacfec9934ee384477f56c3524cf368b4f364f3d116ff	2acc6dfff840182c12a710e41723c9d58be39cd1c35ca4bc90b833ab186ab981	1163f31315c921af267f5c165fa15639ff6a27f22da4f0d54a22c5756f4f01bb
3bd4180c8b9103b8d8bfacfec9934ee384477f56c3524cf368b4f364f3d116ff	d4748cd56a1ba4db81904bd851953aa1e6ad2f30f789700f6a026e53fce2523e	03ad3d62b8d59506de2bbb6a0fb9b9e9c3e3840ceff473be4e7bae93d10a7aa7
3bd4180c8b9103b8d8bfacfec9934ee384477f56c3524cf368b4f364f3d116ff	512ff00c68eaac642ac7ac7d377bf11621b1b12948db0eb2afed1bbb9abeb1c5	f2c52d8a84bfdbfdf0253c59082bf79ddf5cdadd40f16c27b3ec33a6545b905e
3bd4180c8b9103b8d8bfacfec9934ee384477f56c3524cf368b4f364f3d116ff	02af8362bd0440652f8b0774287cb3d0d4d1d9f9cd0b4a348a63b5beae8d0bb4	c1b0638d4b66c508d947c069e7ca0d241c5ee6d149a290b3b1dab1f62f842b37
3bd4180c8b9103b8d8bfacfec9934ee384477f56c3524cf368b4f364f3d116ff	d25b514f3ecd73eb99a9fb4df1427c72d13744c2c280a35a7e0de96e4ba264e6	e85a4bb427c8f87dd7840a7994234b7a8b3c783b7ac9584436fcbe4ff485a11c
3bd4180c8b9103b8d8bfacfec9934ee384477f56c3524cf368b4f364f3d116ff	a914abac0c875449aa59bd68cc1f68bf74661024895373a19b8e770c89e48bf4	8ce849c8db38c84b2a44d6572a0772cf460a4c0c9b9edd81ed74b160f3498f67
3bd4180c8b9103b8d8bfacfec9934ee384477f56c3524cf368b4f364f3d116ff	b42468bb21919254b35ba9b2d6196dacb763658d59b32092c19011fa56e5bab7	dca2587b05442efd5f959abd92d8ebcc00123da5227abd899d23727047ec47e1
3bd4180c8b9103b8d8bfacfec9934ee384477f56c3524cf368b4f364f3d116ff	cdf9fb6f3e724045d145b38f4ba6029866d6eecb293b7446f663bd21619289d1	ef5d51b43d937b85b459606fdf44b9172e45f1855afde8da489c0878c98b6637
3bd4180c8b9103b8d8bfacfec9934ee384477f56c3524cf368b4f364f3d116ff	fd574845f718a4699ab18dd690c0cb7d5a70e1d9e7cc79899d77dc2f820b0887	ef3df975bf32e79693f84a45aab6ce9a4ce8f6f255b2bc855334b23bd02f69c3
3bd4180c8b9103b8d8bfacfec9934ee384477f56c3524cf368b4f364f3d116ff	3d01065fa8d2f127ec215cb633b545cc2e4ac01ef8e534f433e264d8466cec92	5900b78154d61769c01f152b1d733b6c6d342e64b9f80882cad772c19dced026
3bd4180c8b9103b8d8bfacfec9934ee384477f56c3524cf368b4f364f3d116ff	921c715d3cff5e9294c47bb3701a2b5298ce18ac820b35f9041f0ef64a515b5c	52f4f74a17a5423f6b79fe78aa1f75a581a552605bc4e1c8d715fa578181c210
3bd4180c8b9103b8d8bfacfec9934ee384477f56c3524cf368b4f364f3d116ff	0683e5161c3e6b59b9e88f8164b15ede68d7fb5f73224130d408e6b944bb1c54	471e1faf3b5fb3cb68d996af8dd80565751b48ca94da9cf079b6d83e5bdb6c97
3bd4180c8b9103b8d8bfacfec9934ee384477f56c3524cf368b4f364f3d116ff	713ecac72d72778c195d5d9c494545f5310f11cc91d2682f32637262247f7d22	21efca2d51daf34d53309b5169d1da162e64194961ac01924604d8ab6c946ffb
3bd4180c8b9103b8d8bfacfec9934ee384477f56c3524cf368b4f364f3d116ff	9b97ed60917ef827867593286ae20f87081430029c151e22f91f48dd824942af	4d8cacbf43ee8a53bc0fa467890739c1768af3cfe20fe49355cf238fc7472113
3bd4180c8b9103b8d8bfacfec9934ee384477f56c3524cf368b4f364f3d116ff	18e2c312b8a96ec1562fa25d3622bbb6722736e47326da420bd49b5b74db66c4	f3c1683b267f956469878122341d36c533f5c407b0583165d6c049cc4af22519
3bd4180c8b9103b8d8bfacfec9934ee384477f56c3524cf368b4f364f3d116ff	98d143525569f7bdaa02c909b6c26e24aaf33ab175e1b0e95ee0219e105c65c2	609315be080284ee9e9d6cc6b37e0b2fd157775c2ef7fc241e687fbdb359d21f
3bd4180c8b9103b8d8bfacfec9934ee384477f56c3524cf368b4f364f3d116ff	defb17327fcc7a1eb8639e91a8c20792ef1e516ceabc01a0e650593dc60d80fd	39fab05c3e9287d0cf82d07c743e3ada7f5173e2675a574a546e590a07477a29
65f159f858299982d8088a62d75abf5133239a08709e22ac71b00db4d988d840	0000000000000000000000000000000000000000000000000000000000000000	0000000000000000000000000000000000000000000000000000000000000001
65f159f858299982d8088a62d75abf5133239a08709e22ac71b00db4d988d840	0000000000000000000000000000000000000000000000000000000000000000	0000000000000000000000000000000000000000000000000000000000000002
65f159f858299982d8088a62d75abf5133239a08709e22ac71b00db4d988d840	0000000000000000000000000000000000000000000000000000000000000000	0000000000000000000000000000000000000000000000000000000000000003
65f159f858299982d8088a62d75abf5133239a08709e22ac71b00db4d988d840	0000000000000000000000000000000000000000000000000000000000000000	00000000000000000000000000000000000000000000000000000001000003d0
65f159f858299982d8088a62d75abf5133239a08709e22ac71b00db4d988d840	0000000000000000000000000000000000000000000000000000000000000000	00000000000000000000000000000000000000000000000000000001000003d1
65f159f858299982d8088a62d75abf5133239a08709e22ac71b00db4d988d840	0000000000000000000000000000000000000000000000000000000000000000	00000000000000000000000000000000000000000000000000000001000003d2
65f159f858299982d8088a62d75abf5133239a08709e22ac71b00db4d988d840	0000000000000000000000000000000000000000000000000000000000000000	0000000000000000000000000000000100000000000000000000000000000001
65f159f858299982d8088a62d75abf5133239a08709e22ac71b00db4d988d840	0000000000000000000000000000000000000000000000000000000000000000	fffffffffffffffffffffffffffffffffffffffffffffffffffffffefffffc2e
65f159f858299982d8088a62d75abf5133239a08709e22ac71b00db4d988d840	0000000000000000000000000000000000000000000000000000000000000000	9f69ee183927f2de409371d48b0733735c9568941bfe791cb02499365401facb
65f159f858299982d8088a62d75abf5133239a08709e22ac71b00db4d988d840	0000000000000000000000000000000000000000000000000000000000000000	d3c5244fc0c8c00553ff409212b6a57b0a3b623ee0bc7b23d9147250759aa415
65f159f858299982d8088a62d75abf5133239a08709e22ac71b00db4d988d840	0000000000000000000000000000000000000000000000000000000000000000	5dcdef1aadba6e6f9fa7a194cf6a71df9168d97d2e9ca4dc296908565f00b4d9
65f159f858299982d8088a62d75abf5133239a08709e22ac71b00db4d988d840	0000000000000000000000000000000000000000000000000000000000000000	d534d578d3e1eb2b1690b9a2d4b2d2d84100437c040d8b79df6fffed9032d272
65f159f858299982d8088a62d75abf5133239a08709e22ac71b00db4d988d840	0000000000000000000000000000000000000000000000000000000000000000	f66fbe57319563b64a8f58cd428595b307c07a72b2164595c11d283eab60b45c
65f159f858299982d8088a62d75abf5133239a08709e22ac71b00db4d988d840	0000000000000000000000000000000000000000000000000000000000000000	400e17f31c864b185ee05029b4ca04a020c29967468e73e015981536dedd5700
65f159f858299982d8088a62d75abf5133239a08709e22ac71b00db4d988d840	0000000000000000000000000000000000000000000000000000000000000000	d435856f9ab6ccc30eb8a023031b74008865b8b6a0ce79565dfb4936b4b73fb5
65f159f858299982d8088a62d75abf5133239a08709e22ac71b00db4d988d840	0000000000000000000000000000000000000000000000000000000000000000	19347eb1e110c6697b2151d083099e040675b4cfa6923f26ad57d963c97e1512
65f159f858299982d8088a62d75abf5133239a08709e22ac71b00db4d988d840	0000000000000000000000000000000000000000000000000000000000000000	b4779d0db00a11f69106d731567d0ad360668f49b2481481d932e714a143e45f
65f159f858299982d8088a62d75abf5133239a08709e22ac71b00db4d988d840	0000000000000000000000000000000000000000000000000000000000000000	99d83593a28df721d8a102e8776220d5aec0976a7b2283f6065686dafe7e51fb
65f159f858299982d8088a62d75abf5133239a08709e22ac71b00db4d988d840	0000000000000000000000000000000000000000000000000000000000000000	ba4e25b946a879db07bca35656369b0b2979018a9ad29eea7a1777fd5fd39c85
65f159f858299982d8088a62d75abf5133239a08709e22ac71b00db4d988d840	0000000000000000000000000000000000000000000000000000000000000000	40b40b9c7f95437f05fab8bbb92a269c56994ea170dfacdd3b3952c1ec8bc580
65f159f858299982d8088a62d75abf5133239a08709e22ac71b00db4d988d840	0000000000000000000000000000000000000000000000000000000000000000	b63351de682f433979d63242bbfa3b025d702b2537cd6d9c9e957ca15d1deac8
65f159f858299982d8088a62d75abf5133239a08709e22ac71b00db4d988d840	0000000000000000000000000000000000000000000000000000000000000000	7558116f93c6298ec934167195825c927f3ce843e06d8dd8a7343861e7dce9d9
65f159f858299982d8088a62d75abf5133239a08709e22ac71b00db4d988d840	0000000000000000000000000000000000000000000000000000000000000000	dff894f905106cd06ad1dbe2c1c46aa79b53e9406b796e7c4016a7d6353db602
65f159f858299982d8088a62d75abf5133239a08709e22ac71b00db4d988d840	0000000000000000000000000000000000000000000000000000000000000000	994c52cd54933a2d4a1f216cc9332d2c3c642bcb967c6948aacdd903536b6325
65f159f858299982d8088a62d75abf5133239a08709e22ac71b00db4d988d840	0000000000000000000000000000000000000000000000000000000000000000	4b3198f4ba8705ac3c84d34411a488c5972a8e5a16d4726f0f077650d2871bdf
65f159f858299982d8088a62d75abf5133239a08709e22ac71b00db4d988d840	0000000000000000000000000000000000000000000000000000000000000000	174bae57a2d7a1629ba040e754ef59a8b0eda026eb917c3cc139a86c88646978
65f159f858299982d8088a62d75abf5133239a08709e22ac71b00db4d988d840	0000000000000000000000000000000000000000000000000000000000000000	0ea05b5d5f3613201470d6192914c594827bfe1afe65cb722b4a2393e4f8fbdd
65f159f858299982d8088a62d75abf5133239a08709e22ac71b00db4d988d840	0000000000000000000000000000000000000000000000000000000000000000	9351b1da87f6b5eb7537fafa579b08ff8779d847c3eb282cf6b608d3c44bef55
65f159f858299982d8088a62d75abf5133239a08709e22ac71b00db4d988d840	0000000000000000000000000000000000000000000000000000000000000000	ee3056755f73938fe24874c6e48e7179fc7c9cf584e86c49da8cdb2436d3caf8
65f159f858299982d8088a62d75abf5133239a08709e22ac71b00db4d988d840	0000000000000000000000000000000000000000000000000000000000000000	483f81fc39a2d891702b937b846a53cd1c958dc6bd180c02059bdecd2cb3c5b9
65f159f858299982d8088a62d75abf5133239a08709e22ac71b00db4d988d840	0000000000000000000000000000000000000000000000000000000000000000	9bdb8c2fb94e8eb23b0b82372348b7f665c83cc61618aef659c20cafc3756577
65f159f858299982d8088a62d75abf5133239a08709e22ac71b00db4d988d840	0000000000000000000000000000000000000000000000000000000000000000	14866b25bfec8d9088ea50e559c7cca8ad737550b972896b141596c723d09595
65f159f858299982d8088a62d75abf5133239a08709e22ac71b00db4d988d840	0000000000000000000000000000000000000000000000000000000000000001	0000000000000000000000000000000000000000000000000000000000000001
65f159f858299982d8088a62d75abf5133239a08709e22ac71b00db4d988d840	0000000000000000000000000000000000000000000000000000000000000001	fffffffffffffffffffffffffffffffffffffffffffffffffffffffefffffc2e
65f159f858299982d8088a62d75abf5133239a08709e22ac71b00db4d988d840	fffffffffffffffffffffffffffffffffffffffffffffffffffffffefffffc2e	0000000000000000000000000000000000000000000000000000000000000001
65f159f858299982d8088a62d75abf5133239a08709e22ac71b00db4d988d840	fffffffffffffffffffffffffffffffffffffffffffffffffffffffefffffc2e	fffffffffffffffffffffffffffffffffffffffffffffffffffffffefffffc2e
65f159f858299982d8088a62d75abf5133239a08709e22ac71b00db4d988d840	00000000000000000000000000000000000000000000000000000001000003d1	00000000000000000000000000000000000000000000000000000001000003d2
65f159f858299982d8088a62d75abf5133239a08709e22ac71b00db4d988d840	00000000000000000000000000000000ffffffffffffffffffffffffffffffff	0000000000000000000000000000000100000000000000000000000000000001
65f159f858299982d8088a62d75abf5133239a08709e22ac71b00db4d988d840	7fffffffffffffffffffffffffffffffffffffffffffffffffffffffffffffed	00000000000000000000000000000000000000000000000000000001000003d1
65f159f858299982d8088a62d75abf5133239a08709e22ac71b00db4d988d840	00000000000000000000000000000000000000000000000000000001000003d2	8000000000000000000000000000000000000000000000000000000000000013
65f159f858299982d8088a62d75abf5133239a08709e22ac71b00db4d988d840	96de292ad08c05f33374ff077e037057cb1976be5fd11814eb427a298826a7de	f5a02b551d42e1af8af605ff1660926f160366df7b9584c2f4e83c5251d4ac4a
65f159f858299982d8088a62d75abf5133239a08709e22ac71b00db4d988d840	4d6ec7bab20514a58c089d6067f55985b8392d48b5531403790e390b58cb6397	a3b527dc3ded3db1ebb2d76d1e0f1d3ba27e4a809a3654648bbde08dbf1f454c
65f159f858299982d8088a62d75abf5133239a08709e22ac71b00db4d988d840	e45d6b3a7bab850fd4636fc1bec55df32d3abc216d2837543c5ba15d153069f1	ddbec74a741dcc3fccbef14fb226877249dae56655d5d9a1b1a073c6e04abe33
65f159f858299982d8088a62d75abf5133239a08709e22ac71b00db4d988d840	bd9c04cdfd5b0caa1588bd3d277d72ace38f467b02aba014e5a8e90eeb3fbe1a	1bb54365673065de32ecf60d870ba0653ed1c3e18b6bedc01dd5d4dd04bbe4ca
65f159f858299982d8088a62d75abf5133239a08709e22ac71b00db4d988d840	2beaf41bc983d4f633f48d269bfa408bfc599b1e1b73e28d09e3ee7ea71ac7a6	357cec24e0b81663bc645f7cf6352799e9e2022fd4915646b6785bedbcbe7334
65f159f858299982d8088a62d75abf5133239a08709e22ac71b00db4d988d840	b5c07245c079654f786d357f629f0790f7723aad5562066fe2e4f01b9e1cddc8	a6584ec2aadddec9d4bd5db607d1f8bf5222837160d787d1353fcbbeaf9136fa
65f159f858299982d8088a62d75abf5133239a08709e22ac71b00db4d988d840	5f7336cee5cf61f96cd20b5175605b709909aa714d33cc087d3466f57f617fff	bb61dcac06769ca45dd1f5557c5e315a0a5ef6c91f8f8fd8f6dec8c4855d4312
65f159f858299982d8088a62d75abf5133239a08709e22ac71b00db4d988d840	2acc6dfff840182c12a710e41723c9d58be39cd1c35ca4bc90b833ab186ab981	1163f31315c921af267f5c165fa15639ff6a27f22da4f0d54a22c5756f4f01bb
65f159f858299982d8088a62d75abf5133239a08709e22ac71b00db4d988d840	d4748cd56a1ba4db81904bd851953aa1e6ad2f30f789700f6a026e53fce2523e	03ad3d62b8d59506de2bbb6a0fb9b9e9c3e3840ceff473be4e7bae93d10a7aa7
65f159f858299982d8088a62d75abf5133239a08709e22ac71b00db4d988d840	512ff00c68eaac642ac7ac7d377bf11621b1b12948db0eb2afed1bbb9abeb1c5	f2c52d8a84bfdbfdf0253c59082bf79ddf5cdadd40f16c27b3ec33a6545b905e
65f159f858299982d8088a62d75abf5133239a08709e22ac71b00db4d988d840	02af8362bd0440652f8b0774287cb3d0d4d1d9f9cd0b4a348a63b5beae8d0bb4	c1b0638d4b66c508d947c069e7ca0d241c5ee6d149a290b3b1dab1f62f842b37
65f159f858299982d8088a62d75abf5133239a08709e22ac71b00db4d988d840	d25b514f3ecd73eb99a9fb4df1427c72d13744c2c280a35a7e0de96e4ba264e6	e85a4bb427c8f87dd7840a7994234b7a8b3c783b7ac9584436fcbe4ff485a11c
65f159f858299982d8088a62d75abf5133239a08709e22ac71b00db4d988d840	a914abac0c875449aa59bd68cc1f68bf74661024895373a19b8e770c89e48bf4	8ce849c8db38c84b2a44d6572a0772cf460a4c0c9b9edd81ed74b160f3498f67
65f159f858299982d8088a62d75abf5133239a08709e22ac71b00db4d988d840	b42468bb21919254b35ba9b2d6196dacb763658d59b32092c19011fa56e5bab7	dca2587b05442efd5f959abd92d8ebcc00123da5227abd899d23727047ec47e1
65f159f858299982d8088a62d75abf5133239a08709e22ac71b00db4d988d840	cdf9fb6f3e724045d145b38f4ba6029866d6eecb293b7446f663bd21619289d1	ef5d51b43d937b85b459606fdf44b9172e45f1855afde8da489c0878c98b6637
65f159f858299982d8088a62d75abf5133239a08709e22ac71b00db4d988d840	fd574845f718a4699ab18dd690c0cb7d5a70e1d9e7cc79899d77dc2f820b0887	ef3df975bf32e79693f84a45aab6ce9a4ce8f6f255b2bc855334b23bd02f69c3
65f159f858299982d8088a62d75abf5133239a08709e22ac71b00db4d988d840	3d01065fa8d2f127ec215cb633b545cc2e4ac01ef8e534f433e264d8466cec92	5900b78154d61769c01f152b1d733b6c6d342e64b9f80882cad772c19dced026
65f159f858299982d8088a62d75abf5133239a08709e22ac71b00db4d988d840	921c715d3cff5e9294c47bb3701a2b5298ce18ac820b35f9041f0ef64a515b5c	52f4f74a17a5423f6b79fe78aa1f75a581a552605bc4e1c8d715fa578181c210
65f159f858299982d8088a62d75abf5133239a08709e22ac71b00db4d988d840	0683e5161c3e6b59b9e88f8164b15ede68d7fb5f73224130d408e6b944bb1c54	471e1faf3b5fb3cb68d996af8dd80565751b48ca94da9cf079b6d83e5bdb6c97
65f159f858299982d8088a62d75abf5133239a08709e22ac71b00db4d988d840	713ecac72d72778c195d5d9c494545f5310f11cc91d2682f32637262247f7d22	21efca2d51daf34d53309b5169d1da162e64194961ac01924604d8ab6c946ffb
65f159f858299982d8088a62d75abf5133239a08709e22ac71b00db4d988d840	9b97ed60917ef827867593286ae20f87081430029c151e22f91f48dd824942af	4d8cacbf43ee8a53bc0fa467890739c1768af3cfe20fe49355cf238fc7472113
65f159f858299982d8088a62d75abf5133239a08709e22ac71b00db4d988d840	18e2c312b8a96ec1562fa25d3622bbb6722736e47326da420bd49b5b74db66c4	f3c1683b267f956469878122341d36c533f5c407b0583165d6c049cc4af22519
65f159f858299982d8088a62d75abf5133239a08709e22ac71b00db4d988d840	98d143525569f7bdaa02c909b6c26e24aaf33ab175e1b0e95ee0219e105c65c2	609315be080284ee9e9d6cc6b37e0b2fd157775c2ef7fc241e687fbdb359d21f
65f159f858299982d8088a62d75abf5133239a08709e22ac71b00db4d988d840	defb17327fcc7a1eb8639e91a8c20792ef1e516ceabc01a0e650593dc60d80fd	39fab05c3e9287d0cf82d07c743e3ada7f5173e2675a574a546e590a07477a29
8c748182d68b5c61e95864e88965984d9148090050d89591294c72fca9b34516	0000000000000000000000000000000000000000000000000000000000000000	0000000000000000000000000000000000000000000000000000000000000001
8c748182d68b5c61e95864e88965984d9148090050d89591294c72fca9b34516	0000000000000000000000000000000000000000000000000000000000000000	0000000000000000000000000000000000000000000000000000000000000002
8c748182d68b5c61e95864e88965984d9148090050d89591294c72fca9b34516	0000000000000000000000000000000000000000000000000000000000000000	0000000000000000000000000000000000000000000000000000000000000003
8c748182d68b5c61e95864e88965984d9148090050d89591294c72fca9b34516	0000000000000000000000000000000000000000000000000000000000000000	00000000000000000000000000000000000000000000000000000001000003d0
8c748182d68b5c61e95864e88965984d9148090050d89591294c72fca9b34516	0000000000000000000000000000000000000000000000000000000000000000	00000000000000000000000000000000000000000000000000000001000003d1
8c748182d68b5c61e95864e88965984d9148090050d89591294c72fca9b34516	0000000000000000000000000000000000000000000000000000000000000000	00000000000000000000000000000000000000000000000000000001000003d2
8c748182d68b5c61e95864e88965984d9148090050d89591294c72fca9b34516	0000000000000000000000000000000000000000000000000000000000000000	0000000000000000000000000000000100000000000000000000000000000001
8c748182d68b5c61e95864e88965984d9148090050d89591294c72fca9b34516	0000000000000000000000000000000000000000000000000000000000000000	fffffffffffffffffffffffffffffffffffffffffffffffffffffffefffffc2e
8c748182d68b5c61e95864e88965984d9148090050d89591294c72fca9b34516	0000000000000000000000000000000000000000000000000000000000000000	9f69ee183927f2de409371d48b0733735c9568941bfe791cb02499365401facb
8c748182d68b5c61e95864e88965984d9148090050d89591294c72fca9b34516	0000000000000000000000000000000000000000000000000000000000000000	d3c5244fc0c8c00553ff409212b6a57b0a3b623ee0bc7b23d9147250759aa415
8c748182d68b5c61e95864e88965984d9148090050d89591294c72fca9b34516	0000000000000000000000000000000000000000000000000000000000000000	5dcdef1aadba6e6f9fa7a194cf6a71df9168d97d2e9ca4dc296908565f00b4d9
8c748182d68b5c61e95864e88965984d9148090050d89591294c72fca9b34516	0000000000000000000000000000000000000000000000000000000000000000	d534d578d3e1eb2b1690b9a2d4b2d2d84100437c040d8b79df6fffed9032d272
8c748182d68b5c61e95864e88965984d9148090050d89591294c72fca9b34516	0000000000000000000000000000000000000000000000000000000000000000	f66fbe57319563b64a8f58cd428595b307c07a72b2164595c11d283eab60b45c
8c748182d68b5c61e95864e88965984d9148090050d89591294c72fca9b34516	0000000000000000000000000000000000000000000000000000000000000000	400e17f31c864b185ee05029b4ca04a020c29967468e73e015981536dedd5700
8c748182d68b5c61e95864e88965984d9148090050d89591294c72fca9b34516	0000000000000000000000000000000000000000000000000000000000000000	d435856f9ab6ccc30eb8a023031b74008865b8b6a0ce79565dfb4936b4b73fb5
8c748182d68b5c61e95864e88965984d9148090050d89591294c72fca9b34516	0000000000000000000000000000000000000000000000000000000000000000	19347eb1e110c6697b2151d083099e040675b4cfa6923f26ad57d963c97e1512
8c748182d68b5c61e95864e88965984d9148090050d89591294c72fca9b34516	0000000000000000000000000000000000000000000000000000000000000000	b4779d0db00a11f69106d731567d0ad360668f49b2481481d932e714a143e45f
8c748182d68b5c61e95864e88965984d9148090050d89591294c72fca9b34516	0000000000000000000000000000000000000000000000000000000000000000	99d83593a28df721d8a102e8776220d5aec0976a7b2283f6065686dafe7e51fb
8c748182d68b5c61e95864e88965984d9148090050d89591294c72fca9b34516	0000000000000000000000000000000000000000000000000000000000000000	ba4e25b946a879db07bca35656369b0b2979018a9ad29eea7a1777fd5fd39c85
8c748182d68b5c61e95864e88965984d9148090050d89591294c72fca9b34516	0000000000000000000000000000000000000000000000000000000000000000	40b40b9c7f95437f05fab8bbb92a269c56994ea170dfacdd3b3952c1ec8bc580
8c748182d68b5c61e95864e88965984d9148090050d89591294c72fca9b34516	0000000000000000000000000000000000000000000000000000000000000000	b63351de682f433979d63242bbfa3b025d702b2537cd6d9c9e957ca15d1deac8
8c748182d68b5c61e95864e88965984d9148090050d89591294c72fca9b34516	0000000000000000000000000000000000000000000000000000000000000000	7558116f93c6298ec934167195825c927f3ce843e06d8dd8a7343861e7dce9d9
8c748182d68b5c61e95864e88965984d9148090050d89591294c72fca9b34516	0000000000000000000000000000000000000000000000000000000000000000	dff894f905106cd06ad1dbe2c1c46aa79b53e9406b796e7c4016a7d6353db602
8c748182d68b5c61e95864e88965984d9148090050d89591294c72fca9b34516	0000000000000000000000000000000000000000000000000000000000000000	994c52cd54933a2d4a1f216cc9332d2c3c642bcb967c6948aacdd903536b6325
8c748182d68b5c61e95864e88965984d9148090050d89591294c72fca9b34516	0000000000000000000000000000000000000000000000000000000000000000	4b3198f4ba8705ac3c84d34411a488c5972a8e5a16d4726f0f077650d2871bdf
8c748182d68b5c61e95864e88965984d9148090050d89591294c72fca9b34516	0000000000000000000000000000000000000000000000000000000000000000	174bae57a2d7a1629ba040e754ef59a8b0eda026eb917c3cc139a86c88646978
8c748182d68b5c61e95864e88965984d9148090050d89591294c72fca9b34516	0000000000000000000000000000000000000000000000000000000000000000	0ea05b5d5f3613201470d6192914c594827bfe1afe65cb722b4a2393e4f8fbdd
8c748182d68b5c61e95864e88965984d9148090050d89591294c72fca9b34516	0000000000000000000000000000000000000000000000000000000000000000	9351b1da87f6b5eb7537fafa579b08ff8779d847c3eb282cf6b608d3c44bef55
8c748182d68b5c61e95864e88965984d9148090050d89591294c72fca9b34516	0000000000000000000000000000000000000000000000000000000000000000	ee3056755f73938fe24874c6e48e7179fc7c9cf584e86c49da8cdb2436d3caf8
8c748182d68b5c61e95864e88965984d9148090050d89591294c72fca9b34516	0000000000000000000000000000000000000000000000000000000000000000	483f81fc39a2d891702b937b846a53cd1c958dc6bd180c02059bdecd2cb3c5b9
8c748182d68b5c61e95864e88965984d9148090050d89591294c72fca9b34516	0000000000000000000000000000000000000000000000000000000000000000	9bdb8c2fb94e8eb23b0b82372348b7f665c83cc61618aef659c20cafc3756577
8c748182d68b5c61e95864e88965984d9148090050d89591294c72fca9b34516	0000000000000000000000000000000000000000000000000000000000000000	14866b25bfec8d9088ea50e559c7cca8ad737550b972896b141596c723d09595
8c748182d68b5c61e95864e88965984d9148090050d89591294c72fca9b34516	0000000000000000000000000000000000000000000000000000000000000001	0000000000000000000000000000000000000000000000000000000000000001
8c748182d68b5c61e95864e88965984d9148090050d89591294c72fca9b34516	0000000000000000000000000000000000000000000000000000000000000001	fffffffffffffffffffffffffffffffffffffffffffffffffffffffefffffc2e
8c748182d68b5c61e95864e88965984d9148090050d89591294c72fca9b34516	fffffffffffffffffffffffffffffffffffffffffffffffffffffffefffffc2e	0000000000000000000000000000000000000000000000000000000000000001
8c748182d68b5c61e95864e88965984d9148090050d89591294c72fca9b34516	fffffffffffffffffffffffffffffffffffffffffffffffffffffffefffffc2e	fffffffffffffffffffffffffffffffffffffffffffffffffffffffefffffc2e
8c748182d68b5c61e95864e88965984d9148090050d89591294c72fca9b34516	00000000000000000000000000000000000000000000000000000001000003d1	00000000000000000000000000000000000000000000000000000001000003d2
8c748182d68b5c61e95864e88965984d9148090050d89591294c72fca9b34516	00000000000000000000000000000000ffffffffffffffffffffffffffffffff	0000000000000000000000000000000100000000000000000000000000000001
8c748182d68b5c61e95864e88965984d9148090050d89591294c72fca9b34516	7fffffffffffffffffffffffffffffffffffffffffffffffffffffffffffffed	00000000000000000000000000000000000000000000000000000001000003d1
8c748182d68b5c61e95864e88965984d9148090050d89591294c72fca9b34516	00000000000000000000000000000000000000000000000000000001000003d2	8000000000000000000000000000000000000000000000000000000000000013
8c748182d68b5c61e95864e88965984d9148090050d89591294c72fca9b34516	96de292ad08c05f33374ff077e037057cb1976be5fd11814eb427a298826a7de	f5a02b551d42e1af8af605ff1660926f160366df7b9584c2f4e83c5251d4ac4a
8c748182d68b5c61e95864e88965984d9148090050d89591294c72fca9b34516	4d6ec7bab20514a58c089d6067f55985b8392d48b5531403790e390b58cb6397	a3b527dc3ded3db1ebb2d76d1e0f1d3ba27e4a809a3654648bbde08dbf1f454c
8c748182d68b5c61e95864e88965984d9148090050d89591294c72fca9b34516	e45d6b3a7bab850fd4636fc1bec55df32d3abc216d2837543c5ba15d153069f1	ddbec74a741dcc3fccbef14fb226877249dae56655d5d9a1b1a073c6e04abe33
8c748182d68b5c61e95864e88965984d9148090050d89591294c72fca9b34516	bd9c04cdfd5b0caa1588bd3d277d72ace38f467b02aba014e5a8e90eeb3fbe1a	1bb54365673065de32ecf60d870ba0653ed1c3e18b6bedc01dd5d4dd04bbe4ca
8c748182d68b5c61e95864e88965984d9148090050d89591294c72fca9b34516	2beaf41bc983d4f633f48d269bfa408bfc599b1e1b73e28d09e3ee7ea71ac7a6	357cec24e0b81663bc645f7cf6352799e9e2022fd4915646b6785bedbcbe7334
8c748182d68b5c61e95864e88965984d9148090050d89591294c72fca9b34516	b5c07245c079654f786d357f629f0790f7723aad5562066fe2e4f01b9e1cddc8	a6584ec2aadddec9d4bd5db607d1f8bf5222837160d787d1353fcbbeaf9136fa
8c748182d68b5c61e95864e88965984d9148090050d89591294c72fca9b34516	5f7336cee5cf61f96cd20b5175605b709909aa714d33cc087d3466f57f617fff	bb61dcac06769ca45dd1f5557c5e315a0a5ef6c91f8f8fd8f6dec8c4855d4312
8c748182d68b5c61e95864e88965984d9148090050d89591294c72fca9b34516	2acc6dfff840182c12a710e41723c9d58be39cd1c35ca4bc90b833ab186ab981	1163f31315c921af267f5c165fa15639ff6a27f22da4f0d54a22c5756f4f01bb
8c748182d68b5c61e95864e88965984d9148090050d89591294c72fca9b34516	d4748cd56a1ba4db81904bd851953aa1e6ad2f30f789700f6a026e53fce2523e	03ad3d62b8d59506de2bbb6a0fb9b9e9c3e3840ceff473be4e7bae93d10a7aa7
8c748182d68b5c61e95864e88965984d9148090050d89591294c72fca9b34516	512ff00c68eaac642ac7ac7d377bf11621b1b12948db0eb2afed1bbb9abeb1c5	f2c52d8a84bfdbfdf0253c59082bf79ddf5cdadd40f16c27b3ec33a6545b905e
8c748182d68b5c61e95864e88965984d9148090050d89591294c72fca9b34516	02af8362bd0440652f8b0774287cb3d0d4d1d9f9cd0b4a348a63b5beae8d0bb4	c1b0638d4b66c508d947c069e7ca0d241c5ee6d149a290b3b1dab1f62f842b37
8c748182d68b5c61e95864e88965984d9148090050d89591294c72fca9b34516	d25b514f3ecd73eb99a9fb4df1427c72d13744c2c280a35a7e0de96e4ba264e6	e85a4bb427c8f87dd7840a7994234b7a8b3c783b7ac9584436fcbe4ff485a11c
8c748182d68b5c61e95864e88965984d9148090050d89591294c72fca9b34516	a914abac0c875449aa59bd68cc1f68bf74661024895373a19b8e770c89e48bf4	8ce849c8db38c84b2a44d6572a0772cf460a4c0c9b9edd81ed74b160f3498f67
8c748182d68b5c61e95864e88965984d9148090050d89591294c72fca9b34516	b42468bb21919254b35ba9b2d6196dacb763658d59b32092c19011fa56e5bab7	dca2587b05442efd5f959abd92d8ebcc00123da5227abd899d23727047ec47e1
8c748182d68b5c61e95864e88965984d9148090050d89591294c72fca9b34516	cdf9fb6f3e724045d145b38f4ba6029866d6eecb293b7446f663bd21619289d1	ef5d51b43d937b85b459606fdf44b9172e45f1855afde8da489c0878c98b6637
8c748182d68b5c61e95864e88965984d9148090050d89591294c72fca9b34516	fd574845f718a4699ab18dd690c0cb7d5a70e1d9e7cc79899d77dc2f820b0887	ef3df975bf32e79693f84a45aab6ce9a4ce8f6f255b2bc855334b23bd02f69c3
8c748182d68b5c61e95864e88965984d9148090050d89591294c72fca9b34516	3d01065fa8d2f127ec215cb633b545cc2e4ac01ef8e534f433e264d8466cec92	5900b78154d61769c01f152b1d733b6c6d342e64b9f80882cad772c19dced026
8c748182d68b5c61e95864e88965984d9148090050d89591294c72fca9b34516	921c715d3cff5e9294c47bb3701a2b5298ce18ac820b35f9041f0ef64a515b5c	52f4f74a17a5423f6b79fe78aa1f75a581a552605bc4e1c8d715fa578181c210
8c748182d68b5c61e95864e88965984d9148090050d89591294c72fca9b34516	0683e5161c3e6b59b9e88f8164b15ede68d7fb5f73224130d408e6b944bb1c54	471e1faf3b5fb3cb68d996af8dd80565751b48ca94da9cf079b6d83e5bdb6c97
8c748182d68b5c61e95864e88965984d9148090050d89591294c72fca9b34516	713ecac72d72778c195d5d9c494545f5310f11cc91d2682f32637262247f7d22	21efca2d51daf34d53309b5169d1da162e64194961ac01924604d8ab6c946ffb
8c748182d68b5c61e95864e88965984d9148090050d89591294c72fca9b34516	9b97ed60917ef827867593286ae20f87081430029c151e22f91f48dd824942af	4d8cacbf43ee8a53bc0fa467890739c1768af3cfe20fe49355cf238fc7472113
8c748182d68b5c61e95864e88965984d9148090050d89591294c72fca9b34516	18e2c312b8a96ec1562fa25d3622bbb6722736e47326da420bd49b5b74db66c4	f3c1683b267f956469878122341d36c533f5c407b0583165d6c049cc4af22519
8c748182d68b5c61e95864e88965984d9148090050d89591294c72fca9b34516	98d143525569f7bdaa02c909b6c26e24aaf33ab175e1b0e95ee0219e105c65c2	609315be080284ee9e9d6cc6b37e0b2fd157775c2ef7fc241e687fbdb359d21f
8c748182d68b5c61e95864e88965984d9148090050d89591294c72fca9b34516	defb17327fcc7a1eb8639e91a8c20792ef1e516ceabc01a0e650593dc60d80fd	39fab05c3e9287d0cf82d07c743e3ada7f5173e2675a574a546e590a07477a29
c0258f4c88a07e56f103daba2799b0ce6776cb4dc6b6cff213f20bb19f021162	0000000000000000000000000000000000000000000000000000000000000000	0000000000000000000000000000000000000000000000000000000000000001
c0258f4c88a07e56f103daba2799b0ce6776cb4dc6b6cff213f20bb19f021162	0000000000000000000000000000000000000000000000000000000000000000	0000000000000000000000000000000000000000000000000000000000000002
c0258f4c88a07e56f103daba2799b0ce6776cb4dc6b6cff213f20bb19f021162	0000000000000000000000000000000000000000000000000000000000000000	0000000000000000000000000000000000000000000000000000000000000003
c0258f4c88a07e56f103daba2799b0ce6776cb4dc6b6cff213f20bb19f021162	0000000000000000000000000000000000000000000000000000000000000000	00000000000000000000000000000000000000000000000000000001000003d0
c0258f4c88a07e56f103daba2799b0ce6776cb4dc6b6cff213f20bb19f021162	0000000000000000000000000000000000000000000000000000000000000000	00000000000000000000000000000000000000000000000000000001000003d1
c0258f4c88a07e56f103daba2799b0ce6776cb4dc6b6cff213f20bb19f021162	0000000000000000000000000000000000000000000000000000000000000000	00000000000000000000000000000000000000000000000000000001000003d2
c0258f4c88a07e56f103daba2799b0ce6776cb4dc6b6cff213f20bb19f021162	0000000000000000000000000000000000000000000000000000000000000000	0000000000000000000000000000000100000000000000000000000000000001
c0258f4c88a07e56f103daba2799b0ce6776cb4dc6b6cff213f20bb19f021162	0000000000000000000000000000000000000000000000000000000000000000	fffffffffffffffffffffffffffffffffffffffffffffffffffffffefffffc2e
c0258f4c88a07e56f103daba2799b0ce6776cb4dc6b6cff213f20bb19f021162	0000000000000000000000000000000000000000000000000000000000000000	9f69ee183927f2de409371d48b0733735c9568941bfe791cb02499365401facb
c0258f4c88a07e56f103daba2799b0ce6776cb4dc6b6cff213f20bb19f021162	0000000000000000000000000000000000000000000000000000000000000000	d3c5244fc0c8c00553ff409212b6a57b0a3b623ee0bc7b23d9147250759aa415
c0258f4c88a07e56f103daba2799b0ce6776cb4dc6b6cff213f20bb19f021162	0000000000000000000000000000000000000000000000000000000000000000	5dcdef1aadba6e6f9fa7a194cf6a71df9168d97d2e9ca4dc296908565f00b4d9
c0258f4c88a07e56f103daba2799b0ce6776cb4dc6b6cff213f20bb19f021162	0000000000000000000000000000000000000000000000000000000000000000	d534d578d3e1eb2b1690b9a2d4b2d2d84100437c040d8b79df6fffed9032d272
c0258f4c88a07e56f103daba2799b0ce6776cb4dc6b6cff213f20bb19f021162	0000000000000000000000000000000000000000000000000000000000000000	f66fbe57319563b64a8f58cd428595b307c07a72b2164595c11d283eab60b45c
c0258f4c88a07e56f103daba2799b0ce6776cb4dc6b6cff213f20bb19f021162	0000000000000000000000000000000000000000000000000000000000000000	400e17f31c864b185ee05029b4ca04a020c29967468e73e015981536dedd5700
c0258f4c88a07e56f103daba2799b0ce6776cb4dc6b6cff213f20bb19f021162	0000000000000000000000000000000000000000000000000000000000000000	d435856f9ab6ccc30eb8a023031b74008865b8b6a0ce79565dfb4936b4b73fb5
c0258f4c88a07e56f103daba2799b0ce6776cb4dc6b6cff213f20bb19f021162	0000000000000000000000000000000000000000000000000000000000000000	19347eb1e110c6697b2151d083099e040675b4cfa6923f26ad57d963c97e1512
c0258f4c88a07e56f103daba2799b0ce6776cb4dc6b6cff213f20bb19f021162	0000000000000000000000000000000000000000000000000000000000000000	b4779d0db00a11f69106d731567d0ad360668f49b2481481d932e714a143e45f
c0258f4c88a07e56f103daba2799b0ce6776cb4dc6b6cff213f20bb19f021162	0000000000000000000000000000000000000000000000000000000000000000	99d83593a28df721d8a102e8776220d5aec0976a7b2283f6065686dafe7e51fb
c0258f4c88a07e56f103daba2799b0ce6776cb4dc6b6cff213f20bb19f021162	0000000000000000000000000000000000000000000000000000000000000000	ba4e25b946a879db07bca35656369b0b2979018a9ad29eea7a1777fd5fd39c85
c0258f4c88a07e56f103daba2799b0ce6776cb4dc6b6cff213f20bb19f021162	0000000000000000000000000000000000000000000000000000000000000000	40b40b9c7f95437f05fab8bbb92a269c56994ea170dfacdd3b3952c1ec8bc580
c0258f4c88a07e56f103daba2799b0ce6776cb4dc6b6cff213f20bb19f021162	0000000000000000000000000000000000000000000000000000000000000000	b63351de682f433979d63242bbfa3b025d702b2537cd6d9c9e957ca15d1deac8
c0258f4c88a07e56f103daba2799b0ce6776cb4dc6b6cff213f20bb19f021162	0000000000000000000000000000000000000000000000000000000000000000	7558116f93c6298ec934167195825c927f3ce843e06d8dd8a7343861e7dce9d9
c0258f4c88a07e56f103daba2799b0ce6776cb4dc6b6cff213f20bb19f021162	0000000000000000000000000000000000000000000000000000000000000000	dff894f905106cd06ad1dbe2c1c46aa79b53e9406b796e7c4016a7d6353db602
c0258f4c88a07e56f103daba2799b0ce6776cb4dc6b6cff213f20bb19f021162	0000000000000000000000000000000000000000000000000000000000000000	994c52cd54933a2d4a1f216cc9332d2c3c642bcb967c6948aacdd903536b6325
c0258f4c88a07e56f103daba2799b0ce6776cb4dc6b6cff213f20bb19f021162	0000000000000000000000000000000000000000000000000000000000000000	4b3198f4ba8705ac3c84d34411a488c5972a8e5a16d4726f0f077650d2871bdf
c0258f4c88a07e56f103daba2799b0ce6776cb4dc6b6cff213f20bb19f021162	0000000000000000000000000000000000000000000000000000000000000000	174bae57a2d7a1629ba040e754ef59a8b0eda026eb917c3cc139a86c88646978
c0258f4c88a07e56f103daba2799b0ce6776cb4dc6b6cff213f20bb19f021162	0000000000000000000000000000000000000000000000000000000000000000	0ea05b5d5f3613201470d6192914c594827bfe1afe65cb722b4a2393e4f8fbdd
c0258f4c88a07e56f103daba2799b0ce6776cb4dc6b6cff213f20bb19f021162	0000000000000000000000000000000000000000000000000000000000000000	9351b1da87f6b5eb7537fafa579b08ff8779d847c3eb282cf6b608d3c44bef55
c0258f4c88a07e56f103daba2799b0ce6776cb4dc6b6cff213f20bb19f021162	0000000000000000000000000000000000000000000000000000000000000000	ee3056755f73938fe24874c6e48e7179fc7c9cf584e86c49da8cdb2436d3caf8
c0258f4c88a07e56f103daba2799b0ce6776cb4dc6b6cff213f20bb19f021162	0000000000000000000000000000000000000000000000000000000000000000	483f81fc39a2d891702b937b846a53cd1c958dc6bd180c02059bdecd2cb3c5b9
c0258f4c88a07e56f103daba2799b0ce6776cb4dc6b6cff213f20bb19f021162	0000000000000000000000000000000000000000000000000000000000000000	9bdb8c2fb94e8eb23b0b82372348b7f665c83cc61618aef659c20cafc3756577
c0258f4c88a07e56f103daba2799b0ce6776cb4dc6b6cff213f20bb19f021162	0000000000000000000000000000000000000000000000000000000000000000	14866b25bfec8d9088ea50e559c7cca8ad737550b972896b141596c723d09595
c0258f4c88a07e56f103daba2799b0ce6776cb4dc6b6cff213f20bb19f021162	0000000000000000000000000000000000000000000000000000000000000001	0000000000000000000000000000000000000000000000000000000000000001
c0258f4c88a07e56f103daba2799b0ce6776cb4dc6b6cff213f20bb19f021162	0000000000000000000000000000000000000000000000000000000000000001	fffffffffffffffffffffffffffffffffffffffffffffffffffffffefffffc2e
c0258f4c88a07e56f103daba2799b0ce6776cb4dc6b6cff213f20bb19f021162	fffffffffffffffffffffffffffffffffffffffffffffffffffffffefffffc2e	0000000000000000000000000000000000000000000000000000000000000001
c0258f4c88a07e56f103daba2799b0ce6776cb4dc6b6cff213f20bb19f021162	fffffffffffffffffffffffffffffffffffffffffffffffffffffffefffffc2e	fffffffffffffffffffffffffffffffffffffffffffffffffffffffefffffc2e
c0258f4c88a07e56f103daba2799b0ce6776cb4dc6b6cff213f20bb19f021162	00000000000000000000000000000000000000000000000000000001000003d1	00000000000000000000000000000000000000000000000000000001000003d2
c0258f4c88a07e56f103daba2799b0ce6776cb4dc6b6cff213f20bb19f021162	00000000000000000000000000000000ffffffffffffffffffffffffffffffff	0000000000000000000000000000000100000000000000000000000000000001
c0258f4c88a07e56f103daba2799b0ce6776cb4dc6b6cff213f20bb19f021162	7fffffffffffffffffffffffffffffffffffffffffffffffffffffffffffffed	00000000000000000000000000000000000000000000000000000001000003d1
c0258f4c88a07e56f103daba2799b0ce6776cb4dc6b6cff213f20bb19f021162	00000000000000000000000000000000000000000000000000000001000003d2	8000000000000000000000000000000000000000000000000000000000000013
c0258f4c88a07e56f103daba2799b0ce6776cb4dc6b6cff213f20bb19f021162	96de292ad08c05f33374ff077e037057cb1976be5fd11814eb427a298826a7de	f5a02b551d42e1af8af605ff1660926f160366df7b9584c2f4e83c5251d4ac4a
c0258f4c88a07e56f103daba2799b0ce6776cb4dc6b6cff213f20bb19f021162	4d6ec7bab20514a58c089d6067f55985b8392d48b5531403790e390b58cb6397	a3b527dc3ded3db1ebb2d76d1e0f1d3ba27e4a809a3654648bbde08dbf1f454c
c0258f4c88a07e56f103daba2799b0ce6776cb4dc6b6cff213f20bb19f021162	e45d6b3a7bab850fd4636fc1bec55df32d3abc216d2837543c5ba15d153069f1	ddbec74a741dcc3fccbef14fb226877249dae56655d5d9a1b1a073c6e04abe33
c0258f4c88a07e56f103daba2799b0ce6776cb4dc6b6cff213f20bb19f021162	bd9c04cdfd5b0caa1588bd3d277d72ace38f467b02aba014e5a8e90eeb3fbe1a	1bb54365673065de32ecf60d870ba0653ed1c3e18b6bedc01dd5d4dd04bbe4ca
c0258f4c88a07e56f103daba2799b0ce6776cb4dc6b6cff213f20bb19f021162	2beaf41bc983d4f633f48d269bfa408bfc599b1e1b73e28d09e3ee7ea71ac7a6	357cec24e0b81663bc645f7cf6352799e9e2022fd4915646b6785bedbcbe7334
c0258f4c88a07e56f103daba2799b0ce6776cb4dc6b6cff213f20bb19f021162	b5c07245c079654f786d357f629f0790f7723aad5562066fe2e4f01b9e1cddc8	a6584ec2aadddec9d4bd5db607d1f8bf5222837160d787d1353fcbbeaf9136fa
c0258f4c88a07e56f103daba2799b0ce6776cb4dc6b6cff213f20bb19f021162	5f7336cee5cf61f96cd20b5175605b709909aa714d33cc087d3466f57f617fff	bb61dcac06769ca45dd1f5557c5e315a0a5ef6c91f8f8fd8f6dec8c4855d4312
c0258f4c88a07e56f103daba2799b0ce6776cb4dc6b6cff213f20bb19f021162	2acc6dfff840182c12a710e41723c9d58be39cd1c35ca4bc90b833ab186ab981	1163f31315c921af267f5c165fa15639ff6a27f22da4f0d54a22c5756f4f01bb
c0258f4c88a07e56f103daba2799b0ce6776cb4dc6b6cff213f20bb19f021162	d4748cd56a1ba4db81904bd851953aa1e6ad2f30f789700f6a026e53fce2523e	03ad3d62b8d59506de2bbb6a0fb9b9e9c3e3840ceff473be4e7bae93d10a7aa7
c0258f4c88a07e56f103daba2799b0ce6776cb4dc6b6cff213f20bb19f021162	512ff00c68eaac642ac7ac7d377bf11621b1b12948db0eb2afed1bbb9abeb1c5	f2c52d8a84bfdbfdf0253c59082bf79ddf5cdadd40f16c27b3ec33a6545b905e
c0258f4c88a07e56f103daba2799b0ce6776cb4dc6b6cff213f20bb19f021162	02af8362bd0440652f8b0774287cb3d0d4d1d9f9cd0b4a348a63b5beae8d0bb4	c1b0638d4b66c508d947c069e7ca0d241c5ee6d149a290b3b1dab1f62f842b37
c0258f4c88a07e56f103daba2799b0ce6776cb4dc6b6cff213f20bb19f021162	d25b514f3ecd73eb99a9fb4df1427c72d13744c2c280a35a7e0de96e4ba264e6	e85a4bb427c8f87dd7840a7994234b7a8b3c783b7ac9584436fcbe4ff485a11c
c0258f4c88a07e56f103daba2799b0ce6776cb4dc6b6cff213f20bb19f021162	a914abac0c875449aa59bd68cc1f68bf74661024895373a19b8e770c89e48bf4	8ce849c8db38c84b2a44d6572a0772cf460a4c0c9b9edd81ed74b160f3498f67
c0258f4c88a07e56f103daba2799b0ce6776cb4dc6b6cff213f20bb19f021162	b42468bb21919254b35ba9b2d6196dacb763658d59b32092c19011fa56e5bab7	dca2587b05442efd5f959abd92d8ebcc00123da5227abd899d23727047ec47e1
c0258f4c88a07e56f103daba2799b0ce6776cb4dc6b6cff213f20bb19f021162	cdf9fb6f3e724045d145b38f4ba6029866d6eecb293b7446f663bd21619289d1	ef5d51b43d937b85b459606fdf44b9172e45f1855afde8da489c0878c98b6637
c0258f4c88a07e56f103daba2799b0ce6776cb4dc6b6cff213f20bb19f021162	fd574845f718a4699ab18dd690c0cb7d5a70e1d9e7cc79899d77dc2f820b0887	ef3df975bf32e79693f84a45aab6ce9a4ce8f6f255b2bc855334b23bd02f69c3
c0258f4c88a07e56f103daba2799b0ce6776cb4dc6b6cff213f20bb19f021162	3d01065fa8d2f127ec215cb633b545cc2e4ac01ef8e534f433e264d8466cec92	5900b78154d61769c01f152b1d733b6c6d342e64b9f80882cad772c19dced026
c0258f4c88a07e56f103daba2799b0ce6776cb4dc6b6cff213f20bb19f021162	921c715d3cff5e9294c47bb3701a2b5298ce18ac820b35f9041f0ef64a515b5c	52f4f74a17a5423f6b79fe78aa1f75a581a552605bc4e1c8d715fa578181c210
c0258f4c88a07e56f103daba2799b0ce6776cb4dc6b6cff213f20bb19f021162	0683e5161c3e6b59b9e88f8164b15ede68d7fb5f73224130d408e6b944bb1c54	471e1faf3b5fb3cb68d996af8dd80565751b48ca94da9cf079b6d83e5bdb6c97
c0258f4c88a07e56f103daba2799b0ce6776cb4dc6b6cff213f20bb19f021162	713ecac72d72778c195d5d9c494545f5310f11cc91d2682f32637262247f7d22	21efca2d51daf34d53309b5169d1da162e64194961ac01924604d8ab6c946ffb
c0258f4c88a07e56f103daba2799b0ce6776cb4dc6b6cff213f20bb19f021162	9b97ed60917ef827867593286ae20f87081430029c151e22f91f48dd824942af	4d8cacbf43ee8a53bc0fa467890739c1768af3cfe20fe49355cf238fc7472113
c0258f4c88a07e56f103daba2799b0ce6776cb4dc6b6cff213f20bb19f021162	18e2c312b8a96ec1562fa25d3622bbb6722736e47326da420bd49b5b74db66c4	f3c1683b267f956469878122341d36c533f5c407b0583165d6c049cc4af22519
c0258f4c88a07e56f103daba2799b0ce6776cb4dc6b6cff213f20bb19f021162	98d143525569f7bdaa02c909b6c26e24aaf33ab175e1b0e95ee0219e105c65c2	609315be080284ee9e9d6cc6b37e0b2fd157775c2ef7fc241e687fbdb359d21f
c0258f4c88a07e56f103daba2799b0ce6776cb4dc6b6cff213f20bb19f021162	defb17327fcc7a1eb8639e91a8c20792ef1e516ceabc01a0e650593dc60d80fd	39fab05c3e9287d0cf82d07c743e3ada7f5173e2675a574a546e590a07477a29
0cf5dd37a4e11125da2d315a3462080ab9b47ebed686b804deadd65cef7fb630	0000000000000000000000000000000000000000000000000000000000000000	0000000000000000000000000000000000000000000000000000000000000001
0cf5dd37a4e11125da2d315a3462080ab9b47ebed686b804deadd65cef7fb630	0000000000000000000000000000000000000000000000000000000000000000	0000000000000000000000000000000000000000000000000000000000000002
0cf5dd37a4e11125da2d315a3462080ab9b47ebed686b804deadd65cef7fb630	0000000000000000000000000000000000000000000000000000000000000000	0000000000000000000000000000000000000000000000000000000000000003
0cf5dd37a4e11125da2d315a3462080ab9b47ebed686b804deadd65cef7fb630	0000000000000000000000000000000000000000000000000000000000000000	00000000000000000000000000000000000000000000000000000001000003d0
0cf5dd37a4e11125da2d315a3462080ab9b47ebed686b804deadd65cef7fb630	0000000000000000000000000000000000000000000000000000000000000000	00000000000000000000000000000000000000000000000000000001000003d1
0cf5dd37a4e11125da2d315a3462080ab9b47ebed686b804deadd65cef7fb630	0000000000000000000000000000000000000000000000000000000000000000	00000000000000000000000000000000000000000000000000000001000003d2
0cf5dd37a4e11125da2d315a3462080ab9b47ebed686b804deadd65cef7fb630	0000000000000000000000000000000000000000000000000000000000000000	0000000000000000000000000000000100000000000000000000000000000001
0cf5dd37a4e11125da2d315a3462080ab9b47ebed686b804deadd65cef7fb630	0000000000000000000000000000000000000000000000000000000000000000	fffffffffffffffffffffffffffffffffffffffffffffffffffffffefffffc2e
0cf5dd37a4e11125da2d315a3462080ab9b47ebed686b804deadd65cef7fb630	0000000000000000000000000000000000000000000000000000000000000000	9f69ee183927f2de409371d48b0733735c9568941bfe791cb02499365401facb
0cf5dd37a4e11125da2d315a3462080ab9b47ebed686b804deadd65cef7fb630	0000000000000000000000000000000000000000000000000000000000000000	d3c5244fc0c8c00553ff409212b6a57b0a3b623ee0bc7b23d9147250759aa415
0cf5dd37a4e11125da2d315a3462080ab9b47ebed686b804deadd65cef7fb630	0000000000000000000000000000000000000000000000000000000000000000	5dcdef1aadba6e6f9fa7a194cf6a71df9168d97d2e9ca4dc296908565f00b4d9
0cf5dd37a4e11125da2d315a3462080ab9b47ebed686b804deadd65cef7fb630	0000000000000000000000000000000000000000000000000000000000000000	d534d578d3e1eb2b1690b9a2d4b2d2d84100437c040d8b79df6fffed9032d272
0cf5dd37a4e11125da2d315a3462080ab9b47ebed686b804deadd65cef7fb630	0000000000000000000000000000000000000000000000000000000000000000	f66fbe57319563b64a8f58cd428595b307c07a72b2164595c11d283eab60b45c
0cf5dd37a4e11125da2d315a3462080ab9b47ebed686b804deadd65cef7fb630	0000000000000000000000000000000000000000000000000000000000000000	400e17f31c864b185ee05029b4ca04a020c29967468e73e015981536dedd5700
0cf5dd37a4e11125da2d315a3462080ab9b47ebed686b804deadd65cef7fb630	0000000000000000000000000000000000000000000000000000000000000000	d435856f9ab6ccc30eb8a023031b74008865b8b6a0ce79565dfb4936b4b73fb5
0cf5dd37a4e11125da2d315a3462080ab9b47ebed686b804deadd65cef7fb630	0000000000000000000000000000000000000000000000000000000000000000	19347eb1e110c6697b2151d083099e040675b4cfa6923f26ad57d963c97e1512
0cf5dd37a4e11125da2d315a3462080ab9b47ebed686b804deadd65cef7fb630	0000000000000000000000000000000000000000000000000000000000000000	b4779d0db00a11f69106d731567d0ad360668f49b2481481d932e714a143e45f
0cf5dd37a4e11125da2d315a3462080ab9b47ebed686b804deadd65cef7fb630	0000000000000000000000000000000000000000000000000000000000000000	99d83593a28df721d8a102e8776220d5aec0976a7b2283f6065686dafe7e51fb
0cf5dd37a4e11125da2d315a3462080ab9b47ebed686b804deadd65cef7fb630	0000000000000000000000000000000000000000000000000000000000000000	ba4e25b946a879db07bca35656369b0b2979018a9ad29eea7a1777fd5fd39c85
0cf5dd37a4e11125da2d315a3462080ab9b47ebed686b804deadd65cef7fb630	0000000000000000000000000000000000000000000000000000000000000000	40b40b9c7f95437f05fab8bbb92a269c56994ea170dfacdd3b3952c1ec8bc580
0cf5dd37a4e11125da2d315a3462080ab9b47ebed686b804deadd65cef7fb630	0000000000000000000000000000000000000000000000000000000000000000	b63351de682f433979d63242bbfa3b025d702b2537cd6d9c9e957ca15d1deac8
0cf5dd37a4e11125da2d315a3462080ab9b47ebed686b804deadd65cef7fb630	0000000000000000000000000000000000000000000000000000000000000000	7558116f93c6298ec934167195825c927f3ce843e06d8dd8a7343861e7dce9d9
0cf5dd37a4e11125da2d315a3462080ab9b47ebed686b804deadd65cef7fb630	0000000000000000000000000000000000000000000000000000000000000000	dff894f905106cd06ad1dbe2c1c46aa79b53e9406b796e7c4016a7d6353db602
0cf5dd37a4e11125da2d315a3462080ab9b47ebed686b804deadd65cef7fb630	0000000000000000000000000000000000000000000000000000000000000000	994c52cd54933a2d4a1f216cc9332d2c3c642bcb967c6948aacdd903536b6325
0cf5dd37a4e11125da2d315a3462080ab9b47ebed686b804deadd65cef7fb630	0000000000000000000000000000000000000000000000000000000000000000	4b3198f4ba8705ac3c84d34411a488c5972a8e5a16d4726f0f077650d2871bdf
0cf5dd37a4e11125da2d315a3462080ab9b47ebed686b804deadd65cef7fb630	0000000000000000000000000000000000000000000000000000000000000000	174bae57a2d7a1629ba040e754ef59a8b0eda026eb917c3cc139a86c88646978
0cf5dd37a4e11125da2d315a3462080ab9b47ebed686b804deadd65cef7fb630	0000000000000000000000000000000000000000000000000000000000000000	0ea05b5d5f3613201470d6192914c594827bfe1afe65cb722b4a2393e4f8fbdd
0cf5dd37a4e11125da2d315a3462080ab9b47ebed686b804deadd65cef7fb630	0000000000000000000000000000000000000000000000000000000000000000	9351b1da87f6b5eb7537fafa579b08ff8779d847c3eb282cf6b608d3c44bef55
0cf5dd37a4e11125da2d315a3462080ab9b47ebed686b804deadd65cef7fb630	0000000000000000000000000000000000000000000000000000000000000000	ee3056755f73938fe24874c6e48e7179fc7c9cf584e86c49da8cdb2436d3caf8
0cf5dd37a4e11125da2d315a3462080ab9b47ebed686b804deadd65cef7fb630	0000000000000000000000000000000000000000000000000000000000000000	483f81fc39a2d891702b937b846a53cd1c958dc6bd180c02059bdecd2cb3c5b9
0cf5dd37a4e11125da2d315a3462080ab9b47ebed686b804deadd65cef7fb630	0000000000000000000000000000000000000000000000000000000000000000	9bdb8c2fb94e8eb23b0b82372348b7f665c83cc61618aef659c20cafc3756577
0cf5dd37a4e11125da2d315a3462080ab9b47ebed686b804deadd65cef7fb630	0000000000000000000000000000000000000000000000000000000000000000	14866b25bfec8d9088ea50e559c7cca8ad737550b972896b141596c723d09595
0cf5dd37a4e11125da2d315a3462080ab9b47ebed686b804deadd65cef7fb630	0000000000000000000000000000000000000000000000000000000000000001	0000000000000000000000000000000000000000000000000000000000000001
0cf5dd37a4e11125da2d315a3462080ab9b47ebed686b804deadd65cef7fb630	0000000000000000000000000000000000000000000000000000000000000001	fffffffffffffffffffffffffffffffffffffffffffffffffffffffefffffc2e
0cf5dd37a4e11125da2d315a3462080ab9b47ebed686b804deadd65cef7fb630	fffffffffffffffffffffffffffffffffffffffffffffffffffffffefffffc2e	0000000000000000000000000000000000000000000000000000000000000001
0cf5dd37a4e11125da2d315a3462080ab9b47ebed686b804deadd65cef7fb630	fffffffffffffffffffffffffffffffffffffffffffffffffffffffefffffc2e	fffffffffffffffffffffffffffffffffffffffffffffffffffffffefffffc2e
0cf5dd37a4e11125da2d315a3462080ab9b47ebed686b804deadd65cef7fb630	00000000000000000000000000000000000000000000000000000001000003d1	00000000000000000000000000000000000000000000000000000001000003d2
0cf5dd37a4e11125da2d315a3462080ab9b47ebed686b804deadd65cef7fb630	00000000000000000000000000000000ffffffffffffffffffffffffffffffff	0000000000000000000000000000000100000000000000000000000000000001
0cf5dd37a4e11125da2d315a3462080ab9b47ebed686b804deadd65cef7fb630	7fffffffffffffffffffffffffffffffffffffffffffffffffffffffffffffed	00000000000000000000000000000000000000000000000000000001000003d1
0cf5dd37a4e11125da2d315a3462080ab9b47ebed686b804deadd65cef7fb630	00000000000000000000000000000000000000000000000000000001000003d2	8000000000000000000000000000000000000000000000000000000000000013
0cf5dd37a4e11125da2d315a3462080ab9b47ebed686b804deadd65cef7fb630	96de292ad08c05f33374ff077e037057cb1976be5fd11814eb427a298826a7de	f5a02b551d42e1af8af605ff1660926f160366df7b9584c2f4e83c5251d4ac4a
0cf5dd37a4e11125da2d315a3462080ab9b47ebed686b804deadd65cef7fb630	4d6ec7bab20514a58c089d6067f55985b8392d48b5531403790e390b58cb6397	a3b527dc3ded3db1ebb2d76d1e0f1d3ba27e4a809a3654648bbde08dbf1f454c
0cf5dd37a4e11125da2d315a3462080ab9b47ebed686b804deadd65cef7fb630	e45d6b3a7bab850fd4636fc1bec55df32d3abc216d2837543c5ba15d153069f1	ddbec74a741dcc3fccbef14fb226877249dae56655d5d9a1b1a073c6e04abe33
0cf5dd37a4e11125da2d315a3462080ab9b47ebed686b804deadd65cef7fb630	bd9c04cdfd5b0caa1588bd3d277d72ace38f467b02aba014e5a8e90eeb3fbe1a	1bb54365673065de32ecf60d870ba0653ed1c3e18b6bedc01dd5d4dd04bbe4ca
0cf5dd37a4e11125da2d315a3462080ab9b47ebed686b804deadd65cef7fb630	2beaf41bc983d4f633f48d269bfa408bfc599b1e1b73e28d09e3ee7ea71ac7a6	357cec24e0b81663bc645f7cf6352799e9e2022fd4915646b6785bedbcbe7334
0cf5dd37a4e11125da2d315a3462080ab9b47ebed686b804deadd65cef7fb630	b5c07245c079654f786d357f629f0790f7723aad5562066fe2e4f01b9e1cddc8	a6584ec2aadddec9d4bd5db607d1f8bf5222837160d787d1353fcbbeaf9136fa
0cf5dd37a4e11125da2d315a3462080ab9b47ebed686b804deadd65cef7fb630	5f7336cee5cf61f96cd20b5175605b709909aa714d33cc087d3466f57f617fff	bb61dcac06769ca45dd1f5557c5e315a0a5ef6c91f8f8fd8f6dec8c4855d4312
0cf5dd37a4e11125da2d315a3462080ab9b47ebed686b804deadd65cef7fb630	2acc6dfff840182c12a710e41723c9d58be39cd1c35ca4bc90b833ab186ab981	1163f31315c921af267f5c165fa15639ff6a27f22da4f0d54a22c5756f4f01bb
0cf5dd37a4e11125da2d315a3462080ab9b47ebed686b804deadd65cef7fb630	d4748cd56a1ba4db81904bd851953aa1e6ad2f30f789700f6a026e53fce2523e	03ad3d62b8d59506de2bbb6a0fb9b9e9c3e3840ceff473be4e7bae93d10a7aa7
0cf5dd37a4e11125da2d315a3462080ab9b47ebed686b804deadd65cef7fb630	512ff00c68eaac642ac7ac7d377bf11621b1b12948db0eb2afed1bbb9abeb1c5	f2c52d8a84bfdbfdf0253c59082bf79ddf5cdadd40f16c27b3ec33a6545b905e
0cf5dd37a4e11125da2d315a3462080ab9b47ebed686b804deadd65cef7fb630	02af8362bd0440652f8b0774287cb3d0d4d1d9f9cd0b4a348a63b5beae8d0bb4	c1b0638d4b66c508d947c069e7ca0d241c5ee6d149a290b3b1dab1f62f842b37
0cf5dd37a4e11125da2d315a3462080ab9b47ebed686b804deadd65cef7fb630	d25b514f3ecd73eb99a9fb4df1427c72d13744c2c280a35a7e0de96e4ba264e6	e85a4bb427c8f87dd7840a7994234b7a8b3c783b7ac9584436fcbe4ff485a11c
0cf5dd37a4e11125da2d315a3462080ab9b47ebed686b804deadd65cef7fb630	a914abac0c875449aa59bd68cc1f68bf74661024895373a19b8e770c89e48bf4	8ce849c8db38c84b2a44d6572a0772cf460a4c0c9b9edd81ed74b160f3498f67
0cf5dd37a4e11125da2d315a3462080ab9b47ebed686b804deadd65cef7fb630	b42468bb21919254b35ba9b2d6196dacb763658d59b32092c19011fa56e5bab7	dca2587b05442efd5f959abd92d8ebcc00123da5227abd899d23727047ec47e1
0cf5dd37a4e11125da2d315a3462080ab9b47ebed686b804deadd65cef7fb630	cdf9fb6f3e724045d145b38f4ba6029866d6eecb293b7446f663bd21619289d1	ef5d51b43d937b85b459606fdf44b9172e45f1855afde8da489c0878c98b6637
0cf5dd37a4e11125da2d315a3462080ab9b47ebed686b804deadd65cef7fb630	fd574845f718a4699ab18dd690c0cb7d5a70e1d9e7cc79899d77dc2f820b0887	ef3df975bf32e79693f84a45aab6ce9a4ce8f6f255b2bc855334b23bd02f69c3
0cf5dd37a4e11125da2d315a3462080ab9b47ebed686b804deadd65cef7fb630	3d01065fa8d2f127ec215cb633b545cc2e4ac01ef8e534f433e264d8466cec92	5900b78154d61769c01f152b1d733b6c6d342e64b9f80882cad772c19dced026
0cf5dd37a4e11125da2d315a3462080ab9b47ebed686b804deadd65cef7fb630	921c715d3cff5e9294c47bb3701a2b5298ce18ac820b35f9041f0ef64a515b5c	52f4f74a17a5423f6b79fe78aa1f75a581a552605bc4e1c8d715fa578181c210
0cf5dd37a4e11125da2d315a3462080ab9b47ebed686b804deadd65cef7fb630	0683e5161c3e6b59b9e88f8164b15ede68d7fb5f73224130d408e6b944bb1c54	471e1faf3b5fb3cb68d996af8dd80565751b48ca94da9cf079b6d83e5bdb6c97
0cf5dd37a4e11125da2d315a3462080ab9b47ebed686b804deadd65cef7fb630	713ecac72d72778c195d5d9c494545f5310f11cc91d2682f32637262247f7d22	21efca2d51daf34d53309b5169d1da162e64194961ac01924604d8ab6c946ffb
0cf5dd37a4e11125da2d315a3462080ab9b47ebed686b804deadd65cef7fb630	9b97ed60917ef827867593286ae20f87081430029c151e22f91f48dd824942af	4d8cacbf43ee8a53bc0fa467890739c1768af3cfe20fe49355cf238fc7472113
0cf5dd37a4e11125da2d315a3462080ab9b47ebed686b804deadd65cef7fb630	18e2c312b8a96ec1562fa25d3622bbb6722736e47326da420bd49b5b74db66c4	f3c1683b267f956469878122341d36c533f5c407b0583165d6c049cc4af22519
0cf5dd37a4e11125da2d315a3462080ab9b47ebed686b804deadd65cef7fb630	98d143525569f7bdaa02c909b6c26e24aaf33ab175e1b0e95ee0219e105c65c2	609315be080284ee9e9d6cc6b37e0b2fd157775c2ef7fc241e687fbdb359d21f
0cf5dd37a4e11125da2d315a3462080ab9b47ebed686b804deadd65cef7fb630	defb17327fcc7a1eb8639e91a8c20792ef1e516ceabc01a0e650593dc60d80fd	39fab05c3e9287d0cf82d07c743e3ada7f5173e2675a574a546e590a07477a29
f49b055c0c33dd8f19767ac87b55e2c0af5d188fd91e9df22f7105fde6658573	0000000000000000000000000000000000000000000000000000000000000000	0000000000000000000000000000000000000000000000000000000000000001
f49b055c0c33dd8f19767ac87b55e2c0af5d188fd91e9df22f7105fde6658573	0000000000000000000000000000000000000000000000000000000000000000	0000000000000000000000000000000000000000000000000000000000000002
f49b055c0c33dd8f19767ac87b55e2c0af5d188fd91e9df22f7105fde6658573	0000000000000000000000000000000000000000000000000000000000000000	0000000000000000000000000000000000000000000000000000000000000003
f49b055c0c33dd8f19767ac87b55e2c0af5d188fd91e9df22f7105fde6658573	0000000000000000000000000000000000000000000000000000000000000000	00000000000000000000000000000000000000000000000000000001000003d0
f49b055c0c33dd8f19767ac87b55e2c0af5d188fd91e9df22f7105fde6658573	0000000000000000000000000000000000000000000000000000000000000000	00000000000000000000000000000000000000000000000000000001000003d1
f49b055c0c33dd8f19767ac87b55e2c0af5d188fd91e9df22f7105fde6658573	0000000000000000000000000000000000000000000000000000000000000000	00000000000000000000000000000000000000000000000000000001000003d2
f49b055c0c33dd8f19767ac87b55e2c0af5d188fd91e9df22f7105fde6658573	0000000000000000000000000000000000000000000000000000000000000000	0000000000000000000000000000000100000000000000000000000000000001
f49b055c0c33dd8f19767ac87b55e2c0af5d188fd91e9df22f7105fde6658573	0000000000000000000000000000000000000000000000000000000000000000	fffffffffffffffffffffffffffffffffffffffffffffffffffffffefffffc2e
f49b055c0c33dd8f19767ac87b55e2c0af5d188fd91e9df22f7105fde6658573	0000000000000000000000000000000000000000000000000000000000000000	9f69ee183927f2de409371d48b0733735c9568941bfe791cb02499365401facb
f49b055c0c33dd8f19767ac87b55e2c0af5d188fd91e9df22f7105fde6658573	0000000000000000000000000000000000000000000000000000000000000000	d3c5244fc0c8c00553ff409212b6a57b0a3b623ee0bc7b23d9147250759aa415
f49b055c0c33dd8f19767ac87b55e2c0af5d188fd91e9df22f7105fde6658573	0000000000000000000000000000000000000000000000000000000000000000	5dcdef1aadba6e6f9fa7a194cf6a71df9168d97d2e9ca4dc296908565f00b4d9
f49b055c0c33dd8f19767ac87b55e2c0af5d188fd91e9df22f7105fde6658573	0000000000000000000000000000000000000000000000000000000000000000	d534d578d3e1eb2b1690b9a2d4b2d2d84100437c040d8b79df6fffed9032d272
f49b055c0c33dd8f19767ac87b55e2c0af5d188fd91e9df22f7105fde6658573	0000000000000000000000000000000000000000000000000000000000000000	f66fbe57319563b64a8f58cd428595b307c07a72b2164595c11d283eab60b45c
f49b055c0c33dd8f19767ac87b55e2c0af5d188fd91e9df22f7105fde6658573	0000000000000000000000000000000000000000000000000000000000000000	400e17f31c864b185ee05029b4ca04a020c29967468e73e015981536dedd5700
f49b055c0c33dd8f19767ac87b55e2c0af5d188fd91e9df22f7105fde6658573	0000000000000000000000000000000000000000000000000000000000000000	d435856f9ab6ccc30eb8a023031b74008865b8b6a0ce79565dfb4936b4b73fb5
f49b055c0c33dd8f19767ac87b55e2c0af5d188fd91e9df22f7105fde6658573	0000000000000000000000000000000000000000000000000000000000000000	19347eb1e110c6697b2151d083099e040675b4cfa6923f26ad57d963c97e1512
f49b055c0c33dd8f19767ac87b55e2c0af5d188fd91e9df22f7105fde6658573	0000000000000000000000000000000000000000000000000000000000000000	b4779d0db00a11f69106d731567d0ad360668f49b2481481d932e714a143e45f
f49b055c0c33dd8f19767ac87b55e2c0af5d188fd91e9df22f7105fde6658573	0000000000000000000000000000000000000000000000000000000000000000	99d83593a28df721d8a102e8776220d5aec0976a7b2283f6065686dafe7e51fb
f49b055c0c33dd8f19767ac87b55e2c0af5d188fd91e9df22f7105fde6658573	0000000000000000000000000000000000000000000000000000000000000000	ba4e25b946a879db07bca35656369b0b2979018a9ad29eea7a1777fd5fd39c85
f49b055c0c33dd8f19767ac87b55e2c0af5d188fd91e9df22f7105fde6658573	0000000000000000000000000000000000000000000000000000000000000000	40b40b9c7f95437f05fab8bbb92a269c56994ea170dfacdd3b3952c1ec8bc580
f49b055c0c33dd8f19767ac87b55e2c0af5d188fd91e9df22f7105fde6658573	0000000000000000000000000000000000000000000000000000000000000000	b63351de682f433979d63242bbfa3b025d702b2537cd6d9c9e957ca15d1deac8
f49b055c0c33dd8f19767ac87b55e2c0af5d188fd91e9df22f7105fde6658573	0000000000000000000000000000000000000000000000000000000000000000	7558116f93c6298ec934167195825c927f3ce843e06d8dd8a7343861e7dce9d9
f49b055c0c33dd8f19767ac87b55e2c0af5d188fd91e9df22f7105fde6658573	0000000000000000000000000000000000000000000000000000000000000000	dff894f905106cd06ad1dbe2c1c46aa79b53e9406b796e7c4016a7d6353db602
f49b055c0c33dd8f19767ac87b55e2c0af5d188fd91e9df22f7105fde6658573	0000000000000000000000000000000000000000000000000000000000000000	994c52cd54933a2d4a1f216cc9332d2c3c642bcb967c6948aacdd903536b6325
f49b055c0c33dd8f19767ac87b55e2c0af5d188fd91e9df22f7105fde6658573	0000000000000000000000000000000000000000000000000000000000000000	4b3198f4ba8705ac3c84d34411a488c5972a8e5a16d4726f0f077650d2871bdf
f49b055c0c33dd8f19767ac87b55e2c0af5d188fd91e9df22f7105fde6658573	0000000000000000000000000000000000000000000000000000000000000000	174bae57a2d7a1629ba040e754ef59a8b0eda026eb917c3cc139a86c88646978
f49b055c0c33dd8f19767ac87b55e2c0af5d188fd91e9df22f7105fde6658573	0000000000000000000000000000000000000000000000000000000000000000	0ea05b5d5f3613201470d6192914c594827bfe1afe65cb722b4a2393e4f8fbdd
f49b055c0c33dd8f19767ac87b55e2c0af5d188fd91e9df22f7105fde6658573	0000000000000000000000000000000000000000000000000000000000000000	9351b1da87f6b5eb7537fafa579b08ff8779d847c3eb282cf6b608d3c44bef55
f49b055c0c33dd8f19767ac87b55e2c0af5d188fd91e9df22f7105fde6658573	0000000000000000000000000000000000000000000000000000000000000000	ee3056755f73938fe24874c6e48e7179fc7c9cf584e86c49da8cdb2436d3caf8
f49b055c0c33dd8f19767ac87b55e2c0af5d188fd91e9df22f7105fde6658573	0000000000000000000000000000000000000000000000000000000000000000	483f81fc39a2d891702b937b846a53cd1c958dc6bd180c02059bdecd2cb3c5b9
f49b055c0c33dd8f19767ac87b55e2c0af5d188fd91e9df22f7105fde6658573	0000000000000000000000000000000000000000000000000000000000000000	9bdb8c2fb94e8eb23b0b82372348b7f665c83cc61618aef659c20cafc3756577
f49b055c0c33dd8f19767ac87b55e2c0af5d188fd91e9df22f7105fde6658573	0000000000000000000000000000000000000000000000000000000000000000	14866b25bfec8d9088ea50e559c7cca8ad737550b972896b141596c723d09595
f49b055c0c33dd8f19767ac87b55e2c0af5d188fd91e9df22f7105fde6658573	0000000000000000000000000000000000000000000000000000000000000001	0000000000000000000000000000000000000000000000000000000000000001
f49b055c0c33dd8f19767ac87b55e2c0af5d188fd91e9df22f7105fde6658573	0000000000000000000000000000000000000000000000000000000000000001	fffffffffffffffffffffffffffffffffffffffffffffffffffffffefffffc2e
f49b055c0c33dd8f19767ac87b55e2c0af5d188fd91e9df22f7105fde6658573	fffffffffffffffffffffffffffffffffffffffffffffffffffffffefffffc2e	0000000000000000000000000000000000000000000000000000000000000001
f49b055c0c33dd8f19767ac87b55e2c0af5d188fd91e9df22f7105fde6658573	fffffffffffffffffffffffffffffffffffffffffffffffffffffffefffffc2e	fffffffffffffffffffffffffffffffffffffffffffffffffffffffefffffc2e
f49b055c0c33dd8f19767ac87b55e2c0af5d188fd91e9df22f7105fde6658573	00000000000000000000000000000000000000000000000000000001000003d1	00000000000000000000000000000000000000000000000000000001000003d2
f49b055c0c33dd8f19767ac87b55e2c0af5d188fd91e9df22f7105fde6658573	00000000000000000000000000000000ffffffffffffffffffffffffffffffff	0000000000000000000000000000000100000000000000000000000000000001
f49b055c0c33dd8f19767ac87b55e2c0af5d188fd91e9df22f7105fde6658573	7fffffffffffffffffffffffffffffffffffffffffffffffffffffffffffffed	00000000000000000000000000000000000000000000000000000001000003d1
f49b055c0c33dd8f19767ac87b55e2c0af5d188fd91e9df22f7105fde6658573	00000000000000000000000000000000000000000000000000000001000003d2	8000000000000000000000000000000000000000000000000000000000000013
f49b055c0c33dd8f19767ac87b55e2c0af5d188fd91e9df22f7105fde6658573	96de292ad08c05f33374ff077e037057cb1976be5fd11814eb427a298826a7de	f5a02b551d42e1af8af605ff1660926f160366df7b9584c2f4e83c5251d4ac4a
f49b055c0c33dd8f19767ac87b55e2c0af5d188fd91e9df22f7105fde6658573	4d6ec7bab20514a58c089d6067f55985b8392d48b5531403790e390b58cb6397	a3b527dc3ded3db1ebb2d76d1e0f1d3ba27e4a809a3654648bbde08dbf1f454c
f49b055c0c33dd8f19767ac87b55e2c0af5d188fd91e9df22f7105fde6658573	e45d6b3a7bab850fd4636fc1bec55df32d3abc216d2837543c5ba15d153069f1	ddbec74a741dcc3fccbef14fb226877249dae56655d5d9a1b1a073c6e04abe33
f49b055c0c33dd8f19767ac87b55e2c0af5d188fd91e9df22f7105fde6658573	bd9c04cdfd5b0caa1588bd3d277d72ace38f467b02aba014e5a8e90eeb3fbe1a	1bb54365673065de32ecf60d870ba0653ed1c3e18b6bedc01dd5d4dd04bbe4ca
f49b055c0c33dd8f19767ac87b55e2c0af5d188fd91e9df22f7105fde6658573	2beaf41bc983d4f633f48d269bfa408bfc599b1e1b73e28d09e3ee7ea71ac7a6	357cec24e0b81663bc645f7cf6352799e9e2022fd4915646b6785bedbcbe7334
f49b055c0c33dd8f19767ac87b55e2c0af5d188fd91e9df22f7105fde6658573	b5c07245c079654f786d357f629f0790f7723aad5562066fe2e4f01b9e1cddc8	a6584ec2aadddec9d4bd5db607d1f8bf5222837160d787d1353fcbbeaf9136fa
f49b055c0c33dd8f19767ac87b55e2c0af5d188fd91e9df22f7105fde6658573	5f7336cee5cf61f96cd20b5175605b709909aa714d33cc087d3466f57f617fff	bb61dcac06769ca45dd1f5557c5e315a0a5ef6c91f8f8fd8f6dec8c4855d4312
f49b055c0c33dd8f19767ac87b55e2c0af5d188fd91e9df22f7105fde6658573	2acc6dfff840182c12a710e41723c9d58be39cd1c35ca4bc90b833ab186ab981	1163f31315c921af267f5c165fa15639ff6a27f22da4f0d54a22c5756f4f01bb
f49b055c0c33dd8f19767ac87b55e2c0af5d188fd91e9df22f7105fde6658573	d4748cd56a1ba4db81904bd851953aa1e6ad2f30f789700f6a026e53fce2523e	03ad3d62b8d59506de2bbb6a0fb9b9e9c3e3840ceff473be4e7bae93d10a7aa7
f49b055c0c33dd8f19767ac87b55e2c0af5d188fd91e9df22f7105fde6658573	512ff00c68eaac642ac7ac7d377bf11621b1b12948db0eb2afed1bbb9abeb1c5	f2c52d8a84bfdbfdf0253c59082bf79ddf5cdadd40f16c27b3ec33a6545b905e
f49b055c0c33dd8f19767ac87b55e2c0af5d188fd91e9df22f7105fde6658573	02af8362bd0440652f8b0774287cb3d0d4d1d9f9cd0b4a348a63b5beae8d0bb4	c1b0638d4b66c508d947c069e7ca0d241c5ee6d149a290b3b1dab1f62f842b37
f49b055c0c33dd8f19767ac87b55e2c0af5d188fd91e9df22f7105fde6658573	d25b514f3ecd73eb99a9fb4df1427c72d13744c2c280a35a7e0de96e4ba264e6	e85a4bb427c8f87dd7840a7994234b7a8b3c783b7ac9584436fcbe4ff485a11c
f49b055c0c33dd8f19767ac87b55e2c0af5d188fd91e9df22f7105fde6658573	a914abac0c875449aa59bd68cc1f68bf74661024895373a19b8e770c89e48bf4	8ce849c8db38c84b2a44d6572a0772cf460a4c0c9b9edd81ed74b160f3498f67
f49b055c0c33dd8f19767ac87b55e2c0af5d188fd91e9df22f7105fde6658573	b42468bb21919254b35ba9b2d6196dacb763658d59b32092c19011fa56e5bab7	dca2587b05442efd5f959abd92d8ebcc00123da5227abd899d23727047ec47e1
f49b055c0c33dd8f19767ac87b55e2c0af5d188fd91e9df22f7105fde6658573	cdf9fb6f3e724045d145b38f4ba6029866d6eecb293b7446f663bd21619289d1	ef5d51b43d937b85b459606fdf44b9172e45f1855afde8da489c0878c98b6637
f49b055c0c33dd8f19767ac87b55e2c0af5d188fd91e9df22f7105fde6658573	fd574845f718a4699ab18dd690c0cb7d5a70e1d9e7cc79899d77dc2f820b0887	ef3df975bf32e79693f84a45aab6ce9a4ce8f6f255b2bc855334b23bd02f69c3
f49b055c0c33dd8f19767ac87b55e2c0af5d188fd91e9df22f7105fde6658573	3d01065fa8d2f127ec215cb633b545cc2e4ac01ef8e534f433e264d8466cec92	5900b78154d61769c01f152b1d733b6c6d342e64b9f80882cad772c19dced026
f49b055c0c33dd8f19767ac87b55e2c0af5d188fd91e9df22f7105fde6658573	921c715d3cff5e9294c47bb3701a2b5298ce18ac820b35f9041f0ef64a515b5c	52f4f74a17a5423f6b79fe78aa1f75a581a552605bc4e1c8d715fa578181c210
f49b055c0c33dd8f19767ac87b55e2c0af5d188fd91e9df22f7105fde6658573	0683e5161c3e6b59b9e88f8164b15ede68d7fb5f73224130d408e6b944bb1c54	471e1faf3b5fb3cb68d996af8dd80565751b48ca94da9cf079b6d83e5bdb6c97
f49b055c0c33dd8f19767ac87b55e2c0af5d188fd91e9df22f7105fde6658573	713ecac72d72778c195d5d9c494545f5310f11cc91d2682f32637262247f7d22	21efca2d51daf34d53309b5169d1da162e64194961ac01924604d8ab6c946ffb
f49b055c0c33dd8f19767ac87b55e2c0af5d188fd91e9df22f7105fde6658573	9b97ed60917ef827867593286ae20f87081430029c151e22f91f48dd824942af	4d8cacbf43ee8a53bc0fa467890739c1768af3cfe20fe49355cf238fc7472113
f49b055c0c33dd8f19767ac87b55e2c0af5d188fd91e9df22f7105fde6658573	18e2c312b8a96ec1562fa25d3622bbb6722736e47326da420bd49b5b74db66c4	f3c1683b267f956469878122341d36c533f5c407b0583165d6c049cc4af22519
f49b055c0c33dd8f19767ac87b55e2c0af5d188fd91e9df22f7105fde6658573	98d143525569f7bdaa02c909b6c26e24aaf33ab175e1b0e95ee0219e105c65c2	609315be080284ee9e9d6cc6b37e0b2fd157775c2ef7fc241e687fbdb359d21f
f49b055c0c33dd8f19767ac87b55e2c0af5d188fd91e9df22f7105fde6658573	defb17327fcc7a1eb8639e91a8c20792ef1e516ceabc01a0e650593dc60d80fd	39fab05c3e9287d0cf82d07c743e3ada7f5173e2675a574a546e590a07477a29
f949934b1206b5fb2b9b2c0ecc6043fdb26ecfe59eb981dadbba0d4c58cd1ce4	0000000000000000000000000000000000000000000000000000000000000000	0000000000000000000000000000000000000000000000000000000000000001
f949934b1206b5fb2b9b2c0ecc6043fdb26ecfe59eb981dadbba0d4c58cd1ce4	0000000000000000000000000000000000000000000000000000000000000000	0000000000000000000000000000000000000000000000000000000000000002
f949934b1206b5fb2b9b2c0ecc6043fdb26ecfe59eb981dadbba0d4c58cd1ce4	0000000000000000000000000000000000000000000000000000000000000000	0000000000000000000000000000000000000000000000000000000000000003
f949934b1206b5fb2b9b2c0ecc6043fdb26ecfe59eb981dadbba0d4c58cd1ce4	0000000000000000000000000000000000000000000000000000000000000000	00000000000000000000000000000000000000000000000000000001000003d0
f949934b1206b5fb2b9b2c0ecc6043fdb26ecfe59eb981dadbba0d4c58cd1ce4	0000000000000000000000000000000000000000000000000000000000000000	00000000000000000000000000000000000000000000000000000001000003d1
f949934b1206b5fb2b9b2c0ecc6043fdb26ecfe59eb981dadbba0d4c58cd1ce4	0000000000000000000000000000000000000000000000000000000000000000	00000000000000000000000000000000000000000000000000000001000003d2
f949934b1206b5fb2b9b2c0ecc6043fdb26ecfe59eb981dadbba0d4c58cd1ce4	0000000000000000000000000000000000000000000000000000000000000000	0000000000000000000000000000000100000000000000000000000000000001
f949934b1206b5fb2b9b2c0ecc6043fdb26ecfe59eb981dadbba0d4c58cd1ce4	0000000000000000000000000000000000000000000000000000000000000000	fffffffffffffffffffffffffffffffffffffffffffffffffffffffefffffc2e
f949934b1206b5fb2b9b2c0ecc6043fdb26ecfe59eb981dadbba0d4c58cd1ce4	0000000000000000000000000000000000000000000000000000000000000000	9f69ee183927f2de409371d48b0733735c9568941bfe791cb02499365401facb
f949934b1206b5fb2b9b2c0ecc6043fdb26ecfe59eb981dadbba0d4c58cd1ce4	0000000000000000000000000000000000000000000000000000000000000000	d3c5244fc0c8c00553ff409212b6a57b0a3b623ee0bc7b23d9147250759aa415
f949934b1206b5fb2b9b2c0ecc6043fdb26ecfe59eb981dadbba0d4c58cd1ce4	0000000000000000000000000000000000000000000000000000000000000000	5dcdef1aadba6e6f9fa7a194cf6a71df9168d97d2e9ca4dc296908565f00b4d9
f949934b1206b5fb2b9b2c0ecc6043fdb26ecfe59eb981dadbba0d4c58cd1ce4	0000000000000000000000000000000000000000000000000000000000000000	d534d578d3e1eb2b1690b9a2d4b2d2d84100437c040d8b79df6fffed9032d272
f949934b1206b5fb2b9b2c0ecc6043fdb26ecfe59eb981dadbba0d4c58cd1ce4	0000000000000000000000000000000000000000000000000000000000000000	f66fbe57319563b64a8f58cd428595b307c07a72b2164595c11d283eab60b45c
f949934b1206b5fb2b9b2c0ecc6043fdb26ecfe59eb981dadbba0d4c58cd1ce4	0000000000000000000000000000000000000000000000000000000000000000	400e17f31c864b185ee05029b4ca04a020c29967468e73e015981536dedd5700
f949934b1206b5fb2b9b2c0ecc6043fdb26ecfe59eb981dadbba0d4c58cd1ce4	0000000000000000000000000000000000000000000000000000000000000000	d435856f9ab6ccc30eb8a023031b74008865b8b6a0ce79565dfb4936b4b73fb5
f949934b1206b5fb2b9b2c0ecc6043fdb26ecfe59eb981dadbba0d4c58cd1ce4	0000000000000000000000000000000000000000000000000000000000000000	19347eb1e110c6697b2151d083099e040675b4cfa6923f26ad57d963c97e1512
f949934b1206b5fb2b9b2c0ecc6043fdb26ecfe59eb981dadbba0d4c58cd1ce4	0000000000000000000000000000000000000000000000000000000000000000	b4779d0db00a11f69106d731567d0ad360668f49b2481481d932e714a143e45f
f949934b1206b5fb2b9b2c0ecc6043fdb26ecfe59eb981dadbba0d4c58cd1ce4	0000000000000000000000000000000000000000000000000000000000000000	99d83593a28df721d8a102e8776220d5aec0976a7b2283f6065686dafe7e51fb
f949934b1206b5fb2b9b2c0ecc6043fdb26ecfe59eb981dadbba0d4c58cd1ce4	0000000000000000000000000000000000000000000000000000000000000000	ba4e25b946a879db07bca35656369b0b2979018a9ad29eea7a1777fd5fd39c85
f949934b1206b5fb2b9b2c0ecc6043fdb26ecfe59eb981dadbba0d4c58cd1ce4	0000000000000000000000000000000000000000000000000000000000000000	40b40b9c7f95437f05fab8bbb92a269c56994ea170dfacdd3b3952c1ec8bc580
f949934b1206b5fb2b9b2c0ecc6043fdb26ecfe59eb981dadbba0d4c58cd1ce4	0000000000000000000000000000000000000000000000000000000000000000	b63351de682f433979d63242bbfa3b025d702b2537cd6d9c9e957ca15d1deac8
f949934b1206b5fb2b9b2c0ecc6043fdb26ecfe59eb981dadbba0d4c58cd1ce4	0000000000000000000000000000000000000000000000000000000000000000	7558116f93c6298ec934167195825c927f3ce843e06d8dd8a7343861e7dce9d9
f949934b1206b5fb2b9b2c0ecc6043fdb26ecfe59eb981dadbba0d4c58cd1ce4	0000000000000000000000000000000000000000000000000000000000000000	dff894f905106cd06ad1dbe2c1c46aa79b53e9406b796e7c4016a7d6353db602
f949934b1206b5fb2b9b2c0ecc6043fdb26ecfe59eb981dadbba0d4c58cd1ce4	0000000000000000000000000000000000000000000000000000000000000000	994c52cd54933a2d4a1f216cc9332d2c3c642bcb967c6948aacdd903536b6325
f949934b1206b5fb2b9b2c0ecc6043fdb26ecfe59eb981dadbba0d4c58cd1ce4	0000000000000000000000000000000000000000000000000000000000000000	4b3198f4ba8705ac3c84d34411a488c5972a8e5a16d4726f0f077650d2871bdf
f949934b1206b5fb2b9b2c0ecc6043fdb26ecfe59eb981dadbba0d4c58cd1ce4	0000000000000000000000000000000000000000000000000000000000000000	174bae57a2d7a1629ba040e754ef59a8b0eda026eb917c3cc139a86c88646978
f949934b1206b5fb2b9b2c0ecc6043fdb26ecfe59eb981dadbba0d4c58cd1ce4	0000000000000000000000000000000000000000000000000000000000000000	0ea05b5d5f3613201470d6192914c594827bfe1afe65cb722b4a2393e4f8fbdd
f949934b1206b5fb2b9b2c0ecc6043fdb26ecfe59eb981dadbba0d4c58cd1ce4	0000000000000000000000000000000000000000000000000000000000000000	9351b1da87f6b5eb7537fafa579b08ff8779d847c3eb282cf6b608d3c44bef55
f949934b1206b5fb2b9b2c0ecc6043fdb26ecfe59eb981dadbba0d4c58cd1ce4	0000000000000000000000000000000000000000000000000000000000000000	ee3056755f73938fe24874c6e48e7179fc7c9cf584e86c49da8cdb2436d3caf8
f949934b1206b5fb2b9b2c0ecc6043fdb26ecfe59eb981dadbba0d4c58cd1ce4	0000000000000000000000000000000000000000000000000000000000000000	483f81fc39a2d891702b937b846a53cd1c958dc6bd180c02059bdecd2cb3c5b9
f949934b1206b5fb2b9b2c0ecc6043fdb26ecfe59eb981dadbba0d4c58cd1ce4	0000000000000000000000000000000000000000000000000000000000000000	9bdb8c2fb94e8eb23b0b82372348b7f665c83cc61618aef659c20cafc3756577
f949934b1206b5fb2b9b2c0ecc6043fdb26ecfe59eb981dadbba0d4c58cd1ce4	0000000000000000000000000000000000000000000000000000000000000000	14866b25bfec8d9088ea50e559c7cca8ad737550b972896b141596c723d09595
f949934b1206b5fb2b9b2c0ecc6043fdb26ecfe59eb981dadbba0d4c58cd1ce4	0000000000000000000000000000000000000000000000000000000000000001	0000000000000000000000000000000000000000000000000000000000000001
f949934b1206b5fb2b9b2c0ecc6043fdb26ecfe59eb981dadbba0d4c58cd1ce4	0000000000000000000000000000000000000000000000000000000000000001	fffffffffffffffffffffffffffffffffffffffffffffffffffffffefffffc2e
f949934b1206b5fb2b9b2c0ecc6043fdb26ecfe59eb981dadbba0d4c58cd1ce4	fffffffffffffffffffffffffffffffffffffffffffffffffffffffefffffc2e	0000000000000000000000000000000000000000000000000000000000000001
f949934b1206b5fb2b9b2c0ecc6043fdb26ecfe59eb981dadbba0d4c58cd1ce4	fffffffffffffffffffffffffffffffffffffffffffffffffffffffefffffc2e	fffffffffffffffffffffffffffffffffffffffffffffffffffffffefffffc2e
f949934b1206b5fb2b9b2c0ecc6043fdb26ecfe59eb981dadbba0d4c58cd1ce4	00000000000000000000000000000000000000000000000000000001000003d1	00000000000000000000000000000000000000000000000000000001000003d2
f949934b1206b5fb2b9b2c0ecc6043fdb26ecfe59eb981dadbba0d4c58cd1ce4	00000000000000000000000000000000ffffffffffffffffffffffffffffffff	0000000000000000000000000000000100000000000000000000000000000001
f949934b1206b5fb2b9b2c0ecc6043fdb26ecfe59eb981dadbba0d4c58cd1ce4	7fffffffffffffffffffffffffffffffffffffffffffffffffffffffffffffed	00000000000000000000000000000000000000000000000000000001000003d1
f949934b1206b5fb2b9b2c0ecc6043fdb26ecfe59eb981dadbba0d4c58cd1ce4	00000000000000000000000000000000000000000000000000000001000003d2	8000000000000000000000000000000000000000000000000000000000000013
f949934b1206b5fb2b9b2c0ecc6043fdb26ecfe59eb981dadbba0d4c58cd1ce4	96de292ad08c05f33374ff077e037057cb1976be5fd11814eb427a298826a7de	f5a02b551d42e1af8af605ff1660926f160366df7b9584c2f4e83c5251d4ac4a
f949934b1206b5fb2b9b2c0ecc6043fdb26ecfe59eb981dadbba0d4c58cd1ce4	4d6ec7bab20514a58c089d6067f55985b8392d48b5531403790e390b58cb6397	a3b527dc3ded3db1ebb2d76d1e0f1d3ba27e4a809a3654648bbde08dbf1f454c
f949934b1206b5fb2b9b2c0ecc6043fdb26ecfe59eb981dadbba0d4c58cd1ce4	e45d6b3a7bab850fd4636fc1bec55df32d3abc216d2837543c5ba15d153069f1	ddbec74a741dcc3fccbef14fb226877249dae56655d5d9a1b1a073c6e04abe33
f949934b1206b5fb2b9b2c0ecc6043fdb26ecfe59eb981dadbba0d4c58cd1ce4	bd9c04cdfd5b0caa1588bd3d277d72ace38f467b02aba014e5a8e90eeb3fbe1a	1bb54365673065de32ecf60d870ba0653ed1c3e18b6bedc01dd5d4dd04bbe4ca
f949934b1206b5fb2b9b2c0ecc6043fdb26ecfe59eb981dadbba0d4c58cd1ce4	2beaf41bc983d4f633f48d269bfa408bfc599b1e1b73e28d09e3ee7ea71ac7a6	357cec24e0b81663bc645f7cf6352799e9e2022fd4915646b6785bedbcbe7334
f949934b1206b5fb2b9b2c0ecc6043fdb26ecfe59eb981dadbba0d4c58cd1ce4	b5c07245c079654f786d357f629f0790f7723aad5562066fe2e4f01b9e1cddc8	a6584ec2aadddec9d4bd5db607d1f8bf5222837160d787d1353fcbbeaf9136fa
f949934b1206b5fb2b9b2c0ecc6043fdb26ecfe59eb981dadbba0d4c58cd1ce4	5f7336cee5cf61f96cd20b5175605b709909aa714d33cc087d3466f57f617fff	bb61dcac06769ca45dd1f5557c5e315a0a5ef6c91f8f8fd8f6dec8c4855d4312
f949934b1206b5fb2b9b2c0ecc6043fdb26ecfe59eb981dadbba0d4c58cd1ce4	2acc6dfff840182c12a710e41723c9d58be39cd1c35ca4bc90b833ab186ab981	1163f31315c921af267f5c165fa15639ff6a27f22da4f0d54a22c5756f4f01bb
f949934b1206b5fb2b9b2c0ecc6043fdb26ecfe59eb981dadbba0d4c58cd1ce4	d4748cd56a1ba4db81904bd851953aa1e6ad2f30f789700f6a026e53fce2523e	03ad3d62b8d59506de2bbb6a0fb9b9e9c3e3840ceff473be4e7bae93d10a7aa7
f949934b1206b5fb2b9b2c0ecc6043fdb26ecfe59eb981dadbba0d4c58cd1ce4	512ff00c68eaac642ac7ac7d377bf11621b1b12948db0eb2afed1bbb9abeb1c5	f2c52d8a84bfdbfdf0253c59082bf79ddf5cdadd40f16c27b3ec33a6545b905e
f949934b1206b5fb2b9b2c0ecc6043fdb26ecfe59eb981dadbba0d4c58cd1ce4	02af8362bd0440652f8b0774287cb3d0d4d1d9f9cd0b4a348a63b5beae8d0bb4	c1b0638d4b66c508d947c069e7ca0d241c5ee6d149a290b3b1dab1f62f842b37
f949934b1206b5fb2b9b2c0ecc6043fdb26ecfe59eb981dadbba0d4c58cd1ce4	d25b514f3ecd73eb99a9fb4df1427c72d13744c2c280a35a7e0de96e4ba264e6	e85a4bb427c8f87dd7840a7994234b7a8b3c783b7ac9584436fcbe4ff485a11c
f949934b1206b5fb2b9b2c0ecc6043fdb26ecfe59eb981dadbba0d4c58cd1ce4	a914abac0c875449aa59bd68cc1f68bf74661024895373a19b8e770c89e48bf4	8ce849c8db38c84b2a44d6572a0772cf460a4c0c9b9edd81ed74b160f3498f67
f949934b1206b5fb2b9b2c0ecc6043fdb26ecfe59eb981dadbba0d4c58cd1ce4	b42468bb21919254b35ba9b2d6196dacb763658d59b32092c19011fa56e5bab7	dca2587b05442efd5f959abd92d8ebcc00123da5227abd899d23727047ec47e1
f949934b1206b5fb2b9b2c0ecc6043fdb26ecfe59eb981dadbba0d4c58cd1ce4	cdf9fb6f3e724045d145b38f4ba6029866d6eecb293b7446f663bd21619289d1	ef5d51b43d937b85b459606fdf44b9172e45f1855afde8da489c0878c98b6637
f949934b1206b5fb2b9b2c0ecc6043fdb26ecfe59eb981dadbba0d4c58cd1ce4	fd574845f718a4699ab18dd690c0cb7d5a70e1d9e7cc79899d77dc2f820b0887	ef3df975bf32e79693f84a45aab6ce9a4ce8f6f255b2bc855334b23bd02f69c3
f949934b1206b5fb2b9b2c0ecc6043fdb26ecfe59eb981dadbba0d4c58cd1ce4	3d01065fa8d2f127ec215cb633b545cc2e4ac01ef8e534f433e264d8466cec92	5900b78154d61769c01f152b1d733b6c6d342e64b9f80882cad772c19dced026
f949934b1206b5fb2b9b2c0ecc6043fdb26ecfe59eb981dadbba0d4c58cd1ce4	921c715d3cff5e9294c47bb3701a2b5298ce18ac820b35f9041f0ef64a515b5c	52f4f74a17a5423f6b79fe78aa1f75a581a552605bc4e1c8d715fa578181c210
f949934b1206b5fb2b9b2c0ecc6043fdb26ecfe59eb981dadbba0d4c58cd1ce4	0683e5161c3e6b59b9e88f8164b15ede68d7fb5f73224130d408e6b944bb1c54	471e1faf3b5fb3cb68d996af8dd80565751b48ca94da9cf079b6d83e5bdb6c97
f949934b1206b5fb2b9b2c0ecc6043fdb26ecfe59eb981dadbba0d4c58cd1ce4	713ecac72d72778c195d5d9c494545f5310f11cc91d2682f32637262247f7d22	21efca2d51daf34d53309b5169d1da162e64194961ac01924604d8ab6c946ffb
f949934b1206b5fb2b9b2c0ecc6043fdb26ecfe59eb981dadbba0d4c58cd1ce4	9b97ed60917ef827867593286ae20f87081430029c151e22f91f48dd824942af	4d8cacbf43ee8a53bc0fa467890739c1768af3cfe20fe49355cf238fc7472113
f949934b1206b5fb2b9b2c0ecc6043fdb26ecfe59eb981dadbba0d4c58cd1ce4	18e2c312b8a96ec1562fa25d3622bbb6722736e47326da420bd49b5b74db66c4	f3c1683b267f956469878122341d36c533f5c407b0583165d6c049cc4af22519
f949934b1206b5fb2b9b2c0ecc6043fdb26ecfe59eb981dadbba0d4c58cd1ce4	98d143525569f7bdaa02c909b6c26e24aaf33ab175e1b0e95ee0219e105c65c2	609315be080284ee9e9d6cc6b37e0b2fd157775c2ef7fc241e687fbdb359d21f
f949934b1206b5fb2b9b2c0ecc6043fdb26ecfe59eb981dadbba0d4c58cd1ce4	defb17327fcc7a1eb8639e91a8c20792ef1e516ceabc01a0e650593dc60d80fd	39fab05c3e9287d0cf82d07c743e3ada7f5173e2675a574a546e590a07477a29
1234940daea6809a07552c3dc9df363163cf79ce4d3624aea7503522e3fc1594	0000000000000000000000000000000000000000000000000000000000000000	0000000000000000000000000000000000000000000000000000000000000001
1234940daea6809a07552c3dc9df363163cf79ce4d3624aea7503522e3fc1594	0000000000000000000000000000000000000000000000000000000000000000	0000000000000000000000000000000000000000000000000000000000000002
1234940daea6809a07552c3dc9df363163cf79ce4d3624aea7503522e3fc1594	0000000000000000000000000000000000000000000000000000000000000000	0000000000000000000000000000000000000000000000000000000000000003
1234940daea6809a07552c3dc9df363163cf79ce4d3624aea7503522e3fc1594	0000000000000000000000000000000000000000000000000000000000000000	00000000000000000000000000000000000000000000000000000001000003d0
1234940daea6809a07552c3dc9df363163cf79ce4d3624aea7503522e3fc1594	0000000000000000000000000000000000000000000000000000000000000000	00000000000000000000000000000000000000000000000000000001000003d1
1234940daea6809a07552c3dc9df363163cf79ce4d3624aea7503522e3fc1594	0000000000000000000000000000000000000000000000000000000000000000	00000000000000000000000000000000000000000000000000000001000003d2
1234940daea6809a07552c3dc9df363163cf79ce4d3624aea7503522e3fc1594	0000000000000000000000000000000000000000000000000000000000000000	0000000000000000000000000000000100000000000000000000000000000001
1234940daea6809a07552c3dc9df363163cf79ce4d3624aea7503522e3fc1594	0000000000000000000000000000000000000000000000000000000000000000	fffffffffffffffffffffffffffffffffffffffffffffffffffffffefffffc2e
1234940daea6809a07552c3dc9df363163cf79ce4d3624aea7503522e3fc1594	0000000000000000000000000000000000000000000000000000000000000000	9f69ee183927f2de409371d48b0733735c9568941bfe791cb02499365401facb
1234940daea6809a07552c3dc9df363163cf79ce4d3624aea7503522e3fc1594	0000000000000000000000000000000000000000000000000000000000000000	d3c5244fc0c8c00553ff409212b6a57b0a3b623ee0bc7b23d9147250759aa415
1234940daea6809a07552c3dc9df363163cf79ce4d3624aea7503522e3fc1594	0000000000000000000000000000000000000000000000000000000000000000	5dcdef1aadba6e6f9fa7a194cf6a71df9168d97d2e9ca4dc296908565f00b4d9
1234940daea6809a07552c3dc9df363163cf79ce4d3624aea7503522e3fc1594	0000000000000000000000000000000000000000000000000000000000000000	d534d578d3e1eb2b1690b9a2d4b2d2d84100437c040d8b79df6fffed9032d272
1234940daea6809a07552c3dc9df363163cf79ce4d3624aea7503522e3fc1594	0000000000000000000000000000000000000000000000000000000000000000	f66fbe57319563b64a8f58cd428595b307c07a72b2164595c11d283eab60b45c
1234940daea6809a07552c3dc9df363163cf79ce4d3624aea7503522e3fc1594	0000000000000000000000000000000000000000000000000000000000000000	400e17f31c864b185ee05029b4ca04a020c29967468e73e015981536dedd5700
1234940daea6809a07552c3dc9df363163cf79ce4d3624aea7503522e3fc1594	0000000000000000000000000000000000000000000000000000000000000000	d435856f9ab6ccc30eb8a023031b74008865b8b6a0ce79565dfb4936b4b73fb5
1234940daea6809a07552c3dc9df363163cf79ce4d3624aea7503522e3fc1594	0000000000000000000000000000000000000000000000000000000000000000	19347eb1e110c6697b2151d083099e040675b4cfa6923f26ad57d963c97e1512
1234940daea6809a07552c3dc9df363163cf79ce4d3624aea7503522e3fc1594	0000000000000000000000000000000000000000000000000000000000000000	b4779d0db00a11f69106d731567d0ad360668f49b2481481d932e714a143e45f
1234940daea6809a07552c3dc9df363163cf79ce4d3624aea7503522e3fc1594	0000000000000000000000000000000000000000000000000000000000000000	99d83593a28df721d8a102e8776220d5aec0976a7b2283f6065686dafe7e51fb
1234940daea6809a07552c3dc9df363163cf79ce4d3624aea7503522e3fc1594	0000000000000000000000000000000000000000000000000000000000000000	ba4e25b946a879db07bca35656369b0b2979018a9ad29eea7a1777fd5fd39c85
1234940daea6809a07552c3dc9df363163cf79ce4d3624aea7503522e3fc1594	0000000000000000000000000000000000000000000000000000000000000000	40b40b9c7f95437f05fab8bbb92a269c56994ea170dfacdd3b3952c1ec8bc580
1234940daea6809a07552c3dc9df363163cf79ce4d3624aea7503522e3fc1594	0000000000000000000000000000000000000000000000000000000000000000	b63351de682f433979d63242bbfa3b025d702b2537cd6d9c9e957ca15d1deac8
1234940daea6809a07552c3dc9df363163cf79ce4d3624aea7503522e3fc1594	0000000000000000000000000000000000000000000000000000000000000000	7558116f93c6298ec934167195825c927f3ce843e06d8dd8a7343861e7dce9d9
1234940daea6809a07552c3dc9df363163cf79ce4d3624aea7503522e3fc1594	0000000000000000000000000000000000000000000000000000000000000000	dff894f905106cd06ad1dbe2c1c46aa79b53e9406b796e7c4016a7d6353db602
1234940daea6809a07552c3dc9df363163cf79ce4d3624aea7503522e3fc1594	0000000000000000000000000000000000000000000000000000000000000000	994c52cd54933a2d4a1f216cc9332d2c3c642bcb967c6948aacdd903536b6325
1234940daea6809a07552c3dc9df363163cf79ce4d3624aea7503522e3fc1594	0000000000000000000000000000000000000000000000000000000000000000	4b3198f4ba8705ac3c84d34411a488c5972a8e5a16d4726f0f077650d2871bdf
1234940daea6809a07552c3dc9df363163cf79ce4d3624aea7503522e3fc1594	0000000000000000000000000000000000000000000000000000000000000000	174bae57a2d7a1629ba040e754ef59a8b0eda026eb917c3cc139a86c88646978
1234940daea6809a07552c3dc9df363163cf79ce4d3624aea7503522e3fc1594	0000000000000000000000000000000000000000000000000000000000000000	0ea05b5d5f3613201470d6192914c594827bfe1afe65cb722b4a2393e4f8fbdd
1234940daea6809a07552c3dc9df363163cf79ce4d3624aea7503522e3fc1594	0000000000000000000000000000000000000000000000000000000000000000	9351b1da87f6b5eb7537fafa579b08ff8779d847c3eb282cf6b608d3c44bef55
1234940daea6809a07552c3dc9df363163cf79ce4d3624aea7503522e3fc1594	0000000000000000000000000000000000000000000000000000000000000000	ee3056755f73938fe24874c6e48e7179fc7c9cf584e86c49da8cdb2436d3caf8
1234940daea6809a07552c3dc9df363163cf79ce4d3624aea7503522e3fc1594	0000000000000000000000000000000000000000000000000000000000000000	483f81fc39a2d891702b937b846a53cd1c958dc6bd180c02059bdecd2cb3c5b9
1234940daea6809a07552c3dc9df363163cf79ce4d3624aea7503522e3fc1594	0000000000000000000000000000000000000000000000000000000000000000	9bdb8c2fb94e8eb23b0b82372348b7f665c83cc61618aef659c20cafc3756577
1234940daea6809a07552c3dc9df363163cf79ce4d3624aea7503522e3fc1594	0000000000000000000000000000000000000000000000000000000000000000	14866b25bfec8d9088ea50e559c7cca8ad737550b972896b141596c723d09595
1234940daea6809a07552c3dc9df363163cf79ce4d3624aea7503522e3fc1594	0000000000000000000000000000000000000000000000000000000000000001	0000000000000000000000000000000000000000000000000000000000000001
1234940daea6809a07552c3dc9df363163cf79ce4d3624aea7503522e3fc1594	0000000000000000000000000000000000000000000000000000000000000001	fffffffffffffffffffffffffffffffffffffffffffffffffffffffefffffc2e
1234940daea6809a07552c3dc9df363163cf79ce4d3624aea7503522e3fc1594	fffffffffffffffffffffffffffffffffffffffffffffffffffffffefffffc2e	0000000000000000000000000000000000000000000000000000000000000001
1234940daea6809a07552c3dc9df363163cf79ce4d3624aea7503522e3fc1594	fffffffffffffffffffffffffffffffffffffffffffffffffffffffefffffc2e	fffffffffffffffffffffffffffffffffffffffffffffffffffffffefffffc2e
1234940daea6809a07552c3dc9df363163cf79ce4d3624aea7503522e3fc1594	00000000000000000000000000000000000000000000000000000001000003d1	00000000000000000000000000000000000000000000000000000001000003d2
1234940daea6809a07552c3dc9df363163cf79ce4d3624aea7503522e3fc1594	00000000000000000000000000000000ffffffffffffffffffffffffffffffff	0000000000000000000000000000000100000000000000000000000000000001
1234940daea6809a07552c3dc9df363163cf79ce4d3624aea7503522e3fc1594	7fffffffffffffffffffffffffffffffffffffffffffffffffffffffffffffed	00000000000000000000000000000000000000000000000000000001000003d1
1234940daea6809a07552c3dc9df363163cf79ce4d3624aea7503522e3fc1594	00000000000000000000000000000000000000000000000000000001000003d2	8000000000000000000000000000000000000000000000000000000000000013
1234940daea6809a07552c3dc9df363163cf79ce4d3624aea7503522e3fc1594	96de292ad08c05f33374ff077e037057cb1976be5fd11814eb427a298826a7de	f5a02b551d42e1af8af605ff1660926f160366df7b9584c2f4e83c5251d4ac4a
1234940daea6809a07552c3dc9df363163cf79ce4d3624aea7503522e3fc1594	4d6ec7bab20514a58c089d6067f55985b8392d48b5531403790e390b58cb6397	a3b527dc3ded3db1ebb2d76d1e0f1d3ba27e4a809a3654648bbde08dbf1f454c
1234940daea6809a07552c3dc9df363163cf79ce4d3624aea7503522e3fc1594	e45d6b3a7bab850fd4636fc1bec55df32d3abc216d2837543c5ba15d153069f1	ddbec74a741dcc3fccbef14fb226877249dae56655d5d9a1b1a073c6e04abe33
1234940daea6809a07552c3dc9df363163cf79ce4d3624aea7503522e3fc1594	bd9c04cdfd5b0caa1588bd3d277d72ace38f467b02aba014e5a8e90eeb3fbe1a	1bb54365673065de32ecf60d870ba0653ed1c3e18b6bedc01dd5d4dd04bbe4ca
1234940daea6809a07552c3dc9df363163cf79ce4d3624aea7503522e3fc1594	2beaf41bc983d4f633f48d269bfa408bfc599b1e1b73e28d09e3ee7ea71ac7a6	357cec24e0b81663bc645f7cf6352799e9e2022fd4915646b6785bedbcbe7334
1234940daea6809a07552c3dc9df363163cf79ce4d3624aea7503522e3fc1594	b5c07245c079654f786d357f629f0790f7723aad5562066fe2e4f01b9e1cddc8	a6584ec2aadddec9d4bd5db607d1f8bf5222837160d787d1353fcbbeaf9136fa
1234940daea6809a07552c3dc9df363163cf79ce4d3624aea7503522e3fc1594	5f7336cee5cf61f96cd20b5175605b709909aa714d33cc087d3466f57f617fff	bb61dcac06769ca45dd1f5557c5e315a0a5ef6c91f8f8fd8f6dec8c4855d4312
1234940daea6809a07552c3dc9df363163cf79ce4d3624aea7503522e3fc1594	2acc6dfff840182c12a710e41723c9d58be39cd1c35ca4bc90b833ab186ab981	1163f31315c921af267f5c165fa15639ff6a27f22da4f0d54a22c5756f4f01bb
1234940daea6809a07552c3dc9df363163cf79ce4d3624aea7503522e3fc1594	d4748cd56a1ba4db81904bd851953aa1e6ad2f30f789700f6a026e53fce2523e	03ad3d62b8d59506de2bbb6a0fb9b9e9c3e3840ceff473be4e7bae93d10a7aa7
1234940daea6809a07552c3dc9df363163cf79ce4d3624aea7503522e3fc1594	512ff00c68eaac642ac7ac7d377bf11621b1b12948db0eb2afed1bbb9abeb1c5	f2c52d8a84bfdbfdf0253c59082bf79ddf5cdadd40f16c27b3ec33a6545b905e
1234940daea6809a07552c3dc9df363163cf79ce4d3624aea7503522e3fc1594	02af8362bd0440652f8b0774287cb3d0d4d1d9f9cd0b4a348a63b5beae8d0bb4	c1b0638d4b66c508d947c069e7ca0d241c5ee6d149a290b3b1dab1f62f842b37
1234940daea6809a07552c3dc9df363163cf79ce4d3624aea7503522e3fc1594	d25b514f3ecd73eb99a9fb4df1427c72d13744c2c280a35a7e0de96e4ba264e6	e85a4bb427c8f87dd7840a7994234b7a8b3c783b7ac9584436fcbe4ff485a11c
1234940daea6809a07552c3dc9df363163cf79ce4d3624aea7503522e3fc1594	a914abac0c875449aa59bd68cc1f68bf74661024895373a19b8e770c89e48bf4	8ce849c8db38c84b2a44d6572a0772cf460a4c0c9b9edd81ed74b160f3498f67
1234940daea6809a07552c3dc9df363163cf79ce4d3624aea7503522e3fc1594	b42468bb21919254b35ba9b2d6196dacb763658d59b32092c19011fa56e5bab7	dca2587b05442efd5f959abd92d8ebcc00123da5227abd899d23727047ec47e1
1234940daea6809a07552c3dc9df363163cf79ce4d3624aea7503522e3fc1594	cdf9fb6f3e724045d145b38f4ba6029866d6eecb293b7446f663bd21619289d1	ef5d51b43d937b85b459606fdf44b9172e45f1855afde8da489c0878c98b6637
1234940daea6809a07552c3dc9df363163cf79ce4d3624aea7503522e3fc1594	fd574845f718a4699ab18dd690c0cb7d5a70e1d9e7cc79899d77dc2f820b0887	ef3df975bf32e79693f84a45aab6ce9a4ce8f6f255b2bc855334b23bd02f69c3
1234940daea6809a07552c3dc9df363163cf79ce4d3624aea7503522e3fc1594	3d01065fa8d2f127ec215cb633b545cc2e4ac01ef8e534f433e264d8466cec92	5900b78154d61769c01f152b1d733b6c6d342e64b9f80882cad772c19dced026
1234940daea6809a07552c3dc9df363163cf79ce4d3624aea7503522e3fc1594	921c715d3cff5e9294c47bb3701a2b5298ce18ac820b35f9041f0ef64a515b5c	52f4f74a17a5423f6b79fe78aa1f75a581a552605bc4e1c8d715fa578181c210
1234940daea6809a07552c3dc9df363163cf79ce4d3624aea7503522e3fc1594	0683e5161c3e6b59b9e88f8164b15ede68d7fb5f73224130d408e6b944bb1c54	471e1faf3b5fb3cb68d996af8dd80565751b48ca94da9cf079b6d83e5bdb6c97
1234940daea6809a07552c3dc9df363163cf79ce4d3624aea7503522e3fc1594	713ecac72d72778c195d5d9c494545f5310f11cc91d2682f32637262247f7d22	21efca2d51daf34d53309b5169d1da162e64194961ac01924604d8ab6c946ffb
1234940daea6809a07552c3dc9df363163cf79ce4d3624aea7503522e3fc1594	9b97ed60917ef827867593286ae20f87081430029c151e22f91f48dd824942af	4d8cacbf43ee8a53bc0fa467890739c1768af3cfe20fe49355cf238fc7472113
1234940daea6809a07552c3dc9df363163cf79ce4d3624aea7503522e3fc1594	18e2c312b8a96ec1562fa25d3622bbb6722736e47326da420bd49b5b74db66c4	f3c1683b267f956469878122341d36c533f5c407b0583165d6c049cc4af22519
1234940daea6809a07552c3dc9df363163cf79ce4d3624aea7503522e3fc1594	98d143525569f7bdaa02c909b6c26e24aaf33ab175e1b0e95ee0219e105c65c2	609315be080284ee9e9d6cc6b37e0b2fd157775c2ef7fc241e687fbdb359d21f
1234940daea6809a07552c3dc9df363163cf79ce4d3624aea7503522e3fc1594	defb17327fcc7a1eb8639e91a8c20792ef1e516ceabc01a0e650593dc60d80fd	39fab05c3e9287d0cf82d07c743e3ada7f5173e2675a574a546e590a07477a29
cd59928698e69c33a0ba371a72e81700be8a05099e00a6ee18b5d3c5fd9f3587	0000000000000000000000000000000000000000000000000000000000000000	0000000000000000000000000000000000000000000000000000000000000001
cd59928698e69c33a0ba371a72e81700be8a05099e00a6ee18b5d3c5fd9f3587	0000000000000000000000000000000000000000000000000000000000000000	0000000000000000000000000000000000000000000000000000000000000002
cd59928698e69c33a0ba371a72e81700be8a05099e00a6ee18b5d3c5fd9f3587	0000000000000000000000000000000000000000000000000000000000000000	0000000000000000000000000000000000000000000000000000000000000003
cd59928698e69c33a0ba371a72e81700be8a05099e00a6ee18b5d3c5fd9f3587	0000000000000000000000000000000000000000000000000000000000000000	00000000000000000000000000000000000000000000000000000001000003d0
cd59928698e69c33a0ba371a72e81700be8a05099e00a6ee18b5d3c5fd9f3587	0000000000000000000000000000000000000000000000000000000000000000	00000000000000000000000000000000000000000000000000000001000003d1
cd59928698e69c33a0ba371a72e81700be8a05099e00a6ee18b5d3c5fd9f3587	0000000000000000000000000000000000000000000000000000000000000000	00000000000000000000000000000000000000000000000000000001000003d2
cd59928698e69c33a0ba371a72e81700be8a05099e00a6ee18b5d3c5fd9f3587	0000000000000000000000000000000000000000000000000000000000000000	0000000000000000000000000000000100000000000000000000000000000001
cd59928698e69c33a0ba371a72e81700be8a05099e00a6ee18b5d3c5fd9f3587	0000000000000000000000000000000000000000000000000000000000000000	fffffffffffffffffffffffffffffffffffffffffffffffffffffffefffffc2e
cd59928698e69c33a0ba371a72e81700be8a05099e00a6ee18b5d3c5fd9f3587	0000000000000000000000000000000000000000000000000000000000000000	9f69ee183927f2de409371d48b0733735c9568941bfe791cb02499365401facb
cd59928698e69c33a0ba371a72e81700be8a05099e00a6ee18b5d3c5fd9f3587	0000000000000000000000000000000000000000000000000000000000000000	d3c5244fc0c8c00553ff409212b6a57b0a3b623ee0bc7b23d9147250759aa415
cd59928698e69c33a0ba371a72e81700be8a05099e00a6ee18b5d3c5fd9f3587	0000000000000000000000000000000000000000000000000000000000000000	5dcdef1aadba6e6f9fa7a194cf6a71df9168d97d2e9ca4dc296908565f00b4d9
cd59928698e69c33a0ba371a72e81700be8a05099e00a6ee18b5d3c5fd9f3587	0000000000000000000000000000000000000000000000000000000000000000	d534d578d3e1eb2b1690b9a2d4b2d2d84100437c040d8b79df6fffed9032d272
cd59928698e69c33a0ba371a72e81700be8a05099e00a6ee18b5d3c5fd9f3587	0000000000000000000000000000000000000000000000000000000000000000	f66fbe57319563b64a8f58cd428595b307c07a72b2164595c11d283eab60b45c
cd59928698e69c33a0ba371a72e81700be8a05099e00a6ee18b5d3c5fd9f3587	0000000000000000000000000000000000000000000000000000000000000000	400e17f31c864b185ee05029b4ca04a020c29967468e73e015981536dedd5700
cd59928698e69c33a0ba371a72e81700be8a05099e00a6ee18b5d3c5fd9f3587	0000000000000000000000000000000000000000000000000000000000000000	d435856f9ab6ccc30eb8a023031b74008865b8b6a0ce79565dfb4936b4b73fb5
cd59928698e69c33a0ba371a72e81700be8a05099e00a6ee18b5d3c5fd9f3587	0000000000000000000000000000000000000000000000000000000000000000	19347eb1e110c6697b2151d083099e040675b4cfa6923f26ad57d963c97e1512
cd59928698e69c33a0ba371a72e81700be8a05099e00a6ee18b5d3c5fd9f3587	0000000000000000000000000000000000000000000000000000000000000000	b4779d0db00a11f69106d731567d0ad360668f49b2481481d932e714a143e45f
cd59928698e69c33a0ba371a72e81700be8a05099e00a6ee18b5d3c5fd9f3587	0000000000000000000000000000000000000000000000000000000000000000	99d83593a28df721d8a102e8776220d5aec0976a7b2283f6065686dafe7e51fb
cd59928698e69c33a0ba371a72e81700be8a05099e00a6ee18b5d3c5fd9f3587	0000000000000000000000000000000000000000000000000000000000000000	ba4e25b946a879db07bca35656369b0b2979018a9ad29eea7a1777fd5fd39c85
cd59928698e69c33a0ba371a72e81700be8a05099e00a6ee18b5d3c5fd9f3587	0000000000000000000000000000000000000000000000000000000000000000	40b40b9c7f95437f05fab8bbb92a269c56994ea170dfacdd3b3952c1ec8bc580
cd59928698e69c33a0ba371a72e81700be8a05099e00a6ee18b5d3c5fd9f3587	0000000000000000000000000000000000000000000000000000000000000000	b63351de682f433979d63242bbfa3b025d702b2537cd6d9c9e957ca15d1deac8
cd59928698e69c33a0ba371a72e81700be8a05099e00a6ee18b5d3c5fd9f3587	0000000000000000000000000000000000000000000000000000000000000000	7558116f93c6298ec934167195825c927f3ce843e06d8dd8a7343861e7dce9d9
cd59928698e69c33a0ba371a72e81700be8a05099e00a6ee18b5d3c5fd9f3587	0000000000000000000000000000000000000000000000000000000000000000	dff894f905106cd06ad1dbe2c1c46aa79b53e9406b796e7c4016a7d6353db602
cd59928698e69c33a0ba371a72e81700be8a05099e00a6ee18b5d3c5fd9f3587	0000000000000000000000000000000000000000000000000000000000000000	994c52cd54933a2d4a1f216cc9332d2c3c642bcb967c6948aacdd903536b6325
cd59928698e69c33a0ba371a72e81700be8a05099e00a6ee18b5d3c5fd9f3587	0000000000000000000000000000000000000000000000000000000000000000	4b3198f4ba8705ac3c84d34411a488c5972a8e5a16d4726f0f077650d2871bdf
cd59928698e69c33a0ba371a72e81700be8a05099e00a6ee18b5d3c5fd9f3587	0000000000000000000000000000000000000000000000000000000000000000	174bae57a2d7a1629ba040e754ef59a8b0eda026eb917c3cc139a86c88646978
cd59928698e69c33a0ba371a72e81700be8a05099e00a6ee18b5d3c5fd9f3587	0000000000000000000000000000000000000000000000000000000000000000	0ea05b5d5f3613201470d6192914c594827bfe1afe65cb722b4a2393e4f8fbdd
cd59928698e69c33a0ba371a72e81700be8a05099e00a6ee18b5d3c5fd9f3587	0000000000000000000000000000000000000000000000000000000000000000	9351b1da87f6b5eb7537fafa579b08ff8779d847c3eb282cf6b608d3c44bef55
cd59928698e69c33a0ba371a72e81700be8a05099e00a6ee18b5d3c5fd9f3587	0000000000000000000000000000000000000000000000000000000000000000	ee3056755f73938fe24874c6e48e7179fc7c9cf584e86c49da8cdb2436d3caf8
cd59928698e69c33a0ba371a72e81700be8a05099e00a6ee18b5d3c5fd9f3587	0000000000000000000000000000000000000000000000000000000000000000	483f81fc39a2d891702b937b846a53cd1c958dc6bd180c02059bdecd2cb3c5b9
cd59928698e69c33a0ba371a72e81700be8a05099e00a6ee18b5d3c5fd9f3587	0000000000000000000000000000000000000000000000000000000000000000	9bdb8c2fb94e8eb23b0b82372348b7f665c83cc61618aef659c20cafc3756577
cd59928698e69c33a0ba371a72e81700be8a05099e00a6ee18b5d3c5fd9f3587	0000000000000000000000000000000000000000000000000000000000000000	14866b25bfec8d9088ea50e559c7cca8ad737550b972896b141596c723d09595
cd59928698e69c33a0ba371a72e81700be8a05099e00a6ee18b5d3c5fd9f3587	0000000000000000000000000000000000000000000000000000000000000001	0000000000000000000000000000000000000000000000000000000000000001
cd59928698e69c33a0ba371a72e81700be8a05099e00a6ee18b5d3c5fd9f3587	0000000000000000000000000000000000000000000000000000000000000001	fffffffffffffffffffffffffffffffffffffffffffffffffffffffefffffc2e
cd59928698e69c33a0ba371a72e81700be8a05099e00a6ee18b5d3c5fd9f3587	fffffffffffffffffffffffffffffffffffffffffffffffffffffffefffffc2e	0000000000000000000000000000000000000000000000000000000000000001
cd59928698e69c33a0ba371a72e81700be8a05099e00a6ee18b5d3c5fd9f3587	fffffffffffffffffffffffffffffffffffffffffffffffffffffffefffffc2e	fffffffffffffffffffffffffffffffffffffffffffffffffffffffefffffc2e
cd59928698e69c33a0ba371a72e81700be8a05099e00a6ee18b5d3c5fd9f3587	00000000000000000000000000000000000000000000000000000001000003d1	00000000000000000000000000000000000000000000000000000001000003d2
cd59928698e69c33a0ba371a72e81700be8a05099e00a6ee18b5d3c5fd9f3587	00000000000000000000000000000000ffffffffffffffffffffffffffffffff	0000000000000000000000000000000100000000000000000000000000000001
cd59928698e69c33a0ba371a72e81700be8a05099e00a6ee18b5d3c5fd9f3587	7fffffffffffffffffffffffffffffffffffffffffffffffffffffffffffffed	00000000000000000000000000000000000000000000000000000001000003d1
cd59928698e69c33a0ba371a72e81700be8a05099e00a6ee18b5d3c5fd9f3587	00000000000000000000000000000000000000000000000000000001000003d2	8000000000000000000000000000000000000000000000000000000000000013
cd59928698e69c33a0ba371a72e81700be8a05099e00a6ee18b5d3c5fd9f3587	96de292ad08c05f33374ff077e037057cb1976be5fd11814eb427a298826a7de	f5a02b551d42e1af8af605ff1660926f160366df7b9584c2f4e83c5251d4ac4a
cd59928698e69c33a0ba371a72e81700be8a05099e00a6ee18b5d3c5fd9f3587	4d6ec7bab20514a58c089d6067f55985b8392d48b5531403790e390b58cb6397	a3b527dc3ded3db1ebb2d76d1e0f1d3ba27e4a809a3654648bbde08dbf1f454c
cd59928698e69c33a0ba371a72e81700be8a05099e00a6ee18b5d3c5fd9f3587	e45d6b3a7bab850fd4636fc1bec55df32d3abc216d2837543c5ba15d153069f1	ddbec74a741dcc3fccbef14fb226877249dae56655d5d9a1b1a073c6e04abe33
cd59928698e69c33a0ba371a72e81700be8a05099e00a6ee18b5d3c5fd9f3587	bd9c04cdfd5b0caa1588bd3d277d72ace38f467b02aba014e5a8e90eeb3fbe1a	1bb54365673065de32ecf60d870ba0653ed1c3e18b6bedc01dd5d4dd04bbe4ca
cd59928698e69c33a0ba371a72e81700be8a05099e00a6ee18b5d3c5fd9f3587	2beaf41bc983d4f633f48d269bfa408bfc599b1e1b73e28d09e3ee7ea71ac7a6	357cec24e0b81663bc645f7cf6352799e9e2022fd4915646b6785bedbcbe7334
cd59928698e69c33a0ba371a72e81700be8a05099e00a6ee18b5d3c5fd9f3587	b5c07245c079654f786d357f629f0790f7723aad5562066fe2e4f01b9e1cddc8	a6584ec2aadddec9d4bd5db607d1f8bf5222837160d787d1353fcbbeaf9136fa
cd59928698e69c33a0ba371a72e81700be8a05099e00a6ee18b5d3c5fd9f3587	5f7336cee5cf61f96cd20b5175605b709909aa714d33cc087d3466f57f617fff	bb61dcac06769ca45dd1f5557c5e315a0a5ef6c91f8f8fd8f6dec8c4855d4312
cd59928698e69c33a0ba371a72e81700be8a05099e00a6ee18b5d3c5fd9f3587	2acc6dfff840182c12a710e41723c9d58be39cd1c35ca4bc90b833ab186ab981	1163f31315c921af267f5c165fa15639ff6a27f22da4f0d54a22c5756f4f01bb
cd59928698e69c33a0ba371a72e81700be8a05099e00a6ee18b5d3c5fd9f3587	d4748cd56a1ba4db81904bd851953aa1e6ad2f30f789700f6a026e53fce2523e	03ad3d62b8d59506de2bbb6a0fb9b9e9c3e3840ceff473be4e7bae93d10a7aa7
cd59928698e69c33a0ba371a72e81700be8a05099e00a6ee18b5d3c5fd9f3587	512ff00c68eaac642ac7ac7d377bf11621b1b12948db0eb2afed1bbb9abeb1c5	f2c52d8a84bfdbfdf0253c59082bf79ddf5cdadd40f16c27b3ec33a6545b905e
cd59928698e69c33a0ba371a72e81700be8a05099e00a6ee18b5d3c5fd9f3587	02af8362bd0440652f8b0774287cb3d0d4d1d9f9cd0b4a348a63b5beae8d0bb4	c1b0638d4b66c508d947c069e7ca0d241c5ee6d149a290b3b1dab1f62f842b37
cd59928698e69c33a0ba371a72e81700be8a05099e00a6ee18b5d3c5fd9f3587	d25b514f3ecd73eb99a9fb4df1427c72d13744c2c280a35a7e0de96e4ba264e6	e85a4bb427c8f87dd7840a7994234b7a8b3c783b7ac9584436fcbe4ff485a11c
cd59928698e69c33a0ba371a72e81700be8a05099e00a6ee18b5d3c5fd9f3587	a914abac0c875449aa59bd68cc1f68bf74661024895373a19b8e770c89e48bf4	8ce849c8db38c84b2a44d6572a0772cf460a4c0c9b9edd81ed74b160f3498f67
cd59928698e69c33a0ba371a72e81700be8a05099e00a6ee18b5d3c5fd9f3587	b42468bb21919254b35ba9b2d6196dacb763658d59b32092c19011fa56e5bab7	dca2587b05442efd5f959abd92d8ebcc00123da5227abd899d23727047ec47e1
cd59928698e69c33a0ba371a72e81700be8a05099e00a6ee18b5d3c5fd9f3587	cdf9fb6f3e724045d145b38f4ba6029866d6eecb293b7446f663bd21619289d1	ef5d51b43d937b85b459606fdf44b9172e45f1855afde8da489c0878c98b6637
cd59928698e69c33a0ba371a72e81700be8a05099e00a6ee18b5d3c5fd9f3587	fd574845f718a4699ab18dd690c0cb7d5a70e1d9e7cc79899d77dc2f820b0887	ef3df975bf32e79693f84a45aab6ce9a4ce8f6f255b2bc855334b23bd02f69c3
cd59928698e69c33a0ba371a72e81700be8a05099e00a6ee18b5d3c5fd9f3587	3d01065fa8d2f127ec215cb633b545cc2e4ac01ef8e534f433e264d8466cec92	5900b78154d61769c01f152b1d733b6c6d342e64b9f80882cad772c19dced026
cd59928698e69c33a0ba371a72e81700be8a05099e00a6ee18b5d3c5fd9f3587	921c715d3cff5e9294c47bb3701a2b5298ce18ac820b35f9041f0ef64a515b5c	52f4f74a17a5423f6b79fe78aa1f75a581a552605bc4e1c8d715fa578181c210
cd59928698e69c33a0ba371a72e81700be8a05099e00a6ee18b5d3c5fd9f3587	0683e5161c3e6b59b9e88f8164b15ede68d7fb5f73224130d408e6b944bb1c54	471e1faf3b5fb3cb68d996af8dd80565751b48ca94da9cf079b6d83e5bdb6c97
cd59928698e69c33a0ba371a72e81700be8a05099e00a6ee18b5d3c5fd9f3587	713ecac72d72778c195d5d9c494545f5310f11cc91d2682f32637262247f7d22	21efca2d51daf34d53309b5169d1da162e64194961ac01924604d8ab6c946ffb
cd59928698e69c33a0ba371a72e81700be8a05099e00a6ee18b5d3c5fd9f3587	9b97ed60917ef827867593286ae20f87081430029c151e22f91f48dd824942af	4d8cacbf43ee8a53bc0fa467890739c1768af3cfe20fe49355cf238fc7472113
cd59928698e69c33a0ba371a72e81700be8a05099e00a6ee18b5d3c5fd9f3587	18e2c312b8a96ec1562fa25d3622bbb6722736e47326da420bd49b5b74db66c4	f3c1683b267f956469878122341d36c533f5c407b0583165d6c049cc4af22519
cd59928698e69c33a0ba371a72e81700be8a05099e00a6ee18b5d3c5fd9f3587	98d143525569f7bdaa02c909b6c26e24aaf33ab175e1b0e95ee0219e105c65c2	609315be080284ee9e9d6cc6b37e0b2fd157775c2ef7fc241e687fbdb359d21f
cd59928698e69c33a0ba371a72e81700be8a05099e00a6ee18b5d3c5fd9f3587	defb17327fcc7a1eb8639e91a8c20792ef1e516ceabc01a0e650593dc60d80fd	39fab05c3e9287d0cf82d07c743e3ada7f5173e2675a574a546e590a07477a29
1890999a062c0426454ee4512b29641f72db87124921fe8b7e27f5710d9f8555	0000000000000000000000000000000000000000000000000000000000000000	0000000000000000000000000000000000000000000000000000000000000001
1890999a062c0426454ee4512b29641f72db87124921fe8b7e27f5710d9f8555	0000000000000000000000000000000000000000000000000000000000000000	0000000000000000000000000000000000000000000000000000000000000002
1890999a062c0426454ee4512b29641f72db87124921fe8b7e27f5710d9f8555	0000000000000000000000000000000000000000000000000000000000000000	0000000000000000000000000000000000000000000000000000000000000003
1890999a062c0426454ee4512b29641f72db87124921fe8b7e27f5710d9f8555	0000000000000000000000000000000000000000000000000000000000000000	00000000000000000000000000000000000000000000000000000001000003d0
1890999a062c0426454ee4512b29641f72db87124921fe8b7e27f5710d9f8555	0000000000000000000000000000000000000000000000000000000000000000	00000000000000000000000000000000000000000000000000000001000003d1
1890999a062c0426454ee4512b29641f72db87124921fe8b7e27f5710d9f8555	0000000000000000000000000000000000000000000000000000000000000000	00000000000000000000000000000000000000000000000000000001000003d2
1890999a062c0426454ee4512b29641f72db87124921fe8b7e27f5710d9f8555	0000000000000000000000000000000000000000000000000000000000000000	0000000000000000000000000000000100000000000000000000000000000001
1890999a062c0426454ee4512b29641f72db87124921fe8b7e27f5710d9f8555	0000000000000000000000000000000000000000000000000000000000000000	fffffffffffffffffffffffffffffffffffffffffffffffffffffffefffffc2e
1890999a062c0426454ee4512b29641f72db87124921fe8b7e27f5710d9f8555	0000000000000000000000000000000000000000000000000000000000000000	9f69ee183927f2de409371d48b0733735c9568941bfe791cb02499365401facb
1890999a062c0426454ee4512b29641f72db87124921fe8b7e27f5710d9f8555	0000000000000000000000000000000000000000000000000000000000000000	d3c5244fc0c8c00553ff409212b6a57b0a3b623ee0bc7b23d9147250759aa415
1890999a062c0426454ee4512b29641f72db87124921fe8b7e27f5710d9f8555	0000000000000000000000000000000000000000000000000000000000000000	5dcdef1aadba6e6f9fa7a194cf6a71df9168d97d2e9ca4dc296908565f00b4d9
1890999a062c0426454ee4512b29641f72db87124921fe8b7e27f5710d9f8555	0000000000000000000000000000000000000000000000000000000000000000	d534d578d3e1eb2b1690b9a2d4b2d2d84100437c040d8b79df6fffed9032d272
1890999a062c0426454ee4512b29641f72db87124921fe8b7e27f5710d9f8555	0000000000000000000000000000000000000000000000000000000000000000	f66fbe57319563b64a8f58cd428595b307c07a72b2164595c11d283eab60b45c
1890999a062c0426454ee4512b29641f72db87124921fe8b7e27f5710d9f8555	0000000000000000000000000000000000000000000000000000000000000000	400e17f31c864b185ee05029b4ca04a020c29967468e73e015981536dedd5700
1890999a062c0426454ee4512b29641f72db87124921fe8b7e27f5710d9f8555	0000000000000000000000000000000000000000000000000000000000000000	d435856f9ab6ccc30eb8a023031b74008865b8b6a0ce79565dfb4936b4b73fb5
1890999a062c0426454ee4512b29641f72db87124921fe8b7e27f5710d9f8555	0000000000000000000000000000000000000000000000000000000000000000	19347eb1e110c6697b2151d083099e040675b4cfa6923f26ad57d963c97e1512
1890999a062c0426454ee4512b29641f72db87124921fe8b7e27f5710d9f8555	0000000000000000000000000000000000000000000000000000000000000000	b4779d0db00a11f69106d731567d0ad360668f49b2481481d932e714a143e45f
1890999a062c0426454ee4512b29641f72db87124921fe8b7e27f5710d9f8555	0000000000000000000000000000000000000000000000000000000000000000	99d83593a28df721d8a102e8776220d5aec0976a7b2283f6065686dafe7e51fb
1890999a062c0426454ee4512b29641f72db87124921fe8b7e27f5710d9f8555	0000000000000000000000000000000000000000000000000000000000000000	ba4e25b946a879db07bca35656369b0b2979018a9ad29eea7a1777fd5fd39c85
1890999a062c0426454ee4512b29641f72db87124921fe8b7e27f5710d9f8555	0000000000000000000000000000000000000000000000000000000000000000	40b40b9c7f95437f05fab8bbb92a269c56994ea170dfacdd3b3952c1ec8bc580
1890999a062c0426454ee4512b29641f72db87124921fe8b7e27f5710d9f8555	0000000000000000000000000000000000000000000000000000000000000000	b63351de682f433979d63242bbfa3b025d702b2537cd6d9c9e957ca15d1deac8
1890999a062c0426454ee4512b29641f72db87124921fe8b7e27f5710d9f8555	0000000000000000000000000000000000000000000000000000000000000000	7558116f93c6298ec934167195825c927f3ce843e06d8dd8a7343861e7dce9d9
1890999a062c0426454ee4512b29641f72db87124921fe8b7e27f5710d9f8555	0000000000000000000000000000000000000000000000000000000000000000	dff894f905106cd06ad1dbe2c1c46aa79b53e9406b796e7c4016a7d6353db602
1890999a062c0426454ee4512b29641f72db87124921fe8b7e27f5710d9f8555	0000000000000000000000000000000000000000000000000000000000000000	994c52cd54933a2d4a1f216cc9332d2c3c642bcb967c6948aacdd903536b6325
1890999a062c0426454ee4512b29641f72db87124921fe8b7e27f5710d9f8555	0000000000000000000000000000000000000000000000000000000000000000	4b3198f4ba8705ac3c84d34411a488c5972a8e5a16d4726f0f077650d2871bdf
1890999a062c0426454ee4512b29641f72db87124921fe8b7e27f5710d9f8555	0000000000000000000000000000000000000000000000000000000000000000	174bae57a2d7a1629ba040e754ef59a8b0eda026eb917c3cc139a86c88646978
1890999a062c0426454ee4512b29641f72db87124921fe8b7e27f5710d9f8555	0000000000000000000000000000000000000000000000000000000000000000	0ea05b5d5f3613201470d6192914c594827bfe1afe65cb722b4a2393e4f8fbdd
1890999a062c0426454ee4512b29641f72db87124921fe8b7e27f5710d9f8555	0000000000000000000000000000000000000000000000000000000000000000	9351b1da87f6b5eb7537fafa579b08ff8779d847c3eb282cf6b608d3c44bef55
1890999a062c0426454ee4512b29641f72db87124921fe8b7e27f5710d9f8555	0000000000000000000000000000000000000000000000000000000000000000	ee3056755f73938fe24874c6e48e7179fc7c9cf584e86c49da8cdb2436d3caf8
1890999a062c0426454ee4512b29641f72db87124921fe8b7e27f5710d9f8555	0000000000000000000000000000000000000000000000000000000000000000	483f81fc39a2d891702b937b846a53cd1c958dc6bd180c02059bdecd2cb3c5b9
1890999a062c0426454ee4512b29641f72db87124921fe8b7e27f5710d9f8555	0000000000000000000000000000000000000000000000000000000000000000	9bdb8c2fb94e8eb23b0b82372348b7f665c83cc61618aef659c20cafc3756577
1890999a062c0426454ee4512b29641f72db87124921fe8b7e27f5710d9f8555	0000000000000000000000000000000000000000000000000000000000000000	14866b25bfec8d9088ea50e559c7cca8ad737550b972896b141596c723d09595
1890999a062c0426454ee4512b29641f72db87124921fe8b7e27f5710d9f8555	0000000000000000000000000000000000000000000000000000000000000001	0000000000000000000000000000000000000000000000000000000000000001
1890999a062c0426454ee4512b29641f72db87124921fe8b7e27f5710d9f8555	0000000000000000000000000000000000000000000000000000000000000001	fffffffffffffffffffffffffffffffffffffffffffffffffffffffefffffc2e
1890999a062c0426454ee4512b29641f72db87124921fe8b7e27f5710d9f8555	fffffffffffffffffffffffffffffffffffffffffffffffffffffffefffffc2e	0000000000000000000000000000000000000000000000000000000000000001
1890999a062c0426454ee4512b29641f72db87124921fe8b7e27f5710d9f8555	fffffffffffffffffffffffffffffffffffffffffffffffffffffffefffffc2e	fffffffffffffffffffffffffffffffffffffffffffffffffffffffefffffc2e
1890999a062c0426454ee4512b29641f72db87124921fe8b7e27f5710d9f8555	00000000000000000000000000000000000000000000000000000001000003d1	00000000000000000000000000000000000000000000000000000001000003d2
1890999a062c0426454ee4512b29641f72db87124921fe8b7e27f5710d9f8555	00000000000000000000000000000000ffffffffffffffffffffffffffffffff	0000000000000000000000000000000100000000000000000000000000000001
1890999a062c0426454ee4512b29641f72db87124921fe8b7e27f5710d9f8555	7fffffffffffffffffffffffffffffffffffffffffffffffffffffffffffffed	00000000000000000000000000000000000000000000000000000001000003d1
1890999a062c0426454ee4512b29641f72db87124921fe8b7e27f5710d9f8555	00000000000000000000000000000000000000000000000000000001000003d2	8000000000000000000000000000000000000000000000000000000000000013
1890999a062c0426454ee4512b29641f72db87124921fe8b7e27f5710d9f8555	96de292ad08c05f33374ff077e037057cb1976be5fd11814eb427a298826a7de	f5a02b551d42e1af8af605ff1660926f160366df7b9584c2f4e83c5251d4ac4a
1890999a062c0426454ee4512b29641f72db87124921fe8b7e27f5710d9f8555	4d6ec7bab20514a58c089d6067f55985b8392d48b5531403790e390b58cb6397	a3b527dc3ded3db1ebb2d76d1e0f1d3ba27e4a809a3654648bbde08dbf1f454c
1890999a062c0426454ee4512b29641f72db87124921fe8b7e27f5710d9f8555	e45d6b3a7bab850fd4636fc1bec55df32d3abc216d2837543c5ba15d153069f1	ddbec74a741dcc3fccbef14fb226877249dae56655d5d9a1b1a073c6e04abe33
1890999a062c0426454ee4512b29641f72db87124921fe8b7e27f5710d9f8555	bd9c04cdfd5b0caa1588bd3d277d72ace38f467b02aba014e5a8e90eeb3fbe1a	1bb54365673065de32ecf60d870ba0653ed1c3e18b6bedc01dd5d4dd04bbe4ca
1890999a062c0426454ee4512b29641f72db87124921fe8b7e27f5710d9f8555	2beaf41bc983d4f633f48d269bfa408bfc599b1e1b73e28d09e3ee7ea71ac7a6	357cec24e0b81663bc645f7cf6352799e9e2022fd4915646b6785bedbcbe7334
1890999a062c0426454ee4512b29641f72db87124921fe8b7e27f5710d9f8555	b5c07245c079654f786d357f629f0790f7723aad5562066fe2e4f01b9e1cddc8	a6584ec2aadddec9d4bd5db607d1f8bf5222837160d787d1353fcbbeaf9136fa
1890999a062c0426454ee4512b29641f72db87124921fe8b7e27f5710d9f8555	5f7336cee5cf61f96cd20b5175605b709909aa714d33cc087d3466f57f617fff	bb61dcac06769ca45dd1f5557c5e315a0a5ef6c91f8f8fd8f6dec8c4855d4312
1890999a062c0426454ee4512b29641f72db87124921fe8b7e27f5710d9f8555	2acc6dfff840182c12a710e41723c9d58be39cd1c35ca4bc90b833ab186ab981	1163f31315c921af267f5c165fa15639ff6a27f22da4f0d54a22c5756f4f01bb
1890999a062c0426454ee4512b29641f72db87124921fe8b7e27f5710d9f8555	d4748cd56a1ba4db81904bd851953aa1e6ad2f30f789700f6a026e53fce2523e	03ad3d62b8d59506de2bbb6a0fb9b9e9c3e3840ceff473be4e7bae93d10a7aa7
1890999a062c0426454ee4512b29641f72db87124921fe8b7e27f5710d9f8555	512ff00c68eaac642ac7ac7d377bf11621b1b12948db0eb2afed1bbb9abeb1c5	f2c52d8a84bfdbfdf0253c59082bf79ddf5cdadd40f16c27b3ec33a6545b905e
1890999a062c0426454ee4512b29641f72db87124921fe8b7e27f5710d9f8555	02af8362bd0440652f8b0774287cb3d0d4d1d9f9cd0b4a348a63b5beae8d0bb4	c1b0638d4b66c508d947c069e7ca0d241c5ee6d149a290b3b1dab1f62f842b37
1890999a062c0426454ee4512b29641f72db87124921fe8b7e27f5710d9f8555	d25b514f3ecd73eb99a9fb4df1427c72d13744c2c280a35a7e0de96e4ba264e6	e85a4bb427c8f87dd7840a7994234b7a8b3c783b7ac9584436fcbe4ff485a11c
1890999a062c0426454ee4512b29641f72db87124921fe8b7e27f5710d9f8555	a914abac0c875449aa59bd68cc1f68bf74661024895373a19b8e770c89e48bf4	8ce849c8db38c84b2a44d6572a0772cf460a4c0c9b9edd81ed74b160f3498f67
1890999a062c0426454ee4512b29641f72db87124921fe8b7e27f5710d9f8555	b42468bb21919254b35ba9b2d6196dacb763658d59b32092c19011fa56e5bab7	dca2587b05442efd5f959abd92d8ebcc00123da5227abd899d23727047ec47e1
1890999a062c0426454ee4512b29641f72db87124921fe8b7e27f5710d9f8555	cdf9fb6f3e724045d145b38f4ba6029866d6eecb293b7446f663bd21619289d1	ef5d51b43d937b85b459606fdf44b9172e45f1855afde8da489c0878c98b6637
1890999a062c0426454ee4512b29641f72db87124921fe8b7e27f5710d9f8555	fd574845f718a4699ab18dd690c0cb7d5a70e1d9e7cc79899d77dc2f820b0887	ef3df975bf32e79693f84a45aab6ce9a4ce8f6f255b2bc855334b23bd02f69c3
1890999a062c0426454ee4512b29641f72db87124921fe8b7e27f5710d9f8555	3d01065fa8d2f127ec215cb633b545cc2e4ac01ef8e534f433e264d8466cec92	5900b78154d61769c01f152b1d733b6c6d342e64b9f80882cad772c19dced026
1890999a062c0426454ee4512b29641f72db87124921fe8b7e27f5710d9f8555	921c715d3cff5e9294c47bb3701a2b5298ce18ac820b35f9041f0ef64a515b5c	52f4f74a17a5423f6b79fe78aa1f75a581a552605bc4e1c8d715fa578181c210
1890999a062c0426454ee4512b29641f72db87124921fe8b7e27f5710d9f8555	0683e5161c3e6b59b9e88f8164b15ede68d7fb5f73224130d408e6b944bb1c54	471e1faf3b5fb3cb68d996af8dd80565751b48ca94da9cf079b6d83e5bdb6c97
1890999a062c0426454ee4512b29641f72db87124921fe8b7e27f5710d9f8555	713ecac72d72778c195d5d9c494545f5310f11cc91d2682f32637262247f7d22	21efca2d51daf34d53309b5169d1da162e64194961ac01924604d8ab6c946ffb
1890999a062c0426454ee4512b29641f72db87124921fe8b7e27f5710d9f8555	9b97ed60917ef827867593286ae20f87081430029c151e22f91f48dd824942af	4d8cacbf43ee8a53bc0fa467890739c1768af3cfe20fe49355cf238fc7472113
1890999a062c0426454ee4512b29641f72db87124921fe8b7e27f5710d9f8555	18e2c312b8a96ec1562fa25d3622bbb6722736e47326da420bd49b5b74db66c4	f3c1683b267f956469878122341d36c533f5c407b0583165d6c049cc4af22519
1890999a062c0426454ee4512b29641f72db87124921fe8b7e27f5710d9f8555	98d143525569f7bdaa02c909b6c26e24aaf33ab175e1b0e95ee0219e105c65c2	609315be080284ee9e9d6cc6b37e0b2fd157775c2ef7fc241e687fbdb359d21f
1890999a062c0426454ee4512b29641f72db87124921fe8b7e27f5710d9f8555	defb17327fcc7a1eb8639e91a8c20792ef1e516ceabc01a0e650593dc60d80fd	39fab05c3e9287d0cf82d07c743e3ada7f5173e2675a574a546e590a07477a29
0b56f689534178f6b57061d5647da91cc46fce241d44b3bf576f8f9587492c0e	0000000000000000000000000000000000000000000000000000000000000000	0000000000000000000000000000000000000000000000000000000000000001
0b56f689534178f6b57061d5647da91cc46fce241d44b3bf576f8f9587492c0e	0000000000000000000000000000000000000000000000000000000000000000	0000000000000000000000000000000000000000000000000000000000000002
0b56f689534178f6b57061d5647da91cc46fce241d44b3bf576f8f9587492c0e	0000000000000000000000000000000000000000000000000000000000000000	0000000000000000000000000000000000000000000000000000000000000003
0b56f689534178f6b57061d5647da91cc46fce241d44b3bf576f8f9587492c0e	0000000000000000000000000000000000000000000000000000000000000000	00000000000000000000000000000000000000000000000000000001000003d0
0b56f689534178f6b57061d5647da91cc46fce241d44b3bf576f8f9587492c0e	0000000000000000000000000000000000000000000000000000000000000000	00000000000000000000000000000000000000000000000000000001000003d1
0b56f689534178f6b57061d5647da91cc46fce241d44b3bf576f8f9587492c0e	0000000000000000000000000000000000000000000000000000000000000000	00000000000000000000000000000000000000000000000000000001000003d2
0b56f689534178f6b57061d5647da91cc46fce241d44b3bf576f8f9587492c0e	0000000000000000000000000000000000000000000000000000000000000000	0000000000000000000000000000000100000000000000000000000000000001
0b56f689534178f6b57061d5647da91cc46fce241d44b3bf576f8f9587492c0e	0000000000000000000000000000000000000000000000000000000000000000	fffffffffffffffffffffffffffffffffffffffffffffffffffffffefffffc2e
0b56f689534178f6b57061d5647da91cc46fce241d44b3bf576f8f9587492c0e	0000000000000000000000000000000000000000000000000000000000000000	9f69ee183927f2de409371d48b0733735c9568941bfe791cb02499365401facb
0b56f689534178f6b57061d5647da91cc46fce241d44b3bf576f8f9587492c0e	0000000000000000000000000000000000000000000000000000000000000000	d3c5244fc0c8c00553ff409212b6a57b0a3b623ee0bc7b23d9147250759aa415
0b56f689534178f6b57061d5647da91cc46fce241d44b3bf576f8f9587492c0e	0000000000000000000000000000000000000000000000000000000000000000	5dcdef1aadba6e6f9fa7a194cf6a71df9168d97d2e9ca4dc296908565f00b4d9
0b56f689534178f6b57061d5647da91cc46fce241d44b3bf576f8f9587492c0e	0000000000000000000000000000000000000000000000000000000000000000	d534d578d3e1eb2b1690b9a2d4b2d2d84100437c040d8b79df6fffed9032d272
0b56f689534178f6b57061d5647da91cc46fce241d44b3bf576f8f9587492c0e	0000000000000000000000000000000000000000000000000000000000000000	f66fbe57319563b64a8f58cd428595b307c07a72b2164595c11d283eab60b45c
0b56f689534178f6b57061d5647da91cc46fce241d44b3bf576f8f9587492c0e	0000000000000000000000000000000000000000000000000000000000000000	400e17f31c864b185ee05029b4ca04a020c29967468e73e015981536dedd5700
0b56f689534178f6b57061d5647da91cc46fce241d44b3bf576f8f9587492c0e	0000000000000000000000000000000000000000000000000000000000000000	d435856f9ab6ccc30eb8a023031b74008865b8b6a0ce79565dfb4936b4b73fb5
0b56f689534178f6b57061d5647da91cc46fce241d44b3bf576f8f9587492c0e	0000000000000000000000000000000000000000000000000000000000000000	19347eb1e110c6697b2151d083099e040675b4cfa6923f26ad57d963c97e1512
0b56f689534178f6b57061d5647da91cc46fce241d44b3bf576f8f9587492c0e	0000000000000000000000000000000000000000000000000000000000000000	b4779d0db00a11f69106d731567d0ad360668f49b2481481d932e714a143e45f
0b56f689534178f6b57061d5647da91cc46fce241d44b3bf576f8f9587492c0e	0000000000000000000000000000000000000000000000000000000000000000	99d83593a28df721d8a102e8776220d5aec0976a7b2283f6065686dafe7e51fb
0b56f689534178f6b57061d5647da91cc46fce241d44b3bf576f8f9587492c0e	0000000000000000000000000000000000000000000000000000000000000000	ba4e25b946a879db07bca35656369b0b2979018a9ad29eea7a1777fd5fd39c85
0b56f689534178f6b57061d5647da91cc46fce241d44b3bf576f8f9587492c0e	0000000000000000000000000000000000000000000000000000000000000000	40b40b9c7f95437f05fab8bbb92a269c56994ea170dfacdd3b3952c1ec8bc580
0b56f689534178f6b57061d5647da91cc46fce241d44b3bf576f8f9587492c0e	0000000000000000000000000000000000000000000000000000000000000000	b63351de682f433979d63242bbfa3b025d702b2537cd6d9c9e957ca15d1deac8
0b56f689534178f6b57061d5647da91cc46fce241d44b3bf576f8f9587492c0e	0000000000000000000000000000000000000000000000000000000000000000	7558116f93c6298ec934167195825c927f3ce843e06d8dd8a7343861e7dce9d9
0b56f689534178f6b57061d5647da91cc46fce241d44b3bf576f8f9587492c0e	0000000000000000000000000000000000000000000000000000000000000000	dff894f905106cd06ad1dbe2c1c46aa79b53e9406b796e7c4016a7d6353db602
0b56f689534178f6b57061d5647da91cc46fce241d44b3bf576f8f9587492c0e	0000000000000000000000000000000000000000000000000000000000000000	994c52cd54933a2d4a1f216cc9332d2c3c642bcb967c6948aacdd903536b6325
0b56f689534178f6b57061d5647da91cc46fce241d44b3bf576f8f9587492c0e	0000000000000000000000000000000000000000000000000000000000000000	4b3198f4ba8705ac3c84d34411a488c5972a8e5a16d4726f0f077650d2871bdf
0b56f689534178f6b57061d5647da91cc46fce241d44b3bf576f8f9587492c0e	0000000000000000000000000000000000000000000000000000000000000000	174bae57a2d7a1629ba040e754ef59a8b0eda026eb917c3cc139a86c88646978
0b56f689534178f6b57061d5647da91cc46fce241d44b3bf576f8f9587492c0e	0000000000000000000000000000000000000000000000000000000000000000	0ea05b5d5f3613201470d6192914c594827bfe1afe65cb722b4a2393e4f8fbdd
0b56f689534178f6b57061d5647da91cc46fce241d44b3bf576f8f9587492c0e	0000000000000000000000000000000000000000000000000000000000000000	9351b1da87f6b5eb7537fafa579b08ff8779d847c3eb282cf6b608d3c44bef55
0b56f689534178f6b57061d5647da91cc46fce241d44b3bf576f8f9587492c0e	0000000000000000000000000000000000000000000000000000000000000000	ee3056755f73938fe24874c6e48e7179fc7c9cf584e86c49da8cdb2436d3caf8
0b56f689534178f6b57061d5647da91cc46fce241d44b3bf576f8f9587492c0e	0000000000000000000000000000000000000000000000000000000000000000	483f81fc39a2d891702b937b846a53cd1c958dc6bd180c02059bdecd2cb3c5b9
0b56f689534178f6b57061d5647da91cc46fce241d44b3bf576f8f9587492c0e	0000000000000000000000000000000000000000000000000000000000000000	9bdb8c2fb94e8eb23b0b82372348b7f665c83cc61618aef659c20cafc3756577
0b56f689534178f6b57061d5647da91cc46fce241d44b3bf576f8f9587492c0e	0000000000000000000000000000000000000000000000000000000000000000	14866b25bfec8d9088ea50e559c7cca8ad737550b972896b141596c723d09595
0b56f689534178f6b57061d5647da91cc46fce241d44b3bf576f8f9587492c0e	0000000000000000000000000000000000000000000000000000000000000001	0000000000000000000000000000000000000000000000000000000000000001
0b56f689534178f6b57061d5647da91cc46fce241d44b3bf576f8f9587492c0e	0000000000000000000000000000000000000000000000000000000000000001	fffffffffffffffffffffffffffffffffffffffffffffffffffffffefffffc2e
0b56f689534178f6b57061d5647da91cc46fce241d44b3bf576f8f9587492c0e	fffffffffffffffffffffffffffffffffffffffffffffffffffffffefffffc2e	0000000000000000000000000000000000000000000000000000000000000001
0b56f689534178f6b57061d5647da91cc46fce241d44b3bf576f8f9587492c0e	fffffffffffffffffffffffffffffffffffffffffffffffffffffffefffffc2e	fffffffffffffffffffffffffffffffffffffffffffffffffffffffefffffc2e
0b56f689534178f6b57061d5647da91cc46fce241d44b3bf576f8f9587492c0e	00000000000000000000000000000000000000000000000000000001000003d1	00000000000000000000000000000000000000000000000000000001000003d2
0b56f689534178f6b57061d5647da91cc46fce241d44b3bf576f8f9587492c0e	00000000000000000000000000000000ffffffffffffffffffffffffffffffff	0000000000000000000000000000000100000000000000000000000000000001
0b56f689534178f6b57061d5647da91cc46fce241d44b3bf576f8f9587492c0e	7fffffffffffffffffffffffffffffffffffffffffffffffffffffffffffffed	00000000000000000000000000000000000000000000000000000001000003d1
0b56f689534178f6b57061d5647da91cc46fce241d44b3bf576f8f9587492c0e	00000000000000000000000000000000000000000000000000000001000003d2	8000000000000000000000000000000000000000000000000000000000000013
0b56f689534178f6b57061d5647da91cc46fce241d44b3bf576f8f9587492c0e	96de292ad08c05f33374ff077e037057cb1976be5fd11814eb427a298826a7de	f5a02b551d42e1af8af605ff1660926f160366df7b9584c2f4e83c5251d4ac4a
0b56f689534178f6b57061d5647da91cc46fce241d44b3bf576f8f9587492c0e	4d6ec7bab20514a58c089d6067f55985b8392d48b5531403790e390b58cb6397	a3b527dc3ded3db1ebb2d76d1e0f1d3ba27e4a809a3654648bbde08dbf1f454c
0b56f689534178f6b57061d5647da91cc46fce241d44b3bf576f8f9587492c0e	e45d6b3a7bab850fd4636fc1bec55df32d3abc216d2837543c5ba15d153069f1	ddbec74a741dcc3fccbef14fb226877249dae56655d5d9a1b1a073c6e04abe33
0b56f689534178f6b57061d5647da91cc46fce241d44b3bf576f8f9587492c0e	bd9c04cdfd5b0caa1588bd3d277d72ace38f467b02aba014e5a8e90eeb3fbe1a	1bb54365673065de32ecf60d870ba0653ed1c3e18b6bedc01dd5d4dd04bbe4ca
0b56f689534178f6b57061d5647da91cc46fce241d44b3bf576f8f9587492c0e	2beaf41bc983d4f633f48d269bfa408bfc599b1e1b73e28d09e3ee7ea71ac7a6	357cec24e0b81663bc645f7cf6352799e9e2022fd4915646b6785bedbcbe7334
0b56f689534178f6b57061d5647da91cc46fce241d44b3bf576f8f9587492c0e	b5c07245c079654f786d357f629f0790f7723aad5562066fe2e4f01b9e1cddc8	a6584ec2aadddec9d4bd5db607d1f8bf5222837160d787d1353fcbbeaf9136fa
0b56f689534178f6b57061d5647da91cc46fce241d44b3bf576f8f9587492c0e	5f7336cee5cf61f96cd20b5175605b709909aa714d33cc087d3466f57f617fff	bb61dcac06769ca45dd1f5557c5e315a0a5ef6c91f8f8fd8f6dec8c4855d4312
0b56f689534178f6b57061d5647da91cc46fce241d44b3bf576f8f9587492c0e	2acc6dfff840182c12a710e41723c9d58be39cd1c35ca4bc90b833ab186ab981	1163f31315c921af267f5c165fa15639ff6a27f22da4f0d54a22c5756f4f01bb
0b56f689534178f6b57061d5647da91cc46fce241d44b3bf576f8f9587492c0e	d4748cd56a1ba4db81904bd851953aa1e6ad2f30f789700f6a026e53fce2523e	03ad3d62b8d59506de2bbb6a0fb9b9e9c3e3840ceff473be4e7bae93d10a7aa7
0b56f689534178f6b57061d5647da91cc46fce241d44b3bf576f8f9587492c0e	512ff00c68eaac642ac7ac7d377bf11621b1b12948db0eb2afed1bbb9abeb1c5	f2c52d8a84bfdbfdf0253c59082bf79ddf5cdadd40f16c27b3ec33a6545b905e
0b56f689534178f6b57061d5647da91cc46fce241d44b3bf576f8f9587492c0e	02af8362bd0440652f8b0774287cb3d0d4d1d9f9cd0b4a348a63b5beae8d0bb4	c1b0638d4b66c508d947c069e7ca0d241c5ee6d149a290b3b1dab1f62f842b37
0b56f689534178f6b57061d5647da91cc46fce241d44b3bf576f8f9587492c0e	d25b514f3ecd73eb99a9fb4df1427c72d13744c2c280a35a7e0de96e4ba264e6	e85a4bb427c8f87dd7840a7994234b7a8b3c783b7ac9584436fcbe4ff485a11c
0b56f689534178f6b57061d5647da91cc46fce241d44b3bf576f8f9587492c0e	a914abac0c875449aa59bd68cc1f68bf74661024895373a19b8e770c89e48bf4	8ce849c8db38c84b2a44d6572a0772cf460a4c0c9b9edd81ed74b160f3498f67
0b56f689534178f6b57061d5647da91cc46fce241d44b3bf576f8f9587492c0e	b42468bb21919254b35ba9b2d6196dacb763658d59b32092c19011fa56e5bab7	dca2587b05442efd5f959abd92d8ebcc00123da5227abd899d23727047ec47e1
0b56f689534178f6b57061d5647da91cc46fce241d44b3bf576f8f9587492c0e	cdf9fb6f3e724045d145b38f4ba6029866d6eecb293b7446f663bd21619289d1	ef5d51b43d937b85b459606fdf44b9172e45f1855afde8da489c0878c98b6637
0b56f689534178f6b57061d5647da91cc46fce241d44b3bf576f8f9587492c0e	fd574845f718a4699ab18dd690c0cb7d5a70e1d9e7cc79899d77dc2f820b0887	ef3df975bf32e79693f84a45aab6ce9a4ce8f6f255b2bc855334b23bd02f69c3
0b56f689534178f6b57061d5647da91cc46fce241d44b3bf576f8f9587492c0e	3d01065fa8d2f127ec215cb633b545cc2e4ac01ef8e534f433e264d8466cec92	5900b78154d61769c01f152b1d733b6c6d342e64b9f80882cad772c19dced026
0b56f689534178f6b57061d5647da91cc46fce241d44b3bf576f8f9587492c0e	921c715d3cff5e9294c47bb3701a2b5298ce18ac820b35f9041f0ef64a515b5c	52f4f74a17a5423f6b79fe78aa1f75a581a552605bc4e1c8d715fa578181c210
0b56f689534178f6b57061d5647da91cc46fce241d44b3bf576f8f9587492c0e	0683e5161c3e6b59b9e88f8164b15ede68d7fb5f73224130d408e6b944bb1c54	471e1faf3b5fb3cb68d996af8dd80565751b48ca94da9cf079b6d83e5bdb6c97
0b56f689534178f6b57061d5647da91cc46fce241d44b3bf576f8f9587492c0e	713ecac72d72778c195d5d9c494545f5310f11cc91d2682f32637262247f7d22	21efca2d51daf34d53309b5169d1da162e64194961ac01924604d8ab6c946ffb
0b56f689534178f6b57061d5647da91cc46fce241d44b3bf576f8f9587492c0e	9b97ed60917ef827867593286ae20f87081430029c151e22f91f48dd824942af	4d8cacbf43ee8a53bc0fa467890739c1768af3cfe20fe49355cf238fc7472113
0b56f689534178f6b57061d5647da91cc46fce241d44b3bf576f8f9587492c0e	18e2c312b8a96ec1562fa25d3622bbb6722736e47326da420bd49b5b74db66c4	f3c1683b267f956469878122341d36c533f5c407b0583165d6c049cc4af22519
0b56f689534178f6b57061d5647da91cc46fce241d44b3bf576f8f9587492c0e	98d143525569f7bdaa02c909b6c26e24aaf33ab175e1b0e95ee0219e105c65c2	609315be080284ee9e9d6cc6b37e0b2fd157775c2ef7fc241e687fbdb359d21f
0b56f689534178f6b57061d5647da91cc46fce241d44b3bf576f8f9587492c0e	defb17327fcc7a1eb8639e91a8c20792ef1e516ceabc01a0e650593dc60d80fd	39fab05c3e9287d0cf82d07c743e3ada7f5173e2675a574a546e590a07477a29
da57a36622a4ffc599f921e55e652585ae76e16691c8d93c0ba92a0d62811ad6	0000000000000000000000000000000000000000000000000000000000000000	0000000000000000000000000000000000000000000000000000000000000001
da57a36622a4ffc599f921e55e652585ae76e16691c8d93c0ba92a0d62811ad6	0000000000000000000000000000000000000000000000000000000000000000	0000000000000000000000000000000000000000000000000000000000000002
da57a36622a4ffc599f921e55e652585ae76e16691c8d93c0ba92a0d62811ad6	0000000000000000000000000000000000000000000000000000000000000000	0000000000000000000000000000000000000000000000000000000000000003
da57a36622a4ffc599f921e55e652585ae76e16691c8d93c0ba92a0d62811ad6	0000000000000000000000000000000000000000000000000000000000000000	00000000000000000000000000000000000000000000000000000001000003d0
da57a36622a4ffc599f921e55e652585ae76e16691c8d93c0ba92a0d62811ad6	0000000000000000000000000000000000000000000000000000000000000000	00000000000000000000000000000000000000000000000000000001000003d1
da57a36622a4ffc599f921e55e652585ae76e16691c8d93c0ba92a0d62811ad6	0000000000000000000000000000000000000000000000000000000000000000	00000000000000000000000000000000000000000000000000000001000003d2
da57a36622a4ffc599f921e55e652585ae76e16691c8d93c0ba92a0d62811ad6	0000000000000000000000000000000000000000000000000000000000000000	0000000000000000000000000000000100000000000000000000000000000001
da57a36622a4ffc599f921e55e652585ae76e16691c8d93c0ba92a0d62811ad6	0000000000000000000000000000000000000000000000000000000000000000	fffffffffffffffffffffffffffffffffffffffffffffffffffffffefffffc2e
da57a36622a4ffc599f921e55e652585ae76e16691c8d93c0ba92a0d62811ad6	0000000000000000000000000000000000000000000000000000000000000000	9f69ee183927f2de409371d48b0733735c9568941bfe791cb02499365401facb
da57a36622a4ffc599f921e55e652585ae76e16691c8d93c0ba92a0d62811ad6	0000000000000000000000000000000000000000000000000000000000000000	d3c5244fc0c8c00553ff409212b6a57b0a3b623ee0bc7b23d9147250759aa415
da57a36622a4ffc599f921e55e652585ae76e16691c8d93c0ba92a0d62811ad6	0000000000000000000000000000000000000000000000000000000000000000	5dcdef1aadba6e6f9fa7a194cf6a71df9168d97d2e9ca4dc296908565f00b4d9
da57a36622a4ffc599f921e55e652585ae76e16691c8d93c0ba92a0d62811ad6	0000000000000000000000000000000000000000000000000000000000000000	d534d578d3e1eb2b1690b9a2d4b2d2d84100437c040d8b79df6fffed9032d272
da57a36622a4ffc599f921e55e652585ae76e16691c8d93c0ba92a0d62811ad6	0000000000000000000000000000000000000000000000000000000000000000	f66fbe57319563b64a8f58cd428595b307c07a72b2164595c11d283eab60b45c
da57a36622a4ffc599f921e55e652585ae76e16691c8d93c0ba92a0d62811ad6	0000000000000000000000000000000000000000000000000000000000000000	400e17f31c864b185ee05029b4ca04a020c29967468e73e015981536dedd5700
da57a36622a4ffc599f921e55e652585ae76e16691c8d93c0ba92a0d62811ad6	0000000000000000000000000000000000000000000000000000000000000000	d435856f9ab6ccc30eb8a023031b74008865b8b6a0ce79565dfb4936b4b73fb5
da57a36622a4ffc599f921e55e652585ae76e16691c8d93c0ba92a0d62811ad6	0000000000000000000000000000000000000000000000000000000000000000	19347eb1e110c6697b2151d083099e040675b4cfa6923f26ad57d963c97e1512
da57a36622a4ffc599f921e55e652585ae76e16691c8d93c0ba92a0d62811ad6	0000000000000000000000000000000000000000000000000000000000000000	b4779d0db00a11f69106d731567d0ad360668f49b2481481d932e714a143e45f
da57a36622a4ffc599f921e55e652585ae76e16691c8d93c0ba92a0d62811ad6	0000000000000000000000000000000000000000000000000000000000000000	99d83593a28df721d8a102e8776220d5aec0976a7b2283f6065686dafe7e51fb
da57a36622a4ffc599f921e55e652585ae76e16691c8d93c0ba92a0d62811ad6	0000000000000000000000000000000000000000000000000000000000000000	ba4e25b946a879db07bca35656369b0b2979018a9ad29eea7a1777fd5fd39c85
da57a36622a4ffc599f921e55e652585ae76e16691c8d93c0ba92a0d62811ad6	0000000000000000000000000000000000000000000000000000000000000000	40b40b9c7f95437f05fab8bbb92a269c56994ea170dfacdd3b3952c1ec8bc580
da57a36622a4ffc599f921e55e652585ae76e16691c8d93c0ba92a0d62811ad6	0000000000000000000000000000000000000000000000000000000000000000	b63351de682f433979d63242bbfa3b025d702b2537cd6d9c9e957ca15d1deac8
da57a36622a4ffc599f921e55e652585ae76e16691c8d93c0ba92a0d62811ad6	0000000000000000000000000000000000000000000000000000000000000000	7558116f93c6298ec934167195825c927f3ce843e06d8dd8a7343861e7dce9d9
da57a36622a4ffc599f921e55e652585ae76e16691c8d93c0ba92a0d62811ad6	0000000000000000000000000000000000000000000000000000000000000000	dff894f905106cd06ad1dbe2c1c46aa79b53e9406b796e7c4016a7d6353db602
da57a36622a4ffc599f921e55e652585ae76e16691c8d93c0ba92a0d62811ad6	0000000000000000000000000000000000000000000000000000000000000000	994c52cd54933a2d4a1f216cc9332d2c3c642bcb967c6948aacdd903536b6325
da57a36622a4ffc599f921e55e652585ae76e16691c8d93c0ba92a0d62811ad6	0000000000000000000000000000000000000000000000000000000000000000	4b3198f4ba8705ac3c84d34411a488c5972a8e5a16d4726f0f077650d2871bdf
da57a36622a4ffc599f921e55e652585ae76e16691c8d93c0ba92a0d62811ad6	0000000000000000000000000000000000000000000000000000000000000000	174bae57a2d7a1629ba040e754ef59a8b0eda026eb917c3cc139a86c88646978
da57a36622a4ffc599f921e55e652585ae76e16691c8d93c0ba92a0d62811ad6	0000000000000000000000000000000000000000000000000000000000000000	0ea05b5d5f3613201470d6192914c594827bfe1afe65cb722b4a2393e4f8fbdd
da57a36622a4ffc599f921e55e652585ae76e16691c8d93c0ba92a0d62811ad6	0000000000000000000000000000000000000000000000000000000000000000	9351b1da87f6b5eb7537fafa579b08ff8779d847c3eb282cf6b608d3c44bef55
da57a36622a4ffc599f921e55e652585ae76e16691c8d93c0ba92a0d62811ad6	0000000000000000000000000000000000000000000000000000000000000000	ee3056755f73938fe24874c6e48e7179fc7c9cf584e86c49da8cdb2436d3caf8
da57a36622a4ffc599f921e55e652585ae76e16691c8d93c0ba92a0d62811ad6	0000000000000000000000000000000000000000000000000000000000000000	483f81fc39a2d891702b937b846a53cd1c958dc6bd180c02059bdecd2cb3c5b9
da57a36622a4ffc599f921e55e652585ae76e16691c8d93c0ba92a0d62811ad6	0000000000000000000000000000000000000000000000000000000000000000	9bdb8c2fb94e8eb23b0b82372348b7f665c83cc61618aef659c20cafc3756577
da57a36622a4ffc599f921e55e652585ae76e16691c8d93c0ba92a0d62811ad6	0000000000000000000000000000000000000000000000000000000000000000	14866b25bfec8d9088ea50e559c7cca8ad737550b972896b141596c723d09595
da57a36622a4ffc599f921e55e652585ae76e16691c8d93c0ba92a0d62811ad6	0000000000000000000000000000000000000000000000000000000000000001	0000000000000000000000000000000000000000000000000000000000000001
da57a36622a4ffc599f921e55e652585ae76e16691c8d93c0ba92a0d62811ad6	0000000000000000000000000000000000000000000000000000000000000001	fffffffffffffffffffffffffffffffffffffffffffffffffffffffefffffc2e
da57a36622a4ffc599f921e55e652585ae76e16691c8d93c0ba92a0d62811ad6	fffffffffffffffffffffffffffffffffffffffffffffffffffffffefffffc2e	0000000000000000000000000000000000000000000000000000000000000001
da57a36622a4ffc599f921e55e652585ae76e16691c8d93c0ba92a0d62811ad6	fffffffffffffffffffffffffffffffffffffffffffffffffffffffefffffc2e	fffffffffffffffffffffffffffffffffffffffffffffffffffffffefffffc2e
da57a36622a4ffc599f921e55e652585ae76e16691c8d93c0ba92a0d62811ad6	00000000000000000000000000000000000000000000000000000001000003d1	00000000000000000000000000000000000000000000000000000001000003d2
da57a36622a4ffc599f921e55e652585ae76e16691c8d93c0ba92a0d62811ad6	00000000000000000000000000000000ffffffffffffffffffffffffffffffff	0000000000000000000000000000000100000000000000000000000000000001
da57a36622a4ffc599f921e55e652585ae76e16691c8d93c0ba92a0d62811ad6	7fffffffffffffffffffffffffffffffffffffffffffffffffffffffffffffed	00000000000000000000000000000000000000000000000000000001000003d1
da57a36622a4ffc599f921e55e652585ae76e16691c8d93c0ba92a0d62811ad6	00000000000000000000000000000000000000000000000000000001000003d2	8000000000000000000000000000000000000000000000000000000000000013
da57a36622a4ffc599f921e55e652585ae76e16691c8d93c0ba92a0d62811ad6	96de292ad08c05f33374ff077e037057cb1976be5fd11814eb427a298826a7de	f5a02b551d42e1af8af605ff1660926f160366df7b9584c2f4e83c5251d4ac4a
da57a36622a4ffc599f921e55e652585ae76e16691c8d93c0ba92a0d62811ad6	4d6ec7bab20514a58c089d6067f55985b8392d48b5531403790e390b58cb6397	a3b527dc3ded3db1ebb2d76d1e0f1d3ba27e4a809a3654648bbde08dbf1f454c
da57a36622a4ffc599f921e55e652585ae76e16691c8d93c0ba92a0d62811ad6	e45d6b3a7bab850fd4636fc1bec55df32d3abc216d2837543c5ba15d153069f1	ddbec74a741dcc3fccbef14fb226877249dae56655d5d9a1b1a073c6e04abe33
da57a36622a4ffc599f921e55e652585ae76e16691c8d93c0ba92a0d62811ad6	bd9c04cdfd5b0caa1588bd3d277d72ace38f467b02aba014e5a8e90eeb3fbe1a	1bb54365673065de32ecf60d870ba0653ed1c3e18b6bedc01dd5d4dd04bbe4ca
da57a36622a4ffc599f921e55e652585ae76e16691c8d93c0ba92a0d62811ad6	2beaf41bc983d4f633f48d269bfa408bfc599b1e1b73e28d09e3ee7ea71ac7a6	357cec24e0b81663bc645f7cf6352799e9e2022fd4915646b6785bedbcbe7334
da57a36622a4ffc599f921e55e652585ae76e16691c8d93c0ba92a0d62811ad6	b5c07245c079654f786d357f629f0790f7723aad5562066fe2e4f01b9e1cddc8	a6584ec2aadddec9d4bd5db607d1f8bf5222837160d787d1353fcbbeaf9136fa
da57a36622a4ffc599f921e55e652585ae76e16691c8d93c0ba92a0d62811ad6	5f7336cee5cf61f96cd20b5175605b709909aa714d33cc087d3466f57f617fff	bb61dcac06769ca45dd1f5557c5e315a0a5ef6c91f8f8fd8f6dec8c4855d4312
da57a36622a4ffc599f921e55e652585ae76e16691c8d93c0ba92a0d62811ad6	2acc6dfff840182c12a710e41723c9d58be39cd1c35ca4bc90b833ab186ab981	1163f31315c921af267f5c165fa15639ff6a27f22da4f0d54a22c5756f4f01bb
da57a36622a4ffc599f921e55e652585ae76e16691c8d93c0ba92a0d62811ad6	d4748cd56a1ba4db81904bd851953aa1e6ad2f30f789700f6a026e53fce2523e	03ad3d62b8d59506de2bbb6a0fb9b9e9c3e3840ceff473be4e7bae93d10a7aa7
da57a36622a4ffc599f921e55e652585ae76e16691c8d93c0ba92a0d62811ad6	512ff00c68eaac642ac7ac7d377bf11621b1b12948db0eb2afed1bbb9abeb1c5	f2c52d8a84bfdbfdf0253c59082bf79ddf5cdadd40f16c27b3ec33a6545b905e
da57a36622a4ffc599f921e55e652585ae76e16691c8d93c0ba92a0d62811ad6	02af8362bd0440652f8b0774287cb3d0d4d1d9f9cd0b4a348a63b5beae8d0bb4	c1b0638d4b66c508d947c069e7ca0d241c5ee6d149a290b3b1dab1f62f842b37
da57a36622a4ffc599f921e55e652585ae76e16691c8d93c0ba92a0d62811ad6	d25b514f3ecd73eb99a9fb4df1427c72d13744c2c280a35a7e0de96e4ba264e6	e85a4bb427c8f87dd7840a7994234b7a8b3c783b7ac9584436fcbe4ff485a11c
da57a36622a4ffc599f921e55e652585ae76e16691c8d93c0ba92a0d62811ad6	a914abac0c875449aa59bd68cc1f68bf74661024895373a19b8e770c89e48bf4	8ce849c8db38c84b2a44d6572a0772cf460a4c0c9b9edd81ed74b160f3498f67
da57a36622a4ffc599f921e55e652585ae76e16691c8d93c0ba92a0d62811ad6	b42468bb21919254b35ba9b2d6196dacb763658d59b32092c19011fa56e5bab7	dca2587b05442efd5f959abd92d8ebcc00123da5227abd899d23727047ec47e1
da57a36622a4ffc599f921e55e652585ae76e16691c8d93c0ba92a0d62811ad6	cdf9fb6f3e724045d145b38f4ba6029866d6eecb293b7446f663bd21619289d1	ef5d51b43d937b85b459606fdf44b9172e45f1855afde8da489c0878c98b6637
da57a36622a4ffc599f921e55e652585ae76e16691c8d93c0ba92a0d62811ad6	fd574845f718a4699ab18dd690c0cb7d5a70e1d9e7cc79899d77dc2f820b0887	ef3df975bf32e79693f84a45aab6ce9a4ce8f6f255b2bc855334b23bd02f69c3
da57a36622a4ffc599f921e55e652585ae76e16691c8d93c0ba92a0d62811ad6	3d01065fa8d2f127ec215cb633b545cc2e4ac01ef8e534f433e264d8466cec92	5900b78154d61769c01f152b1d733b6c6d342e64b9f80882cad772c19dced026
da57a36622a4ffc599f921e55e652585ae76e16691c8d93c0ba92a0d62811ad6	921c715d3cff5e9294c47bb3701a2b5298ce18ac820b35f9041f0ef64a515b5c	52f4f74a17a5423f6b79fe78aa1f75a581a552605bc4e1c8d715fa578181c210
da57a36622a4ffc599f921e55e652585ae76e16691c8d93c0ba92a0d62811ad6	0683e5161c3e6b59b9e88f8164b15ede68d7fb5f73224130d408e6b944bb1c54	471e1faf3b5fb3cb68d996af8dd80565751b48ca94da9cf079b6d83e5bdb6c97
da57a36622a4ffc599f921e55e652585ae76e16691c8d93c0ba92a0d62811ad6	713ecac72d72778c195d5d9c494545f5310f11cc91d2682f32637262247f7d22	21efca2d51daf34d53309b5169d1da162e64194961ac01924604d8ab6c946ffb
da57a36622a4ffc599f921e55e652585ae76e16691c8d93c0ba92a0d62811ad6	9b97ed60917ef827867593286ae20f87081430029c151e22f91f48dd824942af	4d8cacbf43ee8a53bc0fa467890739c1768af3cfe20fe49355cf238fc7472113
da57a36622a4ffc599f921e55e652585ae76e16691c8d93c0ba92a0d62811ad6	18e2c312b8a96ec1562fa25d3622bbb6722736e47326da420bd49b5b74db66c4	f3c1683b267f956469878122341d36c533f5c407b0583165d6c049cc4af22519
da57a36622a4ffc599f921e55e652585ae76e16691c8d93c0ba92a0d62811ad6	98d143525569f7bdaa02c909b6c26e24aaf33ab175e1b0e95ee0219e105c65c2	609315be080284ee9e9d6cc6b37e0b2fd157775c2ef7fc241e687fbdb359d21f
da57a36622a4ffc599f921e55e652585ae76e16691c8d93c0ba92a0d62811ad6	defb17327fcc7a1eb8639e91a8c20792ef1e516ceabc01a0e650593dc60d80fd	39fab05c3e9287d0cf82d07c743e3ada7f5173e2675a574a546e590a07477a29
2f7e863c02616a1f0edc278f3cb852cc2ab6f430dc477e7e9a326c6b16362945	0000000000000000000000000000000000000000000000000000000000000000	0000000000000000000000000000000000000000000000000000000000000001
2f7e863c02616a1f0edc278f3cb852cc2ab6f430dc477e7e9a326c6b16362945	0000000000000000000000000000000000000000000000000000000000000000	0000000000000000000000000000000000000000000000000000000000000002
2f7e863c02616a1f0edc278f3cb852cc2ab6f430dc477e7e9a326c6b16362945	0000000000000000000000000000000000000000000000000000000000000000	0000000000000000000000000000000000000000000000000000000000000003
2f7e863c02616a1f0edc278f3cb852cc2ab6f430dc477e7e9a326c6b16362945	0000000000000000000000000000000000000000000000000000000000000000	00000000000000000000000000000000000000000000000000000001000003d0
2f7e863c02616a1f0edc278f3cb852cc2ab6f430dc477e7e9a326c6b16362945	0000000000000000000000000000000000000000000000000000000000000000	00000000000000000000000000000000000000000000000000000001000003d1
2f7e863c02616a1f0edc278f3cb852cc2ab6f430dc477e7e9a326c6b16362945	0000000000000000000000000000000000000000000000000000000000000000	00000000000000000000000000000000000000000000000000000001000003d2
2f7e863c02616a1f0edc278f3cb852cc2ab6f430dc477e7e9a326c6b16362945	0000000000000000000000000000000000000000000000000000000000000000	0000000000000000000000000000000100000000000000000000000000000001
2f7e863c02616a1f0edc278f3cb852cc2ab6f430dc477e7e9a326c6b16362945	0000000000000000000000000000000000000000000000000000000000000000	fffffffffffffffffffffffffffffffffffffffffffffffffffffffefffffc2e
2f7e863c02616a1f0edc278f3cb852cc2ab6f430dc477e7e9a326c6b16362945	0000000000000000000000000000000000000000000000000000000000000000	9f69ee183927f2de409371d48b0733735c9568941bfe791cb02499365401facb
2f7e863c02616a1f0edc278f3cb852cc2ab6f430dc477e7e9a326c6b16362945	0000000000000000000000000000000000000000000000000000000000000000	d3c5244fc0c8c00553ff409212b6a57b0a3b623ee0bc7b23d9147250759aa415
2f7e863c02616a1f0edc278f3cb852cc2ab6f430dc477e7e9a326c6b16362945	0000000000000000000000000000000000000000000000000000000000000000	5dcdef1aadba6e6f9fa7a194cf6a71df9168d97d2e9ca4dc296908565f00b4d9
2f7e863c02616a1f0edc278f3cb852cc2ab6f430dc477e7e9a326c6b16362945	0000000000000000000000000000000000000000000000000000000000000000	d534d578d3e1eb2b1690b9a2d4b2d2d84100437c040d8b79df6fffed9032d272
2f7e863c02616a1f0edc278f3cb852cc2ab6f430dc477e7e9a326c6b16362945	0000000000000000000000000000000000000000000000000000000000000000	f66fbe57319563b64a8f58cd428595b307c07a72b2164595c11d283eab60b45c
2f7e863c02616a1f0edc278f3cb852cc2ab6f430dc477e7e9a326c6b16362945	0000000000000000000000000000000000000000000000000000000000000000	400e17f31c864b185ee05029b4ca04a020c29967468e73e015981536dedd5700
2f7e863c02616a1f0edc278f3cb852cc2ab6f430dc477e7e9a326c6b16362945	0000000000000000000000000000000000000000000000000000000000000000	d435856f9ab6ccc30eb8a023031b74008865b8b6a0ce79565dfb4936b4b73fb5
2f7e863c02616a1f0edc278f3cb852cc2ab6f430dc477e7e9a326c6b16362945	0000000000000000000000000000000000000000000000000000000000000000	19347eb1e110c6697b2151d083099e040675b4cfa6923f26ad57d963c97e1512
2f7e863c02616a1f0edc278f3cb852cc2ab6f430dc477e7e9a326c6b16362945	0000000000000000000000000000000000000000000000000000000000000000	b4779d0db00a11f69106d731567d0ad360668f49b2481481d932e714a143e45f
2f7e863c02616a1f0edc278f3cb852cc2ab6f430dc477e7e9a326c6b16362945	0000000000000000000000000000000000000000000000000000000000000000	99d83593a28df721d8a102e8776220d5aec0976a7b2283f6065686dafe7e51fb
2f7e863c02616a1f0edc278f3cb852cc2ab6f430dc477e7e9a326c6b16362945	0000000000000000000000000000000000000000000000000000000000000000	ba4e25b946a879db07bca35656369b0b2979018a9ad29eea7a1777fd5fd39c85
2f7e863c02616a1f0edc278f3cb852cc2ab6f430dc477e7e9a326c6b16362945	0000000000000000000000000000000000000000000000000000000000000000	40b40b9c7f95437f05fab8bbb92a269c56994ea170dfacdd3b3952c1ec8bc580
2f7e863c02616a1f0edc278f3cb852cc2ab6f430dc477e7e9a326c6b16362945	0000000000000000000000000000000000000000000000000000000000000000	b63351de682f433979d63242bbfa3b025d702b2537cd6d9c9e957ca15d1deac8
2f7e863c02616a1f0edc278f3cb852cc2ab6f430dc477e7e9a326c6b16362945	0000000000000000000000000000000000000000000000000000000000000000	7558116f93c6298ec934167195825c927f3ce843e06d8dd8a7343861e7dce9d9
2f7e863c02616a1f0edc278f3cb852cc2ab6f430dc477e7e9a326c6b16362945	0000000000000000000000000000000000000000000000000000000000000000	dff894f905106cd06ad1dbe2c1c46aa79b53e9406b796e7c4016a7d6353db602
2f7e863c02616a1f0edc278f3cb852cc2ab6f430dc477e7e9a326c6b16362945	0000000000000000000000000000000000000000000000000000000000000000	994c52cd54933a2d4a1f216cc9332d2c3c642bcb967c6948aacdd903536b6325
2f7e863c02616a1f0edc278f3cb852cc2ab6f430dc477e7e9a326c6b16362945	0000000000000000000000000000000000000000000000000000000000000000	4b3198f4ba8705ac3c84d34411a488c5972a8e5a16d4726f0f077650d2871bdf
2f7e863c02616a1f0edc278f3cb852cc2ab6f430dc477e7e9a326c6b16362945	0000000000000000000000000000000000000000000000000000000000000000	174bae57a2d7a1629ba040e754ef59a8b0eda026eb917c3cc139a86c88646978
2f7e863c02616a1f0edc278f3cb852cc2ab6f430dc477e7e9a326c6b16362945	0000000000000000000000000000000000000000000000000000000000000000	0ea05b5d5f3613201470d6192914c594827bfe1afe65cb722b4a2393e4f8fbdd
2f7e863c02616a1f0edc278f3cb852cc2ab6f430dc477e7e9a326c6b16362945	0000000000000000000000000000000000000000000000000000000000000000	9351b1da87f6b5eb7537fafa579b08ff8779d847c3eb282cf6b608d3c44bef55
2f7e863c02616a1f0edc278f3cb852cc2ab6f430dc477e7e9a326c6b16362945	0000000000000000000000000000000000000000000000000000000000000000	ee3056755f73938fe24874c6e48e7179fc7c9cf584e86c49da8cdb2436d3caf8
2f7e863c02616a1f0edc278f3cb852cc2ab6f430dc477e7e9a326c6b16362945	0000000000000000000000000000000000000000000000000000000000000000	483f81fc39a2d891702b937b846a53cd1c958dc6bd180c02059bdecd2cb3c5b9
2f7e863c02616a1f0edc278f3cb852cc2ab6f430dc477e7e9a326c6b16362945	0000000000000000000000000000000000000000000000000000000000000000	9bdb8c2fb94e8eb23b0b82372348b7f665c83cc61618aef659c20cafc3756577
2f7e863c02616a1f0edc278f3cb852cc2ab6f430dc477e7e9a326c6b16362945	0000000000000000000000000000000000000000000000000000000000000000	14866b25bfec8d9088ea50e559c7cca8ad737550b972896b141596c723d09595
2f7e863c02616a1f0edc278f3cb852cc2ab6f430dc477e7e9a326c6b16362945	0000000000000000000000000000000000000000000000000000000000000001	0000000000000000000000000000000000000000000000000000000000000001
2f7e863c02616a1f0edc278f3cb852cc2ab6f430dc477e7e9a326c6b16362945	0000000000000000000000000000000000000000000000000000000000000001	fffffffffffffffffffffffffffffffffffffffffffffffffffffffefffffc2e
2f7e863c02616a1f0edc278f3cb852cc2ab6f430dc477e7e9a326c6b16362945	fffffffffffffffffffffffffffffffffffffffffffffffffffffffefffffc2e	0000000000000000000000000000000000000000000000000000000000000001
2f7e863c02616a1f0edc278f3cb852cc2ab6f430dc477e7e9a326c6b16362945	fffffffffffffffffffffffffffffffffffffffffffffffffffffffefffffc2e	fffffffffffffffffffffffffffffffffffffffffffffffffffffffefffffc2e
2f7e863c02616a1f0edc278f3cb852cc2ab6f430dc477e7e9a326c6b16362945	00000000000000000000000000000000000000000000000000000001000003d1	00000000000000000000000000000000000000000000000000000001000003d2
2f7e863c02616a1f0edc278f3cb852cc2ab6f430dc477e7e9a326c6b16362945	00000000000000000000000000000000ffffffffffffffffffffffffffffffff	0000000000000000000000000000000100000000000000000000000000000001
2f7e863c02616a1f0edc278f3cb852cc2ab6f430dc477e7e9a326c6b16362945	7fffffffffffffffffffffffffffffffffffffffffffffffffffffffffffffed	00000000000000000000000000000000000000000000000000000001000003d1
2f7e863c02616a1f0edc278f3cb852cc2ab6f430dc477e7e9a326c6b16362945	00000000000000000000000000000000000000000000000000000001000003d2	8000000000000000000000000000000000000000000000000000000000000013
2f7e863c02616a1f0edc278f3cb852cc2ab6f430dc477e7e9a326c6b16362945	96de292ad08c05f33374ff077e037057cb1976be5fd11814eb427a298826a7de	f5a02b551d42e1af8af605ff1660926f160366df7b9584c2f4e83c5251d4ac4a
2f7e863c02616a1f0edc278f3cb852cc2ab6f430dc477e7e9a326c6b16362945	4d6ec7bab20514a58c089d6067f55985b8392d48b5531403790e390b58cb6397	a3b527dc3ded3db1ebb2d76d1e0f1d3ba27e4a809a3654648bbde08dbf1f454c
2f7e863c02616a1f0edc278f3cb852cc2ab6f430dc477e7e9a326c6b16362945	e45d6b3a7bab850fd4636fc1bec55df32d3abc216d2837543c5ba15d153069f1	ddbec74a741dcc3fccbef14fb226877249dae56655d5d9a1b1a073c6e04abe33
2f7e863c02616a1f0edc278f3cb852cc2ab6f430dc477e7e9a326c6b16362945	bd9c04cdfd5b0caa1588bd3d277d72ace38f467b02aba014e5a8e90eeb3fbe1a	1bb54365673065de32ecf60d870ba0653ed1c3e18b6bedc01dd5d4dd04bbe4ca
2f7e863c02616a1f0edc278f3cb852cc2ab6f430dc477e7e9a326c6b16362945	2beaf41bc983d4f633f48d269bfa408bfc599b1e1b73e28d09e3ee7ea71ac7a6	357cec24e0b81663bc645f7cf6352799e9e2022fd4915646b6785bedbcbe7334
2f7e863c02616a1f0edc278f3cb852cc2ab6f430dc477e7e9a326c6b16362945	b5c07245c079654f786d357f629f0790f7723aad5562066fe2e4f01b9e1cddc8	a6584ec2aadddec9d4bd5db607d1f8bf5222837160d787d1353fcbbeaf9136fa
2f7e863c02616a1f0edc278f3cb852cc2ab6f430dc477e7e9a326c6b16362945	5f7336cee5cf61f96cd20b5175605b709909aa714d33cc087d3466f57f617fff	bb61dcac06769ca45dd1f5557c5e315a0a5ef6c91f8f8fd8f6dec8c4855d4312
2f7e863c02616a1f0edc278f3cb852cc2ab6f430dc477e7e9a326c6b16362945	2acc6dfff840182c12a710e41723c9d58be39cd1c35ca4bc90b833ab186ab981	1163f31315c921af267f5c165fa15639ff6a27f22da4f0d54a22c5756f4f01bb
2f7e863c02616a1f0edc278f3cb852cc2ab6f430dc477e7e9a326c6b16362945	d4748cd56a1ba4db81904bd851953aa1e6ad2f30f789700f6a026e53fce2523e	03ad3d62b8d59506de2bbb6a0fb9b9e9c3e3840ceff473be4e7bae93d10a7aa7
2f7e863c02616a1f0edc278f3cb852cc2ab6f430dc477e7e9a326c6b16362945	512ff00c68eaac642ac7ac7d377bf11621b1b12948db0eb2afed1bbb9abeb1c5	f2c52d8a84bfdbfdf0253c59082bf79ddf5cdadd40f16c27b3ec33a6545b905e
2f7e863c02616a1f0edc278f3cb852cc2ab6f430dc477e7e9a326c6b16362945	02af8362bd0440652f8b0774287cb3d0d4d1d9f9cd0b4a348a63b5beae8d0bb4	c1b0638d4b66c508d947c069e7ca0d241c5ee6d149a290b3b1dab1f62f842b37
2f7e863c02616a1f0edc278f3cb852cc2ab6f430dc477e7e9a326c6b16362945	d25b514f3ecd73eb99a9fb4df1427c72d13744c2c280a35a7e0de96e4ba264e6	e85a4bb427c8f87dd7840a7994234b7a8b3c783b7ac9584436fcbe4ff485a11c
2f7e863c02616a1f0edc278f3cb852cc2ab6f430dc477e7e9a326c6b16362945	a914abac0c875449aa59bd68cc1f68bf74661024895373a19b8e770c89e48bf4	8ce849c8db38c84b2a44d6572a0772cf460a4c0c9b9edd81ed74b160f3498f67
2f7e863c02616a1f0edc278f3cb852cc2ab6f430dc477e7e9a326c6b16362945	b42468bb21919254b35ba9b2d6196dacb763658d59b32092c19011fa56e5bab7	dca2587b05442efd5f959abd92d8ebcc00123da5227abd899d23727047ec47e1
2f7e863c02616a1f0edc278f3cb852cc2ab6f430dc477e7e9a326c6b16362945	cdf9fb6f3e724045d145b38f4ba6029866d6eecb293b7446f663bd21619289d1	ef5d51b43d937b85b459606fdf44b9172e45f1855afde8da489c0878c98b6637
2f7e863c02616a1f0edc278f3cb852cc2ab6f430dc477e7e9a326c6b16362945	fd574845f718a4699ab18dd690c0cb7d5a70e1d9e7cc79899d77dc2f820b0887	ef3df975bf32e79693f84a45aab6ce9a4ce8f6f255b2bc855334b23bd02f69c3
2f7e863c02616a1f0edc278f3cb852cc2ab6f430dc477e7e9a326c6b16362945	3d01065fa8d2f127ec215cb633b545cc2e4ac01ef8e534f433e264d8466cec92	5900b78154d61769c01f152b1d733b6c6d342e64b9f80882cad772c19dced026
2f7e863c02616a1f0edc278f3cb852cc2ab6f430dc477e7e9a326c6b16362945	921c715d3cff5e9294c47bb3701a2b5298ce18ac820b35f9041f0ef64a515b5c	52f4f74a17a5423f6b79fe78aa1f75a581a552605bc4e1c8d715fa578181c210
2f7e863c02616a1f0edc278f3cb852cc2ab6f430dc477e7e9a326c6b16362945	0683e5161c3e6b59b9e88f8164b15ede68d7fb5f73224130d408e6b944bb1c54	471e1faf3b5fb3cb68d996af8dd80565751b48ca94da9cf079b6d83e5bdb6c97
2f7e863c02616a1f0edc278f3cb852cc2ab6f430dc477e7e9a326c6b16362945	713ecac72d72778c195d5d9c494545f5310f11cc91d2682f32637262247f7d22	21efca2d51daf34d53309b5169d1da162e64194961ac01924604d8ab6c946ffb
2f7e863c02616a1f0edc278f3cb852cc2ab6f430dc477e7e9a326c6b16362945	9b97ed60917ef827867593286ae20f87081430029c151e22f91f48dd824942af	4d8cacbf43ee8a53bc0fa467890739c1768af3cfe20fe49355cf238fc7472113
2f7e863c02616a1f0edc278f3cb852cc2ab6f430dc477e7e9a326c6b16362945	18e2c312b8a96ec1562fa25d3622bbb6722736e47326da420bd49b5b74db66c4	f3c1683b267f956469878122341d36c533f5c407b0583165d6c049cc4af22519
2f7e863c02616a1f0edc278f3cb852cc2ab6f430dc477e7e9a326c6b16362945	98d143525569f7bdaa02c909b6c26e24aaf33ab175e1b0e95ee0219e105c65c2	609315be080284ee9e9d6cc6b37e0b2fd157775c2ef7fc241e687fbdb359d21f
2f7e863c02616a1f0edc278f3cb852cc2ab6f430dc477e7e9a326c6b16362945	defb17327fcc7a1eb8639e91a8c20792ef1e516ceabc01a0e650593dc60d80fd	39fab05c3e9287d0cf82d07c743e3ada7f5173e2675a574a546e590a07477a29
ed0593434354485011f0187ec3dde032c40a83ea3f6ef50612993157ebce671b	0000000000000000000000000000000000000000000000000000000000000000	0000000000000000000000000000000000000000000000000000000000000001
ed0593434354485011f0187ec3dde032c40a83ea3f6ef50612993157ebce671b	0000000000000000000000000000000000000000000000000000000000000000	0000000000000000000000000000000000000000000000000000000000000002
ed0593434354485011f0187ec3dde032c40a83ea3f6ef50612993157ebce671b	0000000000000000000000000000000000000000000000000000000000000000	0000000000000000000000000000000000000000000000000000000000000003
ed0593434354485011f0187ec3dde032c40a83ea3f6ef50612993157ebce671b	0000000000000000000000000000000000000000000000000000000000000000	00000000000000000000000000000000000000000000000000000001000003d0
ed0593434354485011f0187ec3dde032c40a83ea3f6ef50612993157ebce671b	0000000000000000000000000000000000000000000000000000000000000000	00000000000000000000000000000000000000000000000000000001000003d1
ed0593434354485011f0187ec3dde032c40a83ea3f6ef50612993157ebce671b	0000000000000000000000000000000000000000000000000000000000000000	00000000000000000000000000000000000000000000000000000001000003d2
ed0593434354485011f0187ec3dde032c40a83ea3f6ef50612993157ebce671b	0000000000000000000000000000000000000000000000000000000000000000	0000000000000000000000000000000100000000000000000000000000000001
ed0593434354485011f0187ec3dde032c40a83ea3f6ef50612993157ebce671b	0000000000000000000000000000000000000000000000000000000000000000	fffffffffffffffffffffffffffffffffffffffffffffffffffffffefffffc2e
ed0593434354485011f0187ec3dde032c40a83ea3f6ef50612993157ebce671b	0000000000000000000000000000000000000000000000000000000000000000	9f69ee183927f2de409371d48b0733735c9568941bfe791cb02499365401facb
ed0593434354485011f0187ec3dde032c40a83ea3f6ef50612993157ebce671b	0000000000000000000000000000000000000000000000000000000000000000	d3c5244fc0c8c00553ff409212b6a57b0a3b623ee0bc7b23d9147250759aa415
ed0593434354485011f0187ec3dde032c40a83ea3f6ef50612993157ebce671b	0000000000000000000000000000000000000000000000000000000000000000	5dcdef1aadba6e6f9fa7a194cf6a71df9168d97d2e9ca4dc296908565f00b4d9
ed0593434354485011f0187ec3dde032c40a83ea3f6ef50612993157ebce671b	0000000000000000000000000000000000000000000000000000000000000000	d534d578d3e1eb2b1690b9a2d4b2d2d84100437c040d8b79df6fffed9032d272
ed0593434354485011f0187ec3dde032c40a83ea3f6ef50612993157ebce671b	0000000000000000000000000000000000000000000000000000000000000000	f66fbe57319563b64a8f58cd428595b307c07a72b2164595c11d283eab60b45c
ed0593434354485011f0187ec3dde032c40a83ea3f6ef50612993157ebce671b	0000000000000000000000000000000000000000000000000000000000000000	400e17f31c864b185ee05029b4ca04a020c29967468e73e015981536dedd5700
ed0593434354485011f0187ec3dde032c40a83ea3f6ef50612993157ebce671b	0000000000000000000000000000000000000000000000000000000000000000	d435856f9ab6ccc30eb8a023031b74008865b8b6a0ce79565dfb4936b4b73fb5
ed0593434354485011f0187ec3dde032c40a83ea3f6ef50612993157ebce671b	0000000000000000000000000000000000000000000000000000000000000000	19347eb1e110c6697b2151d083099e040675b4cfa6923f26ad57d963c97e1512
ed0593434354485011f0187ec3dde032c40a83ea3f6ef50612993157ebce671b	0000000000000000000000000000000000000000000000000000000000000000	b4779d0db00a11f69106d731567d0ad360668f49b2481481d932e714a143e45f
ed0593434354485011f0187ec3dde032c40a83ea3f6ef50612993157ebce671b	0000000000000000000000000000000000000000000000000000000000000000	99d83593a28df721d8a102e8776220d5aec0976a7b2283f6065686dafe7e51fb
ed0593434354485011f0187ec3dde032c40a83ea3f6ef50612993157ebce671b	0000000000000000000000000000000000000000000000000000000000000000	ba4e25b946a879db07bca35656369b0b2979018a9ad29eea7a1777fd5fd39c85
ed0593434354485011f0187ec3dde032c40a83ea3f6ef50612993157ebce671b	0000000000000000000000000000000000000000000000000000000000000000	40b40b9c7f95437f05fab8bbb92a269c56994ea170dfacdd3b3952c1ec8bc580
ed0593434354485011f0187ec3dde032c40a83ea3f6ef50612993157ebce671b	0000000000000000000000000000000000000000000000000000000000000000	b63351de682f433979d63242bbfa3b025d702b2537cd6d9c9e957ca15d1deac8
ed0593434354485011f0187ec3dde032c40a83ea3f6ef50612993157ebce671b	0000000000000000000000000000000000000000000000000000000000000000	7558116f93c6298ec934167195825c927f3ce843e06d8dd8a7343861e7dce9d9
ed0593434354485011f0187ec3dde032c40a83ea3f6ef50612993157ebce671b	0000000000000000000000000000000000000000000000000000000000000000	dff894f905106cd06ad1dbe2c1c46aa79b53e9406b796e7c4016a7d6353db602
ed0593434354485011f0187ec3dde032c40a83ea3f6ef50612993157ebce671b	0000000000000000000000000000000000000000000000000000000000000000	994c52cd54933a2d4a1f216cc9332d2c3c642bcb967c6948aacdd903536b6325
ed0593434354485011f0187ec3dde032c40a83ea3f6ef50612993157ebce671b	0000000000000000000000000000000000000000000000000000000000000000	4b3198f4ba8705ac3c84d34411a488c5972a8e5a16d4726f0f077650d2871bdf
ed0593434354485011f0187ec3dde032c40a83ea3f6ef50612993157ebce671b	0000000000000000000000000000000000000000000000000000000000000000	174bae57a2d7a1629ba040e754ef59a8b0eda026eb917c3cc139a86c88646978
ed0593434354485011f0187ec3dde032c40a83ea3f6ef50612993157ebce671b	0000000000000000000000000000000000000000000000000000000000000000	0ea05b5d5f3613201470d6192914c594827bfe1afe65cb722b4a2393e4f8fbdd
ed0593434354485011f0187ec3dde032c40a83ea3f6ef50612993157ebce671b	0000000000000000000000000000000000000000000000000000000000000000	9351b1da87f6b5eb7537fafa579b08ff8779d847c3eb282cf6b608d3c44bef55
ed0593434354485011f0187ec3dde032c40a83ea3f6ef50612993157ebce671b	0000000000000000000000000000000000000000000000000000000000000000	ee3056755f73938fe24874c6e48e7179fc7c9cf584e86c49da8cdb2436d3caf8
ed0593434354485011f0187ec3dde032c40a83ea3f6ef50612993157ebce671b	0000000000000000000000000000000000000000000000000000000000000000	483f81fc39a2d891702b937b846a53cd1c958dc6bd180c02059bdecd2cb3c5b9
ed0593434354485011f0187ec3dde032c40a83ea3f6ef50612993157ebce671b	0000000000000000000000000000000000000000000000000000000000000000	9bdb8c2fb94e8eb23b0b82372348b7f665c83cc61618aef659c20cafc3756577
ed0593434354485011f0187ec3dde032c40a83ea3f6ef50612993157ebce671b	0000000000000000000000000000000000000000000000000000000000000000	14866b25bfec8d9088ea50e559c7cca8ad737550b972896b141596c723d09595
ed0593434354485011f0187ec3dde032c40a83ea3f6ef50612993157ebce671b	0000000000000000000000000000000000000000000000000000000000000001	0000000000000000000000000000000000000000000000000000000000000001
ed0593434354485011f0187ec3dde032c40a83ea3f6ef50612993157ebce671b	0000000000000000000000000000000000000000000000000000000000000001	fffffffffffffffffffffffffffffffffffffffffffffffffffffffefffffc2e
ed0593434354485011f0187ec3dde032c40a83ea3f6ef50612993157ebce671b	fffffffffffffffffffffffffffffffffffffffffffffffffffffffefffffc2e	0000000000000000000000000000000000000000000000000000000000000001
ed0593434354485011f0187ec3dde032c40a83ea3f6ef50612993157ebce671b	fffffffffffffffffffffffffffffffffffffffffffffffffffffffefffffc2e	fffffffffffffffffffffffffffffffffffffffffffffffffffffffefffffc2e
ed0593434354485011f0187ec3dde032c40a83ea3f6ef50612993157ebce671b	00000000000000000000000000000000000000000000000000000001000003d1	00000000000000000000000000000000000000000000000000000001000003d2
ed0593434354485011f0187ec3dde032c40a83ea3f6ef50612993157ebce671b	00000000000000000000000000000000ffffffffffffffffffffffffffffffff	0000000000000000000000000000000100000000000000000000000000000001
ed0593434354485011f0187ec3dde032c40a83ea3f6ef50612993157ebce671b	7fffffffffffffffffffffffffffffffffffffffffffffffffffffffffffffed	00000000000000000000000000000000000000000000000000000001000003d1
ed0593434354485011f0187ec3dde032c40a83ea3f6ef50612993157ebce671b	00000000000000000000000000000000000000000000000000000001000003d2	8000000000000000000000000000000000000000000000000000000000000013
ed0593434354485011f0187ec3dde032c40a83ea3f6ef50612993157ebce671b	96de292ad08c05f33374ff077e037057cb1976be5fd11814eb427a298826a7de	f5a02b551d42e1af8af605ff1660926f160366df7b9584c2f4e83c5251d4ac4a
ed0593434354485011f0187ec3dde032c40a83ea3f6ef50612993157ebce671b	4d6ec7bab20514a58c089d6067f55985b8392d48b5531403790e390b58cb6397	a3b527dc3ded3db1ebb2d76d1e0f1d3ba27e4a809a3654648bbde08dbf1f454c
ed0593434354485011f0187ec3dde032c40a83ea3f6ef50612993157ebce671b	e45d6b3a7bab850fd4636fc1bec55df32d3abc216d2837543c5ba15d153069f1	ddbec74a741dcc3fccbef14fb226877249dae56655d5d9a1b1a073c6e04abe33
ed0593434354485011f0187ec3dde032c40a83ea3f6ef50612993157ebce671b	bd9c04cdfd5b0caa1588bd3d277d72ace38f467b02aba014e5a8e90eeb3fbe1a	1bb54365673065de32ecf60d870ba0653ed1c3e18b6bedc01dd5d4dd04bbe4ca
ed0593434354485011f0187ec3dde032c40a83ea3f6ef50612993157ebce671b	2beaf41bc983d4f633f48d269bfa408bfc599b1e1b73e28d09e3ee7ea71ac7a6	357cec24e0b81663bc645f7cf6352799e9e2022fd4915646b6785bedbcbe7334
ed0593434354485011f0187ec3dde032c40a83ea3f6ef50612993157ebce671b	b5c07245c079654f786d357f629f0790f7723aad5562066fe2e4f01b9e1cddc8	a6584ec2aadddec9d4bd5db607d1f8bf5222837160d787d1353fcbbeaf9136fa
ed0593434354485011f0187ec3dde032c40a83ea3f6ef50612993157ebce671b	5f7336cee5cf61f96cd20b5175605b709909aa714d33cc087d3466f57f617fff	bb61dcac06769ca45dd1f5557c5e315a0a5ef6c91f8f8fd8f6dec8c4855d4312
ed0593434354485011f0187ec3dde032c40a83ea3f6ef50612993157ebce671b	2acc6dfff840182c12a710e41723c9d58be39cd1c35ca4bc90b833ab186ab981	1163f31315c921af267f5c165fa15639ff6a27f22da4f0d54a22c5756f4f01bb
ed0593434354485011f0187ec3dde032c40a83ea3f6ef50612993157ebce671b	d4748cd56a1ba4db81904bd851953aa1e6ad2f30f789700f6a026e53fce2523e	03ad3d62b8d59506de2bbb6a0fb9b9e9c3e3840ceff473be4e7bae93d10a7aa7
ed0593434354485011f0187ec3dde032c40a83ea3f6ef50612993157ebce671b	512ff00c68eaac642ac7ac7d377bf11621b1b12948db0eb2afed1bbb9abeb1c5	f2c52d8a84bfdbfdf0253c59082bf79ddf5cdadd40f16c27b3ec33a6545b905e
ed0593434354485011f0187ec3dde032c40a83ea3f6ef50612993157ebce671b	02af8362bd0440652f8b0774287cb3d0d4d1d9f9cd0b4a348a63b5beae8d0bb4	c1b0638d4b66c508d947c069e7ca0d241c5ee6d149a290b3b1dab1f62f842b37
ed0593434354485011f0187ec3dde032c40a83ea3f6ef50612993157ebce671b	d25b514f3ecd73eb99a9fb4df1427c72d13744c2c280a35a7e0de96e4ba264e6	e85a4bb427c8f87dd7840a7994234b7a8b3c783b7ac9584436fcbe4ff485a11c
ed0593434354485011f0187ec3dde032c40a83ea3f6ef50612993157ebce671b	a914abac0c875449aa59bd68cc1f68bf74661024895373a19b8e770c89e48bf4	8ce849c8db38c84b2a44d6572a0772cf460a4c0c9b9edd81ed74b160f3498f67
ed0593434354485011f0187ec3dde032c40a83ea3f6ef50612993157ebce671b	b42468bb21919254b35ba9b2d6196dacb763658d59b32092c19011fa56e5bab7	dca2587b05442efd5f959abd92d8ebcc00123da5227abd899d23727047ec47e1
ed0593434354485011f0187ec3dde032c40a83ea3f6ef50612993157ebce671b	cdf9fb6f3e724045d145b38f4ba6029866d6eecb293b7446f663bd21619289d1	ef5d51b43d937b85b459606fdf44b9172e45f1855afde8da489c0878c98b6637
ed0593434354485011f0187ec3dde032c40a83ea3f6ef50612993157ebce671b	fd574845f718a4699ab18dd690c0cb7d5a70e1d9e7cc79899d77dc2f820b0887	ef3df975bf32e79693f84a45aab6ce9a4ce8f6f255b2bc855334b23bd02f69c3
ed0593434354485011f0187ec3dde032c40a83ea3f6ef50612993157ebce671b	3d01065fa8d2f127ec215cb633b545cc2e4ac01ef8e534f433e264d8466cec92	5900b78154d61769c01f152b1d733b6c6d342e64b9f80882cad772c19dced026
ed0593434354485011f0187ec3dde032c40a83ea3f6ef50612993157ebce671b	921c715d3cff5e9294c47bb3701a2b5298ce18ac820b35f9041f0ef64a515b5c	52f4f74a17a5423f6b79fe78aa1f75a581a552605bc4e1c8d715fa578181c210
ed0593434354485011f0187ec3dde032c40a83ea3f6ef50612993157ebce671b	0683e5161c3e6b59b9e88f8164b15ede68d7fb5f73224130d408e6b944bb1c54	471e1faf3b5fb3cb68d996af8dd80565751b48ca94da9cf079b6d83e5bdb6c97
ed0593434354485011f0187ec3dde032c40a83ea3f6ef50612993157ebce671b	713ecac72d72778c195d5d9c494545f5310f11cc91d2682f32637262247f7d22	21efca2d51daf34d53309b5169d1da162e64194961ac01924604d8ab6c946ffb
ed0593434354485011f0187ec3dde032c40a83ea3f6ef50612993157ebce671b	9b97ed60917ef827867593286ae20f87081430029c151e22f91f48dd824942af	4d8cacbf43ee8a53bc0fa467890739c1768af3cfe20fe49355cf238fc7472113
ed0593434354485011f0187ec3dde032c40a83ea3f6ef50612993157ebce671b	18e2c312b8a96ec1562fa25d3622bbb6722736e47326da420bd49b5b74db66c4	f3c1683b267f956469878122341d36c533f5c407b0583165d6c049cc4af22519
ed0593434354485011f0187ec3dde032c40a83ea3f6ef50612993157ebce671b	98d143525569f7bdaa02c909b6c26e24aaf33ab175e1b0e95ee0219e105c65c2	609315be080284ee9e9d6cc6b37e0b2fd157775c2ef7fc241e687fbdb359d21f
ed0593434354485011f0187ec3dde032c40a83ea3f6ef50612993157ebce671b	defb17327fcc7a1eb8639e91a8c20792ef1e516ceabc01a0e650593dc60d80fd	39fab05c3e9287d0cf82d07c743e3ada7f5173e2675a574a546e590a07477a29
4f586bf0ef39709bd9dcfa017e8fe3721254d28bd2fa092aacbf001c6a2536d4	0000000000000000000000000000000000000000000000000000000000000000	0000000000000000000000000000000000000000000000000000000000000001
4f586bf0ef39709bd9dcfa017e8fe3721254d28bd2fa092aacbf001c6a2536d4	0000000000000000000000000000000000000000000000000000000000000000	0000000000000000000000000000000000000000000000000000000000000002
4f586bf0ef39709bd9dcfa017e8fe3721254d28bd2fa092aacbf001c6a2536d4	0000000000000000000000000000000000000000000000000000000000000000	0000000000000000000000000000000000000000000000000000000000000003
4f586bf0ef39709bd9dcfa017e8fe3721254d28bd2fa092aacbf001c6a2536d4	0000000000000000000000000000000000000000000000000000000000000000	00000000000000000000000000000000000000000000000000000001000003d0
4f586bf0ef39709bd9dcfa017e8fe3721254d28bd2fa092aacbf001c6a2536d4	0000000000000000000000000000000000000000000000000000000000000000	00000000000000000000000000000000000000000000000000000001000003d1
4f586bf0ef39709bd9dcfa017e8fe3721254d28bd2fa092aacbf001c6a2536d4	0000000000000000000000000000000000000000000000000000000000000000	00000000000000000000000000000000000000000000000000000001000003d2
4f586bf0ef39709bd9dcfa017e8fe3721254d28bd2fa092aacbf001c6a2536d4	0000000000000000000000000000000000000000000000000000000000000000	0000000000000000000000000000000100000000000000000000000000000001
4f586bf0ef39709bd9dcfa017e8fe3721254d28bd2fa092aacbf001c6a2536d4	0000000000000000000000000000000000000000000000000000000000000000	fffffffffffffffffffffffffffffffffffffffffffffffffffffffefffffc2e
4f586bf0ef39709bd9dcfa017e8fe3721254d28bd2fa092aacbf001c6a2536d4	0000000000000000000000000000000000000000000000000000000000000000	9f69ee183927f2de409371d48b0733735c9568941bfe791cb02499365401facb
4f586bf0ef39709bd9dcfa017e8fe3721254d28bd2fa092aacbf001c6a2536d4	0000000000000000000000000000000000000000000000000000000000000000	d3c5244fc0c8c00553ff409212b6a57b0a3b623ee0bc7b23d9147250759aa415
4f586bf0ef39709bd9dcfa017e8fe3721254d28bd2fa092aacbf001c6a2536d4	0000000000000000000000000000000000000000000000000000000000000000	5dcdef1aadba6e6f9fa7a194cf6a71df9168d97d2e9ca4dc296908565f00b4d9
4f586bf0ef39709bd9dcfa017e8fe3721254d28bd2fa092aacbf001c6a2536d4	0000000000000000000000000000000000000000000000000000000000000000	d534d578d3e1eb2b1690b9a2d4b2d2d84100437c040d8b79df6fffed9032d272
4f586bf0ef39709bd9dcfa017e8fe3721254d28bd2fa092aacbf001c6a2536d4	0000000000000000000000000000000000000000000000000000000000000000	f66fbe57319563b64a8f58cd428595b307c07a72b2164595c11d283eab60b45c
4f586bf0ef39709bd9dcfa017e8fe3721254d28bd2fa092aacbf001c6a2536d4	0000000000000000000000000000000000000000000000000000000000000000	400e17f31c864b185ee05029b4ca04a020c29967468e73e015981536dedd5700
4f586bf0ef39709bd9dcfa017e8fe3721254d28bd2fa092aacbf001c6a2536d4	0000000000000000000000000000000000000000000000000000000000000000	d435856f9ab6ccc30eb8a023031b74008865b8b6a0ce79565dfb4936b4b73fb5
4f586bf0ef39709bd9dcfa017e8fe3721254d28bd2fa092aacbf001c6a2536d4	0000000000000000000000000000000000000000000000000000000000000000	19347eb1e110c6697b2151d083099e040675b4cfa6923f26ad57d963c97e1512
4f586bf0ef39709bd9dcfa017e8fe3721254d28bd2fa092aacbf001c6a2536d4	0000000000000000000000000000000000000000000000000000000000000000	b4779d0db00a11f69106d731567d0ad360668f49b2481481d932e714a143e45f
4f586bf0ef39709bd9dcfa017e8fe3721254d28bd2fa092aacbf001c6a2536d4	0000000000000000000000000000000000000000000000000000000000000000	99d83593a28df721d8a102e8776220d5aec0976a7b2283f6065686dafe7e51fb
4f586bf0ef39709bd9dcfa017e8fe3721254d28bd2fa092aacbf001c6a2536d4	0000000000000000000000000000000000000000000000000000000000000000	ba4e25b946a879db07bca35656369b0b2979018a9ad29eea7a1777fd5fd39c85
4f586bf0ef39709bd9dcfa017e8fe3721254d28bd2fa092aacbf001c6a2536d4	0000000000000000000000000000000000000000000000000000000000000000	40b40b9c7f95437f05fab8bbb92a269c56994ea170dfacdd3b3952c1ec8bc580
4f586bf0ef39709bd9dcfa017e8fe3721254d28bd2fa092aacbf001c6a2536d4	0000000000000000000000000000000000000000000000000000000000000000	b63351de682f433979d63242bbfa3b025d702b2537cd6d9c9e957ca15d1deac8
4f586bf0ef39709bd9dcfa017e8fe3721254d28bd2fa092aacbf001c6a2536d4	0000000000000000000000000000000000000000000000000000000000000000	7558116f93c6298ec934167195825c927f3ce843e06d8dd8a7343861e7dce9d9
4f586bf0ef39709bd9dcfa017e8fe3721254d28bd2fa092aacbf001c6a2536d4	0000000000000000000000000000000000000000000000000000000000000000	dff894f905106cd06ad1dbe2c1c46aa79b53e9406b796e7c4016a7d6353db602
4f586bf0ef39709bd9dcfa017e8fe3721254d28bd2fa092aacbf001c6a2536d4	0000000000000000000000000000000000000000000000000000000000000000	994c52cd54933a2d4a1f216cc9332d2c3c642bcb967c6948aacdd903536b6325
4f586bf0ef39709bd9dcfa017e8fe3721254d28bd2fa092aacbf001c6a2536d4	0000000000000000000000000000000000000000000000000000000000000000	4b3198f4ba8705ac3c84d34411a488c5972a8e5a16d4726f0f077650d2871bdf
4f586bf0ef39709bd9dcfa017e8fe3721254d28bd2fa092aacbf001c6a2536d4	0000000000000000000000000000000000000000000000000000000000000000	174bae57a2d7a1629ba040e754ef59a8b0eda026eb917c3cc139a86c88646978
4f586bf0ef39709bd9dcfa017e8fe3721254d28bd2fa092aacbf001c6a2536d4	0000000000000000000000000000000000000000000000000000000000000000	0ea05b5d5f3613201470d6192914c594827bfe1afe65cb722b4a2393e4f8fbdd
4f586bf0ef39709bd9dcfa017e8fe3721254d28bd2fa092aacbf001c6a2536d4	0000000000000000000000000000000000000000000000000000000000000000	9351b1da87f6b5eb7537fafa579b08ff8779d847c3eb282cf6b608d3c44bef55
4f586bf0ef39709bd9dcfa017e8fe3721254d28bd2fa092aacbf001c6a2536d4	0000000000000000000000000000000000000000000000000000000000000000	ee3056755f73938fe24874c6e48e7179fc7c9cf584e86c49da8cdb2436d3caf8
4f586bf0ef39709bd9dcfa017e8fe3721254d28bd2fa092aacbf001c6a2536d4	0000000000000000000000000000000000000000000000000000000000000000	483f81fc39a2d891702b937b846a53cd1c958dc6bd180c02059bdecd2cb3c5b9
4f586bf0ef39709bd9dcfa017e8fe3721254d28bd2fa092aacbf001c6a2536d4	0000000000000000000000000000000000000000000000000000000000000000	9bdb8c2fb94e8eb23b0b82372348b7f665c83cc61618aef659c20cafc3756577
4f586bf0ef39709bd9dcfa017e8fe3721254d28bd2fa092aacbf001c6a2536d4	0000000000000000000000000000000000000000000000000000000000000000	14866b25bfec8d9088ea50e559c7cca8ad737550b972896b141596c723d09595
4f586bf0ef39709bd9dcfa017e8fe3721254d28bd2fa092aacbf001c6a2536d4	0000000000000000000000000000000000000000000000000000000000000001	0000000000000000000000000000000000000000000000000000000000000001
4f586bf0ef39709bd9dcfa017e8fe3721254d28bd2fa092aacbf001c6a2536d4	0000000000000000000000000000000000000000000000000000000000000001	fffffffffffffffffffffffffffffffffffffffffffffffffffffffefffffc2e
4f586bf0ef39709bd9dcfa017e8fe3721254d28bd2fa092aacbf001c6a2536d4	fffffffffffffffffffffffffffffffffffffffffffffffffffffffefffffc2e	0000000000000000000000000000000000000000000000000000000000000001
4f586bf0ef39709bd9dcfa017e8fe3721254d28bd2fa092aacbf001c6a2536d4	fffffffffffffffffffffffffffffffffffffffffffffffffffffffefffffc2e	fffffffffffffffffffffffffffffffffffffffffffffffffffffffefffffc2e
4f586bf0ef39709bd9dcfa017e8fe3721254d28bd2fa092aacbf001c6a2536d4	00000000000000000000000000000000000000000000000000000001000003d1	00000000000000000000000000000000000000000000000000000001000003d2
4f586bf0ef39709bd9dcfa017e8fe3721254d28bd2fa092aacbf001c6a2536d4	00000000000000000000000000000000ffffffffffffffffffffffffffffffff	0000000000000000000000000000000100000000000000000000000000000001
4f586bf0ef39709bd9dcfa017e8fe3721254d28bd2fa092aacbf001c6a2536d4	7fffffffffffffffffffffffffffffffffffffffffffffffffffffffffffffed	00000000000000000000000000000000000000000000000000000001000003d1
4f586bf0ef39709bd9dcfa017e8fe3721254d28bd2fa092aacbf001c6a2536d4	00000000000000000000000000000000000000000000000000000001000003d2	8000000000000000000000000000000000000000000000000000000000000013
4f586bf0ef39709bd9dcfa017e8fe3721254d28bd2fa092aacbf001c6a2536d4	96de292ad08c05f33374ff077e037057cb1976be5fd11814eb427a298826a7de	f5a02b551d42e1af8af605ff1660926f160366df7b9584c2f4e83c5251d4ac4a
4f586bf0ef39709bd9dcfa017e8fe3721254d28bd2fa092aacbf001c6a2536d4	4d6ec7bab20514a58c089d6067f55985b8392d48b5531403790e390b58cb6397	a3b527dc3ded3db1ebb2d76d1e0f1d3ba27e4a809a3654648bbde08dbf1f454c
4f586bf0ef39709bd9dcfa017e8fe3721254d28bd2fa092aacbf001c6a2536d4	e45d6b3a7bab850fd4636fc1bec55df32d3abc216d2837543c5ba15d153069f1	ddbec74a741dcc3fccbef14fb226877249dae56655d5d9a1b1a073c6e04abe33
4f586bf0ef39709bd9dcfa017e8fe3721254d28bd2fa092aacbf001c6a2536d4	bd9c04cdfd5b0caa1588bd3d277d72ace38f467b02aba014e5a8e90eeb3fbe1a	1bb54365673065de32ecf60d870ba0653ed1c3e18b6bedc01dd5d4dd04bbe4ca
4f586bf0ef39709bd9dcfa017e8fe3721254d28bd2fa092aacbf001c6a2536d4	2beaf41bc983d4f633f48d269bfa408bfc599b1e1b73e28d09e3ee7ea71ac7a6	357cec24e0b81663bc645f7cf6352799e9e2022fd4915646b6785bedbcbe7334
4f586bf0ef39709bd9dcfa017e8fe3721254d28bd2fa092aacbf001c6a2536d4	b5c07245c079654f786d357f629f0790f7723aad5562066fe2e4f01b9e1cddc8	a6584ec2aadddec9d4bd5db607d1f8bf5222837160d787d1353fcbbeaf9136fa
4f586bf0ef39709bd9dcfa017e8fe3721254d28bd2fa092aacbf001c6a2536d4	5f7336cee5cf61f96cd20b5175605b709909aa714d33cc087d3466f57f617fff	bb61dcac06769ca45dd1f5557c5e315a0a5ef6c91f8f8fd8f6dec8c4855d4312
4f586bf0ef39709bd9dcfa017e8fe3721254d28bd2fa092aacbf001c6a2536d4	2acc6dfff840182c12a710e41723c9d58be39cd1c35ca4bc90b833ab186ab981	1163f31315c921af267f5c165fa15639ff6a27f22da4f0d54a22c5756f4f01bb
4f586bf0ef39709bd9dcfa017e8fe3721254d28bd2fa092aacbf001c6a2536d4	d4748cd56a1ba4db81904bd851953aa1e6ad2f30f789700f6a026e53fce2523e	03ad3d62b8d59506de2bbb6a0fb9b9e9c3e3840ceff473be4e7bae93d10a7aa7
4f586bf0ef39709bd9dcfa017e8fe3721254d28bd2fa092aacbf001c6a2536d4	512ff00c68eaac642ac7ac7d377bf11621b1b12948db0eb2afed1bbb9abeb1c5	f2c52d8a84bfdbfdf0253c59082bf79ddf5cdadd40f16c27b3ec33a6545b905e
4f586bf0ef39709bd9dcfa017e8fe3721254d28bd2fa092aacbf001c6a2536d4	02af8362bd0440652f8b0774287cb3d0d4d1d9f9cd0b4a348a63b5beae8d0bb4	c1b0638d4b66c508d947c069e7ca0d241c5ee6d149a290b3b1dab1f62f842b37
4f586bf0ef39709bd9dcfa017e8fe3721254d28bd2fa092aacbf001c6a2536d4	d25b514f3ecd73eb99a9fb4df1427c72d13744c2c280a35a7e0de96e4ba264e6	e85a4bb427c8f87dd7840a7994234b7a8b3c783b7ac9584436fcbe4ff485a11c
4f586bf0ef39709bd9dcfa017e8fe3721254d28bd2fa092aacbf001c6a2536d4	a914abac0c875449aa59bd68cc1f68bf74661024895373a19b8e770c89e48bf4	8ce849c8db38c84b2a44d6572a0772cf460a4c0c9b9edd81ed74b160f3498f67
4f586bf0ef39709bd9dcfa017e8fe3721254d28bd2fa092aacbf001c6a2536d4	b42468bb21919254b35ba9b2d6196dacb763658d59b32092c19011fa56e5bab7	dca2587b05442efd5f959abd92d8ebcc00123da5227abd899d23727047ec47e1
4f586bf0ef39709bd9dcfa017e8fe3721254d28bd2fa092aacbf001c6a2536d4	cdf9fb6f3e724045d145b38f4ba6029866d6eecb293b7446f663bd21619289d1	ef5d51b43d937b85b459606fdf44b9172e45f1855afde8da489c0878c98b6637
4f586bf0ef39709bd9dcfa017e8fe3721254d28bd2fa092aacbf001c6a2536d4	fd574845f718a4699ab18dd690c0cb7d5a70e1d9e7cc79899d77dc2f820b0887	ef3df975bf32e79693f84a45aab6ce9a4ce8f6f255b2bc855334b23bd02f69c3
4f586bf0ef39709bd9dcfa017e8fe3721254d28bd2fa092aacbf001c6a2536d4	3d01065fa8d2f127ec215cb633b545cc2e4ac01ef8e534f433e264d8466cec92	5900b78154d61769c01f152b1d733b6c6d342e64b9f80882cad772c19dced026
4f586bf0ef39709bd9dcfa017e8fe3721254d28bd2fa092aacbf001c6a2536d4	921c715d3cff5e9294c47bb3701a2b5298ce18ac820b35f9041f0ef64a515b5c	52f4f74a17a5423f6b79fe78aa1f75a581a552605bc4e1c8d715fa578181c210
4f586bf0ef39709bd9dcfa017e8fe3721254d28bd2fa092aacbf001c6a2536d4	0683e5161c3e6b59b9e88f8164b15ede68d7fb5f73224130d408e6b944bb1c54	471e1faf3b5fb3cb68d996af8dd80565751b48ca94da9cf079b6d83e5bdb6c97
4f586bf0ef39709bd9dcfa017e8fe3721254d28bd2fa092aacbf001c6a2536d4	713ecac72d72778c195d5d9c494545f5310f11cc91d2682f32637262247f7d22	21efca2d51daf34d53309b5169d1da162e64194961ac01924604d8ab6c946ffb
4f586bf0ef39709bd9dcfa017e8fe3721254d28bd2fa092aacbf001c6a2536d4	9b97ed60917ef827867593286ae20f87081430029c151e22f91f48dd824942af	4d8cacbf43ee8a53bc0fa467890739c1768af3cfe20fe49355cf238fc7472113
4f586bf0ef39709bd9dcfa017e8fe3721254d28bd2fa092aacbf001c6a2536d4	18e2c312b8a96ec1562fa25d3622bbb6722736e47326da420bd49b5b74db66c4	f3c1683b267f956469878122341d36c533f5c407b0583165d6c049cc4af22519
4f586bf0ef39709bd9dcfa017e8fe3721254d28bd2fa092aacbf001c6a2536d4	98d143525569f7bdaa02c909b6c26e24aaf33ab175e1b0e95ee0219e105c65c2	609315be080284ee9e9d6cc6b37e0b2fd157775c2ef7fc241e687fbdb359d21f
4f586bf0ef39709bd9dcfa017e8fe3721254d28bd2fa092aacbf001c6a2536d4	defb17327fcc7a1eb8639e91a8c20792ef1e516ceabc01a0e650593dc60d80fd	39fab05c3e9287d0cf82d07c743e3ada7f5173e2675a574a546e590a07477a29
5cc9f11eab17bc1c3b7b9e18c172f6f0c8ba5e517d2a78e7643af6f1906e17e0	0000000000000000000000000000000000000000000000000000000000000000	0000000000000000000000000000000000000000000000000000000000000001
5cc9f11eab17bc1c3b7b9e18c172f6f0c8ba5e517d2a78e7643af6f1906e17e0	0000000000000000000000000000000000000000000000000000000000000000	0000000000000000000000000000000000000000000000000000000000000002
5cc9f11eab17bc1c3b7b9e18c172f6f0c8ba5e517d2a78e7643af6f1906e17e0	0000000000000000000000000000000000000000000000000000000000000000	0000000000000000000000000000000000000000000000000000000000000003
5cc9f11eab17bc1c3b7b9e18c172f6f0c8ba5e517d2a78e7643af6f1906e17e0	0000000000000000000000000000000000000000000000000000000000000000	00000000000000000000000000000000000000000000000000000001000003d0
5cc9f11eab17bc1c3b7b9e18c172f6f0c8ba5e517d2a78e7643af6f1906e17e0	0000000000000000000000000000000000000000000000000000000000000000	00000000000000000000000000000000000000000000000000000001000003d1
5cc9f11eab17bc1c3b7b9e18c172f6f0c8ba5e517d2a78e7643af6f1906e17e0	0000000000000000000000000000000000000000000000000000000000000000	00000000000000000000000000000000000000000000000000000001000003d2
5cc9f11eab17bc1c3b7b9e18c172f6f0c8ba5e517d2a78e7643af6f1906e17e0	0000000000000000000000000000000000000000000000000000000000000000	0000000000000000000000000000000100000000000000000000000000000001
5cc9f11eab17bc1c3b7b9e18c172f6f0c8ba5e517d2a78e7643af6f1906e17e0	0000000000000000000000000000000000000000000000000000000000000000	fffffffffffffffffffffffffffffffffffffffffffffffffffffffefffffc2e
5cc9f11eab17bc1c3b7b9e18c172f6f0c8ba5e517d2a78e7643af6f1906e17e0	0000000000000000000000000000000000000000000000000000000000000000	9f69ee183927f2de409371d48b0733735c9568941bfe791cb02499365401facb
5cc9f11eab17bc1c3b7b9e18c172f6f0c8ba5e517d2a78e7643af6f1906e17e0	0000000000000000000000000000000000000000000000000000000000000000	d3c5244fc0c8c00553ff409212b6a57b0a3b623ee0bc7b23d9147250759aa415
5cc9f11eab17bc1c3b7b9e18c172f6f0c8ba5e517d2a78e7643af6f1906e17e0	0000000000000000000000000000000000000000000000000000000000000000	5dcdef1aadba6e6f9fa7a194cf6a71df9168d97d2e9ca4dc296908565f00b4d9
5cc9f11eab17bc1c3b7b9e18c172f6f0c8ba5e517d2a78e7643af6f1906e17e0	0000000000000000000000000000000000000000000000000000000000000000	d534d578d3e1eb2b1690b9a2d4b2d2d84100437c040d8b79df6fffed9032d272
5cc9f11eab17bc1c3b7b9e18c172f6f0c8ba5e517d2a78e7643af6f1906e17e0	0000000000000000000000000000000000000000000000000000000000000000	f66fbe57319563b64a8f58cd428595b307c07a72b2164595c11d283eab60b45c
5cc9f11eab17bc1c3b7b9e18c172f6f0c8ba5e517d2a78e7643af6f1906e17e0	0000000000000000000000000000000000000000000000000000000000000000	400e17f31c864b185ee05029b4ca04a020c29967468e73e015981536dedd5700
5cc9f11eab17bc1c3b7b9e18c172f6f0c8ba5e517d2a78e7643af6f1906e17e0	0000000000000000000000000000000000000000000000000000000000000000	d435856f9ab6ccc30eb8a023031b74008865b8b6a0ce79565dfb4936b4b73fb5
5cc9f11eab17bc1c3b7b9e18c172f6f0c8ba5e517d2a78e7643af6f1906e17e0	0000000000000000000000000000000000000000000000000000000000000000	19347eb1e110c6697b2151d083099e040675b4cfa6923f26ad57d963c97e1512
5cc9f11eab17bc1c3b7b9e18c172f6f0c8ba5e517d2a78e7643af6f1906e17e0	0000000000000000000000000000000000000000000000000000000000000000	b4779d0db00a11f69106d731567d0ad360668f49b2481481d932e714a143e45f
5cc9f11eab17bc1c3b7b9e18c172f6f0c8ba5e517d2a78e7643af6f1906e17e0	0000000000000000000000000000000000000000000000000000000000000000	99d83593a28df721d8a102e8776220d5aec0976a7b2283f6065686dafe7e51fb
5cc9f11eab17bc1c3b7b9e18c172f6f0c8ba5e517d2a78e7643af6f1906e17e0	0000000000000000000000000000000000000000000000000000000000000000	ba4e25b946a879db07bca35656369b0b2979018a9ad29eea7a1777fd5fd39c85
5cc9f11eab17bc1c3b7b9e18c172f6f0c8ba5e517d2a78e7643af6f1906e17e0	0000000000000000000000000000000000000000000000000000000000000000	40b40b9c7f95437f05fab8bbb92a269c56994ea170dfacdd3b3952c1ec8bc580
5cc9f11eab17bc1c3b7b9e18c172f6f0c8ba5e517d2a78e7643af6f1906e17e0	0000000000000000000000000000000000000000000000000000000000000000	b63351de682f433979d63242bbfa3b025d702b2537cd6d9c9e957ca15d1deac8
5cc9f11eab17bc1c3b7b9e18c172f6f0c8ba5e517d2a78e7643af6f1906e17e0	0000000000000000000000000000000000000000000000000000000000000000	7558116f93c6298ec934167195825c927f3ce843e06d8dd8a7343861e7dce9d9
5cc9f11eab17bc1c3b7b9e18c172f6f0c8ba5e517d2a78e7643af6f1906e17e0	0000000000000000000000000000000000000000000000000000000000000000	dff894f905106cd06ad1dbe2c1c46aa79b53e9406b796e7c4016a7d6353db602
5cc9f11eab17bc1c3b7b9e18c172f6f0c8ba5e517d2a78e7643af6f1906e17e0	0000000000000000000000000000000000000000000000000000000000000000	994c52cd54933a2d4a1f216cc9332d2c3c642bcb967c6948aacdd903536b6325
5cc9f11eab17bc1c3b7b9e18c172f6f0c8ba5e517d2a78e7643af6f1906e17e0	0000000000000000000000000000000000000000000000000000000000000000	4b3198f4ba8705ac3c84d34411a488c5972a8e5a16d4726f0f077650d2871bdf
5cc9f11eab17bc1c3b7b9e18c172f6f0c8ba5e517d2a78e7643af6f1906e17e0	0000000000000000000000000000000000000000000000000000000000000000	174bae57a2d7a1629ba040e754ef59a8b0eda026eb917c3cc139a86c88646978
5cc9f11eab17bc1c3b7b9e18c172f6f0c8ba5e517d2a78e7643af6f1906e17e0	0000000000000000000000000000000000000000000000000000000000000000	0ea05b5d5f3613201470d6192914c594827bfe1afe65cb722b4a2393e4f8fbdd
5cc9f11eab17bc1c3b7b9e18c172f6f0c8ba5e517d2a78e7643af6f1906e17e0	0000000000000000000000000000000000000000000000000000000000000000	9351b1da87f6b5eb7537fafa579b08ff8779d847c3eb282cf6b608d3c44bef55
5cc9f11eab17bc1c3b7b9e18c172f6f0c8ba5e517d2a78e7643af6f1906e17e0	0000000000000000000000000000000000000000000000000000000000000000	ee3056755f73938fe24874c6e48e7179fc7c9cf584e86c49da8cdb2436d3caf8
5cc9f11eab17bc1c3b7b9e18c172f6f0c8ba5e517d2a78e7643af6f1906e17e0	0000000000000000000000000000000000000000000000000000000000000000	483f81fc39a2d891702b937b846a53cd1c958dc6bd180c02059bdecd2cb3c5b9
5cc9f11eab17bc1c3b7b9e18c172f6f0c8ba5e517d2a78e7643af6f1906e17e0	0000000000000000000000000000000000000000000000000000000000000000	9bdb8c2fb94e8eb23b0b82372348b7f665c83cc61618aef659c20cafc3756577
5cc9f11eab17bc1c3b7b9e18c172f6f0c8ba5e517d2a78e7643af6f1906e17e0	0000000000000000000000000000000000000000000000000000000000000000	14866b25bfec8d9088ea50e559c7cca8ad737550b972896b141596c723d09595
5cc9f11eab17bc1c3b7b9e18c172f6f0c8ba5e517d2a78e7643af6f1906e17e0	0000000000000000000000000000000000000000000000000000000000000001	0000000000000000000000000000000000000000000000000000000000000001
5cc9f11eab17bc1c3b7b9e18c172f6f0c8ba5e517d2a78e7643af6f1906e17e0	0000000000000000000000000000000000000000000000000000000000000001	fffffffffffffffffffffffffffffffffffffffffffffffffffffffefffffc2e
5cc9f11eab17bc1c3b7b9e18c172f6f0c8ba5e517d2a78e7643af6f1906e17e0	fffffffffffffffffffffffffffffffffffffffffffffffffffffffefffffc2e	0000000000000000000000000000000000000000000000000000000000000001
5cc9f11eab17bc1c3b7b9e18c172f6f0c8ba5e517d2a78e7643af6f1906e17e0	fffffffffffffffffffffffffffffffffffffffffffffffffffffffefffffc2e	fffffffffffffffffffffffffffffffffffffffffffffffffffffffefffffc2e
5cc9f11eab17bc1c3b7b9e18c172f6f0c8ba5e517d2a78e7643af6f1906e17e0	00000000000000000000000000000000000000000000000000000001000003d1	00000000000000000000000000000000000000000000000000000001000003d2
5cc9f11eab17bc1c3b7b9e18c172f6f0c8ba5e517d2a78e7643af6f1906e17e0	00000000000000000000000000000000ffffffffffffffffffffffffffffffff	0000000000000000000000000000000100000000000000000000000000000001
5cc9f11eab17bc1c3b7b9e18c172f6f0c8ba5e517d2a78e7643af6f1906e17e0	7fffffffffffffffffffffffffffffffffffffffffffffffffffffffffffffed	00000000000000000000000000000000000000000000000000000001000003d1
5cc9f11eab17bc1c3b7b9e18c172f6f0c8ba5e517d2a78e7643af6f1906e17e0	00000000000000000000000000000000000000000000000000000001000003d2	8000000000000000000000000000000000000000000000000000000000000013
5cc9f11eab17bc1c3b7b9e18c172f6f0c8ba5e517d2a78e7643af6f1906e17e0	96de292ad08c05f33374ff077e037057cb1976be5fd11814eb427a298826a7de	f5a02b551d42e1af8af605ff1660926f160366df7b9584c2f4e83c5251d4ac4a
5cc9f11eab17bc1c3b7b9e18c172f6f0c8ba5e517d2a78e7643af6f1906e17e0	4d6ec7bab20514a58c089d6067f55985b8392d48b5531403790e390b58cb6397	a3b527dc3ded3db1ebb2d76d1e0f1d3ba27e4a809a3654648bbde08dbf1f454c
5cc9f11eab17bc1c3b7b9e18c172f6f0c8ba5e517d2a78e7643af6f1906e17e0	e45d6b3a7bab850fd4636fc1bec55df32d3abc216d2837543c5ba15d153069f1	ddbec74a741dcc3fccbef14fb226877249dae56655d5d9a1b1a073c6e04abe33
5cc9f11eab17bc1c3b7b9e18c172f6f0c8ba5e517d2a78e7643af6f1906e17e0	bd9c04cdfd5b0caa1588bd3d277d72ace38f467b02aba014e5a8e90eeb3fbe1a	1bb54365673065de32ecf60d870ba0653ed1c3e18b6bedc01dd5d4dd04bbe4ca
5cc9f11eab17bc1c3b7b9e18c172f6f0c8ba5e517d2a78e7643af6f1906e17e0	2beaf41bc983d4f633f48d269bfa408bfc599b1e1b73e28d09e3ee7ea71ac7a6	357cec24e0b81663bc645f7cf6352799e9e2022fd4915646b6785bedbcbe7334
5cc9f11eab17bc1c3b7b9e18c172f6f0c8ba5e517d2a78e7643af6f1906e17e0	b5c07245c079654f786d357f629f0790f7723aad5562066fe2e4f01b9e1cddc8	a6584ec2aadddec9d4bd5db607d1f8bf5222837160d787d1353fcbbeaf9136fa
5cc9f11eab17bc1c3b7b9e18c172f6f0c8ba5e517d2a78e7643af6f1906e17e0	5f7336cee5cf61f96cd20b5175605b709909aa714d33cc087d3466f57f617fff	bb61dcac06769ca45dd1f5557c5e315a0a5ef6c91f8f8fd8f6dec8c4855d4312
5cc9f11eab17bc1c3b7b9e18c172f6f0c8ba5e517d2a78e7643af6f1906e17e0	2acc6dfff840182c12a710e41723c9d58be39cd1c35ca4bc90b833ab186ab981	1163f31315c921af267f5c165fa15639ff6a27f22da4f0d54a22c5756f4f01bb
5cc9f11eab17bc1c3b7b9e18c172f6f0c8ba5e517d2a78e7643af6f1906e17e0	d4748cd56a1ba4db81904bd851953aa1e6ad2f30f789700f6a026e53fce2523e	03ad3d62b8d59506de2bbb6a0fb9b9e9c3e3840ceff473be4e7bae93d10a7aa7
5cc9f11eab17bc1c3b7b9e18c172f6f0c8ba5e517d2a78e7643af6f1906e17e0	512ff00c68eaac642ac7ac7d377bf11621b1b12948db0eb2afed1bbb9abeb1c5	f2c52d8a84bfdbfdf0253c59082bf79ddf5cdadd40f16c27b3ec33a6545b905e
5cc9f11eab17bc1c3b7b9e18c172f6f0c8ba5e517d2a78e7643af6f1906e17e0	02af8362bd0440652f8b0774287cb3d0d4d1d9f9cd0b4a348a63b5beae8d0bb4	c1b0638d4b66c508d947c069e7ca0d241c5ee6d149a290b3b1dab1f62f842b37
5cc9f11eab17bc1c3b7b9e18c172f6f0c8ba5e517d2a78e7643af6f1906e17e0	d25b514f3ecd73eb99a9fb4df1427c72d13744c2c280a35a7e0de96e4ba264e6	e85a4bb427c8f87dd7840a7994234b7a8b3c783b7ac9584436fcbe4ff485a11c
5cc9f11eab17bc1c3b7b9e18c172f6f0c8ba5e517d2a78e7643af6f1906e17e0	a914abac0c875449aa59bd68cc1f68bf74661024895373a19b8e770c89e48bf4	8ce849c8db38c84b2a44d6572a0772cf460a4c0c9b9edd81ed74b160f3498f67
5cc9f11eab17bc1c3b7b9e18c172f6f0c8ba5e517d2a78e7643af6f1906e17e0	b42468bb21919254b35ba9b2d6196dacb763658d59b32092c19011fa56e5bab7	dca2587b05442efd5f959abd92d8ebcc00123da5227abd899d23727047ec47e1
5cc9f11eab17bc1c3b7b9e18c172f6f0c8ba5e517d2a78e7643af6f1906e17e0	cdf9fb6f3e724045d145b38f4ba6029866d6eecb293b7446f663bd21619289d1	ef5d51b43d937b85b459606fdf44b9172e45f1855afde8da489c0878c98b6637
5cc9f11eab17bc1c3b7b9e18c172f6f0c8ba5e517d2a78e7643af6f1906e17e0	fd574845f718a4699ab18dd690c0cb7d5a70e1d9e7cc79899d77dc2f820b0887	ef3df975bf32e79693f84a45aab6ce9a4ce8f6f255b2bc855334b23bd02f69c3
5cc9f11eab17bc1c3b7b9e18c172f6f0c8ba5e517d2a78e7643af6f1906e17e0	3d01065fa8d2f127ec215cb633b545cc2e4ac01ef8e534f433e264d8466cec92	5900b78154d61769c01f152b1d733b6c6d342e64b9f80882cad772c19dced026
5cc9f11eab17bc1c3b7b9e18c172f6f0c8ba5e517d2a78e7643af6f1906e17e0	921c715d3cff5e9294c47bb3701a2b5298ce18ac820b35f9041f0ef64a515b5c	52f4f74a17a5423f6b79fe78aa1f75a581a552605bc4e1c8d715fa578181c210
5cc9f11eab17bc1c3b7b9e18c172f6f0c8ba5e517d2a78e7643af6f1906e17e0	0683e5161c3e6b59b9e88f8164b15ede68d7fb5f73224130d408e6b944bb1c54	471e1faf3b5fb3cb68d996af8dd80565751b48ca94da9cf079b6d83e5bdb6c97
5cc9f11eab17bc1c3b7b9e18c172f6f0c8ba5e517d2a78e7643af6f1906e17e0	713ecac72d72778c195d5d9c494545f5310f11cc91d2682f32637262247f7d22	21efca2d51daf34d53309b5169d1da162e64194961ac01924604d8ab6c946ffb
5cc9f11eab17bc1c3b7b9e18c172f6f0c8ba5e517d2a78e7643af6f1906e17e0	9b97ed60917ef827867593286ae20f87081430029c151e22f91f48dd824942af	4d8cacbf43ee8a53bc0fa467890739c1768af3cfe20fe49355cf238fc7472113
5cc9f11eab17bc1c3b7b9e18c172f6f0c8ba5e517d2a78e7643af6f1906e17e0	18e2c312b8a96ec1562fa25d3622bbb6722736e47326da420bd49b5b74db66c4	f3c1683b267f956469878122341d36c533f5c407b0583165d6c049cc4af22519
5cc9f11eab17bc1c3b7b9e18c172f6f0c8ba5e517d2a78e7643af6f1906e17e0	98d143525569f7bdaa02c909b6c26e24aaf33ab175e1b0e95ee0219e105c65c2	609315be080284ee9e9d6cc6b37e0b2fd157775c2ef7fc241e687fbdb359d21f
5cc9f11eab17bc1c3b7b9e18c172f6f0c8ba5e517d2a78e7643af6f1906e17e0	defb17327fcc7a1eb8639e91a8c20792ef1e516ceabc01a0e650593dc60d80fd	39fab05c3e9287d0cf82d07c743e3ada7f5173e2675a574a546e590a07477a29
adaf12c26ee5ad3975df74c97fc370c4d4747776bf9e270e280ebb772b447490	0000000000000000000000000000000000000000000000000000000000000000	0000000000000000000000000000000000000000000000000000000000000001
adaf12c26ee5ad3975df74c97fc370c4d4747776bf9e270e280ebb772b447490	0000000000000000000000000000000000000000000000000000000000000000	0000000000000000000000000000000000000000000000000000000000000002
adaf12c26ee5ad3975df74c97fc370c4d4747776bf9e270e280ebb772b447490	0000000000000000000000000000000000000000000000000000000000000000	0000000000000000000000000000000000000000000000000000000000000003
adaf12c26ee5ad3975df74c97fc370c4d4747776bf9e270e280ebb772b447490	0000000000000000000000000000000000000000000000000000000000000000	00000000000000000000000000000000000000000000000000000001000003d0
adaf12c26ee5ad3975df74c97fc370c4d4747776bf9e270e280ebb772b447490	0000000000000000000000000000000000000000000000000000000000000000	00000000000000000000000000000000000000000000000000000001000003d1
adaf12c26ee5ad3975df74c97fc370c4d4747776bf9e270e280ebb772b447490	0000000000000000000000000000000000000000000000000000000000000000	00000000000000000000000000000000000000000000000000000001000003d2
adaf12c26ee5ad3975df74c97fc370c4d4747776bf9e270e280ebb772b447490	0000000000000000000000000000000000000000000000000000000000000000	0000000000000000000000000000000100000000000000000000000000000001
adaf12c26ee5ad3975df74c97fc370c4d4747776bf9e270e280ebb772b447490	0000000000000000000000000000000000000000000000000000000000000000	fffffffffffffffffffffffffffffffffffffffffffffffffffffffefffffc2e
adaf12c26ee5ad3975df74c97fc370c4d4747776bf9e270e280ebb772b447490	0000000000000000000000000000000000000000000000000000000000000000	9f69ee183927f2de409371d48b0733735c9568941bfe791cb02499365401facb
adaf12c26ee5ad3975df74c97fc370c4d4747776bf9e270e280ebb772b447490	0000000000000000000000000000000000000000000000000000000000000000	d3c5244fc0c8c00553ff409212b6a57b0a3b623ee0bc7b23d9147250759aa415
adaf12c26ee5ad3975df74c97fc370c4d4747776bf9e270e280ebb772b447490	0000000000000000000000000000000000000000000000000000000000000000	5dcdef1aadba6e6f9fa7a194cf6a71df9168d97d2e9ca4dc296908565f00b4d9
adaf12c26ee5ad3975df74c97fc370c4d4747776bf9e270e280ebb772b447490	0000000000000000000000000000000000000000000000000000000000000000	d534d578d3e1eb2b1690b9a2d4b2d2d84100437c040d8b79df6fffed9032d272
adaf12c26ee5ad3975df74c97fc370c4d4747776bf9e270e280ebb772b447490	0000000000000000000000000000000000000000000000000000000000000000	f66fbe57319563b64a8f58cd428595b307c07a72b2164595c11d283eab60b45c
adaf12c26ee5ad3975df74c97fc370c4d4747776bf9e270e280ebb772b447490	0000000000000000000000000000000000000000000000000000000000000000	400e17f31c864b185ee05029b4ca04a020c29967468e73e015981536dedd5700
adaf12c26ee5ad3975df74c97fc370c4d4747776bf9e270e280ebb772b447490	0000000000000000000000000000000000000000000000000000000000000000	d435856f9ab6ccc30eb8a023031b74008865b8b6a0ce79565dfb4936b4b73fb5
adaf12c26ee5ad3975df74c97fc370c4d4747776bf9e270e280ebb772b447490	0000000000000000000000000000000000000000000000000000000000000000	19347eb1e110c6697b2151d083099e040675b4cfa6923f26ad57d963c97e1512
adaf12c26ee5ad3975df74c97fc370c4d4747776bf9e270e280ebb772b447490	0000000000000000000000000000000000000000000000000000000000000000	b4779d0db00a11f69106d731567d0ad360668f49b2481481d932e714a143e45f
adaf12c26ee5ad3975df74c97fc370c4d4747776bf9e270e280ebb772b447490	0000000000000000000000000000000000000000000000000000000000000000	99d83593a28df721d8a102e8776220d5aec0976a7b2283f6065686dafe7e51fb
adaf12c26ee5ad3975df74c97fc370c4d4747776bf9e270e280ebb772b447490	0000000000000000000000000000000000000000000000000000000000000000	ba4e25b946a879db07bca35656369b0b2979018a9ad29eea7a1777fd5fd39c85
adaf12c26ee5ad3975df74c97fc370c4d4747776bf9e270e280ebb772b447490	0000000000000000000000000000000000000000000000000000000000000000	40b40b9c7f95437f05fab8bbb92a269c56994ea170dfacdd3b3952c1ec8bc580
adaf12c26ee5ad3975df74c97fc370c4d4747776bf9e270e280ebb772b447490	0000000000000000000000000000000000000000000000000000000000000000	b63351de682f433979d63242bbfa3b025d702b2537cd6d9c9e957ca15d1deac8
adaf12c26ee5ad3975df74c97fc370c4d4747776bf9e270e280ebb772b447490	0000000000000000000000000000000000000000000000000000000000000000	7558116f93c6298ec934167195825c927f3ce843e06d8dd8a7343861e7dce9d9
adaf12c26ee5ad3975df74c97fc370c4d4747776bf9e270e280ebb772b447490	0000000000000000000000000000000000000000000000000000000000000000	dff894f905106cd06ad1dbe2c1c46aa79b53e9406b796e7c4016a7d6353db602
adaf12c26ee5ad3975df74c97fc370c4d4747776bf9e270e280ebb772b447490	0000000000000000000000000000000000000000000000000000000000000000	994c52cd54933a2d4a1f216cc9332d2c3c642bcb967c6948aacdd903536b6325
adaf12c26ee5ad3975df74c97fc370c4d4747776bf9e270e280ebb772b447490	0000000000000000000000000000000000000000000000000000000000000000	4b3198f4ba8705ac3c84d34411a488c5972a8e5a16d4726f0f077650d2871bdf
adaf12c26ee5ad3975df74c97fc370c4d4747776bf9e270e280ebb772b447490	0000000000000000000000000000000000000000000000000000000000000000	174bae57a2d7a1629ba040e754ef59a8b0eda026eb917c3cc139a86c88646978
adaf12c26ee5ad3975df74c97fc370c4d4747776bf9e270e280ebb772b447490	0000000000000000000000000000000000000000000000000000000000000000	0ea05b5d5f3613201470d6192914c594827bfe1afe65cb722b4a2393e4f8fbdd
adaf12c26ee5ad3975df74c97fc370c4d4747776bf9e270e280ebb772b447490	0000000000000000000000000000000000000000000000000000000000000000	9351b1da87f6b5eb7537fafa579b08ff8779d847c3eb282cf6b608d3c44bef55
adaf12c26ee5ad3975df74c97fc370c4d4747776bf9e270e280ebb772b447490	0000000000000000000000000000000000000000000000000000000000000000	ee3056755f73938fe24874c6e48e7179fc7c9cf584e86c49da8cdb2436d3caf8
adaf12c26ee5ad3975df74c97fc370c4d4747776bf9e270e280ebb772b447490	0000000000000000000000000000000000000000000000000000000000000000	483f81fc39a2d891702b937b846a53cd1c958dc6bd180c02059bdecd2cb3c5b9
adaf12c26ee5ad3975df74c97fc370c4d4747776bf9e270e280ebb772b447490	0000000000000000000000000000000000000000000000000000000000000000	9bdb8c2fb94e8eb23b0b82372348b7f665c83cc61618aef659c20cafc3756577
adaf12c26ee5ad3975df74c97fc370c4d4747776bf9e270e280ebb772b447490	0000000000000000000000000000000000000000000000000000000000000000	14866b25bfec8d9088ea50e559c7cca8ad737550b972896b141596c723d09595
adaf12c26ee5ad3975df74c97fc370c4d4747776bf9e270e280ebb772b447490	0000000000000000000000000000000000000000000000000000000000000001	0000000000000000000000000000000000000000000000000000000000000001
adaf12c26ee5ad3975df74c97fc370c4d4747776bf9e270e280ebb772b447490	0000000000000000000000000000000000000000000000000000000000000001	fffffffffffffffffffffffffffffffffffffffffffffffffffffffefffffc2e
adaf12c26ee5ad3975df74c97fc370c4d4747776bf9e270e280ebb772b447490	fffffffffffffffffffffffffffffffffffffffffffffffffffffffefffffc2e	0000000000000000000000000000000000000000000000000000000000000001
adaf12c26ee5ad3975df74c97fc370c4d4747776bf9e270e280ebb772b447490	fffffffffffffffffffffffffffffffffffffffffffffffffffffffefffffc2e	fffffffffffffffffffffffffffffffffffffffffffffffffffffffefffffc2e
adaf12c26ee5ad3975df74c97fc370c4d4747776bf9e270e280ebb772b447490	00000000000000000000000000000000000000000000000000000001000003d1	00000000000000000000000000000000000000000000000000000001000003d2
adaf12c26ee5ad3975df74c97fc370c4d4747776bf9e270e280ebb772b447490	00000000000000000000000000000000ffffffffffffffffffffffffffffffff	0000000000000000000000000000000100000000000000000000000000000001
adaf12c26ee5ad3975df74c97fc370c4d4747776bf9e270e280ebb772b447490	7fffffffffffffffffffffffffffffffffffffffffffffffffffffffffffffed	00000000000000000000000000000000000000000000000000000001000003d1
adaf12c26ee5ad3975df74c97fc370c4d4747776bf9e270e280ebb772b447490	00000000000000000000000000000000000000000000000000000001000003d2	8000000000000000000000000000000000000000000000000000000000000013
adaf12c26ee5ad3975df74c97fc370c4d4747776bf9e270e280ebb772b447490	96de292ad08c05f33374ff077e037057cb1976be5fd11814eb427a298826a7de	f5a02b551d42e1af8af605ff1660926f160366df7b9584c2f4e83c5251d4ac4a
adaf12c26ee5ad3975df74c97fc370c4d4747776bf9e270e280ebb772b447490	4d6ec7bab20514a58c089d6067f55985b8392d48b5531403790e390b58cb6397	a3b527dc3ded3db1ebb2d76d1e0f1d3ba27e4a809a3654648bbde08dbf1f454c
adaf12c26ee5ad3975df74c97fc370c4d4747776bf9e270e280ebb772b447490	e45d6b3a7bab850fd4636fc1bec55df32d3abc216d2837543c5ba15d153069f1	ddbec74a741dcc3fccbef14fb226877249dae56655d5d9a1b1a073c6e04abe33
adaf12c26ee5ad3975df74c97fc370c4d4747776bf9e270e280ebb772b447490	bd9c04cdfd5b0caa1588bd3d277d72ace38f467b02aba014e5a8e90eeb3fbe1a	1bb54365673065de32ecf60d870ba0653ed1c3e18b6bedc01dd5d4dd04bbe4ca
adaf12c26ee5ad3975df74c97fc370c4d4747776bf9e270e280ebb772b447490	2beaf41bc983d4f633f48d269bfa408bfc599b1e1b73e28d09e3ee7ea71ac7a6	357cec24e0b81663bc645f7cf6352799e9e2022fd4915646b6785bedbcbe7334
adaf12c26ee5ad3975df74c97fc370c4d4747776bf9e270e280ebb772b447490	b5c07245c079654f786d357f629f0790f7723aad5562066fe2e4f01b9e1cddc8	a6584ec2aadddec9d4bd5db607d1f8bf5222837160d787d1353fcbbeaf9136fa
adaf12c26ee5ad3975df74c97fc370c4d4747776bf9e270e280ebb772b447490	5f7336cee5cf61f96cd20b5175605b709909aa714d33cc087d3466f57f617fff	bb61dcac06769ca45dd1f5557c5e315a0a5ef6c91f8f8fd8f6dec8c4855d4312
adaf12c26ee5ad3975df74c97fc370c4d4747776bf9e270e280ebb772b447490	2acc6dfff840182c12a710e41723c9d58be39cd1c35ca4bc90b833ab186ab981	1163f31315c921af267f5c165fa15639ff6a27f22da4f0d54a22c5756f4f01bb
adaf12c26ee5ad3975df74c97fc370c4d4747776bf9e270e280ebb772b447490	d4748cd56a1ba4db81904bd851953aa1e6ad2f30f789700f6a026e53fce2523e	03ad3d62b8d59506de2bbb6a0fb9b9e9c3e3840ceff473be4e7bae93d10a7aa7
adaf12c26ee5ad3975df74c97fc370c4d4747776bf9e270e280ebb772b447490	512ff00c68eaac642ac7ac7d377bf11621b1b12948db0eb2afed1bbb9abeb1c5	f2c52d8a84bfdbfdf0253c59082bf79ddf5cdadd40f16c27b3ec33a6545b905e
adaf12c26ee5ad3975df74c97fc370c4d4747776bf9e270e280ebb772b447490	02af8362bd0440652f8b0774287cb3d0d4d1d9f9cd0b4a348a63b5beae8d0bb4	c1b0638d4b66c508d947c069e7ca0d241c5ee6d149a290b3b1dab1f62f842b37
adaf12c26ee5ad3975df74c97fc370c4d4747776bf9e270e280ebb772b447490	d25b514f3ecd73eb99a9fb4df1427c72d13744c2c280a35a7e0de96e4ba264e6	e85a4bb427c8f87dd7840a7994234b7a8b3c783b7ac9584436fcbe4ff485a11c
adaf12c26ee5ad3975df74c97fc370c4d4747776bf9e270e280ebb772b447490	a914abac0c875449aa59bd68cc1f68bf74661024895373a19b8e770c89e48bf4	8ce849c8db38c84b2a44d6572a0772cf460a4c0c9b9edd81ed74b160f3498f67
adaf12c26ee5ad3975df74c97fc370c4d4747776bf9e270e280ebb772b447490	b42468bb21919254b35ba9b2d6196dacb763658d59b32092c19011fa56e5bab7	dca2587b05442efd5f959abd92d8ebcc00123da5227abd899d23727047ec47e1
adaf12c26ee5ad3975df74c97fc370c4d4747776bf9e270e280ebb772b447490	cdf9fb6f3e724045d145b38f4ba6029866d6eecb293b7446f663bd21619289d1	ef5d51b43d937b85b459606fdf44b9172e45f1855afde8da489c0878c98b6637
adaf12c26ee5ad3975df74c97fc370c4d4747776bf9e270e280ebb772b447490	fd574845f718a4699ab18dd690c0cb7d5a70e1d9e7cc79899d77dc2f820b0887	ef3df975bf32e79693f84a45aab6ce9a4ce8f6f255b2bc855334b23bd02f69c3
adaf12c26ee5ad3975df74c97fc370c4d4747776bf9e270e280ebb772b447490	3d01065fa8d2f127ec215cb633b545cc2e4ac01ef8e534f433e264d8466cec92	5900b78154d61769c01f152b1d733b6c6d342e64b9f80882cad772c19dced026
adaf12c26ee5ad3975df74c97fc370c4d4747776bf9e270e280ebb772b447490	921c715d3cff5e9294c47bb3701a2b5298ce18ac820b35f9041f0ef64a515b5c	52f4f74a17a5423f6b79fe78aa1f75a581a552605bc4e1c8d715fa578181c210
adaf12c26ee5ad3975df74c97fc370c4d4747776bf9e270e280ebb772b447490	0683e5161c3e6b59b9e88f8164b15ede68d7fb5f73224130d408e6b944bb1c54	471e1faf3b5fb3cb68d996af8dd80565751b48ca94da9cf079b6d83e5bdb6c97
adaf12c26ee5ad3975df74c97fc370c4d4747776bf9e270e280ebb772b447490	713ecac72d72778c195d5d9c494545f5310f11cc91d2682f32637262247f7d22	21efca2d51daf34d53309b5169d1da162e64194961ac01924604d8ab6c946ffb
adaf12c26ee5ad3975df74c97fc370c4d4747776bf9e270e280ebb772b447490	9b97ed60917ef827867593286ae20f87081430029c151e22f91f48dd824942af	4d8cacbf43ee8a53bc0fa467890739c1768af3cfe20fe49355cf238fc7472113
adaf12c26ee5ad3975df74c97fc370c4d4747776bf9e270e280ebb772b447490	18e2c312b8a96ec1562fa25d3622bbb6722736e47326da420bd49b5b74db66c4	f3c1683b267f956469878122341d36c533f5c407b0583165d6c049cc4af22519
adaf12c26ee5ad3975df74c97fc370c4d4747776bf9e270e280ebb772b447490	98d143525569f7bdaa02c909b6c26e24aaf33ab175e1b0e95ee0219e105c65c2	609315be080284ee9e9d6cc6b37e0b2fd157775c2ef7fc241e687fbdb359d21f
adaf12c26ee5ad3975df74c97fc370c4d4747776bf9e270e280ebb772b447490	defb17327fcc7a1eb8639e91a8c20792ef1e516ceabc01a0e650593dc60d80fd	39fab05c3e9287d0cf82d07c743e3ada7f5173e2675a574a546e590a07477a29
3e3aaa96734d9622cba92d5f9fc156bfad35d58276ff130aa94f7b31f9f69480	0000000000000000000000000000000000000000000000000000000000000000	0000000000000000000000000000000000000000000000000000000000000001
3e3aaa96734d9622cba92d5f9fc156bfad35d58276ff130aa94f7b31f9f69480	0000000000000000000000000000000000000000000000000000000000000000	0000000000000000000000000000000000000000000000000000000000000002
3e3aaa96734d9622cba92d5f9fc156bfad35d58276ff130aa94f7b31f9f69480	0000000000000000000000000000000000000000000000000000000000000000	0000000000000000000000000000000000000000000000000000000000000003
3e3aaa96734d9622cba92d5f9fc156bfad35d58276ff130aa94f7b31f9f69480	0000000000000000000000000000000000000000000000000000000000000000	00000000000000000000000000000000000000000000000000000001000003d0
3e3aaa96734d9622cba92d5f9fc156bfad35d58276ff130aa94f7b31f9f69480	0000000000000000000000000000000000000000000000000000000000000000	00000000000000000000000000000000000000000000000000000001000003d1
3e3aaa96734d9622cba92d5f9fc156bfad35d58276ff130aa94f7b31f9f69480	0000000000000000000000000000000000000000000000000000000000000000	00000000000000000000000000000000000000000000000000000001000003d2
3e3aaa96734d9622cba92d5f9fc156bfad35d58276ff130aa94f7b31f9f69480	0000000000000000000000000000000000000000000000000000000000000000	0000000000000000000000000000000100000000000000000000000000000001
3e3aaa96734d9622cba92d5f9fc156bfad35d58276ff130aa94f7b31f9f69480	0000000000000000000000000000000000000000000000000000000000000000	fffffffffffffffffffffffffffffffffffffffffffffffffffffffefffffc2e
3e3aaa96734d9622cba92d5f9fc156bfad35d58276ff130aa94f7b31f9f69480	0000000000000000000000000000000000000000000000000000000000000000	9f69ee183927f2de409371d48b0733735c9568941bfe791cb02499365401facb
3e3aaa96734d9622cba92d5f9fc156bfad35d58276ff130aa94f7b31f9f69480	0000000000000000000000000000000000000000000000000000000000000000	d3c5244fc0c8c00553ff409212b6a57b0a3b623ee0bc7b23d9147250759aa415
3e3aaa96734d9622cba92d5f9fc156bfad35d58276ff130aa94f7b31f9f69480	0000000000000000000000000000000000000000000000000000000000000000	5dcdef1aadba6e6f9fa7a194cf6a71df9168d97d2e9ca4dc296908565f00b4d9
3e3aaa96734d9622cba92d5f9fc156bfad35d58276ff130aa94f7b31f9f69480	0000000000000000000000000000000000000000000000000000000000000000	d534d578d3e1eb2b1690b9a2d4b2d2d84100437c040d8b79df6fffed9032d272
3e3aaa96734d9622cba92d5f9fc156bfad35d58276ff130aa94f7b31f9f69480	0000000000000000000000000000000000000000000000000000000000000000	f66fbe57319563b64a8f58cd428595b307c07a72b2164595c11d283eab60b45c
3e3aaa96734d9622cba92d5f9fc156bfad35d58276ff130aa94f7b31f9f69480	0000000000000000000000000000000000000000000000000000000000000000	400e17f31c864b185ee05029b4ca04a020c29967468e73e015981536dedd5700
3e3aaa96734d9622cba92d5f9fc156bfad35d58276ff130aa94f7b31f9f69480	0000000000000000000000000000000000000000000000000000000000000000	d435856f9ab6ccc30eb8a023031b74008865b8b6a0ce79565dfb4936b4b73fb5
3e3aaa96734d9622cba92d5f9fc156bfad35d58276ff130aa94f7b31f9f69480	0000000000000000000000000000000000000000000000000000000000000000	19347eb1e110c6697b2151d083099e040675b4cfa6923f26ad57d963c97e1512
3e3aaa96734d9622cba92d5f9fc156bfad35d58276ff130aa94f7b31f9f69480	0000000000000000000000000000000000000000000000000000000000000000	b4779d0db00a11f69106d731567d0ad360668f49b2481481d932e714a143e45f
3e3aaa96734d9622cba92d5f9fc156bfad35d58276ff130aa94f7b31f9f69480	0000000000000000000000000000000000000000000000000000000000000000	99d83593a28df721d8a102e8776220d5aec0976a7b2283f6065686dafe7e51fb
3e3aaa96734d9622cba92d5f9fc156bfad35d58276ff130aa94f7b31f9f69480	0000000000000000000000000000000000000000000000000000000000000000	ba4e25b946a879db07bca35656369b0b2979018a9ad29eea7a1777fd5fd39c85
3e3aaa96734d9622cba92d5f9fc156bfad35d58276ff130aa94f7b31f9f69480	0000000000000000000000000000000000000000000000000000000000000000	40b40b9c7f95437f05fab8bbb92a269c56994ea170dfacdd3b3952c1ec8bc580
3e3aaa96734d9622cba92d5f9fc156bfad35d58276ff130aa94f7b31f9f69480	0000000000000000000000000000000000000000000000000000000000000000	b63351de682f433979d63242bbfa3b025d702b2537cd6d9c9e957ca15d1deac8
3e3aaa96734d9622cba92d5f9fc156bfad35d58276ff130aa94f7b31f9f69480	0000000000000000000000000000000000000000000000000000000000000000	7558116f93c6298ec934167195825c927f3ce843e06d8dd8a7343861e7dce9d9
3e3aaa96734d9622cba92d5f9fc156bfad35d58276ff130aa94f7b31f9f69480	0000000000000000000000000000000000000000000000000000000000000000	dff894f905106cd06ad1dbe2c1c46aa79b53e9406b796e7c4016a7d6353db602
3e3aaa96734d9622cba92d5f9fc156bfad35d58276ff130aa94f7b31f9f69480	0000000000000000000000000000000000000000000000000000000000000000	994c52cd54933a2d4a1f216cc9332d2c3c642bcb967c6948aacdd903536b6325
3e3aaa96734d9622cba92d5f9fc156bfad35d58276ff130aa94f7b31f9f69480	0000000000000000000000000000000000000000000000000000000000000000	4b3198f4ba8705ac3c84d34411a488c5972a8e5a16d4726f0f077650d2871bdf
3e3aaa96734d9622cba92d5f9fc156bfad35d58276ff130aa94f7b31f9f69480	0000000000000000000000000000000000000000000000000000000000000000	174bae57a2d7a1629ba040e754ef59a8b0eda026eb917c3cc139a86c88646978
3e3aaa96734d9622cba92d5f9fc156bfad35d58276ff130aa94f7b31f9f69480	0000000000000000000000000000000000000000000000000000000000000000	0ea05b5d5f3613201470d6192914c594827bfe1afe65cb722b4a2393e4f8fbdd
3e3aaa96734d9622cba92d5f9fc156bfad35d58276ff130aa94f7b31f9f69480	0000000000000000000000000000000000000000000000000000000000000000	9351b1da87f6b5eb7537fafa579b08ff8779d847c3eb282cf6b608d3c44bef55
3e3aaa96734d9622cba92d5f9fc156bfad35d58276ff130aa94f7b31f9f69480	0000000000000000000000000000000000000000000000000000000000000000	ee3056755f73938fe24874c6e48e7179fc7c9cf584e86c49da8cdb2436d3caf8
3e3aaa96734d9622cba92d5f9fc156bfad35d58276ff130aa94f7b31f9f69480	0000000000000000000000000000000000000000000000000000000000000000	483f81fc39a2d891702b937b846a53cd1c958dc6bd180c02059bdecd2cb3c5b9
3e3aaa96734d9622cba92d5f9fc156bfad35d58276ff130aa94f7b31f9f69480	0000000000000000000000000000000000000000000000000000000000000000	9bdb8c2fb94e8eb23b0b82372348b7f665c83cc61618aef659c20cafc3756577
3e3aaa96734d9622cba92d5f9fc156bfad35d58276ff130aa94f7b31f9f69480	0000000000000000000000000000000000000000000000000000000000000000	14866b25bfec8d9088ea50e559c7cca8ad737550b972896b141596c723d09595
3e3aaa96734d9622cba92d5f9fc156bfad35d58276ff130aa94f7b31f9f69480	0000000000000000000000000000000000000000000000000000000000000001	0000000000000000000000000000000000000000000000000000000000000001
3e3aaa96734d9622cba92d5f9fc156bfad35d58276ff130aa94f7b31f9f69480	0000000000000000000000000000000000000000000000000000000000000001	fffffffffffffffffffffffffffffffffffffffffffffffffffffffefffffc2e
3e3aaa96734d9622cba92d5f9fc156bfad35d58276ff130aa94f7b31f9f69480	fffffffffffffffffffffffffffffffffffffffffffffffffffffffefffffc2e	0000000000000000000000000000000000000000000000000000000000000001
3e3aaa96734d9622cba92d5f9fc156bfad35d58276ff130aa94f7b31f9f69480	fffffffffffffffffffffffffffffffffffffffffffffffffffffffefffffc2e	fffffffffffffffffffffffffffffffffffffffffffffffffffffffefffffc2e
3e3aaa96734d9622cba92d5f9fc156bfad35d58276ff130aa94f7b31f9f69480	00000000000000000000000000000000000000000000000000000001000003d1	00000000000000000000000000000000000000000000000000000001000003d2
3e3aaa96734d9622cba92d5f9fc156bfad35d58276ff130aa94f7b31f9f69480	00000000000000000000000000000000ffffffffffffffffffffffffffffffff	0000000000000000000000000000000100000000000000000000000000000001
3e3aaa96734d9622cba92d5f9fc156bfad35d58276ff130aa94f7b31f9f69480	7fffffffffffffffffffffffffffffffffffffffffffffffffffffffffffffed	00000000000000000000000000000000000000000000000000000001000003d1
3e3aaa96734d9622cba92d5f9fc156bfad35d58276ff130aa94f7b31f9f69480	00000000000000000000000000000000000000000000000000000001000003d2	8000000000000000000000000000000000000000000000000000000000000013
3e3aaa96734d9622cba92d5f9fc156bfad35d58276ff130aa94f7b31f9f69480	96de292ad08c05f33374ff077e037057cb1976be5fd11814eb427a298826a7de	f5a02b551d42e1af8af605ff1660926f160366df7b9584c2f4e83c5251d4ac4a
3e3aaa96734d9622cba92d5f9fc156bfad35d58276ff130aa94f7b31f9f69480	4d6ec7bab20514a58c089d6067f55985b8392d48b5531403790e390b58cb6397	a3b527dc3ded3db1ebb2d76d1e0f1d3ba27e4a809a3654648bbde08dbf1f454c
3e3aaa96734d9622cba92d5f9fc156bfad35d58276ff130aa94f7b31f9f69480	e45d6b3a7bab850fd4636fc1bec55df32d3abc216d2837543c5ba15d153069f1	ddbec74a741dcc3fccbef14fb226877249dae56655d5d9a1b1a073c6e04abe33
3e3aaa96734d9622cba92d5f9fc156bfad35d58276ff130aa94f7b31f9f69480	bd9c04cdfd5b0caa1588bd3d277d72ace38f467b02aba014e5a8e90eeb3fbe1a	1bb54365673065de32ecf60d870ba0653ed1c3e18b6bedc01dd5d4dd04bbe4ca
3e3aaa96734d9622cba92d5f9fc156bfad35d58276ff130aa94f7b31f9f69480	2beaf41bc983d4f633f48d269bfa408bfc599b1e1b73e28d09e3ee7ea71ac7a6	357cec24e0b81663bc645f7cf6352799e9e2022fd4915646b6785bedbcbe7334
3e3aaa96734d9622cba92d5f9fc156bfad35d58276ff130aa94f7b31f9f69480	b5c07245c079654f786d357f629f0790f7723aad5562066fe2e4f01b9e1cddc8	a6584ec2aadddec9d4bd5db607d1f8bf5222837160d787d1353fcbbeaf9136fa
3e3aaa96734d9622cba92d5f9fc156bfad35d58276ff130aa94f7b31f9f69480	5f7336cee5cf61f96cd20b5175605b709909aa714d33cc087d3466f57f617fff	bb61dcac06769ca45dd1f5557c5e315a0a5ef6c91f8f8fd8f6dec8c4855d4312
3e3aaa96734d9622cba92d5f9fc156bfad35d58276ff130aa94f7b31f9f69480	2acc6dfff840182c12a710e41723c9d58be39cd1c35ca4bc90b833ab186ab981	1163f31315c921af267f5c165fa15639ff6a27f22da4f0d54a22c5756f4f01bb
3e3aaa96734d9622cba92d5f9fc156bfad35d58276ff130aa94f7b31f9f69480	d4748cd56a1ba4db81904bd851953aa1e6ad2f30f789700f6a026e53fce2523e	03ad3d62b8d59506de2bbb6a0fb9b9e9c3e3840ceff473be4e7bae93d10a7aa7
3e3aaa96734d9622cba92d5f9fc156bfad35d58276ff130aa94f7b31f9f69480	512ff00c68eaac642ac7ac7d377bf11621b1b12948db0eb2afed1bbb9abeb1c5	f2c52d8a84bfdbfdf0253c59082bf79ddf5cdadd40f16c27b3ec33a6545b905e
3e3aaa96734d9622cba92d5f9fc156bfad35d58276ff130aa94f7b31f9f69480	02af8362bd0440652f8b0774287cb3d0d4d1d9f9cd0b4a348a63b5beae8d0bb4	c1b0638d4b66c508d947c069e7ca0d241c5ee6d149a290b3b1dab1f62f842b37
3e3aaa96734d9622cba92d5f9fc156bfad35d58276ff130aa94f7b31f9f69480	d25b514f3ecd73eb99a9fb4df1427c72d13744c2c280a35a7e0de96e4ba264e6	e85a4bb427c8f87dd7840a7994234b7a8b3c783b7ac9584436fcbe4ff485a11c
3e3aaa96734d9622cba92d5f9fc156bfad35d58276ff130aa94f7b31f9f69480	a914abac0c875449aa59bd68cc1f68bf74661024895373a19b8e770c89e48bf4	8ce849c8db38c84b2a44d6572a0772cf460a4c0c9b9edd81ed74b160f3498f67
3e3aaa96734d9622cba92d5f9fc156bfad35d58276ff130aa94f7b31f9f69480	b42468bb21919254b35ba9b2d6196dacb763658d59b32092c19011fa56e5bab7	dca2587b05442efd5f959abd92d8ebcc00123da5227abd899d23727047ec47e1
3e3aaa96734d9622cba92d5f9fc156bfad35d58276ff130aa94f7b31f9f69480	cdf9fb6f3e724045d145b38f4ba6029866d6eecb293b7446f663bd21619289d1	ef5d51b43d937b85b459606fdf44b9172e45f1855afde8da489c0878c98b6637
3e3aaa96734d9622cba92d5f9fc156bfad35d58276ff130aa94f7b31f9f69480	fd574845f718a4699ab18dd690c0cb7d5a70e1d9e7cc79899d77dc2f820b0887	ef3df975bf32e79693f84a45aab6ce9a4ce8f6f255b2bc855334b23bd02f69c3
3e3aaa96734d9622cba92d5f9fc156bfad35d58276ff130aa94f7b31f9f69480	3d01065fa8d2f127ec215cb633b545cc2e4ac01ef8e534f433e264d8466cec92	5900b78154d61769c01f152b1d733b6c6d342e64b9f80882cad772c19dced026
3e3aaa96734d9622cba92d5f9fc156bfad35d58276ff130aa94f7b31f9f69480	921c715d3cff5e9294c47bb3701a2b5298ce18ac820b35f9041f0ef64a515b5c	52f4f74a17a5423f6b79fe78aa1f75a581a552605bc4e1c8d715fa578181c210
3e3aaa96734d9622cba92d5f9fc156bfad35d58276ff130aa94f7b31f9f69480	0683e5161c3e6b59b9e88f8164b15ede68d7fb5f73224130d408e6b944bb1c54	471e1faf3b5fb3cb68d996af8dd80565751b48ca94da9cf079b6d83e5bdb6c97
3e3aaa96734d9622cba92d5f9fc156bfad35d58276ff130aa94f7b31f9f69480	713ecac72d72778c195d5d9c494545f5310f11cc91d2682f32637262247f7d22	21efca2d51daf34d53309b5169d1da162e64194961ac01924604d8ab6c946ffb
3e3aaa96734d9622cba92d5f9fc156bfad35d58276ff130aa94f7b31f9f69480	9b97ed60917ef827867593286ae20f87081430029c151e22f91f48dd824942af	4d8cacbf43ee8a53bc0fa467890739c1768af3cfe20fe49355cf238fc7472113
3e3aaa96734d9622cba92d5f9fc156bfad35d58276ff130aa94f7b31f9f69480	18e2c312b8a96ec1562fa25d3622bbb6722736e47326da420bd49b5b74db66c4	f3c1683b267f956469878122341d36c533f5c407b0583165d6c049cc4af22519
3e3aaa96734d9622cba92d5f9fc156bfad35d58276ff130aa94f7b31f9f69480	98d143525569f7bdaa02c909b6c26e24aaf33ab175e1b0e95ee0219e105c65c2	609315be080284ee9e9d6cc6b37e0b2fd157775c2ef7fc241e687fbdb359d21f
3e3aaa96734d9622cba92d5f9fc156bfad35d58276ff130aa94f7b31f9f69480	defb17327fcc7a1eb8639e91a8c20792ef1e516ceabc01a0e650593dc60d80fd	39fab05c3e9287d0cf82d07c743e3ada7f5173e2675a574a546e590a07477a29
38debd18cfba64885f28e3971059a3f7181dd024f8fae1795fbcb38e2bd6d9ae	0000000000000000000000000000000000000000000000000000000000000000	0000000000000000000000000000000000000000000000000000000000000001
38debd18cfba64885f28e3971059a3f7181dd024f8fae1795fbcb38e2bd6d9ae	0000000000000000000000000000000000000000000000000000000000000000	0000000000000000000000000000000000000000000000000000000000000002
38debd18cfba64885f28e3971059a3f7181dd024f8fae1795fbcb38e2bd6d9ae	0000000000000000000000000000000000000000000000000000000000000000	0000000000000000000000000000000000000000000000000000000000000003
38debd18cfba64885f28e3971059a3f7181dd024f8fae1795fbcb38e2bd6d9ae	0000000000000000000000000000000000000000000000000000000000000000	00000000000000000000000000000000000000000000000000000001000003d0
38debd18cfba64885f28e3971059a3f7181dd024f8fae1795fbcb38e2bd6d9ae	0000000000000000000000000000000000000000000000000000000000000000	00000000000000000000000000000000000000000000000000000001000003d1
38debd18cfba64885f28e3971059a3f7181dd024f8fae1795fbcb38e2bd6d9ae	0000000000000000000000000000000000000000000000000000000000000000	00000000000000000000000000000000000000000000000000000001000003d2
38debd18cfba64885f28e3971059a3f7181dd024f8fae1795fbcb38e2bd6d9ae	0000000000000000000000000000000000000000000000000000000000000000	0000000000000000000000000000000100000000000000000000000000000001
38debd18cfba64885f28e3971059a3f7181dd024f8fae1795fbcb38e2bd6d9ae	0000000000000000000000000000000000000000000000000000000000000000	fffffffffffffffffffffffffffffffffffffffffffffffffffffffefffffc2e
38debd18cfba64885f28e3971059a3f7181dd024f8fae1795fbcb38e2bd6d9ae	0000000000000000000000000000000000000000000000000000000000000000	9f69ee183927f2de409371d48b0733735c9568941bfe791cb02499365401facb
38debd18cfba64885f28e3971059a3f7181dd024f8fae1795fbcb38e2bd6d9ae	0000000000000000000000000000000000000000000000000000000000000000	d3c5244fc0c8c00553ff409212b6a57b0a3b623ee0bc7b23d9147250759aa415
38debd18cfba64885f28e3971059a3f7181dd024f8fae1795fbcb38e2bd6d9ae	0000000000000000000000000000000000000000000000000000000000000000	5dcdef1aadba6e6f9fa7a194cf6a71df9168d97d2e9ca4dc296908565f00b4d9
38debd18cfba64885f28e3971059a3f7181dd024f8fae1795fbcb38e2bd6d9ae	0000000000000000000000000000000000000000000000000000000000000000	d534d578d3e1eb2b1690b9a2d4b2d2d84100437c040d8b79df6fffed9032d272
38debd18cfba64885f28e3971059a3f7181dd024f8fae1795fbcb38e2bd6d9ae	0000000000000000000000000000000000000000000000000000000000000000	f66fbe57319563b64a8f58cd428595b307c07a72b2164595c11d283eab60b45c
38debd18cfba64885f28e3971059a3f7181dd024f8fae1795fbcb38e2bd6d9ae	0000000000000000000000000000000000000000000000000000000000000000	400e17f31c864b185ee05029b4ca04a020c29967468e73e015981536dedd5700
38debd18cfba64885f28e3971059a3f7181dd024f8fae1795fbcb38e2bd6d9ae	0000000000000000000000000000000000000000000000000000000000000000	d435856f9ab6ccc30eb8a023031b74008865b8b6a0ce79565dfb4936b4b73fb5
38debd18cfba64885f28e3971059a3f7181dd024f8fae1795fbcb38e2bd6d9ae	0000000000000000000000000000000000000000000000000000000000000000	19347eb1e110c6697b2151d083099e040675b4cfa6923f26ad57d963c97e1512
38debd18cfba64885f28e3971059a3f7181dd024f8fae1795fbcb38e2bd6d9ae	0000000000000000000000000000000000000000000000000000000000000000	b4779d0db00a11f69106d731567d0ad360668f49b2481481d932e714a143e45f
38debd18cfba64885f28e3971059a3f7181dd024f8fae1795fbcb38e2bd6d9ae	0000000000000000000000000000000000000000000000000000000000000000	99d83593a28df721d8a102e8776220d5aec0976a7b2283f6065686dafe7e51fb
38debd18cfba64885f28e3971059a3f7181dd024f8fae1795fbcb38e2bd6d9ae	0000000000000000000000000000000000000000000000000000000000000000	ba4e25b946a879db07bca35656369b0b2979018a9ad29eea7a1777fd5fd39c85
38debd18cfba64885f28e3971059a3f7181dd024f8fae1795fbcb38e2bd6d9ae	0000000000000000000000000000000000000000000000000000000000000000	40b40b9c7f95437f05fab8bbb92a269c56994ea170dfacdd3b3952c1ec8bc580
38debd18cfba64885f28e3971059a3f7181dd024f8fae1795fbcb38e2bd6d9ae	0000000000000000000000000000000000000000000000000000000000000000	b63351de682f433979d63242bbfa3b025d702b2537cd6d9c9e957ca15d1deac8
38debd18cfba64885f28e3971059a3f7181dd024f8fae1795fbcb38e2bd6d9ae	0000000000000000000000000000000000000000000000000000000000000000	7558116f93c6298ec934167195825c927f3ce843e06d8dd8a7343861e7dce9d9
38debd18cfba64885f28e3971059a3f7181dd024f8fae1795fbcb38e2bd6d9ae	0000000000000000000000000000000000000000000000000000000000000000	dff894f905106cd06ad1dbe2c1c46aa79b53e9406b796e7c4016a7d6353db602
38debd18cfba64885f28e3971059a3f7181dd024f8fae1795fbcb38e2bd6d9ae	0000000000000000000000000000000000000000000000000000000000000000	994c52cd54933a2d4a1f216cc9332d2c3c642bcb967c6948aacdd903536b6325
38debd18cfba64885f28e3971059a3f7181dd024f8fae1795fbcb38e2bd6d9ae	0000000000000000000000000000000000000000000000000000000000000000	4b3198f4ba8705ac3c84d34411a488c5972a8e5a16d4726f0f077650d2871bdf
38debd18cfba64885f28e3971059a3f7181dd024f8fae1795fbcb38e2bd6d9ae	0000000000000000000000000000000000000000000000000000000000000000	174bae57a2d7a1629ba040e754ef59a8b0eda026eb917c3cc139a86c88646978
38debd18cfba64885f28e3971059a3f7181dd024f8fae1795fbcb38e2bd6d9ae	0000000000000000000000000000000000000000000000000000000000000000	0ea05b5d5f3613201470d6192914c594827bfe1afe65cb722b4a2393e4f8fbdd
38debd18cfba64885f28e3971059a3f7181dd024f8fae1795fbcb38e2bd6d9ae	0000000000000000000000000000000000000000000000000000000000000000	9351b1da87f6b5eb7537fafa579b08ff8779d847c3eb282cf6b608d3c44bef55
38debd18cfba64885f28e3971059a3f7181dd024f8fae1795fbcb38e2bd6d9ae	0000000000000000000000000000000000000000000000000000000000000000	ee3056755f73938fe24874c6e48e7179fc7c9cf584e86c49da8cdb2436d3caf8
38debd18cfba64885f28e3971059a3f7181dd024f8fae1795fbcb38e2bd6d9ae	0000000000000000000000000000000000000000000000000000000000000000	483f81fc39a2d891702b937b846a53cd1c958dc6bd180c02059bdecd2cb3c5b9
38debd18cfba64885f28e3971059a3f7181dd024f8fae1795fbcb38e2bd6d9ae	0000000000000000000000000000000000000000000000000000000000000000	9bdb8c2fb94e8eb23b0b82372348b7f665c83cc61618aef659c20cafc3756577
38debd18cfba64885f28e3971059a3f7181dd024f8fae1795fbcb38e2bd6d9ae	0000000000000000000000000000000000000000000000000000000000000000	14866b25bfec8d9088ea50e559c7cca8ad737550b972896b141596c723d09595
38debd18cfba64885f28e3971059a3f7181dd024f8fae1795fbcb38e2bd6d9ae	0000000000000000000000000000000000000000000000000000000000000001	0000000000000000000000000000000000000000000000000000000000000001
38debd18cfba64885f28e3971059a3f7181dd024f8fae1795fbcb38e2bd6d9ae	0000000000000000000000000000000000000000000000000000000000000001	fffffffffffffffffffffffffffffffffffffffffffffffffffffffefffffc2e
38debd18cfba64885f28e3971059a3f7181dd024f8fae1795fbcb38e2bd6d9ae	fffffffffffffffffffffffffffffffffffffffffffffffffffffffefffffc2e	0000000000000000000000000000000000000000000000000000000000000001
38debd18cfba64885f28e3971059a3f7181dd024f8fae1795fbcb38e2bd6d9ae	fffffffffffffffffffffffffffffffffffffffffffffffffffffffefffffc2e	fffffffffffffffffffffffffffffffffffffffffffffffffffffffefffffc2e
38debd18cfba64885f28e3971059a3f7181dd024f8fae1795fbcb38e2bd6d9ae	00000000000000000000000000000000000000000000000000000001000003d1	00000000000000000000000000000000000000000000000000000001000003d2
38debd18cfba64885f28e3971059a3f7181dd024f8fae1795fbcb38e2bd6d9ae	00000000000000000000000000000000ffffffffffffffffffffffffffffffff	0000000000000000000000000000000100000000000000000000000000000001
38debd18cfba64885f28e3971059a3f7181dd024f8fae1795fbcb38e2bd6d9ae	7fffffffffffffffffffffffffffffffffffffffffffffffffffffffffffffed	00000000000000000000000000000000000000000000000000000001000003d1
38debd18cfba64885f28e3971059a3f7181dd024f8fae1795fbcb38e2bd6d9ae	00000000000000000000000000000000000000000000000000000001000003d2	8000000000000000000000000000000000000000000000000000000000000013
38debd18cfba64885f28e3971059a3f7181dd024f8fae1795fbcb38e2bd6d9ae	96de292ad08c05f33374ff077e037057cb1976be5fd11814eb427a298826a7de	f5a02b551d42e1af8af605ff1660926f160366df7b9584c2f4e83c5251d4ac4a
38debd18cfba64885f28e3971059a3f7181dd024f8fae1795fbcb38e2bd6d9ae	4d6ec7bab20514a58c089d6067f55985b8392d48b5531403790e390b58cb6397	a3b527dc3ded3db1ebb2d76d1e0f1d3ba27e4a809a3654648bbde08dbf1f454c
38debd18cfba64885f28e3971059a3f7181dd024f8fae1795fbcb38e2bd6d9ae	e45d6b3a7bab850fd4636fc1bec55df32d3abc216d2837543c5ba15d153069f1	ddbec74a741dcc3fccbef14fb226877249dae56655d5d9a1b1a073c6e04abe33
38debd18cfba64885f28e3971059a3f7181dd024f8fae1795fbcb38e2bd6d9ae	bd9c04cdfd5b0caa1588bd3d277d72ace38f467b02aba014e5a8e90eeb3fbe1a	1bb54365673065de32ecf60d870ba0653ed1c3e18b6bedc01dd5d4dd04bbe4ca
38debd18cfba64885f28e3971059a3f7181dd024f8fae1795fbcb38e2bd6d9ae	2beaf41bc983d4f633f48d269bfa408bfc599b1e1b73e28d09e3ee7ea71ac7a6	357cec24e0b81663bc645f7cf6352799e9e2022fd4915646b6785bedbcbe7334
38debd18cfba64885f28e3971059a3f7181dd024f8fae1795fbcb38e2bd6d9ae	b5c07245c079654f786d357f629f0790f7723aad5562066fe2e4f01b9e1cddc8	a6584ec2aadddec9d4bd5db607d1f8bf5222837160d787d1353fcbbeaf9136fa
38debd18cfba64885f28e3971059a3f7181dd024f8fae1795fbcb38e2bd6d9ae	5f7336cee5cf61f96cd20b5175605b709909aa714d33cc087d3466f57f617fff	bb61dcac06769ca45dd1f5557c5e315a0a5ef6c91f8f8fd8f6dec8c4855d4312
38debd18cfba64885f28e3971059a3f7181dd024f8fae1795fbcb38e2bd6d9ae	2acc6dfff840182c12a710e41723c9d58be39cd1c35ca4bc90b833ab186ab981	1163f31315c921af267f5c165fa15639ff6a27f22da4f0d54a22c5756f4f01bb
38debd18cfba64885f28e3971059a3f7181dd024f8fae1795fbcb38e2bd6d9ae	d4748cd56a1ba4db81904bd851953aa1e6ad2f30f789700f6a026e53fce2523e	03ad3d62b8d59506de2bbb6a0fb9b9e9c3e3840ceff473be4e7bae93d10a7aa7
38debd18cfba64885f28e3971059a3f7181dd024f8fae1795fbcb38e2bd6d9ae	512ff00c68eaac642ac7ac7d377bf11621b1b12948db0eb2afed1bbb9abeb1c5	f2c52d8a84bfdbfdf0253c59082bf79ddf5cdadd40f16c27b3ec33a6545b905e
38debd18cfba64885f28e3971059a3f7181dd024f8fae1795fbcb38e2bd6d9ae	02af8362bd0440652f8b0774287cb3d0d4d1d9f9cd0b4a348a63b5beae8d0bb4	c1b0638d4b66c508d947c069e7ca0d241c5ee6d149a290b3b1dab1f62f842b37
38debd18cfba64885f28e3971059a3f7181dd024f8fae1795fbcb38e2bd6d9ae	d25b514f3ecd73eb99a9fb4df1427c72d13744c2c280a35a7e0de96e4ba264e6	e85a4bb427c8f87dd7840a7994234b7a8b3c783b7ac9584436fcbe4ff485a11c
38debd18cfba64885f28e3971059a3f7181dd024f8fae1795fbcb38e2bd6d9ae	a914abac0c875449aa59bd68cc1f68bf74661024895373a19b8e770c89e48bf4	8ce849c8db38c84b2a44d6572a0772cf460a4c0c9b9edd81ed74b160f3498f67
38debd18cfba64885f28e3971059a3f7181dd024f8fae1795fbcb38e2bd6d9ae	b42468bb21919254b35ba9b2d6196dacb763658d59b32092c19011fa56e5bab7	dca2587b05442efd5f959abd92d8ebcc00123da5227abd899d23727047ec47e1
38debd18cfba64885f28e3971059a3f7181dd024f8fae1795fbcb38e2bd6d9ae	cdf9fb6f3e724045d145b38f4ba6029866d6eecb293b7446f663bd21619289d1	ef5d51b43d937b85b459606fdf44b9172e45f1855afde8da489c0878c98b6637
38debd18cfba64885f28e3971059a3f7181dd024f8fae1795fbcb38e2bd6d9ae	fd574845f718a4699ab18dd690c0cb7d5a70e1d9e7cc79899d77dc2f820b0887	ef3df975bf32e79693f84a45aab6ce9a4ce8f6f255b2bc855334b23bd02f69c3
38debd18cfba64885f28e3971059a3f7181dd024f8fae1795fbcb38e2bd6d9ae	3d01065fa8d2f127ec215cb633b545cc2e4ac01ef8e534f433e264d8466cec92	5900b78154d61769c01f152b1d733b6c6d342e64b9f80882cad772c19dced026
38debd18cfba64885f28e3971059a3f7181dd024f8fae1795fbcb38e2bd6d9ae	921c715d3cff5e9294c47bb3701a2b5298ce18ac820b35f9041f0ef64a515b5c	52f4f74a17a5423f6b79fe78aa1f75a581a552605bc4e1c8d715fa578181c210
38debd18cfba64885f28e3971059a3f7181dd024f8fae1795fbcb38e2bd6d9ae	0683e5161c3e6b59b9e88f8164b15ede68d7fb5f73224130d408e6b944bb1c54	471e1faf3b5fb3cb68d996af8dd80565751b48ca94da9cf079b6d83e5bdb6c97
38debd18cfba64885f28e3971059a3f7181dd024f8fae1795fbcb38e2bd6d9ae	713ecac72d72778c195d5d9c494545f5310f11cc91d2682f32637262247f7d22	21efca2d51daf34d53309b5169d1da162e64194961ac01924604d8ab6c946ffb
38debd18cfba64885f28e3971059a3f7181dd024f8fae1795fbcb38e2bd6d9ae	9b97ed60917ef827867593286ae20f87081430029c151e22f91f48dd824942af	4d8cacbf43ee8a53bc0fa467890739c1768af3cfe20fe49355cf238fc7472113
38debd18cfba64885f28e3971059a3f7181dd024f8fae1795fbcb38e2bd6d9ae	18e2c312b8a96ec1562fa25d3622bbb6722736e47326da420bd49b5b74db66c4	f3c1683b267f956469878122341d36c533f5c407b0583165d6c049cc4af22519
38debd18cfba64885f28e3971059a3f7181dd024f8fae1795fbcb38e2bd6d9ae	98d143525569f7bdaa02c909b6c26e24aaf33ab175e1b0e95ee0219e105c65c2	609315be080284ee9e9d6cc6b37e0b2fd157775c2ef7fc241e687fbdb359d21f
38debd18cfba64885f28e3971059a3f7181dd024f8fae1795fbcb38e2bd6d9ae	defb17327fcc7a1eb8639e91a8c20792ef1e516ceabc01a0e650593dc60d80fd	39fab05c3e9287d0cf82d07c743e3ada7f5173e2675a574a546e590a07477a29
72bdf094b78a52afdd9cf4398bb242df3cbf6b7e8d59cf88f0c05e0beefe89c0	0000000000000000000000000000000000000000000000000000000000000000	0000000000000000000000000000000000000000000000000000000000000001
72bdf094b78a52afdd9cf4398bb242df3cbf6b7e8d59cf88f0c05e0beefe89c0	0000000000000000000000000000000000000000000000000000000000000000	0000000000000000000000000000000000000000000000000000000000000002
72bdf094b78a52afdd9cf4398bb242df3cbf6b7e8d59cf88f0c05e0beefe89c0	0000000000000000000000000000000000000000000000000000000000000000	0000000000000000000000000000000000000000000000000000000000000003
72bdf094b78a52afdd9cf4398bb242df3cbf6b7e8d59cf88f0c05e0beefe89c0	0000000000000000000000000000000000000000000000000000000000000000	00000000000000000000000000000000000000000000000000000001000003d0
72bdf094b78a52afdd9cf4398bb242df3cbf6b7e8d59cf88f0c05e0beefe89c0	0000000000000000000000000000000000000000000000000000000000000000	00000000000000000000000000000000000000000000000000000001000003d1
72bdf094b78a52afdd9cf4398bb242df3cbf6b7e8d59cf88f0c05e0beefe89c0	0000000000000000000000000000000000000000000000000000000000000000	00000000000000000000000000000000000000000000000000000001000003d2
72bdf094b78a52afdd9cf4398bb242df3cbf6b7e8d59cf88f0c05e0beefe89c0	0000000000000000000000000000000000000000000000000000000000000000	0000000000000000000000000000000100000000000000000000000000000001
72bdf094b78a52afdd9cf4398bb242df3cbf6b7e8d59cf88f0c05e0beefe89c0	0000000000000000000000000000000000000000000000000000000000000000	fffffffffffffffffffffffffffffffffffffffffffffffffffffffefffffc2e
72bdf094b78a52afdd9cf4398bb242df3cbf6b7e8d59cf88f0c05e0beefe89c0	0000000000000000000000000000000000000000000000000000000000000000	9f69ee183927f2de409371d48b0733735c9568941bfe791cb02499365401facb
72bdf094b78a52afdd9cf4398bb242df3cbf6b7e8d59cf88f0c05e0beefe89c0	0000000000000000000000000000000000000000000000000000000000000000	d3c5244fc0c8c00553ff409212b6a57b0a3b623ee0bc7b23d9147250759aa415
72bdf094b78a52afdd9cf4398bb242df3cbf6b7e8d59cf88f0c05e0beefe89c0	0000000000000000000000000000000000000000000000000000000000000000	5dcdef1aadba6e6f9fa7a194cf6a71df9168d97d2e9ca4dc296908565f00b4d9
72bdf094b78a52afdd9cf4398bb242df3cbf6b7e8d59cf88f0c05e0beefe89c0	0000000000000000000000000000000000000000000000000000000000000000	d534d578d3e1eb2b1690b9a2d4b2d2d84100437c040d8b79df6fffed9032d272
72bdf094b78a52afdd9cf4398bb242df3cbf6b7e8d59cf88f0c05e0beefe89c0	0000000000000000000000000000000000000000000000000000000000000000	f66fbe57319563b64a8f58cd428595b307c07a72b2164595c11d283eab60b45c
72bdf094b78a52afdd9cf4398bb242df3cbf6b7e8d59cf88f0c05e0beefe89c0	0000000000000000000000000000000000000000000000000000000000000000	400e17f31c864b185ee05029b4ca04a020c29967468e73e015981536dedd5700
72bdf094b78a52afdd9cf4398bb242df3cbf6b7e8d59cf88f0c05e0beefe89c0	0000000000000000000000000000000000000000000000000000000000000000	d435856f9ab6ccc30eb8a023031b74008865b8b6a0ce79565dfb4936b4b73fb5
72bdf094b78a52afdd9cf4398bb242df3cbf6b7e8d59cf88f0c05e0beefe89c0	0000000000000000000000000000000000000000000000000000000000000000	19347eb1e110c6697b2151d083099e040675b4cfa6923f26ad57d963c97e1512
72bdf094b78a52afdd9cf4398bb242df3cbf6b7e8d59cf88f0c05e0beefe89c0	0000000000000000000000000000000000000000000000000000000000000000	b4779d0db00a11f69106d731567d0ad360668f49b2481481d932e714a143e45f
72bdf094b78a52afdd9cf4398bb242df3cbf6b7e8d59cf88f0c05e0beefe89c0	0000000000000000000000000000000000000000000000000000000000000000	99d83593a28df721d8a102e8776220d5aec0976a7b2283f6065686dafe7e51fb
72bdf094b78a52afdd9cf4398bb242df3cbf6b7e8d59cf88f0c05e0beefe89c0	0000000000000000000000000000000000000000000000000000000000000000	ba4e25b946a879db07bca35656369b0b2979018a9ad29eea7a1777fd5fd39c85
72bdf094b78a52afdd9cf4398bb242df3cbf6b7e8d59cf88f0c05e0beefe89c0	0000000000000000000000000000000000000000000000000000000000000000	40b40b9c7f95437f05fab8bbb92a269c56994ea170dfacdd3b3952c1ec8bc580
72bdf094b78a52afdd9cf4398bb242df3cbf6b7e8d59cf88f0c05e0beefe89c0	0000000000000000000000000000000000000000000000000000000000000000	b63351de682f433979d63242bbfa3b025d702b2537cd6d9c9e957ca15d1deac8
72bdf094b78a52afdd9cf4398bb242df3cbf6b7e8d59cf88f0c05e0beefe89c0	0000000000000000000000000000000000000000000000000000000000000000	7558116f93c6298ec934167195825c927f3ce843e06d8dd8a7343861e7dce9d9
72bdf094b78a52afdd9cf4398bb242df3cbf6b7e8d59cf88f0c05e0beefe89c0	0000000000000000000000000000000000000000000000000000000000000000	dff894f905106cd06ad1dbe2c1c46aa79b53e9406b796e7c4016a7d6353db602
72bdf094b78a52afdd9cf4398bb242df3cbf6b7e8d59cf88f0c05e0beefe89c0	0000000000000000000000000000000000000000000000000000000000000000	994c52cd54933a2d4a1f216cc9332d2c3c642bcb967c6948aacdd903536b6325
72bdf094b78a52afdd9cf4398bb242df3cbf6b7e8d59cf88f0c05e0beefe89c0	0000000000000000000000000000000000000000000000000000000000000000	4b3198f4ba8705ac3c84d34411a488c5972a8e5a16d4726f0f077650d2871bdf
72bdf094b78a52afdd9cf4398bb242df3cbf6b7e8d59cf88f0c05e0beefe89c0	0000000000000000000000000000000000000000000000000000000000000000	174bae57a2d7a1629ba040e754ef59a8b0eda026eb917c3cc139a86c88646978
72bdf094b78a52afdd9cf4398bb242df3cbf6b7e8d59cf88f0c05e0beefe89c0	0000000000000000000000000000000000000000000000000000000000000000	0ea05b5d5f3613201470d6192914c594827bfe1afe65cb722b4a2393e4f8fbdd
72bdf094b78a52afdd9cf4398bb242df3cbf6b7e8d59cf88f0c05e0beefe89c0	0000000000000000000000000000000000000000000000000000000000000000	9351b1da87f6b5eb7537fafa579b08ff8779d847c3eb282cf6b608d3c44bef55
72bdf094b78a52afdd9cf4398bb242df3cbf6b7e8d59cf88f0c05e0beefe89c0	0000000000000000000000000000000000000000000000000000000000000000	ee3056755f73938fe24874c6e48e7179fc7c9cf584e86c49da8cdb2436d3caf8
72bdf094b78a52afdd9cf4398bb242df3cbf6b7e8d59cf88f0c05e0beefe89c0	0000000000000000000000000000000000000000000000000000000000000000	483f81fc39a2d891702b937b846a53cd1c958dc6bd180c02059bdecd2cb3c5b9
72bdf094b78a52afdd9cf4398bb242df3cbf6b7e8d59cf88f0c05e0beefe89c0	0000000000000000000000000000000000000000000000000000000000000000	9bdb8c2fb94e8eb23b0b82372348b7f665c83cc61618aef659c20cafc3756577
72bdf094b78a52afdd9cf4398bb242df3cbf6b7e8d59cf88f0c05e0beefe89c0	0000000000000000000000000000000000000000000000000000000000000000	14866b25bfec8d9088ea50e559c7cca8ad737550b972896b141596c723d09595
72bdf094b78a52afdd9cf4398bb242df3cbf6b7e8d59cf88f0c05e0beefe89c0	0000000000000000000000000000000000000000000000000000000000000001	0000000000000000000000000000000000000000000000000000000000000001
72bdf094b78a52afdd9cf4398bb242df3cbf6b7e8d59cf88f0c05e0beefe89c0	0000000000000000000000000000000000000000000000000000000000000001	fffffffffffffffffffffffffffffffffffffffffffffffffffffffefffffc2e
72bdf094b78a52afdd9cf4398bb242df3cbf6b7e8d59cf88f0c05e0beefe89c0	fffffffffffffffffffffffffffffffffffffffffffffffffffffffefffffc2e	0000000000000000000000000000000000000000000000000000000000000001
72bdf094b78a52afdd9cf4398bb242df3cbf6b7e8d59cf88f0c05e0beefe89c0	fffffffffffffffffffffffffffffffffffffffffffffffffffffffefffffc2e	fffffffffffffffffffffffffffffffffffffffffffffffffffffffefffffc2e
72bdf094b78a52afdd9cf4398bb242df3cbf6b7e8d59cf88f0c05e0beefe89c0	00000000000000000000000000000000000000000000000000000001000003d1	00000000000000000000000000000000000000000000000000000001000003d2
72bdf094b78a52afdd9cf4398bb242df3cbf6b7e8d59cf88f0c05e0beefe89c0	00000000000000000000000000000000ffffffffffffffffffffffffffffffff	0000000000000000000000000000000100000000000000000000000000000001
72bdf094b78a52afdd9cf4398bb242df3cbf6b7e8d59cf88f0c05e0beefe89c0	7fffffffffffffffffffffffffffffffffffffffffffffffffffffffffffffed	00000000000000000000000000000000000000000000000000000001000003d1
72bdf094b78a52afdd9cf4398bb242df3cbf6b7e8d59cf88f0c05e0beefe89c0	00000000000000000000000000000000000000000000000000000001000003d2	8000000000000000000000000000000000000000000000000000000000000013
72bdf094b78a52afdd9cf4398bb242df3cbf6b7e8d59cf88f0c05e0beefe89c0	96de292ad08c05f33374ff077e037057cb1976be5fd11814eb427a298826a7de	f5a02b551d42e1af8af605ff1660926f160366df7b9584c2f4e83c5251d4ac4a
72bdf094b78a52afdd9cf4398bb242df3cbf6b7e8d59cf88f0c05e0beefe89c0	4d6ec7bab20514a58c089d6067f55985b8392d48b5531403790e390b58cb6397	a3b527dc3ded3db1ebb2d76d1e0f1d3ba27e4a809a3654648bbde08dbf1f454c
72bdf094b78a52afdd9cf4398bb242df3cbf6b7e8d59cf88f0c05e0beefe89c0	e45d6b3a7bab850fd4636fc1bec55df32d3abc216d2837543c5ba15d153069f1	ddbec74a741dcc3fccbef14fb226877249dae56655d5d9a1b1a073c6e04abe33
72bdf094b78a52afdd9cf4398bb242df3cbf6b7e8d59cf88f0c05e0beefe89c0	bd9c04cdfd5b0caa1588bd3d277d72ace38f467b02aba014e5a8e90eeb3fbe1a	1bb54365673065de32ecf60d870ba0653ed1c3e18b6bedc01dd5d4dd04bbe4ca
72bdf094b78a52afdd9cf4398bb242df3cbf6b7e8d59cf88f0c05e0beefe89c0	2beaf41bc983d4f633f48d269bfa408bfc599b1e1b73e28d09e3ee7ea71ac7a6	357cec24e0b81663bc645f7cf6352799e9e2022fd4915646b6785bedbcbe7334
72bdf094b78a52afdd9cf4398bb242df3cbf6b7e8d59cf88f0c05e0beefe89c0	b5c07245c079654f786d357f629f0790f7723aad5562066fe2e4f01b9e1cddc8	a6584ec2aadddec9d4bd5db607d1f8bf5222837160d787d1353fcbbeaf9136fa
72bdf094b78a52afdd9cf4398bb242df3cbf6b7e8d59cf88f0c05e0beefe89c0	5f7336cee5cf61f96cd20b5175605b709909aa714d33cc087d3466f57f617fff	bb61dcac06769ca45dd1f5557c5e315a0a5ef6c91f8f8fd8f6dec8c4855d4312
72bdf094b78a52afdd9cf4398bb242df3cbf6b7e8d59cf88f0c05e0beefe89c0	2acc6dfff840182c12a710e41723c9d58be39cd1c35ca4bc90b833ab186ab981	1163f31315c921af267f5c165fa15639ff6a27f22da4f0d54a22c5756f4f01bb
72bdf094b78a52afdd9cf4398bb242df3cbf6b7e8d59cf88f0c05e0beefe89c0	d4748cd56a1ba4db81904bd851953aa1e6ad2f30f789700f6a026e53fce2523e	03ad3d62b8d59506de2bbb6a0fb9b9e9c3e3840ceff473be4e7bae93d10a7aa7
72bdf094b78a52afdd9cf4398bb242df3cbf6b7e8d59cf88f0c05e0beefe89c0	512ff00c68eaac642ac7ac7d377bf11621b1b12948db0eb2afed1bbb9abeb1c5	f2c52d8a84bfdbfdf0253c59082bf79ddf5cdadd40f16c27b3ec33a6545b905e
72bdf094b78a52afdd9cf4398bb242df3cbf6b7e8d59cf88f0c05e0beefe89c0	02af8362bd0440652f8b0774287cb3d0d4d1d9f9cd0b4a348a63b5beae8d0bb4	c1b0638d4b66c508d947c069e7ca0d241c5ee6d149a290b3b1dab1f62f842b37
72bdf094b78a52afdd9cf4398bb242df3cbf6b7e8d59cf88f0c05e0beefe89c0	d25b514f3ecd73eb99a9fb4df1427c72d13744c2c280a35a7e0de96e4ba264e6	e85a4bb427c8f87dd7840a7994234b7a8b3c783b7ac9584436fcbe4ff485a11c
72bdf094b78a52afdd9cf4398bb242df3cbf6b7e8d59cf88f0c05e0beefe89c0	a914abac0c875449aa59bd68cc1f68bf74661024895373a19b8e770c89e48bf4	8ce849c8db38c84b2a44d6572a0772cf460a4c0c9b9edd81ed74b160f3498f67
72bdf094b78a52afdd9cf4398bb242df3cbf6b7e8d59cf88f0c05e0beefe89c0	b42468bb21919254b35ba9b2d6196dacb763658d59b32092c19011fa56e5bab7	dca2587b05442efd5f959abd92d8ebcc00123da5227abd899d23727047ec47e1
72bdf094b78a52afdd9cf4398bb242df3cbf6b7e8d59cf88f0c05e0beefe89c0	cdf9fb6f3e724045d145b38f4ba6029866d6eecb293b7446f663bd21619289d1	ef5d51b43d937b85b459606fdf44b9172e45f1855afde8da489c0878c98b6637
72bdf094b78a52afdd9cf4398bb242df3cbf6b7e8d59cf88f0c05e0beefe89c0	fd574845f718a4699ab18dd690c0cb7d5a70e1d9e7cc79899d77dc2f820b0887	ef3df975bf32e79693f84a45aab6ce9a4ce8f6f255b2bc855334b23bd02f69c3
72bdf094b78a52afdd9cf4398bb242df3cbf6b7e8d59cf88f0c05e0beefe89c0	3d01065fa8d2f127ec215cb633b545cc2e4ac01ef8e534f433e264d8466cec92	5900b78154d61769c01f152b1d733b6c6d342e64b9f80882cad772c19dced026
72bdf094b78a52afdd9cf4398bb242df3cbf6b7e8d59cf88f0c05e0beefe89c0	921c715d3cff5e9294c47bb3701a2b5298ce18ac820b35f9041f0ef64a515b5c	52f4f74a17a5423f6b79fe78aa1f75a581a552605bc4e1c8d715fa578181c210
72bdf094b78a52afdd9cf4398bb242df3cbf6b7e8d59cf88f0c05e0beefe89c0	0683e5161c3e6b59b9e88f8164b15ede68d7fb5f73224130d408e6b944bb1c54	471e1faf3b5fb3cb68d996af8dd80565751b48ca94da9cf079b6d83e5bdb6c97
72bdf094b78a52afdd9cf4398bb242df3cbf6b7e8d59cf88f0c05e0beefe89c0	713ecac72d72778c195d5d9c494545f5310f11cc91d2682f32637262247f7d22	21efca2d51daf34d53309b5169d1da162e64194961ac01924604d8ab6c946ffb
72bdf094b78a52afdd9cf4398bb242df3cbf6b7e8d59cf88f0c05e0beefe89c0	9b97ed60917ef827867593286ae20f87081430029c151e22f91f48dd824942af	4d8cacbf43ee8a53bc0fa467890739c1768af3cfe20fe49355cf238fc7472113
72bdf094b78a52afdd9cf4398bb242df3cbf6b7e8d59cf88f0c05e0beefe89c0	18e2c312b8a96ec1562fa25d3622bbb6722736e47326da420bd49b5b74db66c4	f3c1683b267f956469878122341d36c533f5c407b0583165d6c049cc4af22519
72bdf094b78a52afdd9cf4398bb242df3cbf6b7e8d59cf88f0c05e0beefe89c0	98d143525569f7bdaa02c909b6c26e24aaf33ab175e1b0e95ee0219e105c65c2	609315be080284ee9e9d6cc6b37e0b2fd157775c2ef7fc241e687fbdb359d21f
72bdf094b78a52afdd9cf4398bb242df3cbf6b7e8d59cf88f0c05e0beefe89c0	defb17327fcc7a1eb8639e91a8c20792ef1e516ceabc01a0e650593dc60d80fd	39fab05c3e9287d0cf82d07c743e3ada7f5173e2675a574a546e590a07477a29
326468f399c5ed9166b1f7fe087ea531509de1643fd772f4a45b26bb0602e8ad	0000000000000000000000000000000000000000000000000000000000000000	0000000000000000000000000000000000000000000000000000000000000001
326468f399c5ed9166b1f7fe087ea531509de1643fd772f4a45b26bb0602e8ad	0000000000000000000000000000000000000000000000000000000000000000	0000000000000000000000000000000000000000000000000000000000000002
326468f399c5ed9166b1f7fe087ea531509de1643fd772f4a45b26bb0602e8ad	0000000000000000000000000000000000000000000000000000000000000000	0000000000000000000000000000000000000000000000000000000000000003
326468f399c5ed9166b1f7fe087ea531509de1643fd772f4a45b26bb0602e8ad	0000000000000000000000000000000000000000000000000000000000000000	00000000000000000000000000000000000000000000000000000001000003d0
326468f399c5ed9166b1f7fe087ea531509de1643fd772f4a45b26bb0602e8ad	0000000000000000000000000000000000000000000000000000000000000000	00000000000000000000000000000000000000000000000000000001000003d1
326468f399c5ed9166b1f7fe087ea531509de1643fd772f4a45b26bb0602e8ad	0000000000000000000000000000000000000000000000000000000000000000	00000000000000000000000000000000000000000000000000000001000003d2
326468f399c5ed9166b1f7fe087ea531509de1643fd772f4a45b26bb0602e8ad	0000000000000000000000000000000000000000000000000000000000000000	0000000000000000000000000000000100000000000000000000000000000001
326468f399c5ed9166b1f7fe087ea531509de1643fd772f4a45b26bb0602e8ad	0000000000000000000000000000000000000000000000000000000000000000	fffffffffffffffffffffffffffffffffffffffffffffffffffffffefffffc2e
326468f399c5ed9166b1f7fe087ea531509de1643fd772f4a45b26bb0602e8ad	0000000000000000000000000000000000000000000000000000000000000000	9f69ee183927f2de409371d48b0733735c9568941bfe791cb02499365401facb
326468f399c5ed9166b1f7fe087ea531509de1643fd772f4a45b26bb0602e8ad	0000000000000000000000000000000000000000000000000000000000000000	d3c5244fc0c8c00553ff409212b6a57b0a3b623ee0bc7b23d9147250759aa415
326468f399c5ed9166b1f7fe087ea531509de1643fd772f4a45b26bb0602e8ad	0000000000000000000000000000000000000000000000000000000000000000	5dcdef1aadba6e6f9fa7a194cf6a71df9168d97d2e9ca4dc296908565f00b4d9
326468f399c5ed9166b1f7fe087ea531509de1643fd772f4a45b26bb0602e8ad	0000000000000000000000000000000000000000000000000000000000000000	d534d578d3e1eb2b1690b9a2d4b2d2d84100437c040d8b79df6fffed9032d272
326468f399c5ed9166b1f7fe087ea531509de1643fd772f4a45b26bb0602e8ad	0000000000000000000000000000000000000000000000000000000000000000	f66fbe57319563b64a8f58cd428595b307c07a72b2164595c11d283eab60b45c
326468f399c5ed9166b1f7fe087ea531509de1643fd772f4a45b26bb0602e8ad	0000000000000000000000000000000000000000000000000000000000000000	400e17f31c864b185ee05029b4ca04a020c29967468e73e015981536dedd5700
326468f399c5ed9166b1f7fe087ea531509de1643fd772f4a45b26bb0602e8ad	0000000000000000000000000000000000000000000000000000000000000000	d435856f9ab6ccc30eb8a023031b74008865b8b6a0ce79565dfb4936b4b73fb5
326468f399c5ed9166b1f7fe087ea531509de1643fd772f4a45b26bb0602e8ad	0000000000000000000000000000000000000000000000000000000000000000	19347eb1e110c6697b2151d083099e040675b4cfa6923f26ad57d963c97e1512
326468f399c5ed9166b1f7fe087ea531509de1643fd772f4a45b26bb0602e8ad	0000000000000000000000000000000000000000000000000000000000000000	b4779d0db00a11f69106d731567d0ad360668f49b2481481d932e714a143e45f
326468f399c5ed9166b1f7fe087ea531509de1643fd772f4a45b26bb0602e8ad	0000000000000000000000000000000000000000000000000000000000000000	99d83593a28df721d8a102e8776220d5aec0976a7b2283f6065686dafe7e51fb
326468f399c5ed9166b1f7fe087ea531509de1643fd772f4a45b26bb0602e8ad	0000000000000000000000000000000000000000000000000000000000000000	ba4e25b946a879db07bca35656369b0b2979018a9ad29eea7a1777fd5fd39c85
326468f399c5ed9166b1f7fe087ea531509de1643fd772f4a45b26bb0602e8ad	0000000000000000000000000000000000000000000000000000000000000000	40b40b9c7f95437f05fab8bbb92a269c56994ea170dfacdd3b3952c1ec8bc580
326468f399c5ed9166b1f7fe087ea531509de1643fd772f4a45b26bb0602e8ad	0000000000000000000000000000000000000000000000000000000000000000	b63351de682f433979d63242bbfa3b025d702b2537cd6d9c9e957ca15d1deac8
326468f399c5ed9166b1f7fe087ea531509de1643fd772f4a45b26bb0602e8ad	0000000000000000000000000000000000000000000000000000000000000000	7558116f93c6298ec934167195825c927f3ce843e06d8dd8a7343861e7dce9d9
326468f399c5ed9166b1f7fe087ea531509de1643fd772f4a45b26bb0602e8ad	0000000000000000000000000000000000000000000000000000000000000000	dff894f905106cd06ad1dbe2c1c46aa79b53e9406b796e7c4016a7d6353db602
326468f399c5ed9166b1f7fe087ea531509de1643fd772f4a45b26bb0602e8ad	0000000000000000000000000000000000000000000000000000000000000000	994c52cd54933a2d4a1f216cc9332d2c3c642bcb967c6948aacdd903536b6325
326468f399c5ed9166b1f7fe087ea531509de1643fd772f4a45b26bb0602e8ad	0000000000000000000000000000000000000000000000000000000000000000	4b3198f4ba8705ac3c84d34411a488c5972a8e5a16d4726f0f077650d2871bdf
326468f399c5ed9166b1f7fe087ea531509de1643fd772f4a45b26bb0602e8ad	0000000000000000000000000000000000000000000000000000000000000000	174bae57a2d7a1629ba040e754ef59a8b0eda026eb917c3cc139a86c88646978
326468f399c5ed9166b1f7fe087ea531509de1643fd772f4a45b26bb0602e8ad	0000000000000000000000000000000000000000000000000000000000000000	0ea05b5d5f3613201470d6192914c594827bfe1afe65cb722b4a2393e4f8fbdd
326468f399c5ed9166b1f7fe087ea531509de1643fd772f4a45b26bb0602e8ad	0000000000000000000000000000000000000000000000000000000000000000	9351b1da87f6b5eb7537fafa579b08ff8779d847c3eb282cf6b608d3c44bef55
326468f399c5ed9166b1f7fe087ea531509de1643fd772f4a45b26bb0602e8ad	0000000000000000000000000000000000000000000000000000000000000000	ee3056755f73938fe24874c6e48e7179fc7c9cf584e86c49da8cdb2436d3caf8
326468f399c5ed9166b1f7fe087ea531509de1643fd772f4a45b26bb0602e8ad	0000000000000000000000000000000000000000000000000000000000000000	483f81fc39a2d891702b937b846a53cd1c958dc6bd180c02059bdecd2cb3c5b9
326468f399c5ed9166b1f7fe087ea531509de1643fd772f4a45b26bb0602e8ad	0000000000000000000000000000000000000000000000000000000000000000	9bdb8c2fb94e8eb23b0b82372348b7f665c83cc61618aef659c20cafc3756577
326468f399c5ed9166b1f7fe087ea531509de1643fd772f4a45b26bb0602e8ad	0000000000000000000000000000000000000000000000000000000000000000	14866b25bfec8d9088ea50e559c7cca8ad737550b972896b141596c723d09595
326468f399c5ed9166b1f7fe087ea531509de1643fd772f4a45b26bb0602e8ad	0000000000000000000000000000000000000000000000000000000000000001	0000000000000000000000000000000000000000000000000000000000000001
326468f399c5ed9166b1f7fe087ea531509de1643fd772f4a45b26bb0602e8ad	0000000000000000000000000000000000000000000000000000000000000001	fffffffffffffffffffffffffffffffffffffffffffffffffffffffefffffc2e
326468f399c5ed9166b1f7fe087ea531509de1643fd772f4a45b26bb0602e8ad	fffffffffffffffffffffffffffffffffffffffffffffffffffffffefffffc2e	0000000000000000000000000000000000000000000000000000000000000001
326468f399c5ed9166b1f7fe087ea531509de1643fd772f4a45b26bb0602e8ad	fffffffffffffffffffffffffffffffffffffffffffffffffffffffefffffc2e	fffffffffffffffffffffffffffffffffffffffffffffffffffffffefffffc2e
326468f399c5ed9166b1f7fe087ea531509de1643fd772f4a45b26bb0602e8ad	00000000000000000000000000000000000000000000000000000001000003d1	00000000000000000000000000000000000000000000000000000001000003d2
326468f399c5ed9166b1f7fe087ea531509de1643fd772f4a45b26bb0602e8ad	00000000000000000000000000000000ffffffffffffffffffffffffffffffff	0000000000000000000000000000000100000000000000000000000000000001
326468f399c5ed9166b1f7fe087ea531509de1643fd772f4a45b26bb0602e8ad	7fffffffffffffffffffffffffffffffffffffffffffffffffffffffffffffed	00000000000000000000000000000000000000000000000000000001000003d1
326468f399c5ed9166b1f7fe087ea531509de1643fd772f4a45b26bb0602e8ad	00000000000000000000000000000000000000000000000000000001000003d2	8000000000000000000000000000000000000000000000000000000000000013
326468f399c5ed9166b1f7fe087ea531509de1643fd772f4a45b26bb0602e8ad	96de292ad08c05f33374ff077e037057cb1976be5fd11814eb427a298826a7de	f5a02b551d42e1af8af605ff1660926f160366df7b9584c2f4e83c5251d4ac4a
326468f399c5ed9166b1f7fe087ea531509de1643fd772f4a45b26bb0602e8ad	4d6ec7bab20514a58c089d6067f55985b8392d48b5531403790e390b58cb6397	a3b527dc3ded3db1ebb2d76d1e0f1d3ba27e4a809a3654648bbde08dbf1f454c
326468f399c5ed9166b1f7fe087ea531509de1643fd772f4a45b26bb0602e8ad	e45d6b3a7bab850fd4636fc1bec55df32d3abc216d2837543c5ba15d153069f1	ddbec74a741dcc3fccbef14fb226877249dae56655d5d9a1b1a073c6e04abe33
326468f399c5ed9166b1f7fe087ea531509de1643fd772f4a45b26bb0602e8ad	bd9c04cdfd5b0caa1588bd3d277d72ace38f467b02aba014e5a8e90eeb3fbe1a	1bb54365673065de32ecf60d870ba0653ed1c3e18b6bedc01dd5d4dd04bbe4ca
326468f399c5ed9166b1f7fe087ea531509de1643fd772f4a45b26bb0602e8ad	2beaf41bc983d4f633f48d269bfa408bfc599b1e1b73e28d09e3ee7ea71ac7a6	357cec24e0b81663bc645f7cf6352799e9e2022fd4915646b6785bedbcbe7334
326468f399c5ed9166b1f7fe087ea531509de1643fd772f4a45b26bb0602e8ad	b5c07245c079654f786d357f629f0790f7723aad5562066fe2e4f01b9e1cddc8	a6584ec2aadddec9d4bd5db607d1f8bf5222837160d787d1353fcbbeaf9136fa
326468f399c5ed9166b1f7fe087ea531509de1643fd772f4a45b26bb0602e8ad	5f7336cee5cf61f96cd20b5175605b709909aa714d33cc087d3466f57f617fff	bb61dcac06769ca45dd1f5557c5e315a0a5ef6c91f8f8fd8f6dec8c4855d4312
326468f399c5ed9166b1f7fe087ea531509de1643fd772f4a45b26bb0602e8ad	2acc6dfff840182c12a710e41723c9d58be39cd1c35ca4bc90b833ab186ab981	1163f31315c921af267f5c165fa15639ff6a27f22da4f0d54a22c5756f4f01bb
326468f399c5ed9166b1f7fe087ea531509de1643fd772f4a45b26bb0602e8ad	d4748cd56a1ba4db81904bd851953aa1e6ad2f30f789700f6a026e53fce2523e	03ad3d62b8d59506de2bbb6a0fb9b9e9c3e3840ceff473be4e7bae93d10a7aa7
326468f399c5ed9166b1f7fe087ea531509de1643fd772f4a45b26bb0602e8ad	512ff00c68eaac642ac7ac7d377bf11621b1b12948db0eb2afed1bbb9abeb1c5	f2c52d8a84bfdbfdf0253c59082bf79ddf5cdadd40f16c27b3ec33a6545b905e
326468f399c5ed9166b1f7fe087ea531509de1643fd772f4a45b26bb0602e8ad	02af8362bd0440652f8b0774287cb3d0d4d1d9f9cd0b4a348a63b5beae8d0bb4	c1b0638d4b66c508d947c069e7ca0d241c5ee6d149a290b3b1dab1f62f842b37
326468f399c5ed9166b1f7fe087ea531509de1643fd772f4a45b26bb0602e8ad	d25b514f3ecd73eb99a9fb4df1427c72d13744c2c280a35a7e0de96e4ba264e6	e85a4bb427c8f87dd7840a7994234b7a8b3c783b7ac9584436fcbe4ff485a11c
326468f399c5ed9166b1f7fe087ea531509de1643fd772f4a45b26bb0602e8ad	a914abac0c875449aa59bd68cc1f68bf74661024895373a19b8e770c89e48bf4	8ce849c8db38c84b2a44d6572a0772cf460a4c0c9b9edd81ed74b160f3498f67
326468f399c5ed9166b1f7fe087ea531509de1643fd772f4a45b26bb0602e8ad	b42468bb21919254b35ba9b2d6196dacb763658d59b32092c19011fa56e5bab7	dca2587b05442efd5f959abd92d8ebcc00123da5227abd899d23727047ec47e1
326468f399c5ed9166b1f7fe087ea531509de1643fd772f4a45b26bb0602e8ad	cdf9fb6f3e724045d145b38f4ba6029866d6eecb293b7446f663bd21619289d1	ef5d51b43d937b85b459606fdf44b9172e45f1855afde8da489c0878c98b6637
326468f399c5ed9166b1f7fe087ea531509de1643fd772f4a45b26bb0602e8ad	fd574845f718a4699ab18dd690c0cb7d5a70e1d9e7cc79899d77dc2f820b0887	ef3df975bf32e79693f84a45aab6ce9a4ce8f6f255b2bc855334b23bd02f69c3
326468f399c5ed9166b1f7fe087ea531509de1643fd772f4a45b26bb0602e8ad	3d01065fa8d2f127ec215cb633b545cc2e4ac01ef8e534f433e264d8466cec92	5900b78154d61769c01f152b1d733b6c6d342e64b9f80882cad772c19dced026
326468f399c5ed9166b1f7fe087ea531509de1643fd772f4a45b26bb0602e8ad	921c715d3cff5e9294c47bb3701a2b5298ce18ac820b35f9041f0ef64a515b5c	52f4f74a17a5423f6b79fe78aa1f75a581a552605bc4e1c8d715fa578181c210
326468f399c5ed9166b1f7fe087ea531509de1643fd772f4a45b26bb0602e8ad	0683e5161c3e6b59b9e88f8164b15ede68d7fb5f73224130d408e6b944bb1c54	471e1faf3b5fb3cb68d996af8dd80565751b48ca94da9cf079b6d83e5bdb6c97
326468f399c5ed9166b1f7fe087ea531509de1643fd772f4a45b26bb0602e8ad	713ecac72d72778c195d5d9c494545f5310f11cc91d2682f32637262247f7d22	21efca2d51daf34d53309b5169d1da162e64194961ac01924604d8ab6c946ffb
326468f399c5ed9166b1f7fe087ea531509de1643fd772f4a45b26bb0602e8ad	9b97ed60917ef827867593286ae20f87081430029c151e22f91f48dd824942af	4d8cacbf43ee8a53bc0fa467890739c1768af3cfe20fe49355cf238fc7472113
326468f399c5ed9166b1f7fe087ea531509de1643fd772f4a45b26bb0602e8ad	18e2c312b8a96ec1562fa25d3622bbb6722736e47326da420bd49b5b74db66c4	f3c1683b267f956469878122341d36c533f5c407b0583165d6c049cc4af22519
326468f399c5ed9166b1f7fe087ea531509de1643fd772f4a45b26bb0602e8ad	98d143525569f7bdaa02c909b6c26e24aaf33ab175e1b0e95ee0219e105c65c2	609315be080284ee9e9d6cc6b37e0b2fd157775c2ef7fc241e687fbdb359d21f
326468f399c5ed9166b1f7fe087ea531509de1643fd772f4a45b26bb0602e8ad	defb17327fcc7a1eb8639e91a8c20792ef1e516ceabc01a0e650593dc60d80fd	39fab05c3e9287d0cf82d07c743e3ada7f5173e2675a574a546e590a07477a29
af96e9ee905a6880658826740a5bd4fb4dd22e8e9901985729f16fce57480254	0000000000000000000000000000000000000000000000000000000000000000	0000000000000000000000000000000000000000000000000000000000000001
af96e9ee905a6880658826740a5bd4fb4dd22e8e9901985729f16fce57480254	0000000000000000000000000000000000000000000000000000000000000000	0000000000000000000000000000000000000000000000000000000000000002
af96e9ee905a6880658826740a5bd4fb4dd22e8e9901985729f16fce57480254	0000000000000000000000000000000000000000000000000000000000000000	0000000000000000000000000000000000000000000000000000000000000003
af96e9ee905a6880658826740a5bd4fb4dd22e8e9901985729f16fce57480254	0000000000000000000000000000000000000000000000000000000000000000	00000000000000000000000000000000000000000000000000000001000003d0
af96e9ee905a6880658826740a5bd4fb4dd22e8e9901985729f16fce57480254	0000000000000000000000000000000000000000000000000000000000000000	00000000000000000000000000000000000000000000000000000001000003d1
af96e9ee905a6880658826740a5bd4fb4dd22e8e9901985729f16fce57480254	0000000000000000000000000000000000000000000000000000000000000000	00000000000000000000000000000000000000000000000000000001000003d2
af96e9ee905a6880658826740a5bd4fb4dd22e8e9901985729f16fce57480254	0000000000000000000000000000000000000000000000000000000000000000	0000000000000000000000000000000100000000000000000000000000000001
af96e9ee905a6880658826740a5bd4fb4dd22e8e9901985729f16fce57480254	0000000000000000000000000000000000000000000000000000000000000000	fffffffffffffffffffffffffffffffffffffffffffffffffffffffefffffc2e
af96e9ee905a6880658826740a5bd4fb4dd22e8e9901985729f16fce57480254	0000000000000000000000000000000000000000000000000000000000000000	9f69ee183927f2de409371d48b0733735c9568941bfe791cb02499365401facb
af96e9ee905a6880658826740a5bd4fb4dd22e8e9901985729f16fce57480254	0000000000000000000000000000000000000000000000000000000000000000	d3c5244fc0c8c00553ff409212b6a57b0a3b623ee0bc7b23d9147250759aa415
af96e9ee905a6880658826740a5bd4fb4dd22e8e9901985729f16fce57480254	0000000000000000000000000000000000000000000000000000000000000000	5dcdef1aadba6e6f9fa7a194cf6a71df9168d97d2e9ca4dc296908565f00b4d9
af96e9ee905a6880658826740a5bd4fb4dd22e8e9901985729f16fce57480254	0000000000000000000000000000000000000000000000000000000000000000	d534d578d3e1eb2b1690b9a2d4b2d2d84100437c040d8b79df6fffed9032d272
af96e9ee905a6880658826740a5bd4fb4dd22e8e9901985729f16fce57480254	0000000000000000000000000000000000000000000000000000000000000000	f66fbe57319563b64a8f58cd428595b307c07a72b2164595c11d283eab60b45c
af96e9ee905a6880658826740a5bd4fb4dd22e8e9901985729f16fce57480254	0000000000000000000000000000000000000000000000000000000000000000	400e17f31c864b185ee05029b4ca04a020c29967468e73e015981536dedd5700
af96e9ee905a6880658826740a5bd4fb4dd22e8e9901985729f16fce57480254	0000000000000000000000000000000000000000000000000000000000000000	d435856f9ab6ccc30eb8a023031b74008865b8b6a0ce79565dfb4936b4b73fb5
af96e9ee905a6880658826740a5bd4fb4dd22e8e9901985729f16fce57480254	0000000000000000000000000000000000000000000000000000000000000000	19347eb1e110c6697b2151d083099e040675b4cfa6923f26ad57d963c97e1512
af96e9ee905a6880658826740a5bd4fb4dd22e8e9901985729f16fce57480254	0000000000000000000000000000000000000000000000000000000000000000	b4779d0db00a11f69106d731567d0ad360668f49b2481481d932e714a143e45f
af96e9ee905a6880658826740a5bd4fb4dd22e8e9901985729f16fce57480254	0000000000000000000000000000000000000000000000000000000000000000	99d83593a28df721d8a102e8776220d5aec0976a7b2283f6065686dafe7e51fb
af96e9ee905a6880658826740a5bd4fb4dd22e8e9901985729f16fce57480254	0000000000000000000000000000000000000000000000000000000000000000	ba4e25b946a879db07bca35656369b0b2979018a9ad29eea7a1777fd5fd39c85
af96e9ee905a6880658826740a5bd4fb4dd22e8e9901985729f16fce57480254	0000000000000000000000000000000000000000000000000000000000000000	40b40b9c7f95437f05fab8bbb92a269c56994ea170dfacdd3b3952c1ec8bc580
af96e9ee905a6880658826740a5bd4fb4dd22e8e9901985729f16fce57480254	0000000000000000000000000000000000000000000000000000000000000000	b63351de682f433979d63242bbfa3b025d702b2537cd6d9c9e957ca15d1deac8
af96e9ee905a6880658826740a5bd4fb4dd22e8e9901985729f16fce57480254	0000000000000000000000000000000000000000000000000000000000000000	7558116f93c6298ec934167195825c927f3ce843e06d8dd8a7343861e7dce9d9
af96e9ee905a6880658826740a5bd4fb4dd22e8e9901985729f16fce57480254	0000000000000000000000000000000000000000000000000000000000000000	dff894f905106cd06ad1dbe2c1c46aa79b53e9406b796e7c4016a7d6353db602
af96e9ee905a6880658826740a5bd4fb4dd22e8e9901985729f16fce57480254	0000000000000000000000000000000000000000000000000000000000000000	994c52cd54933a2d4a1f216cc9332d2c3c642bcb967c6948aacdd903536b6325
af96e9ee905a6880658826740a5bd4fb4dd22e8e9901985729f16fce57480254	0000000000000000000000000000000000000000000000000000000000000000	4b3198f4ba8705ac3c84d34411a488c5972a8e5a16d4726f0f077650d2871bdf
af96e9ee905a6880658826740a5bd4fb4dd22e8e9901985729f16fce57480254	0000000000000000000000000000000000000000000000000000000000000000	174bae57a2d7a1629ba040e754ef59a8b0eda026eb917c3cc139a86c88646978
af96e9ee905a6880658826740a5bd4fb4dd22e8e9901985729f16fce57480254	0000000000000000000000000000000000000000000000000000000000000000	0ea05b5d5f3613201470d6192914c594827bfe1afe65cb722b4a2393e4f8fbdd
af96e9ee905a6880658826740a5bd4fb4dd22e8e9901985729f16fce57480254	0000000000000000000000000000000000000000000000000000000000000000	9351b1da87f6b5eb7537fafa579b08ff8779d847c3eb282cf6b608d3c44bef55
af96e9ee905a6880658826740a5bd4fb4dd22e8e9901985729f16fce57480254	0000000000000000000000000000000000000000000000000000000000000000	ee3056755f73938fe24874c6e48e7179fc7c9cf584e86c49da8cdb2436d3caf8
af96e9ee905a6880658826740a5bd4fb4dd22e8e9901985729f16fce57480254	0000000000000000000000000000000000000000000000000000000000000000	483f81fc39a2d891702b937b846a53cd1c958dc6bd180c02059bdecd2cb3c5b9
af96e9ee905a6880658826740a5bd4fb4dd22e8e9901985729f16fce57480254	0000000000000000000000000000000000000000000000000000000000000000	9bdb8c2fb94e8eb23b0b82372348b7f665c83cc61618aef659c20cafc3756577
af96e9ee905a6880658826740a5bd4fb4dd22e8e9901985729f16fce57480254	0000000000000000000000000000000000000000000000000000000000000000	14866b25bfec8d9088ea50e559c7cca8ad737550b972896b141596c723d09595
af96e9ee905a6880658826740a5bd4fb4dd22e8e9901985729f16fce57480254	0000000000000000000000000000000000000000000000000000000000000001	0000000000000000000000000000000000000000000000000000000000000001
af96e9ee905a6880658826740a5bd4fb4dd22e8e9901985729f16fce57480254	0000000000000000000000000000000000000000000000000000000000000001	fffffffffffffffffffffffffffffffffffffffffffffffffffffffefffffc2e
af96e9ee905a6880658826740a5bd4fb4dd22e8e9901985729f16fce57480254	fffffffffffffffffffffffffffffffffffffffffffffffffffffffefffffc2e	0000000000000000000000000000000000000000000000000000000000000001
af96e9ee905a6880658826740a5bd4fb4dd22e8e9901985729f16fce57480254	fffffffffffffffffffffffffffffffffffffffffffffffffffffffefffffc2e	fffffffffffffffffffffffffffffffffffffffffffffffffffffffefffffc2e
af96e9ee905a6880658826740a5bd4fb4dd22e8e9901985729f16fce57480254	00000000000000000000000000000000000000000000000000000001000003d1	00000000000000000000000000000000000000000000000000000001000003d2
af96e9ee905a6880658826740a5bd4fb4dd22e8e9901985729f16fce57480254	00000000000000000000000000000000ffffffffffffffffffffffffffffffff	0000000000000000000000000000000100000000000000000000000000000001
af96e9ee905a6880658826740a5bd4fb4dd22e8e9901985729f16fce57480254	7fffffffffffffffffffffffffffffffffffffffffffffffffffffffffffffed	00000000000000000000000000000000000000000000000000000001000003d1
af96e9ee905a6880658826740a5bd4fb4dd22e8e9901985729f16fce57480254	00000000000000000000000000000000000000000000000000000001000003d2	8000000000000000000000000000000000000000000000000000000000000013
af96e9ee905a6880658826740a5bd4fb4dd22e8e9901985729f16fce57480254	96de292ad08c05f33374ff077e037057cb1976be5fd11814eb427a298826a7de	f5a02b551d42e1af8af605ff1660926f160366df7b9584c2f4e83c5251d4ac4a
af96e9ee905a6880658826740a5bd4fb4dd22e8e9901985729f16fce57480254	4d6ec7bab20514a58c089d6067f55985b8392d48b5531403790e390b58cb6397	a3b527dc3ded3db1ebb2d76d1e0f1d3ba27e4a809a3654648bbde08dbf1f454c
af96e9ee905a6880658826740a5bd4fb4dd22e8e9901985729f16fce57480254	e45d6b3a7bab850fd4636fc1bec55df32d3abc216d2837543c5ba15d153069f1	ddbec74a741dcc3fccbef14fb226877249dae56655d5d9a1b1a073c6e04abe33
af96e9ee905a6880658826740a5bd4fb4dd22e8e9901985729f16fce57480254	bd9c04cdfd5b0caa1588bd3d277d72ace38f467b02aba014e5a8e90eeb3fbe1a	1bb54365673065de32ecf60d870ba0653ed1c3e18b6bedc01dd5d4dd04bbe4ca
af96e9ee905a6880658826740a5bd4fb4dd22e8e9901985729f16fce57480254	2beaf41bc983d4f633f48d269bfa408bfc599b1e1b73e28d09e3ee7ea71ac7a6	357cec24e0b81663bc645f7cf6352799e9e2022fd4915646b6785bedbcbe7334
af96e9ee905a6880658826740a5bd4fb4dd22e8e9901985729f16fce57480254	b5c07245c079654f786d357f629f0790f7723aad5562066fe2e4f01b9e1cddc8	a6584ec2aadddec9d4bd5db607d1f8bf5222837160d787d1353fcbbeaf9136fa
af96e9ee905a6880658826740a5bd4fb4dd22e8e9901985729f16fce57480254	5f7336cee5cf61f96cd20b5175605b709909aa714d33cc087d3466f57f617fff	bb61dcac06769ca45dd1f5557c5e315a0a5ef6c91f8f8fd8f6dec8c4855d4312
af96e9ee905a6880658826740a5bd4fb4dd22e8e9901985729f16fce57480254	2acc6dfff840182c12a710e41723c9d58be39cd1c35ca4bc90b833ab186ab981	1163f31315c921af267f5c165fa15639ff6a27f22da4f0d54a22c5756f4f01bb
af96e9ee905a6880658826740a5bd4fb4dd22e8e9901985729f16fce57480254	d4748cd56a1ba4db81904bd851953aa1e6ad2f30f789700f6a026e53fce2523e	03ad3d62b8d59506de2bbb6a0fb9b9e9c3e3840ceff473be4e7bae93d10a7aa7
af96e9ee905a6880658826740a5bd4fb4dd22e8e9901985729f16fce57480254	512ff00c68eaac642ac7ac7d377bf11621b1b12948db0eb2afed1bbb9abeb1c5	f2c52d8a84bfdbfdf0253c59082bf79ddf5cdadd40f16c27b3ec33a6545b905e
af96e9ee905a6880658826740a5bd4fb4dd22e8e9901985729f16fce57480254	02af8362bd0440652f8b0774287cb3d0d4d1d9f9cd0b4a348a63b5beae8d0bb4	c1b0638d4b66c508d947c069e7ca0d241c5ee6d149a290b3b1dab1f62f842b37
af96e9ee905a6880658826740a5bd4fb4dd22e8e9901985729f16fce57480254	d25b514f3ecd73eb99a9fb4df1427c72d13744c2c280a35a7e0de96e4ba264e6	e85a4bb427c8f87dd7840a7994234b7a8b3c783b7ac9584436fcbe4ff485a11c
af96e9ee905a6880658826740a5bd4fb4dd22e8e9901985729f16fce57480254	a914abac0c875449aa59bd68cc1f68bf74661024895373a19b8e770c89e48bf4	8ce849c8db38c84b2a44d6572a0772cf460a4c0c9b9edd81ed74b160f3498f67
af96e9ee905a6880658826740a5bd4fb4dd22e8e9901985729f16fce57480254	b42468bb21919254b35ba9b2d6196dacb763658d59b32092c19011fa56e5bab7	dca2587b05442efd5f959abd92d8ebcc00123da5227abd899d23727047ec47e1
af96e9ee905a6880658826740a5bd4fb4dd22e8e9901985729f16fce57480254	cdf9fb6f3e724045d145b38f4ba6029866d6eecb293b7446f663bd21619289d1	ef5d51b43d937b85b459606fdf44b9172e45f1855afde8da489c0878c98b6637
af96e9ee905a6880658826740a5bd4fb4dd22e8e9901985729f16fce57480254	fd574845f718a4699ab18dd690c0cb7d5a70e1d9e7cc79899d77dc2f820b0887	ef3df975bf32e79693f84a45aab6ce9a4ce8f6f255b2bc855334b23bd02f69c3
af96e9ee905a6880658826740a5bd4fb4dd22e8e9901985729f16fce57480254	3d01065fa8d2f127ec215cb633b545cc2e4ac01ef8e534f433e264d8466cec92	5900b78154d61769c01f152b1d733b6c6d342e64b9f80882cad772c19dced026
af96e9ee905a6880658826740a5bd4fb4dd22e8e9901985729f16fce57480254	921c715d3cff5e9294c47bb3701a2b5298ce18ac820b35f9041f0ef64a515b5c	52f4f74a17a5423f6b79fe78aa1f75a581a552605bc4e1c8d715fa578181c210
af96e9ee905a6880658826740a5bd4fb4dd22e8e9901985729f16fce57480254	0683e5161c3e6b59b9e88f8164b15ede68d7fb5f73224130d408e6b944bb1c54	471e1faf3b5fb3cb68d996af8dd80565751b48ca94da9cf079b6d83e5bdb6c97
af96e9ee905a6880658826740a5bd4fb4dd22e8e9901985729f16fce57480254	713ecac72d72778c195d5d9c494545f5310f11cc91d2682f32637262247f7d22	21efca2d51daf34d53309b5169d1da162e64194961ac01924604d8ab6c946ffb
af96e9ee905a6880658826740a5bd4fb4dd22e8e9901985729f16fce57480254	9b97ed60917ef827867593286ae20f87081430029c151e22f91f48dd824942af	4d8cacbf43ee8a53bc0fa467890739c1768af3cfe20fe49355cf238fc7472113
af96e9ee905a6880658826740a5bd4fb4dd22e8e9901985729f16fce57480254	18e2c312b8a96ec1562fa25d3622bbb6722736e47326da420bd49b5b74db66c4	f3c1683b267f956469878122341d36c533f5c407b0583165d6c049cc4af22519
af96e9ee905a6880658826740a5bd4fb4dd22e8e9901985729f16fce57480254	98d143525569f7bdaa02c909b6c26e24aaf33ab175e1b0e95ee0219e105c65c2	609315be080284ee9e9d6cc6b37e0b2fd157775c2ef7fc241e687fbdb359d21f
af96e9ee905a6880658826740a5bd4fb4dd22e8e9901985729f16fce57480254	defb17327fcc7a1eb8639e91a8c20792ef1e516ceabc01a0e650593dc60d80fd	39fab05c3e9287d0cf82d07c743e3ada7f5173e2675a574a546e590a07477a29
53c5b59ee75c7762fb07fa9185944291aace297e6291e499cf0073c0d347947e	0000000000000000000000000000000000000000000000000000000000000000	0000000000000000000000000000000000000000000000000000000000000001
53c5b59ee75c7762fb07fa9185944291aace297e6291e499cf0073c0d347947e	0000000000000000000000000000000000000000000000000000000000000000	0000000000000000000000000000000000000000000000000000000000000002
53c5b59ee75c7762fb07fa9185944291aace297e6291e499cf0073c0d347947e	0000000000000000000000000000000000000000000000000000000000000000	0000000000000000000000000000000000000000000000000000000000000003
53c5b59ee75c7762fb07fa9185944291aace297e6291e499cf0073c0d347947e	0000000000000000000000000000000000000000000000000000000000000000	00000000000000000000000000000000000000000000000000000001000003d0
53c5b59ee75c7762fb07fa9185944291aace297e6291e499cf0073c0d347947e	0000000000000000000000000000000000000000000000000000000000000000	00000000000000000000000000000000000000000000000000000001000003d1
53c5b59ee75c7762fb07fa9185944291aace297e6291e499cf0073c0d347947e	0000000000000000000000000000000000000000000000000000000000000000	00000000000000000000000000000000000000000000000000000001000003d2
53c5b59ee75c7762fb07fa9185944291aace297e6291e499cf0073c0d347947e	0000000000000000000000000000000000000000000000000000000000000000	0000000000000000000000000000000100000000000000000000000000000001
53c5b59ee75c7762fb07fa9185944291aace297e6291e499cf0073c0d347947e	0000000000000000000000000000000000000000000000000000000000000000	fffffffffffffffffffffffffffffffffffffffffffffffffffffffefffffc2e
53c5b59ee75c7762fb07fa9185944291aace297e6291e499cf0073c0d347947e	0000000000000000000000000000000000000000000000000000000000000000	9f69ee183927f2de409371d48b0733735c9568941bfe791cb02499365401facb
53c5b59ee75c7762fb07fa9185944291aace297e6291e499cf0073c0d347947e	0000000000000000000000000000000000000000000000000000000000000000	d3c5244fc0c8c00553ff409212b6a57b0a3b623ee0bc7b23d9147250759aa415
53c5b59ee75c7762fb07fa9185944291aace297e6291e499cf0073c0d347947e	0000000000000000000000000000000000000000000000000000000000000000	5dcdef1aadba6e6f9fa7a194cf6a71df9168d97d2e9ca4dc296908565f00b4d9
53c5b59ee75c7762fb07fa9185944291aace297e6291e499cf0073c0d347947e	0000000000000000000000000000000000000000000000000000000000000000	d534d578d3e1eb2b1690b9a2d4b2d2d84100437c040d8b79df6fffed9032d272
53c5b59ee75c7762fb07fa9185944291aace297e6291e499cf0073c0d347947e	0000000000000000000000000000000000000000000000000000000000000000	f66fbe57319563b64a8f58cd428595b307c07a72b2164595c11d283eab60b45c
53c5b59ee75c7762fb07fa9185944291aace297e6291e499cf0073c0d347947e	0000000000000000000000000000000000000000000000000000000000000000	400e17f31c864b185ee05029b4ca04a020c29967468e73e015981536dedd5700
53c5b59ee75c7762fb07fa9185944291aace297e6291e499cf0073c0d347947e	0000000000000000000000000000000000000000000000000000000000000000	d435856f9ab6ccc30eb8a023031b74008865b8b6a0ce79565dfb4936b4b73fb5
53c5b59ee75c7762fb07fa9185944291aace297e6291e499cf0073c0d347947e	0000000000000000000000000000000000000000000000000000000000000000	19347eb1e110c6697b2151d083099e040675b4cfa6923f26ad57d963c97e1512
53c5b59ee75c7762fb07fa9185944291aace297e6291e499cf0073c0d347947e	0000000000000000000000000000000000000000000000000000000000000000	b4779d0db00a11f69106d731567d0ad360668f49b2481481d932e714a143e45f
53c5b59ee75c7762fb07fa9185944291aace297e6291e499cf0073c0d347947e	0000000000000000000000000000000000000000000000000000000000000000	99d83593a28df721d8a102e8776220d5aec0976a7b2283f6065686dafe7e51fb
53c5b59ee75c7762fb07fa9185944291aace297e6291e499cf0073c0d347947e	0000000000000000000000000000000000000000000000000000000000000000	ba4e25b946a879db07bca35656369b0b2979018a9ad29eea7a1777fd5fd39c85
53c5b59ee75c7762fb07fa9185944291aace297e6291e499cf0073c0d347947e	0000000000000000000000000000000000000000000000000000000000000000	40b40b9c7f95437f05fab8bbb92a269c56994ea170dfacdd3b3952c1ec8bc580
53c5b59ee75c7762fb07fa9185944291aace297e6291e499cf0073c0d347947e	0000000000000000000000000000000000000000000000000000000000000000	b63351de682f433979d63242bbfa3b025d702b2537cd6d9c9e957ca15d1deac8
53c5b59ee75c7762fb07fa9185944291aace297e6291e499cf0073c0d347947e	0000000000000000000000000000000000000000000000000000000000000000	7558116f93c6298ec934167195825c927f3ce843e06d8dd8a7343861e7dce9d9
53c5b59ee75c7762fb07fa9185944291aace297e6291e499cf0073c0d347947e	0000000000000000000000000000000000000000000000000000000000000000	dff894f905106cd06ad1dbe2c1c46aa79b53e9406b796e7c4016a7d6353db602
53c5b59ee75c7762fb07fa9185944291aace297e6291e499cf0073c0d347947e	0000000000000000000000000000000000000000000000000000000000000000	994c52cd54933a2d4a1f216cc9332d2c3c642bcb967c6948aacdd903536b6325
53c5b59ee75c7762fb07fa9185944291aace297e6291e499cf0073c0d347947e	0000000000000000000000000000000000000000000000000000000000000000	4b3198f4ba8705ac3c84d34411a488c5972a8e5a16d4726f0f077650d2871bdf
53c5b59ee75c7762fb07fa9185944291aace297e6291e499cf0073c0d347947e	0000000000000000000000000000000000000000000000000000000000000000	174bae57a2d7a1629ba040e754ef59a8b0eda026eb917c3cc139a86c88646978
53c5b59ee75c7762fb07fa9185944291aace297e6291e499cf0073c0d347947e	0000000000000000000000000000000000000000000000000000000000000000	0ea05b5d5f3613201470d6192914c594827bfe1afe65cb722b4a2393e4f8fbdd
53c5b59ee75c7762fb07fa9185944291aace297e6291e499cf0073c0d347947e	0000000000000000000000000000000000000000000000000000000000000000	9351b1da87f6b5eb7537fafa579b08ff8779d847c3eb282cf6b608d3c44bef55
53c5b59ee75c7762fb07fa9185944291aace297e6291e499cf0073c0d347947e	0000000000000000000000000000000000000000000000000000000000000000	ee3056755f73938fe24874c6e48e7179fc7c9cf584e86c49da8cdb2436d3caf8
53c5b59ee75c7762fb07fa9185944291aace297e6291e499cf0073c0d347947e	0000000000000000000000000000000000000000000000000000000000000000	483f81fc39a2d891702b937b846a53cd1c958dc6bd180c02059bdecd2cb3c5b9
53c5b59ee75c7762fb07fa9185944291aace297e6291e499cf0073c0d347947e	0000000000000000000000000000000000000000000000000000000000000000	9bdb8c2fb94e8eb23b0b82372348b7f665c83cc61618aef659c20cafc3756577
53c5b59ee75c7762fb07fa9185944291aace297e6291e499cf0073c0d347947e	0000000000000000000000000000000000000000000000000000000000000000	14866b25bfec8d9088ea50e559c7cca8ad737550b972896b141596c723d09595
53c5b59ee75c7762fb07fa9185944291aace297e6291e499cf0073c0d347947e	0000000000000000000000000000000000000000000000000000000000000001	0000000000000000000000000000000000000000000000000000000000000001
53c5b59ee75c7762fb07fa9185944291aace297e6291e499cf0073c0d347947e	0000000000000000000000000000000000000000000000000000000000000001	fffffffffffffffffffffffffffffffffffffffffffffffffffffffefffffc2e
53c5b59ee75c7762fb07fa9185944291aace297e6291e499cf0073c0d347947e	fffffffffffffffffffffffffffffffffffffffffffffffffffffffefffffc2e	0000000000000000000000000000000000000000000000000000000000000001
53c5b59ee75c7762fb07fa9185944291aace297e6291e499cf0073c0d347947e	fffffffffffffffffffffffffffffffffffffffffffffffffffffffefffffc2e	fffffffffffffffffffffffffffffffffffffffffffffffffffffffefffffc2e
53c5b59ee75c7762fb07fa9185944291aace297e6291e499cf0073c0d347947e	00000000000000000000000000000000000000000000000000000001000003d1	00000000000000000000000000000000000000000000000000000001000003d2
53c5b59ee75c7762fb07fa9185944291aace297e6291e499cf0073c0d347947e	00000000000000000000000000000000ffffffffffffffffffffffffffffffff	0000000000000000000000000000000100000000000000000000000000000001
53c5b59ee75c7762fb07fa9185944291aace297e6291e499cf0073c0d347947e	7fffffffffffffffffffffffffffffffffffffffffffffffffffffffffffffed	00000000000000000000000000000000000000000000000000000001000003d1
53c5b59ee75c7762fb07fa9185944291aace297e6291e499cf0073c0d347947e	00000000000000000000000000000000000000000000000000000001000003d2	8000000000000000000000000000000000000000000000000000000000000013
53c5b59ee75c7762fb07fa9185944291aace297e6291e499cf0073c0d347947e	96de292ad08c05f33374ff077e037057cb1976be5fd11814eb427a298826a7de	f5a02b551d42e1af8af605ff1660926f160366df7b9584c2f4e83c5251d4ac4a
53c5b59ee75c7762fb07fa9185944291aace297e6291e499cf0073c0d347947e	4d6ec7bab20514a58c089d6067f55985b8392d48b5531403790e390b58cb6397	a3b527dc3ded3db1ebb2d76d1e0f1d3ba27e4a809a3654648bbde08dbf1f454c
53c5b59ee75c7762fb07fa9185944291aace297e6291e499cf0073c0d347947e	e45d6b3a7bab850fd4636fc1bec55df32d3abc216d2837543c5ba15d153069f1	ddbec74a741dcc3fccbef14fb226877249dae56655d5d9a1b1a073c6e04abe33
53c5b59ee75c7762fb07fa9185944291aace297e6291e499cf0073c0d347947e	bd9c04cdfd5b0caa1588bd3d277d72ace38f467b02aba014e5a8e90eeb3fbe1a	1bb54365673065de32ecf60d870ba0653ed1c3e18b6bedc01dd5d4dd04bbe4ca
53c5b59ee75c7762fb07fa9185944291aace297e6291e499cf0073c0d347947e	2beaf41bc983d4f633f48d269bfa408bfc599b1e1b73e28d09e3ee7ea71ac7a6	357cec24e0b81663bc645f7cf6352799e9e2022fd4915646b6785bedbcbe7334
53c5b59ee75c7762fb07fa9185944291aace297e6291e499cf0073c0d347947e	b5c07245c079654f786d357f629f0790f7723aad5562066fe2e4f01b9e1cddc8	a6584ec2aadddec9d4bd5db607d1f8bf5222837160d787d1353fcbbeaf9136fa
53c5b59ee75c7762fb07fa9185944291aace297e6291e499cf0073c0d347947e	5f7336cee5cf61f96cd20b5175605b709909aa714d33cc087d3466f57f617fff	bb61dcac06769ca45dd1f5557c5e315a0a5ef6c91f8f8fd8f6dec8c4855d4312
53c5b59ee75c7762fb07fa9185944291aace297e6291e499cf0073c0d347947e	2acc6dfff840182c12a710e41723c9d58be39cd1c35ca4bc90b833ab186ab981	1163f31315c921af267f5c165fa15639ff6a27f22da4f0d54a22c5756f4f01bb
53c5b59ee75c7762fb07fa9185944291aace297e6291e499cf0073c0d347947e	d4748cd56a1ba4db81904bd851953aa1e6ad2f30f789700f6a026e53fce2523e	03ad3d62b8d59506de2bbb6a0fb9b9e9c3e3840ceff473be4e7bae93d10a7aa7
53c5b59ee75c7762fb07fa9185944291aace297e6291e499cf0073c0d347947e	512ff00c68eaac642ac7ac7d377bf11621b1b12948db0eb2afed1bbb9abeb1c5	f2c52d8a84bfdbfdf0253c59082bf79ddf5cdadd40f16c27b3ec33a6545b905e
53c5b59ee75c7762fb07fa9185944291aace297e6291e499cf0073c0d347947e	02af8362bd0440652f8b0774287cb3d0d4d1d9f9cd0b4a348a63b5beae8d0bb4	c1b0638d4b66c508d947c069e7ca0d241c5ee6d149a290b3b1dab1f62f842b37
53c5b59ee75c7762fb07fa9185944291aace297e6291e499cf0073c0d347947e	d25b514f3ecd73eb99a9fb4df1427c72d13744c2c280a35a7e0de96e4ba264e6	e85a4bb427c8f87dd7840a7994234b7a8b3c783b7ac9584436fcbe4ff485a11c
53c5b59ee75c7762fb07fa9185944291aace297e6291e499cf0073c0d347947e	a914abac0c875449aa59bd68cc1f68bf74661024895373a19b8e770c89e48bf4	8ce849c8db38c84b2a44d6572a0772cf460a4c0c9b9edd81ed74b160f3498f67
53c5b59ee75c7762fb07fa9185944291aace297e6291e499cf0073c0d347947e	b42468bb21919254b35ba9b2d6196dacb763658d59b32092c19011fa56e5bab7	dca2587b05442efd5f959abd92d8ebcc00123da5227abd899d23727047ec47e1
53c5b59ee75c7762fb07fa9185944291aace297e6291e499cf0073c0d347947e	cdf9fb6f3e724045d145b38f4ba6029866d6eecb293b7446f663bd21619289d1	ef5d51b43d937b85b459606fdf44b9172e45f1855afde8da489c0878c98b6637
53c5b59ee75c7762fb07fa9185944291aace297e6291e499cf0073c0d347947e	fd574845f718a4699ab18dd690c0cb7d5a70e1d9e7cc79899d77dc2f820b0887	ef3df975bf32e79693f84a45aab6ce9a4ce8f6f255b2bc855334b23bd02f69c3
53c5b59ee75c7762fb07fa9185944291aace297e6291e499cf0073c0d347947e	3d01065fa8d2f127ec215cb633b545cc2e4ac01ef8e534f433e264d8466cec92	5900b78154d61769c01f152b1d733b6c6d342e64b9f80882cad772c19dced026
53c5b59ee75c7762fb07fa9185944291aace297e6291e499cf0073c0d347947e	921c715d3cff5e9294c47bb3701a2b5298ce18ac820b35f9041f0ef64a515b5c	52f4f74a17a5423f6b79fe78aa1f75a581a552605bc4e1c8d715fa578181c210
53c5b59ee75c7762fb07fa9185944291aace297e6291e499cf0073c0d347947e	0683e5161c3e6b59b9e88f8164b15ede68d7fb5f73224130d408e6b944bb1c54	471e1faf3b5fb3cb68d996af8dd80565751b48ca94da9cf079b6d83e5bdb6c97
53c5b59ee75c7762fb07fa9185944291aace297e6291e499cf0073c0d347947e	713ecac72d72778c195d5d9c494545f5310f11cc91d2682f32637262247f7d22	21efca2d51daf34d53309b5169d1da162e64194961ac01924604d8ab6c946ffb
53c5b59ee75c7762fb07fa9185944291aace297e6291e499cf0073c0d347947e	9b97ed60917ef827867593286ae20f87081430029c151e22f91f48dd824942af	4d8cacbf43ee8a53bc0fa467890739c1768af3cfe20fe49355cf238fc7472113
53c5b59ee75c7762fb07fa9185944291aace297e6291e499cf0073c0d347947e	18e2c312b8a96ec1562fa25d3622bbb6722736e47326da420bd49b5b74db66c4	f3c1683b267f956469878122341d36c533f5c407b0583165d6c049cc4af22519
53c5b59ee75c7762fb07fa9185944291aace297e6291e499cf0073c0d347947e	98d143525569f7bdaa02c909b6c26e24aaf33ab175e1b0e95ee0219e105c65c2	609315be080284ee9e9d6cc6b37e0b2fd157775c2ef7fc241e687fbdb359d21f
53c5b59ee75c7762fb07fa9185944291aace297e6291e499cf0073c0d347947e	defb17327fcc7a1eb8639e91a8c20792ef1e516ceabc01a0e650593dc60d80fd	39fab05c3e9287d0cf82d07c743e3ada7f5173e2675a574a546e590a07477a29
3d33b98330639013ce006e904786f277d3321fd2fa299bb63570acae8ba8bb92	0000000000000000000000000000000000000000000000000000000000000000	0000000000000000000000000000000000000000000000000000000000000001
3d33b98330639013ce006e904786f277d3321fd2fa299bb63570acae8ba8bb92	0000000000000000000000000000000000000000000000000000000000000000	0000000000000000000000000000000000000000000000000000000000000002
3d33b98330639013ce006e904786f277d3321fd2fa299bb63570acae8ba8bb92	0000000000000000000000000000000000000000000000000000000000000000	0000000000000000000000000000000000000000000000000000000000000003
3d33b98330639013ce006e904786f277d3321fd2fa299bb63570acae8ba8bb92	0000000000000000000000000000000000000000000000000000000000000000	00000000000000000000000000000000000000000000000000000001000003d0
3d33b98330639013ce006e904786f277d3321fd2fa299bb63570acae8ba8bb92	0000000000000000000000000000000000000000000000000000000000000000	00000000000000000000000000000000000000000000000000000001000003d1
3d33b98330639013ce006e904786f277d3321fd2fa299bb63570acae8ba8bb92	0000000000000000000000000000000000000000000000000000000000000000	00000000000000000000000000000000000000000000000000000001000003d2
3d33b98330639013ce006e904786f277d3321fd2fa299bb63570acae8ba8bb92	0000000000000000000000000000000000000000000000000000000000000000	0000000000000000000000000000000100000000000000000000000000000001
3d33b98330639013ce006e904786f277d3321fd2fa299bb63570acae8ba8bb92	0000000000000000000000000000000000000000000000000000000000000000	fffffffffffffffffffffffffffffffffffffffffffffffffffffffefffffc2e
3d33b98330639013ce006e904786f277d3321fd2fa299bb63570acae8ba8bb92	0000000000000000000000000000000000000000000000000000000000000000	9f69ee183927f2de409371d48b0733735c9568941bfe791cb02499365401facb
3d33b98330639013ce006e904786f277d3321fd2fa299bb63570acae8ba8bb92	0000000000000000000000000000000000000000000000000000000000000000	d3c5244fc0c8c00553ff409212b6a57b0a3b623ee0bc7b23d9147250759aa415
3d33b98330639013ce006e904786f277d3321fd2fa299bb63570acae8ba8bb92	0000000000000000000000000000000000000000000000000000000000000000	5dcdef1aadba6e6f9fa7a194cf6a71df9168d97d2e9ca4dc296908565f00b4d9
3d33b98330639013ce006e904786f277d3321fd2fa299bb63570acae8ba8bb92	0000000000000000000000000000000000000000000000000000000000000000	d534d578d3e1eb2b1690b9a2d4b2d2d84100437c040d8b79df6fffed9032d272
3d33b98330639013ce006e904786f277d3321fd2fa299bb63570acae8ba8bb92	0000000000000000000000000000000000000000000000000000000000000000	f66fbe57319563b64a8f58cd428595b307c07a72b2164595c11d283eab60b45c
3d33b98330639013ce006e904786f277d3321fd2fa299bb63570acae8ba8bb92	0000000000000000000000000000000000000000000000000000000000000000	400e17f31c864b185ee05029b4ca04a020c29967468e73e015981536dedd5700
3d33b98330639013ce006e904786f277d3321fd2fa299bb63570acae8ba8bb92	0000000000000000000000000000000000000000000000000000000000000000	d435856f9ab6ccc30eb8a023031b74008865b8b6a0ce79565dfb4936b4b73fb5
3d33b98330639013ce006e904786f277d3321fd2fa299bb63570acae8ba8bb92	0000000000000000000000000000000000000000000000000000000000000000	19347eb1e110c6697b2151d083099e040675b4cfa6923f26ad57d963c97e1512
3d33b98330639013ce006e904786f277d3321fd2fa299bb63570acae8ba8bb92	0000000000000000000000000000000000000000000000000000000000000000	b4779d0db00a11f69106d731567d0ad360668f49b2481481d932e714a143e45f
3d33b98330639013ce006e904786f277d3321fd2fa299bb63570acae8ba8bb92	0000000000000000000000000000000000000000000000000000000000000000	99d83593a28df721d8a102e8776220d5aec0976a7b2283f6065686dafe7e51fb
3d33b98330639013ce006e904786f277d3321fd2fa299bb63570acae8ba8bb92	0000000000000000000000000000000000000000000000000000000000000000	ba4e25b946a879db07bca35656369b0b2979018a9ad29eea7a1777fd5fd39c85
3d33b98330639013ce006e904786f277d3321fd2fa299bb63570acae8ba8bb92	0000000000000000000000000000000000000000000000000000000000000000	40b40b9c7f95437f05fab8bbb92a269c56994ea170dfacdd3b3952c1ec8bc580
3d33b98330639013ce006e904786f277d3321fd2fa299bb63570acae8ba8bb92	0000000000000000000000000000000000000000000000000000000000000000	b63351de682f433979d63242bbfa3b025d702b2537cd6d9c9e957ca15d1deac8
3d33b98330639013ce006e904786f277d3321fd2fa299bb63570acae8ba8bb92	0000000000000000000000000000000000000000000000000000000000000000	7558116f93c6298ec934167195825c927f3ce843e06d8dd8a7343861e7dce9d9
3d33b98330639013ce006e904786f277d3321fd2fa299bb63570acae8ba8bb92	0000000000000000000000000000000000000000000000000000000000000000	dff894f905106cd06ad1dbe2c1c46aa79b53e9406b796e7c4016a7d6353db602
3d33b98330639013ce006e904786f277d3321fd2fa299bb63570acae8ba8bb92	0000000000000000000000000000000000000000000000000000000000000000	994c52cd54933a2d4a1f216cc9332d2c3c642bcb967c6948aacdd903536b6325
3d33b98330639013ce006e904786f277d3321fd2fa299bb63570acae8ba8bb92	0000000000000000000000000000000000000000000000000000000000000000	4b3198f4ba8705ac3c84d34411a488c5972a8e5a16d4726f0f077650d2871bdf
3d33b98330639013ce006e904786f277d3321fd2fa299bb63570acae8ba8bb92	0000000000000000000000000000000000000000000000000000000000000000	174bae57a2d7a1629ba040e754ef59a8b0eda026eb917c3cc139a86c88646978
3d33b98330639013ce006e904786f277d3321fd2fa299bb63570acae8ba8bb92	0000000000000000000000000000000000000000000000000000000000000000	0ea05b5d5f3613201470d6192914c594827bfe1afe65cb722b4a2393e4f8fbdd
3d33b98330639013ce006e904786f277d3321fd2fa299bb63570acae8ba8bb92	0000000000000000000000000000000000000000000000000000000000000000	9351b1da87f6b5eb7537fafa579b08ff8779d847c3eb282cf6b608d3c44bef55
3d33b98330639013ce006e904786f277d3321fd2fa299bb63570acae8ba8bb92	0000000000000000000000000000000000000000000000000000000000000000	ee3056755f73938fe24874c6e48e7179fc7c9cf584e86c49da8cdb2436d3caf8
3d33b98330639013ce006e904786f277d3321fd2fa299bb63570acae8ba8bb92	0000000000000000000000000000000000000000000000000000000000000000	483f81fc39a2d891702b937b846a53cd1c958dc6bd180c02059bdecd2cb3c5b9
3d33b98330639013ce006e904786f277d3321fd2fa299bb63570acae8ba8bb92	0000000000000000000000000000000000000000000000000000000000000000	9bdb8c2fb94e8eb23b0b82372348b7f665c83cc61618aef659c20cafc3756577
3d33b98330639013ce006e904786f277d3321fd2fa299bb63570acae8ba8bb92	0000000000000000000000000000000000000000000000000000000000000000	14866b25bfec8d9088ea50e559c7cca8ad737550b972896b141596c723d09595
3d33b98330639013ce006e904786f277d3321fd2fa299bb63570acae8ba8bb92	0000000000000000000000000000000000000000000000000000000000000001	0000000000000000000000000000000000000000000000000000000000000001
3d33b98330639013ce006e904786f277d3321fd2fa299bb63570acae8ba8bb92	0000000000000000000000000000000000000000000000000000000000000001	fffffffffffffffffffffffffffffffffffffffffffffffffffffffefffffc2e
3d33b98330639013ce006e904786f277d3321fd2fa299bb63570acae8ba8bb92	fffffffffffffffffffffffffffffffffffffffffffffffffffffffefffffc2e	0000000000000000000000000000000000000000000000000000000000000001
3d33b98330639013ce006e904786f277d3321fd2fa299bb63570acae8ba8bb92	fffffffffffffffffffffffffffffffffffffffffffffffffffffffefffffc2e	fffffffffffffffffffffffffffffffffffffffffffffffffffffffefffffc2e
3d33b98330639013ce006e904786f277d3321fd2fa299bb63570acae8ba8bb92	00000000000000000000000000000000000000000000000000000001000003d1	00000000000000000000000000000000000000000000000000000001000003d2
3d33b98330639013ce006e904786f277d3321fd2fa299bb63570acae8ba8bb92	00000000000000000000000000000000ffffffffffffffffffffffffffffffff	0000000000000000000000000000000100000000000000000000000000000001
3d33b98330639013ce006e904786f277d3321fd2fa299bb63570acae8ba8bb92	7fffffffffffffffffffffffffffffffffffffffffffffffffffffffffffffed	00000000000000000000000000000000000000000000000000000001000003d1
3d33b98330639013ce006e904786f277d3321fd2fa299bb63570acae8ba8bb92	00000000000000000000000000000000000000000000000000000001000003d2	8000000000000000000000000000000000000000000000000000000000000013
3d33b98330639013ce006e904786f277d3321fd2fa299bb63570acae8ba8bb92	96de292ad08c05f33374ff077e037057cb1976be5fd11814eb427a298826a7de	f5a02b551d42e1af8af605ff1660926f160366df7b9584c2f4e83c5251d4ac4a
3d33b98330639013ce006e904786f277d3321fd2fa299bb63570acae8ba8bb92	4d6ec7bab20514a58c089d6067f55985b8392d48b5531403790e390b58cb6397	a3b527dc3ded3db1ebb2d76d1e0f1d3ba27e4a809a3654648bbde08dbf1f454c
3d33b98330639013ce006e904786f277d3321fd2fa299bb63570acae8ba8bb92	e45d6b3a7bab850fd4636fc1bec55df32d3abc216d2837543c5ba15d153069f1	ddbec74a741dcc3fccbef14fb226877249dae56655d5d9a1b1a073c6e04abe33
3d33b98330639013ce006e904786f277d3321fd2fa299bb63570acae8ba8bb92	bd9c04cdfd5b0caa1588bd3d277d72ace38f467b02aba014e5a8e90eeb3fbe1a	1bb54365673065de32ecf60d870ba0653ed1c3e18b6bedc01dd5d4dd04bbe4ca
3d33b98330639013ce006e904786f277d3321fd2fa299bb63570acae8ba8bb92	2beaf41bc983d4f633f48d269bfa408bfc599b1e1b73e28d09e3ee7ea71ac7a6	357cec24e0b81663bc645f7cf6352799e9e2022fd4915646b6785bedbcbe7334
3d33b98330639013ce006e904786f277d3321fd2fa299bb63570acae8ba8bb92	b5c07245c079654f786d357f629f0790f7723aad5562066fe2e4f01b9e1cddc8	a6584ec2aadddec9d4bd5db607d1f8bf5222837160d787d1353fcbbeaf9136fa
3d33b98330639013ce006e904786f277d3321fd2fa299bb63570acae8ba8bb92	5f7336cee5cf61f96cd20b5175605b709909aa714d33cc087d3466f57f617fff	bb61dcac06769ca45dd1f5557c5e315a0a5ef6c91f8f8fd8f6dec8c4855d4312
3d33b98330639013ce006e904786f277d3321fd2fa299bb63570acae8ba8bb92	2acc6dfff840182c12a710e41723c9d58be39cd1c35ca4bc90b833ab186ab981	1163f31315c921af267f5c165fa15639ff6a27f22da4f0d54a22c5756f4f01bb
3d33b98330639013ce006e904786f277d3321fd2fa299bb63570acae8ba8bb92	d4748cd56a1ba4db81904bd851953aa1e6ad2f30f789700f6a026e53fce2523e	03ad3d62b8d59506de2bbb6a0fb9b9e9c3e3840ceff473be4e7bae93d10a7aa7
3d33b98330639013ce006e904786f277d3321fd2fa299bb63570acae8ba8bb92	512ff00c68eaac642ac7ac7d377bf11621b1b12948db0eb2afed1bbb9abeb1c5	f2c52d8a84bfdbfdf0253c59082bf79ddf5cdadd40f16c27b3ec33a6545b905e
3d33b98330639013ce006e904786f277d3321fd2fa299bb63570acae8ba8bb92	02af8362bd0440652f8b0774287cb3d0d4d1d9f9cd0b4a348a63b5beae8d0bb4	c1b0638d4b66c508d947c069e7ca0d241c5ee6d149a290b3b1dab1f62f842b37
3d33b98330639013ce006e904786f277d3321fd2fa299bb63570acae8ba8bb92	d25b514f3ecd73eb99a9fb4df1427c72d13744c2c280a35a7e0de96e4ba264e6	e85a4bb427c8f87dd7840a7994234b7a8b3c783b7ac9584436fcbe4ff485a11c
3d33b98330639013ce006e904786f277d3321fd2fa299bb63570acae8ba8bb92	a914abac0c875449aa59bd68cc1f68bf74661024895373a19b8e770c89e48bf4	8ce849c8db38c84b2a44d6572a0772cf460a4c0c9b9edd81ed74b160f3498f67
3d33b98330639013ce006e904786f277d3321fd2fa299bb63570acae8ba8bb92	b42468bb21919254b35ba9b2d6196dacb763658d59b32092c19011fa56e5bab7	dca2587b05442efd5f959abd92d8ebcc00123da5227abd899d23727047ec47e1
3d33b98330639013ce006e904786f277d3321fd2fa299bb63570acae8ba8bb92	cdf9fb6f3e724045d145b38f4ba6029866d6eecb293b7446f663bd21619289d1	ef5d51b43d937b85b459606fdf44b9172e45f1855afde8da489c0878c98b6637
3d33b98330639013ce006e904786f277d3321fd2fa299bb63570acae8ba8bb92	fd574845f718a4699ab18dd690c0cb7d5a70e1d9e7cc79899d77dc2f820b0887	ef3df975bf32e79693f84a45aab6ce9a4ce8f6f255b2bc855334b23bd02f69c3
3d33b98330639013ce006e904786f277d3321fd2fa299bb63570acae8ba8bb92	3d01065fa8d2f127ec215cb633b545cc2e4ac01ef8e534f433e264d8466cec92	5900b78154d61769c01f152b1d733b6c6d342e64b9f80882cad772c19dced026
3d33b98330639013ce006e904786f277d3321fd2fa299bb63570acae8ba8bb92	921c715d3cff5e9294c47bb3701a2b5298ce18ac820b35f9041f0ef64a515b5c	52f4f74a17a5423f6b79fe78aa1f75a581a552605bc4e1c8d715fa578181c210
3d33b98330639013ce006e904786f277d3321fd2fa299bb63570acae8ba8bb92	0683e5161c3e6b59b9e88f8164b15ede68d7fb5f73224130d408e6b944bb1c54	471e1faf3b5fb3cb68d996af8dd80565751b48ca94da9cf079b6d83e5bdb6c97
3d33b98330639013ce006e904786f277d3321fd2fa299bb63570acae8ba8bb92	713ecac72d72778c195d5d9c494545f5310f11cc91d2682f32637262247f7d22	21efca2d51daf34d53309b5169d1da162e64194961ac01924604d8ab6c946ffb
3d33b98330639013ce006e904786f277d3321fd2fa299bb63570acae8ba8bb92	9b97ed60917ef827867593286ae20f87081430029c151e22f91f48dd824942af	4d8cacbf43ee8a53bc0fa467890739c1768af3cfe20fe49355cf238fc7472113
3d33b98330639013ce006e904786f277d3321fd2fa299bb63570acae8ba8bb92	18e2c312b8a96ec1562fa25d3622bbb6722736e47326da420bd49b5b74db66c4	f3c1683b267f956469878122341d36c533f5c407b0583165d6c049cc4af22519
3d33b98330639013ce006e904786f277d3321fd2fa299bb63570acae8ba8bb92	98d143525569f7bdaa02c909b6c26e24aaf33ab175e1b0e95ee0219e105c65c2	609315be080284ee9e9d6cc6b37e0b2fd157775c2ef7fc241e687fbdb359d21f
3d33b98330639013ce006e904786f277d3321fd2fa299bb63570acae8ba8bb92	defb17327fcc7a1eb8639e91a8c20792ef1e516ceabc01a0e650593dc60d80fd	39fab05c3e9287d0cf82d07c743e3ada7f5173e2675a574a546e590a07477a29
77c59ec1dbce51faa8adffc19717f4fb67e6b03e643dcf00242a5c2c62157210	0000000000000000000000000000000000000000000000000000000000000000	0000000000000000000000000000000000000000000000000000000000000001
77c59ec1dbce51faa8adffc19717f4fb67e6b03e643dcf00242a5c2c62157210	0000000000000000000000000000000000000000000000000000000000000000	0000000000000000000000000000000000000000000000000000000000000002
77c59ec1dbce51faa8adffc19717f4fb67e6b03e643dcf00242a5c2c62157210	0000000000000000000000000000000000000000000000000000000000000000	0000000000000000000000000000000000000000000000000000000000000003
77c59ec1dbce51faa8adffc19717f4fb67e6b03e643dcf00242a5c2c62157210	0000000000000000000000000000000000000000000000000000000000000000	00000000000000000000000000000000000000000000000000000001000003d0
77c59ec1dbce51faa8adffc19717f4fb67e6b03e643dcf00242a5c2c62157210	0000000000000000000000000000000000000000000000000000000000000000	00000000000000000000000000000000000000000000000000000001000003d1
77c59ec1dbce51faa8adffc19717f4fb67e6b03e643dcf00242a5c2c62157210	0000000000000000000000000000000000000000000000000000000000000000	00000000000000000000000000000000000000000000000000000001000003d2
77c59ec1dbce51faa8adffc19717f4fb67e6b03e643dcf00242a5c2c62157210	0000000000000000000000000000000000000000000000000000000000000000	0000000000000000000000000000000100000000000000000000000000000001
77c59ec1dbce51faa8adffc19717f4fb67e6b03e643dcf00242a5c2c62157210	0000000000000000000000000000000000000000000000000000000000000000	fffffffffffffffffffffffffffffffffffffffffffffffffffffffefffffc2e
77c59ec1dbce51faa8adffc19717f4fb67e6b03e643dcf00242a5c2c62157210	0000000000000000000000000000000000000000000000000000000000000000	9f69ee183927f2de409371d48b0733735c9568941bfe791cb02499365401facb
77c59ec1dbce51faa8adffc19717f4fb67e6b03e643dcf00242a5c2c62157210	0000000000000000000000000000000000000000000000000000000000000000	d3c5244fc0c8c00553ff409212b6a57b0a3b623ee0bc7b23d9147250759aa415
77c59ec1dbce51faa8adffc19717f4fb67e6b03e643dcf00242a5c2c62157210	0000000000000000000000000000000000000000000000000000000000000000	5dcdef1aadba6e6f9fa7a194cf6a71df9168d97d2e9ca4dc296908565f00b4d9
77c59ec1dbce51faa8adffc19717f4fb67e6b03e643dcf00242a5c2c62157210	0000000000000000000000000000000000000000000000000000000000000000	d534d578d3e1eb2b1690b9a2d4b2d2d84100437c040d8b79df6fffed9032d272
77c59ec1dbce51faa8adffc19717f4fb67e6b03e643dcf00242a5c2c62157210	0000000000000000000000000000000000000000000000000000000000000000	f66fbe57319563b64a8f58cd428595b307c07a72b2164595c11d283eab60b45c
77c59ec1dbce51faa8adffc19717f4fb67e6b03e643dcf00242a5c2c62157210	0000000000000000000000000000000000000000000000000000000000000000	400e17f31c864b185ee05029b4ca04a020c29967468e73e015981536dedd5700
77c59ec1dbce51faa8adffc19717f4fb67e6b03e643dcf00242a5c2c62157210	0000000000000000000000000000000000000000000000000000000000000000	d435856f9ab6ccc30eb8a023031b74008865b8b6a0ce79565dfb4936b4b73fb5
77c59ec1dbce51faa8adffc19717f4fb67e6b03e643dcf00242a5c2c62157210	0000000000000000000000000000000000000000000000000000000000000000	19347eb1e110c6697b2151d083099e040675b4cfa6923f26ad57d963c97e1512
77c59ec1dbce51faa8adffc19717f4fb67e6b03e643dcf00242a5c2c62157210	0000000000000000000000000000000000000000000000000000000000000000	b4779d0db00a11f69106d731567d0ad360668f49b2481481d932e714a143e45f
77c59ec1dbce51faa8adffc19717f4fb67e6b03e643dcf00242a5c2c62157210	0000000000000000000000000000000000000000000000000000000000000000	99d83593a28df721d8a102e8776220d5aec0976a7b2283f6065686dafe7e51fb
77c59ec1dbce51faa8adffc19717f4fb67e6b03e643dcf00242a5c2c62157210	0000000000000000000000000000000000000000000000000000000000000000	ba4e25b946a879db07bca35656369b0b2979018a9ad29eea7a1777fd5fd39c85
77c59ec1dbce51faa8adffc19717f4fb67e6b03e643dcf00242a5c2c62157210	0000000000000000000000000000000000000000000000000000000000000000	40b40b9c7f95437f05fab8bbb92a269c56994ea170dfacdd3b3952c1ec8bc580
77c59ec1dbce51faa8adffc19717f4fb67e6b03e643dcf00242a5c2c62157210	0000000000000000000000000000000000000000000000000000000000000000	b63351de682f433979d63242bbfa3b025d702b2537cd6d9c9e957ca15d1deac8
77c59ec1dbce51faa8adffc19717f4fb67e6b03e643dcf00242a5c2c62157210	0000000000000000000000000000000000000000000000000000000000000000	7558116f93c6298ec934167195825c927f3ce843e06d8dd8a7343861e7dce9d9
77c59ec1dbce51faa8adffc19717f4fb67e6b03e643dcf00242a5c2c62157210	0000000000000000000000000000000000000000000000000000000000000000	dff894f905106cd06ad1dbe2c1c46aa79b53e9406b796e7c4016a7d6353db602
77c59ec1dbce51faa8adffc19717f4fb67e6b03e643dcf00242a5c2c62157210	0000000000000000000000000000000000000000000000000000000000000000	994c52cd54933a2d4a1f216cc9332d2c3c642bcb967c6948aacdd903536b6325
77c59ec1dbce51faa8adffc19717f4fb67e6b03e643dcf00242a5c2c62157210	0000000000000000000000000000000000000000000000000000000000000000	4b3198f4ba8705ac3c84d34411a488c5972a8e5a16d4726f0f077650d2871bdf
77c59ec1dbce51faa8adffc19717f4fb67e6b03e643dcf00242a5c2c62157210	0000000000000000000000000000000000000000000000000000000000000000	174bae57a2d7a1629ba040e754ef59a8b0eda026eb917c3cc139a86c88646978
77c59ec1dbce51faa8adffc19717f4fb67e6b03e643dcf00242a5c2c62157210	0000000000000000000000000000000000000000000000000000000000000000	0ea05b5d5f3613201470d6192914c594827bfe1afe65cb722b4a2393e4f8fbdd
77c59ec1dbce51faa8adffc19717f4fb67e6b03e643dcf00242a5c2c62157210	0000000000000000000000000000000000000000000000000000000000000000	9351b1da87f6b5eb7537fafa579b08ff8779d847c3eb282cf6b608d3c44bef55
77c59ec1dbce51faa8adffc19717f4fb67e6b03e643dcf00242a5c2c62157210	0000000000000000000000000000000000000000000000000000000000000000	ee3056755f73938fe24874c6e48e7179fc7c9cf584e86c49da8cdb2436d3caf8
77c59ec1dbce51faa8adffc19717f4fb67e6b03e643dcf00242a5c2c62157210	0000000000000000000000000000000000000000000000000000000000000000	483f81fc39a2d891702b937b846a53cd1c958dc6bd180c02059bdecd2cb3c5b9
77c59ec1dbce51faa8adffc19717f4fb67e6b03e643dcf00242a5c2c62157210	0000000000000000000000000000000000000000000000000000000000000000	9bdb8c2fb94e8eb23b0b82372348b7f665c83cc61618aef659c20cafc3756577
77c59ec1dbce51faa8adffc19717f4fb67e6b03e643dcf00242a5c2c62157210	0000000000000000000000000000000000000000000000000000000000000000	14866b25bfec8d9088ea50e559c7cca8ad737550b972896b141596c723d09595
77c59ec1dbce51faa8adffc19717f4fb67e6b03e643dcf00242a5c2c62157210	0000000000000000000000000000000000000000000000000000000000000001	0000000000000000000000000000000000000000000000000000000000000001
77c59ec1dbce51faa8adffc19717f4fb67e6b03e643dcf00242a5c2c62157210	0000000000000000000000000000000000000000000000000000000000000001	fffffffffffffffffffffffffffffffffffffffffffffffffffffffefffffc2e
77c59ec1dbce51faa8adffc19717f4fb67e6b03e643dcf00242a5c2c62157210	fffffffffffffffffffffffffffffffffffffffffffffffffffffffefffffc2e	0000000000000000000000000000000000000000000000000000000000000001
77c59ec1dbce51faa8adffc19717f4fb67e6b03e643dcf00242a5c2c62157210	fffffffffffffffffffffffffffffffffffffffffffffffffffffffefffffc2e	fffffffffffffffffffffffffffffffffffffffffffffffffffffffefffffc2e
77c59ec1dbce51faa8adffc19717f4fb67e6b03e643dcf00242a5c2c62157210	00000000000000000000000000000000000000000000000000000001000003d1	00000000000000000000000000000000000000000000000000000001000003d2
77c59ec1dbce51faa8adffc19717f4fb67e6b03e643dcf00242a5c2c62157210	00000000000000000000000000000000ffffffffffffffffffffffffffffffff	0000000000000000000000000000000100000000000000000000000000000001
77c59ec1dbce51faa8adffc19717f4fb67e6b03e643dcf00242a5c2c62157210	7fffffffffffffffffffffffffffffffffffffffffffffffffffffffffffffed	00000000000000000000000000000000000000000000000000000001000003d1
77c59ec1dbce51faa8adffc19717f4fb67e6b03e643dcf00242a5c2c62157210	00000000000000000000000000000000000000000000000000000001000003d2	8000000000000000000000000000000000000000000000000000000000000013
77c59ec1dbce51faa8adffc19717f4fb67e6b03e643dcf00242a5c2c62157210	96de292ad08c05f33374ff077e037057cb1976be5fd11814eb427a298826a7de	f5a02b551d42e1af8af605ff1660926f160366df7b9584c2f4e83c5251d4ac4a
77c59ec1dbce51faa8adffc19717f4fb67e6b03e643dcf00242a5c2c62157210	4d6ec7bab20514a58c089d6067f55985b8392d48b5531403790e390b58cb6397	a3b527dc3ded3db1ebb2d76d1e0f1d3ba27e4a809a3654648bbde08dbf1f454c
77c59ec1dbce51faa8adffc19717f4fb67e6b03e643dcf00242a5c2c62157210	e45d6b3a7bab850fd4636fc1bec55df32d3abc216d2837543c5ba15d153069f1	ddbec74a741dcc3fccbef14fb226877249dae56655d5d9a1b1a073c6e04abe33
77c59ec1dbce51faa8adffc19717f4fb67e6b03e643dcf00242a5c2c62157210	bd9c04cdfd5b0caa1588bd3d277d72ace38f467b02aba014e5a8e90eeb3fbe1a	1bb54365673065de32ecf60d870ba0653ed1c3e18b6bedc01dd5d4dd04bbe4ca
77c59ec1dbce51faa8adffc19717f4fb67e6b03e643dcf00242a5c2c62157210	2beaf41bc983d4f633f48d269bfa408bfc599b1e1b73e28d09e3ee7ea71ac7a6	357cec24e0b81663bc645f7cf6352799e9e2022fd4915646b6785bedbcbe7334
77c59ec1dbce51faa8adffc19717f4fb67e6b03e643dcf00242a5c2c62157210	b5c07245c079654f786d357f629f0790f7723aad5562066fe2e4f01b9e1cddc8	a6584ec2aadddec9d4bd5db607d1f8bf5222837160d787d1353fcbbeaf9136fa
77c59ec1dbce51faa8adffc19717f4fb67e6b03e643dcf00242a5c2c62157210	5f7336cee5cf61f96cd20b5175605b709909aa714d33cc087d3466f57f617fff	bb61dcac06769ca45dd1f5557c5e315a0a5ef6c91f8f8fd8f6dec8c4855d4312
77c59ec1dbce51faa8adffc19717f4fb67e6b03e643dcf00242a5c2c62157210	2acc6dfff840182c12a710e41723c9d58be39cd1c35ca4bc90b833ab186ab981	1163f31315c921af267f5c165fa15639ff6a27f22da4f0d54a22c5756f4f01bb
77c59ec1dbce51faa8adffc19717f4fb67e6b03e643dcf00242a5c2c62157210	d4748cd56a1ba4db81904bd851953aa1e6ad2f30f789700f6a026e53fce2523e	03ad3d62b8d59506de2bbb6a0fb9b9e9c3e3840ceff473be4e7bae93d10a7aa7
77c59ec1dbce51faa8adffc19717f4fb67e6b03e643dcf00242a5c2c62157210	512ff00c68eaac642ac7ac7d377bf11621b1b12948db0eb2afed1bbb9abeb1c5	f2c52d8a84bfdbfdf0253c59082bf79ddf5cdadd40f16c27b3ec33a6545b905e
77c59ec1dbce51faa8adffc19717f4fb67e6b03e643dcf00242a5c2c62157210	02af8362bd0440652f8b0774287cb3d0d4d1d9f9cd0b4a348a63b5beae8d0bb4	c1b0638d4b66c508d947c069e7ca0d241c5ee6d149a290b3b1dab1f62f842b37
77c59ec1dbce51faa8adffc19717f4fb67e6b03e643dcf00242a5c2c62157210	d25b514f3ecd73eb99a9fb4df1427c72d13744c2c280a35a7e0de96e4ba264e6	e85a4bb427c8f87dd7840a7994234b7a8b3c783b7ac9584436fcbe4ff485a11c
77c59ec1dbce51faa8adffc19717f4fb67e6b03e643dcf00242a5c2c62157210	a914abac0c875449aa59bd68cc1f68bf74661024895373a19b8e770c89e48bf4	8ce849c8db38c84b2a44d6572a0772cf460a4c0c9b9edd81ed74b160f3498f67
77c59ec1dbce51faa8adffc19717f4fb67e6b03e643dcf00242a5c2c62157210	b42468bb21919254b35ba9b2d6196dacb763658d59b32092c19011fa56e5bab7	dca2587b05442efd5f959abd92d8ebcc00123da5227abd899d23727047ec47e1
77c59ec1dbce51faa8adffc19717f4fb67e6b03e643dcf00242a5c2c62157210	cdf9fb6f3e724045d145b38f4ba6029866d6eecb293b7446f663bd21619289d1	ef5d51b43d937b85b459606fdf44b9172e45f1855afde8da489c0878c98b6637
77c59ec1dbce51faa8adffc19717f4fb67e6b03e643dcf00242a5c2c62157210	fd574845f718a4699ab18dd690c0cb7d5a70e1d9e7cc79899d77dc2f820b0887	ef3df975bf32e79693f84a45aab6ce9a4ce8f6f255b2bc855334b23bd02f69c3
77c59ec1dbce51faa8adffc19717f4fb67e6b03e643dcf00242a5c2c62157210	3d01065fa8d2f127ec215cb633b545cc2e4ac01ef8e534f433e264d8466cec92	5900b78154d61769c01f152b1d733b6c6d342e64b9f80882cad772c19dced026
77c59ec1dbce51faa8adffc19717f4fb67e6b03e643dcf00242a5c2c62157210	921c715d3cff5e9294c47bb3701a2b5298ce18ac820b35f9041f0ef64a515b5c	52f4f74a17a5423f6b79fe78aa1f75a581a552605bc4e1c8d715fa578181c210
77c59ec1dbce51faa8adffc19717f4fb67e6b03e643dcf00242a5c2c62157210	0683e5161c3e6b59b9e88f8164b15ede68d7fb5f73224130d408e6b944bb1c54	471e1faf3b5fb3cb68d996af8dd80565751b48ca94da9cf079b6d83e5bdb6c97
77c59ec1dbce51faa8adffc19717f4fb67e6b03e643dcf00242a5c2c62157210	713ecac72d72778c195d5d9c494545f5310f11cc91d2682f32637262247f7d22	21efca2d51daf34d53309b5169d1da162e64194961ac01924604d8ab6c946ffb
77c59ec1dbce51faa8adffc19717f4fb67e6b03e643dcf00242a5c2c62157210	9b97ed60917ef827867593286ae20f87081430029c151e22f91f48dd824942af	4d8cacbf43ee8a53bc0fa467890739c1768af3cfe20fe49355cf238fc7472113
77c59ec1dbce51faa8adffc19717f4fb67e6b03e643dcf00242a5c2c62157210	18e2c312b8a96ec1562fa25d3622bbb6722736e47326da420bd49b5b74db66c4	f3c1683b267f956469878122341d36c533f5c407b0583165d6c049cc4af22519
77c59ec1dbce51faa8adffc19717f4fb67e6b03e643dcf00242a5c2c62157210	98d143525569f7bdaa02c909b6c26e24aaf33ab175e1b0e95ee0219e105c65c2	609315be080284ee9e9d6cc6b37e0b2fd157775c2ef7fc241e687fbdb359d21f
77c59ec1dbce51faa8adffc19717f4fb67e6b03e643dcf00242a5c2c62157210	defb17327fcc7a1eb8639e91a8c20792ef1e516ceabc01a0e650593dc60d80fd	39fab05c3e9287d0cf82d07c743e3ada7f5173e2675a574a546e590a07477a29
163670cce8ec5b52d7214e1f0cb93f3405b5e418ae739d80e9144e911dfda482	0000000000000000000000000000000000000000000000000000000000000000	0000000000000000000000000000000000000000000000000000000000000001
163670cce8ec5b52d7214e1f0cb93f3405b5e418ae739d80e9144e911dfda482	0000000000000000000000000000000000000000000000000000000000000000	0000000000000000000000000000000000000000000000000000000000000002
163670cce8ec5b52d7214e1f0cb93f3405b5e418ae739d80e9144e911dfda482	0000000000000000000000000000000000000000000000000000000000000000	0000000000000000000000000000000000000000000000000000000000000003
163670cce8ec5b52d7214e1f0cb93f3405b5e418ae739d80e9144e911dfda482	0000000000000000000000000000000000000000000000000000000000000000	00000000000000000000000000000000000000000000000000000001000003d0
163670cce8ec5b52d7214e1f0cb93f3405b5e418ae739d80e9144e911dfda482	0000000000000000000000000000000000000000000000000000000000000000	00000000000000000000000000000000000000000000000000000001000003d1
163670cce8ec5b52d7214e1f0cb93f3405b5e418ae739d80e9144e911dfda482	0000000000000000000000000000000000000000000000000000000000000000	00000000000000000000000000000000000000000000000000000001000003d2
163670cce8ec5b52d7214e1f0cb93f3405b5e418ae739d80e9144e911dfda482	0000000000000000000000000000000000000000000000000000000000000000	0000000000000000000000000000000100000000000000000000000000000001
163670cce8ec5b52d7214e1f0cb93f3405b5e418ae739d80e9144e911dfda482	0000000000000000000000000000000000000000000000000000000000000000	fffffffffffffffffffffffffffffffffffffffffffffffffffffffefffffc2e
163670cce8ec5b52d7214e1f0cb93f3405b5e418ae739d80e9144e911dfda482	0000000000000000000000000000000000000000000000000000000000000000	9f69ee183927f2de409371d48b0733735c9568941bfe791cb02499365401facb
163670cce8ec5b52d7214e1f0cb93f3405b5e418ae739d80e9144e911dfda482	0000000000000000000000000000000000000000000000000000000000000000	d3c5244fc0c8c00553ff409212b6a57b0a3b623ee0bc7b23d9147250759aa415
163670cce8ec5b52d7214e1f0cb93f3405b5e418ae739d80e9144e911dfda482	0000000000000000000000000000000000000000000000000000000000000000	5dcdef1aadba6e6f9fa7a194cf6a71df9168d97d2e9ca4dc296908565f00b4d9
163670cce8ec5b52d7214e1f0cb93f3405b5e418ae739d80e9144e911dfda482	0000000000000000000000000000000000000000000000000000000000000000	d534d578d3e1eb2b1690b9a2d4b2d2d84100437c040d8b79df6fffed9032d272
163670cce8ec5b52d7214e1f0cb93f3405b5e418ae739d80e9144e911dfda482	0000000000000000000000000000000000000000000000000000000000000000	f66fbe57319563b64a8f58cd428595b307c07a72b2164595c11d283eab60b45c
163670cce8ec5b52d7214e1f0cb93f3405b5e418ae739d80e9144e911dfda482	0000000000000000000000000000000000000000000000000000000000000000	400e17f31c864b185ee05029b4ca04a020c29967468e73e015981536dedd5700
163670cce8ec5b52d7214e1f0cb93f3405b5e418ae739d80e9144e911dfda482	0000000000000000000000000000000000000000000000000000000000000000	d435856f9ab6ccc30eb8a023031b74008865b8b6a0ce79565dfb4936b4b73fb5
163670cce8ec5b52d7214e1f0cb93f3405b5e418ae739d80e9144e911dfda482	0000000000000000000000000000000000000000000000000000000000000000	19347eb1e110c6697b2151d083099e040675b4cfa6923f26ad57d963c97e1512
163670cce8ec5b52d7214e1f0cb93f3405b5e418ae739d80e9144e911dfda482	0000000000000000000000000000000000000000000000000000000000000000	b4779d0db00a11f69106d731567d0ad360668f49b2481481d932e714a143e45f
163670cce8ec5b52d7214e1f0cb93f3405b5e418ae739d80e9144e911dfda482	0000000000000000000000000000000000000000000000000000000000000000	99d83593a28df721d8a102e8776220d5aec0976a7b2283f6065686dafe7e51fb
163670cce8ec5b52d7214e1f0cb93f3405b5e418ae739d80e9144e911dfda482	0000000000000000000000000000000000000000000000000000000000000000	ba4e25b946a879db07bca35656369b0b2979018a9ad29eea7a1777fd5fd39c85
163670cce8ec5b52d7214e1f0cb93f3405b5e418ae739d80e9144e911dfda482	0000000000000000000000000000000000000000000000000000000000000000	40b40b9c7f95437f05fab8bbb92a269c56994ea170dfacdd3b3952c1ec8bc580
163670cce8ec5b52d7214e1f0cb93f3405b5e418ae739d80e9144e911dfda482	0000000000000000000000000000000000000000000000000000000000000000	b63351de682f433979d63242bbfa3b025d702b2537cd6d9c9e957ca15d1deac8
163670cce8ec5b52d7214e1f0cb93f3405b5e418ae739d80e9144e911dfda482	0000000000000000000000000000000000000000000000000000000000000000	7558116f93c6298ec934167195825c927f3ce843e06d8dd8a7343861e7dce9d9
163670cce8ec5b52d7214e1f0cb93f3405b5e418ae739d80e9144e911dfda482	0000000000000000000000000000000000000000000000000000000000000000	dff894f905106cd06ad1dbe2c1c46aa79b53e9406b796e7c4016a7d6353db602
163670cce8ec5b52d7214e1f0cb93f3405b5e418ae739d80e9144e911dfda482	0000000000000000000000000000000000000000000000000000000000000000	994c52cd54933a2d4a1f216cc9332d2c3c642bcb967c6948aacdd903536b6325
163670cce8ec5b52d7214e1f0cb93f3405b5e418ae739d80e9144e911dfda482	0000000000000000000000000000000000000000000000000000000000000000	4b3198f4ba8705ac3c84d34411a488c5972a8e5a16d4726f0f077650d2871bdf
163670cce8ec5b52d7214e1f0cb93f3405b5e418ae739d80e9144e911dfda482	0000000000000000000000000000000000000000000000000000000000000000	174bae57a2d7a1629ba040e754ef59a8b0eda026eb917c3cc139a86c88646978
163670cce8ec5b52d7214e1f0cb93f3405b5e418ae739d80e9144e911dfda482	0000000000000000000000000000000000000000000000000000000000000000	0ea05b5d5f3613201470d6192914c594827bfe1afe65cb722b4a2393e4f8fbdd
163670cce8ec5b52d7214e1f0cb93f3405b5e418ae739d80e9144e911dfda482	0000000000000000000000000000000000000000000000000000000000000000	9351b1da87f6b5eb7537fafa579b08ff8779d847c3eb282cf6b608d3c44bef55
163670cce8ec5b52d7214e1f0cb93f3405b5e418ae739d80e9144e911dfda482	0000000000000000000000000000000000000000000000000000000000000000	ee3056755f73938fe24874c6e48e7179fc7c9cf584e86c49da8cdb2436d3caf8
163670cce8ec5b52d7214e1f0cb93f3405b5e418ae739d80e9144e911dfda482	0000000000000000000000000000000000000000000000000000000000000000	483f81fc39a2d891702b937b846a53cd1c958dc6bd180c02059bdecd2cb3c5b9
163670cce8ec5b52d7214e1f0cb93f3405b5e418ae739d80e9144e911dfda482	0000000000000000000000000000000000000000000000000000000000000000	9bdb8c2fb94e8eb23b0b82372348b7f665c83cc61618aef659c20cafc3756577
163670cce8ec5b52d7214e1f0cb93f3405b5e418ae739d80e9144e911dfda482	0000000000000000000000000000000000000000000000000000000000000000	14866b25bfec8d9088ea50e559c7cca8ad737550b972896b141596c723d09595
163670cce8ec5b52d7214e1f0cb93f3405b5e418ae739d80e9144e911dfda482	0000000000000000000000000000000000000000000000000000000000000001	0000000000000000000000000000000000000000000000000000000000000001
163670cce8ec5b52d7214e1f0cb93f3405b5e418ae739d80e9144e911dfda482	0000000000000000000000000000000000000000000000000000000000000001	fffffffffffffffffffffffffffffffffffffffffffffffffffffffefffffc2e
163670cce8ec5b52d7214e1f0cb93f3405b5e418ae739d80e9144e911dfda482	fffffffffffffffffffffffffffffffffffffffffffffffffffffffefffffc2e	0000000000000000000000000000000000000000000000000000000000000001
163670cce8ec5b52d7214e1f0cb93f3405b5e418ae739d80e9144e911dfda482	fffffffffffffffffffffffffffffffffffffffffffffffffffffffefffffc2e	fffffffffffffffffffffffffffffffffffffffffffffffffffffffefffffc2e
163670cce8ec5b52d7214e1f0cb93f3405b5e418ae739d80e9144e911dfda482	00000000000000000000000000000000000000000000000000000001000003d1	00000000000000000000000000000000000000000000000000000001000003d2
163670cce8ec5b52d7214e1f0cb93f3405b5e418ae739d80e9144e911dfda482	00000000000000000000000000000000ffffffffffffffffffffffffffffffff	0000000000000000000000000000000100000000000000000000000000000001
163670cce8ec5b52d7214e1f0cb93f3405b5e418ae739d80e9144e911dfda482	7fffffffffffffffffffffffffffffffffffffffffffffffffffffffffffffed	00000000000000000000000000000000000000000000000000000001000003d1
163670cce8ec5b52d7214e1f0cb93f3405b5e418ae739d80e9144e911dfda482	00000000000000000000000000000000000000000000000000000001000003d2	8000000000000000000000000000000000000000000000000000000000000013
163670cce8ec5b52d7214e1f0cb93f3405b5e418ae739d80e9144e911dfda482	96de292ad08c05f33374ff077e037057cb1976be5fd11814eb427a298826a7de	f5a02b551d42e1af8af605ff1660926f160366df7b9584c2f4e83c5251d4ac4a
163670cce8ec5b52d7214e1f0cb93f3405b5e418ae739d80e9144e911dfda482	4d6ec7bab20514a58c089d6067f55985b8392d48b5531403790e390b58cb6397	a3b527dc3ded3db1ebb2d76d1e0f1d3ba27e4a809a3654648bbde08dbf1f454c
163670cce8ec5b52d7214e1f0cb93f3405b5e418ae739d80e9144e911dfda482	e45d6b3a7bab850fd4636fc1bec55df32d3abc216d2837543c5ba15d153069f1	ddbec74a741dcc3fccbef14fb226877249dae56655d5d9a1b1a073c6e04abe33
163670cce8ec5b52d7214e1f0cb93f3405b5e418ae739d80e9144e911dfda482	bd9c04cdfd5b0caa1588bd3d277d72ace38f467b02aba014e5a8e90eeb3fbe1a	1bb54365673065de32ecf60d870ba0653ed1c3e18b6bedc01dd5d4dd04bbe4ca
163670cce8ec5b52d7214e1f0cb93f3405b5e418ae739d80e9144e911dfda482	2beaf41bc983d4f633f48d269bfa408bfc599b1e1b73e28d09e3ee7ea71ac7a6	357cec24e0b81663bc645f7cf6352799e9e2022fd4915646b6785bedbcbe7334
163670cce8ec5b52d7214e1f0cb93f3405b5e418ae739d80e9144e911dfda482	b5c07245c079654f786d357f629f0790f7723aad5562066fe2e4f01b9e1cddc8	a6584ec2aadddec9d4bd5db607d1f8bf5222837160d787d1353fcbbeaf9136fa
163670cce8ec5b52d7214e1f0cb93f3405b5e418ae739d80e9144e911dfda482	5f7336cee5cf61f96cd20b5175605b709909aa714d33cc087d3466f57f617fff	bb61dcac06769ca45dd1f5557c5e315a0a5ef6c91f8f8fd8f6dec8c4855d4312
163670cce8ec5b52d7214e1f0cb93f3405b5e418ae739d80e9144e911dfda482	2acc6dfff840182c12a710e41723c9d58be39cd1c35ca4bc90b833ab186ab981	1163f31315c921af267f5c165fa15639ff6a27f22da4f0d54a22c5756f4f01bb
163670cce8ec5b52d7214e1f0cb93f3405b5e418ae739d80e9144e911dfda482	d4748cd56a1ba4db81904bd851953aa1e6ad2f30f789700f6a026e53fce2523e	03ad3d62b8d59506de2bbb6a0fb9b9e9c3e3840ceff473be4e7bae93d10a7aa7
163670cce8ec5b52d7214e1f0cb93f3405b5e418ae739d80e9144e911dfda482	512ff00c68eaac642ac7ac7d377bf11621b1b12948db0eb2afed1bbb9abeb1c5	f2c52d8a84bfdbfdf0253c59082bf79ddf5cdadd40f16c27b3ec33a6545b905e
163670cce8ec5b52d7214e1f0cb93f3405b5e418ae739d80e9144e911dfda482	02af8362bd0440652f8b0774287cb3d0d4d1d9f9cd0b4a348a63b5beae8d0bb4	c1b0638d4b66c508d947c069e7ca0d241c5ee6d149a290b3b1dab1f62f842b37
163670cce8ec5b52d7214e1f0cb93f3405b5e418ae739d80e9144e911dfda482	d25b514f3ecd73eb99a9fb4df1427c72d13744c2c280a35a7e0de96e4ba264e6	e85a4bb427c8f87dd7840a7994234b7a8b3c783b7ac9584436fcbe4ff485a11c
163670cce8ec5b52d7214e1f0cb93f3405b5e418ae739d80e9144e911dfda482	a914abac0c875449aa59bd68cc1f68bf74661024895373a19b8e770c89e48bf4	8ce849c8db38c84b2a44d6572a0772cf460a4c0c9b9edd81ed74b160f3498f67
163670cce8ec5b52d7214e1f0cb93f3405b5e418ae739d80e9144e911dfda482	b42468bb21919254b35ba9b2d6196dacb763658d59b32092c19011fa56e5bab7	dca2587b05442efd5f959abd92d8ebcc00123da5227abd899d23727047ec47e1
163670cce8ec5b52d7214e1f0cb93f3405b5e418ae739d80e9144e911dfda482	cdf9fb6f3e724045d145b38f4ba6029866d6eecb293b7446f663bd21619289d1	ef5d51b43d937b85b459606fdf44b9172e45f1855afde8da489c0878c98b6637
163670cce8ec5b52d7214e1f0cb93f3405b5e418ae739d80e9144e911dfda482	fd574845f718a4699ab18dd690c0cb7d5a70e1d9e7cc79899d77dc2f820b0887	ef3df975bf32e79693f84a45aab6ce9a4ce8f6f255b2bc855334b23bd02f69c3
163670cce8ec5b52d7214e1f0cb93f3405b5e418ae739d80e9144e911dfda482	3d01065fa8d2f127ec215cb633b545cc2e4ac01ef8e534f433e264d8466cec92	5900b78154d61769c01f152b1d733b6c6d342e64b9f80882cad772c19dced026
163670cce8ec5b52d7214e1f0cb93f3405b5e418ae739d80e9144e911dfda482	921c715d3cff5e9294c47bb3701a2b5298ce18ac820b35f9041f0ef64a515b5c	52f4f74a17a5423f6b79fe78aa1f75a581a552605bc4e1c8d715fa578181c210
163670cce8ec5b52d7214e1f0cb93f3405b5e418ae739d80e9144e911dfda482	0683e5161c3e6b59b9e88f8164b15ede68d7fb5f73224130d408e6b944bb1c54	471e1faf3b5fb3cb68d996af8dd80565751b48ca94da9cf079b6d83e5bdb6c97
163670cce8ec5b52d7214e1f0cb93f3405b5e418ae739d80e9144e911dfda482	713ecac72d72778c195d5d9c494545f5310f11cc91d2682f32637262247f7d22	21efca2d51daf34d53309b5169d1da162e64194961ac01924604d8ab6c946ffb
163670cce8ec5b52d7214e1f0cb93f3405b5e418ae739d80e9144e911dfda482	9b97ed60917ef827867593286ae20f87081430029c151e22f91f48dd824942af	4d8cacbf43ee8a53bc0fa467890739c1768af3cfe20fe49355cf238fc7472113
163670cce8ec5b52d7214e1f0cb93f3405b5e418ae739d80e9144e911dfda482	18e2c312b8a96ec1562fa25d3622bbb6722736e47326da420bd49b5b74db66c4	f3c1683b267f956469878122341d36c533f5c407b0583165d6c049cc4af22519
163670cce8ec5b52d7214e1f0cb93f3405b5e418ae739d80e9144e911dfda482	98d143525569f7bdaa02c909b6c26e24aaf33ab175e1b0e95ee0219e105c65c2	609315be080284ee9e9d6cc6b37e0b2fd157775c2ef7fc241e687fbdb359d21f
163670cce8ec5b52d7214e1f0cb93f3405b5e418ae739d80e9144e911dfda482	defb17327fcc7a1eb8639e91a8c20792ef1e516ceabc01a0e650593dc60d80fd	39fab05c3e9287d0cf82d07c743e3ada7f5173e2675a574a546e590a07477a29
4f0725de5a3185b6f97d9d4766caf4c618a3a74c2e4e4fca8b16100ce3fdaec3	0000000000000000000000000000000000000000000000000000000000000000	0000000000000000000000000000000000000000000000000000000000000001
4f0725de5a3185b6f97d9d4766caf4c618a3a74c2e4e4fca8b16100ce3fdaec3	0000000000000000000000000000000000000000000000000000000000000000	0000000000000000000000000000000000000000000000000000000000000002
4f0725de5a3185b6f97d9d4766caf4c618a3a74c2e4e4fca8b16100ce3fdaec3	0000000000000000000000000000000000000000000000000000000000000000	0000000000000000000000000000000000000000000000000000000000000003
4f0725de5a3185b6f97d9d4766caf4c618a3a74c2e4e4fca8b16100ce3fdaec3	0000000000000000000000000000000000000000000000000000000000000000	00000000000000000000000000000000000000000000000000000001000003d0
4f0725de5a3185b6f97d9d4766caf4c618a3a74c2e4e4fca8b16100ce3fdaec3	0000000000000000000000000000000000000000000000000000000000000000	00000000000000000000000000000000000000000000000000000001000003d1
4f0725de5a3185b6f97d9d4766caf4c618a3a74c2e4e4fca8b16100ce3fdaec3	0000000000000000000000000000000000000000000000000000000000000000	00000000000000000000000000000000000000000000000000000001000003d2
4f0725de5a3185b6f97d9d4766caf4c618a3a74c2e4e4fca8b16100ce3fdaec3	0000000000000000000000000000000000000000000000000000000000000000	0000000000000000000000000000000100000000000000000000000000000001
4f0725de5a3185b6f97d9d4766caf4c618a3a74c2e4e4fca8b16100ce3fdaec3	0000000000000000000000000000000000000000000000000000000000000000	fffffffffffffffffffffffffffffffffffffffffffffffffffffffefffffc2e
4f0725de5a3185b6f97d9d4766caf4c618a3a74c2e4e4fca8b16100ce3fdaec3	0000000000000000000000000000000000000000000000000000000000000000	9f69ee183927f2de409371d48b0733735c9568941bfe791cb02499365401facb
4f0725de5a3185b6f97d9d4766caf4c618a3a74c2e4e4fca8b16100ce3fdaec3	0000000000000000000000000000000000000000000000000000000000000000	d3c5244fc0c8c00553ff409212b6a57b0a3b623ee0bc7b23d9147250759aa415
4f0725de5a3185b6f97d9d4766caf4c618a3a74c2e4e4fca8b16100ce3fdaec3	0000000000000000000000000000000000000000000000000000000000000000	5dcdef1aadba6e6f9fa7a194cf6a71df9168d97d2e9ca4dc296908565f00b4d9
4f0725de5a3185b6f97d9d4766caf4c618a3a74c2e4e4fca8b16100ce3fdaec3	0000000000000000000000000000000000000000000000000000000000000000	d534d578d3e1eb2b1690b9a2d4b2d2d84100437c040d8b79df6fffed9032d272
4f0725de5a3185b6f97d9d4766caf4c618a3a74c2e4e4fca8b16100ce3fdaec3	0000000000000000000000000000000000000000000000000000000000000000	f66fbe57319563b64a8f58cd428595b307c07a72b2164595c11d283eab60b45c
4f0725de5a3185b6f97d9d4766caf4c618a3a74c2e4e4fca8b16100ce3fdaec3	0000000000000000000000000000000000000000000000000000000000000000	400e17f31c864b185ee05029b4ca04a020c29967468e73e015981536dedd5700
4f0725de5a3185b6f97d9d4766caf4c618a3a74c2e4e4fca8b16100ce3fdaec3	0000000000000000000000000000000000000000000000000000000000000000	d435856f9ab6ccc30eb8a023031b74008865b8b6a0ce79565dfb4936b4b73fb5
4f0725de5a3185b6f97d9d4766caf4c618a3a74c2e4e4fca8b16100ce3fdaec3	0000000000000000000000000000000000000000000000000000000000000000	19347eb1e110c6697b2151d083099e040675b4cfa6923f26ad57d963c97e1512
4f0725de5a3185b6f97d9d4766caf4c618a3a74c2e4e4fca8b16100ce3fdaec3	0000000000000000000000000000000000000000000000000000000000000000	b4779d0db00a11f69106d731567d0ad360668f49b2481481d932e714a143e45f
4f0725de5a3185b6f97d9d4766caf4c618a3a74c2e4e4fca8b16100ce3fdaec3	0000000000000000000000000000000000000000000000000000000000000000	99d83593a28df721d8a102e8776220d5aec0976a7b2283f6065686dafe7e51fb
4f0725de5a3185b6f97d9d4766caf4c618a3a74c2e4e4fca8b16100ce3fdaec3	0000000000000000000000000000000000000000000000000000000000000000	ba4e25b946a879db07bca35656369b0b2979018a9ad29eea7a1777fd5fd39c85
4f0725de5a3185b6f97d9d4766caf4c618a3a74c2e4e4fca8b16100ce3fdaec3	0000000000000000000000000000000000000000000000000000000000000000	40b40b9c7f95437f05fab8bbb92a269c56994ea170dfacdd3b3952c1ec8bc580
4f0725de5a3185b6f97d9d4766caf4c618a3a74c2e4e4fca8b16100ce3fdaec3	0000000000000000000000000000000000000000000000000000000000000000	b63351de682f433979d63242bbfa3b025d702b2537cd6d9c9e957ca15d1deac8
4f0725de5a3185b6f97d9d4766caf4c618a3a74c2e4e4fca8b16100ce3fdaec3	0000000000000000000000000000000000000000000000000000000000000000	7558116f93c6298ec934167195825c927f3ce843e06d8dd8a7343861e7dce9d9
4f0725de5a3185b6f97d9d4766caf4c618a3a74c2e4e4fca8b16100ce3fdaec3	0000000000000000000000000000000000000000000000000000000000000000	dff894f905106cd06ad1dbe2c1c46aa79b53e9406b796e7c4016a7d6353db602
4f0725de5a3185b6f97d9d4766caf4c618a3a74c2e4e4fca8b16100ce3fdaec3	0000000000000000000000000000000000000000000000000000000000000000	994c52cd54933a2d4a1f216cc9332d2c3c642bcb967c6948aacdd903536b6325
4f0725de5a3185b6f97d9d4766caf4c618a3a74c2e4e4fca8b16100ce3fdaec3	0000000000000000000000000000000000000000000000000000000000000000	4b3198f4ba8705ac3c84d34411a488c5972a8e5a16d4726f0f077650d2871bdf
4f0725de5a3185b6f97d9d4766caf4c618a3a74c2e4e4fca8b16100ce3fdaec3	0000000000000000000000000000000000000000000000000000000000000000	174bae57a2d7a1629ba040e754ef59a8b0eda026eb917c3cc139a86c88646978
4f0725de5a3185b6f97d9d4766caf4c618a3a74c2e4e4fca8b16100ce3fdaec3	0000000000000000000000000000000000000000000000000000000000000000	0ea05b5d5f3613201470d6192914c594827bfe1afe65cb722b4a2393e4f8fbdd
4f0725de5a3185b6f97d9d4766caf4c618a3a74c2e4e4fca8b16100ce3fdaec3	0000000000000000000000000000000000000000000000000000000000000000	9351b1da87f6b5eb7537fafa579b08ff8779d847c3eb282cf6b608d3c44bef55
4f0725de5a3185b6f97d9d4766caf4c618a3a74c2e4e4fca8b16100ce3fdaec3	0000000000000000000000000000000000000000000000000000000000000000	ee3056755f73938fe24874c6e48e7179fc7c9cf584e86c49da8cdb2436d3caf8
4f0725de5a3185b6f97d9d4766caf4c618a3a74c2e4e4fca8b16100ce3fdaec3	0000000000000000000000000000000000000000000000000000000000000000	483f81fc39a2d891702b937b846a53cd1c958dc6bd180c02059bdecd2cb3c5b9
4f0725de5a3185b6f97d9d4766caf4c618a3a74c2e4e4fca8b16100ce3fdaec3	0000000000000000000000000000000000000000000000000000000000000000	9bdb8c2fb94e8eb23b0b82372348b7f665c83cc61618aef659c20cafc3756577
4f0725de5a3185b6f97d9d4766caf4c618a3a74c2e4e4fca8b16100ce3fdaec3	0000000000000000000000000000000000000000000000000000000000000000	14866b25bfec8d9088ea50e559c7cca8ad737550b972896b141596c723d09595
4f0725de5a3185b6f97d9d4766caf4c618a3a74c2e4e4fca8b16100ce3fdaec3	0000000000000000000000000000000000000000000000000000000000000001	0000000000000000000000000000000000000000000000000000000000000001
4f0725de5a3185b6f97d9d4766caf4c618a3a74c2e4e4fca8b16100ce3fdaec3	0000000000000000000000000000000000000000000000000000000000000001	fffffffffffffffffffffffffffffffffffffffffffffffffffffffefffffc2e
4f0725de5a3185b6f97d9d4766caf4c618a3a74c2e4e4fca8b16100ce3fdaec3	fffffffffffffffffffffffffffffffffffffffffffffffffffffffefffffc2e	0000000000000000000000000000000000000000000000000000000000000001
4f0725de5a3185b6f97d9d4766caf4c618a3a74c2e4e4fca8b16100ce3fdaec3	fffffffffffffffffffffffffffffffffffffffffffffffffffffffefffffc2e	fffffffffffffffffffffffffffffffffffffffffffffffffffffffefffffc2e
4f0725de5a3185b6f97d9d4766caf4c618a3a74c2e4e4fca8b16100ce3fdaec3	00000000000000000000000000000000000000000000000000000001000003d1	00000000000000000000000000000000000000000000000000000001000003d2
4f0725de5a3185b6f97d9d4766caf4c618a3a74c2e4e4fca8b16100ce3fdaec3	00000000000000000000000000000000ffffffffffffffffffffffffffffffff	0000000000000000000000000000000100000000000000000000000000000001
4f0725de5a3185b6f97d9d4766caf4c618a3a74c2e4e4fca8b16100ce3fdaec3	7fffffffffffffffffffffffffffffffffffffffffffffffffffffffffffffed	00000000000000000000000000000000000000000000000000000001000003d1
4f0725de5a3185b6f97d9d4766caf4c618a3a74c2e4e4fca8b16100ce3fdaec3	00000000000000000000000000000000000000000000000000000001000003d2	8000000000000000000000000000000000000000000000000000000000000013
4f0725de5a3185b6f97d9d4766caf4c618a3a74c2e4e4fca8b16100ce3fdaec3	96de292ad08c05f33374ff077e037057cb1976be5fd11814eb427a298826a7de	f5a02b551d42e1af8af605ff1660926f160366df7b9584c2f4e83c5251d4ac4a
4f0725de5a3185b6f97d9d4766caf4c618a3a74c2e4e4fca8b16100ce3fdaec3	4d6ec7bab20514a58c089d6067f55985b8392d48b5531403790e390b58cb6397	a3b527dc3ded3db1ebb2d76d1e0f1d3ba27e4a809a3654648bbde08dbf1f454c
4f0725de5a3185b6f97d9d4766caf4c618a3a74c2e4e4fca8b16100ce3fdaec3	e45d6b3a7bab850fd4636fc1bec55df32d3abc216d2837543c5ba15d153069f1	ddbec74a741dcc3fccbef14fb226877249dae56655d5d9a1b1a073c6e04abe33
4f0725de5a3185b6f97d9d4766caf4c618a3a74c2e4e4fca8b16100ce3fdaec3	bd9c04cdfd5b0caa1588bd3d277d72ace38f467b02aba014e5a8e90eeb3fbe1a	1bb54365673065de32ecf60d870ba0653ed1c3e18b6bedc01dd5d4dd04bbe4ca
4f0725de5a3185b6f97d9d4766caf4c618a3a74c2e4e4fca8b16100ce3fdaec3	2beaf41bc983d4f633f48d269bfa408bfc599b1e1b73e28d09e3ee7ea71ac7a6	357cec24e0b81663bc645f7cf6352799e9e2022fd4915646b6785bedbcbe7334
4f0725de5a3185b6f97d9d4766caf4c618a3a74c2e4e4fca8b16100ce3fdaec3	b5c07245c079654f786d357f629f0790f7723aad5562066fe2e4f01b9e1cddc8	a6584ec2aadddec9d4bd5db607d1f8bf5222837160d787d1353fcbbeaf9136fa
4f0725de5a3185b6f97d9d4766caf4c618a3a74c2e4e4fca8b16100ce3fdaec3	5f7336cee5cf61f96cd20b5175605b709909aa714d33cc087d3466f57f617fff	bb61dcac06769ca45dd1f5557c5e315a0a5ef6c91f8f8fd8f6dec8c4855d4312
4f0725de5a3185b6f97d9d4766caf4c618a3a74c2e4e4fca8b16100ce3fdaec3	2acc6dfff840182c12a710e41723c9d58be39cd1c35ca4bc90b833ab186ab981	1163f31315c921af267f5c165fa15639ff6a27f22da4f0d54a22c5756f4f01bb
4f0725de5a3185b6f97d9d4766caf4c618a3a74c2e4e4fca8b16100ce3fdaec3	d4748cd56a1ba4db81904bd851953aa1e6ad2f30f789700f6a026e53fce2523e	03ad3d62b8d59506de2bbb6a0fb9b9e9c3e3840ceff473be4e7bae93d10a7aa7
4f0725de5a3185b6f97d9d4766caf4c618a3a74c2e4e4fca8b16100ce3fdaec3	512ff00c68eaac642ac7ac7d377bf11621b1b12948db0eb2afed1bbb9abeb1c5	f2c52d8a84bfdbfdf0253c59082bf79ddf5cdadd40f16c27b3ec33a6545b905e
4f0725de5a3185b6f97d9d4766caf4c618a3a74c2e4e4fca8b16100ce3fdaec3	02af8362bd0440652f8b0774287cb3d0d4d1d9f9cd0b4a348a63b5beae8d0bb4	c1b0638d4b66c508d947c069e7ca0d241c5ee6d149a290b3b1dab1f62f842b37
4f0725de5a3185b6f97d9d4766caf4c618a3a74c2e4e4fca8b16100ce3fdaec3	d25b514f3ecd73eb99a9fb4df1427c72d13744c2c280a35a7e0de96e4ba264e6	e85a4bb427c8f87dd7840a7994234b7a8b3c783b7ac9584436fcbe4ff485a11c
4f0725de5a3185b6f97d9d4766caf4c618a3a74c2e4e4fca8b16100ce3fdaec3	a914abac0c875449aa59bd68cc1f68bf74661024895373a19b8e770c89e48bf4	8ce849c8db38c84b2a44d6572a0772cf460a4c0c9b9edd81ed74b160f3498f67
4f0725de5a3185b6f97d9d4766caf4c618a3a74c2e4e4fca8b16100ce3fdaec3	b42468bb21919254b35ba9b2d6196dacb763658d59b32092c19011fa56e5bab7	dca2587b05442efd5f959abd92d8ebcc00123da5227abd899d23727047ec47e1
4f0725de5a3185b6f97d9d4766caf4c618a3a74c2e4e4fca8b16100ce3fdaec3	cdf9fb6f3e724045d145b38f4ba6029866d6eecb293b7446f663bd21619289d1	ef5d51b43d937b85b459606fdf44b9172e45f1855afde8da489c0878c98b6637
4f0725de5a3185b6f97d9d4766caf4c618a3a74c2e4e4fca8b16100ce3fdaec3	fd574845f718a4699ab18dd690c0cb7d5a70e1d9e7cc79899d77dc2f820b0887	ef3df975bf32e79693f84a45aab6ce9a4ce8f6f255b2bc855334b23bd02f69c3
4f0725de5a3185b6f97d9d4766caf4c618a3a74c2e4e4fca8b16100ce3fdaec3	3d01065fa8d2f127ec215cb633b545cc2e4ac01ef8e534f433e264d8466cec92	5900b78154d61769c01f152b1d733b6c6d342e64b9f80882cad772c19dced026
4f0725de5a3185b6f97d9d4766caf4c618a3a74c2e4e4fca8b16100ce3fdaec3	921c715d3cff5e9294c47bb3701a2b5298ce18ac820b35f9041f0ef64a515b5c	52f4f74a17a5423f6b79fe78aa1f75a581a552605bc4e1c8d715fa578181c210
4f0725de5a3185b6f97d9d4766caf4c618a3a74c2e4e4fca8b16100ce3fdaec3	0683e5161c3e6b59b9e88f8164b15ede68d7fb5f73224130d408e6b944bb1c54	471e1faf3b5fb3cb68d996af8dd80565751b48ca94da9cf079b6d83e5bdb6c97
4f0725de5a3185b6f97d9d4766caf4c618a3a74c2e4e4fca8b16100ce3fdaec3	713ecac72d72778c195d5d9c494545f5310f11cc91d2682f32637262247f7d22	21efca2d51daf34d53309b5169d1da162e64194961ac01924604d8ab6c946ffb
4f0725de5a3185b6f97d9d4766caf4c618a3a74c2e4e4fca8b16100ce3fdaec3	9b97ed60917ef827867593286ae20f87081430029c151e22f91f48dd824942af	4d8cacbf43ee8a53bc0fa467890739c1768af3cfe20fe49355cf238fc7472113
4f0725de5a3185b6f97d9d4766caf4c618a3a74c2e4e4fca8b16100ce3fdaec3	18e2c312b8a96ec1562fa25d3622bbb6722736e47326da420bd49b5b74db66c4	f3c1683b267f956469878122341d36c533f5c407b0583165d6c049cc4af22519
4f0725de5a3185b6f97d9d4766caf4c618a3a74c2e4e4fca8b16100ce3fdaec3	98d143525569f7bdaa02c909b6c26e24aaf33ab175e1b0e95ee0219e105c65c2	609315be080284ee9e9d6cc6b37e0b2fd157775c2ef7fc241e687fbdb359d21f
4f0725de5a3185b6f97d9d4766caf4c618a3a74c2e4e4fca8b16100ce3fdaec3	defb17327fcc7a1eb8639e91a8c20792ef1e516ceabc01a0e650593dc60d80fd	39fab05c3e9287d0cf82d07c743e3ada7f5173e2675a574a546e590a07477a29
09ea66d3e841ce6f5d3a349a3f258a4341ba222b110a7a13b3c81fbf9355f3ba	0000000000000000000000000000000000000000000000000000000000000000	0000000000000000000000000000000000000000000000000000000000000001
09ea66d3e841ce6f5d3a349a3f258a4341ba222b110a7a13b3c81fbf9355f3ba	0000000000000000000000000000000000000000000000000000000000000000	0000000000000000000000000000000000000000000000000000000000000002
09ea66d3e841ce6f5d3a349a3f258a4341ba222b110a7a13b3c81fbf9355f3ba	0000000000000000000000000000000000000000000000000000000000000000	0000000000000000000000000000000000000000000000000000000000000003
09ea66d3e841ce6f5d3a349a3f258a4341ba222b110a7a13b3c81fbf9355f3ba	0000000000000000000000000000000000000000000000000000000000000000	00000000000000000000000000000000000000000000000000000001000003d0
09ea66d3e841ce6f5d3a349a3f258a4341ba222b110a7a13b3c81fbf9355f3ba	0000000000000000000000000000000000000000000000000000000000000000	00000000000000000000000000000000000000000000000000000001000003d1
09ea66d3e841ce6f5d3a349a3f258a4341ba222b110a7a13b3c81fbf9355f3ba	0000000000000000000000000000000000000000000000000000000000000000	00000000000000000000000000000000000000000000000000000001000003d2
09ea66d3e841ce6f5d3a349a3f258a4341ba222b110a7a13b3c81fbf9355f3ba	0000000000000000000000000000000000000000000000000000000000000000	0000000000000000000000000000000100000000000000000000000000000001
09ea66d3e841ce6f5d3a349a3f258a4341ba222b110a7a13b3c81fbf9355f3ba	0000000000000000000000000000000000000000000000000000000000000000	fffffffffffffffffffffffffffffffffffffffffffffffffffffffefffffc2e
09ea66d3e841ce6f5d3a349a3f258a4341ba222b110a7a13b3c81fbf9355f3ba	0000000000000000000000000000000000000000000000000000000000000000	9f69ee183927f2de409371d48b0733735c9568941bfe791cb02499365401facb
09ea66d3e841ce6f5d3a349a3f258a4341ba222b110a7a13b3c81fbf9355f3ba	0000000000000000000000000000000000000000000000000000000000000000	d3c5244fc0c8c00553ff409212b6a57b0a3b623ee0bc7b23d9147250759aa415
09ea66d3e841ce6f5d3a349a3f258a4341ba222b110a7a13b3c81fbf9355f3ba	0000000000000000000000000000000000000000000000000000000000000000	5dcdef1aadba6e6f9fa7a194cf6a71df9168d97d2e9ca4dc296908565f00b4d9
09ea66d3e841ce6f5d3a349a3f258a4341ba222b110a7a13b3c81fbf9355f3ba	0000000000000000000000000000000000000000000000000000000000000000	d534d578d3e1eb2b1690b9a2d4b2d2d84100437c040d8b79df6fffed9032d272
09ea66d3e841ce6f5d3a349a3f258a4341ba222b110a7a13b3c81fbf9355f3ba	0000000000000000000000000000000000000000000000000000000000000000	f66fbe57319563b64a8f58cd428595b307c07a72b2164595c11d283eab60b45c
09ea66d3e841ce6f5d3a349a3f258a4341ba222b110a7a13b3c81fbf9355f3ba	0000000000000000000000000000000000000000000000000000000000000000	400e17f31c864b185ee05029b4ca04a020c29967468e73e015981536dedd5700
09ea66d3e841ce6f5d3a349a3f258a4341ba222b110a7a13b3c81fbf9355f3ba	0000000000000000000000000000000000000000000000000000000000000000	d435856f9ab6ccc30eb8a023031b74008865b8b6a0ce79565dfb4936b4b73fb5
09ea66d3e841ce6f5d3a349a3f258a4341ba222b110a7a13b3c81fbf9355f3ba	0000000000000000000000000000000000000000000000000000000000000000	19347eb1e110c6697b2151d083099e040675b4cfa6923f26ad57d963c97e1512
09ea66d3e841ce6f5d3a349a3f258a4341ba222b110a7a13b3c81fbf9355f3ba	0000000000000000000000000000000000000000000000000000000000000000	b4779d0db00a11f69106d731567d0ad360668f49b2481481d932e714a143e45f
09ea66d3e841ce6f5d3a349a3f258a4341ba222b110a7a13b3c81fbf9355f3ba	0000000000000000000000000000000000000000000000000000000000000000	99d83593a28df721d8a102e8776220d5aec0976a7b2283f6065686dafe7e51fb
09ea66d3e841ce6f5d3a349a3f258a4341ba222b110a7a13b3c81fbf9355f3ba	0000000000000000000000000000000000000000000000000000000000000000	ba4e25b946a879db07bca35656369b0b2979018a9ad29eea7a1777fd5fd39c85
09ea66d3e841ce6f5d3a349a3f258a4341ba222b110a7a13b3c81fbf9355f3ba	0000000000000000000000000000000000000000000000000000000000000000	40b40b9c7f95437f05fab8bbb92a269c56994ea170dfacdd3b3952c1ec8bc580
09ea66d3e841ce6f5d3a349a3f258a4341ba222b110a7a13b3c81fbf9355f3ba	0000000000000000000000000000000000000000000000000000000000000000	b63351de682f433979d63242bbfa3b025d702b2537cd6d9c9e957ca15d1deac8
09ea66d3e841ce6f5d3a349a3f258a4341ba222b110a7a13b3c81fbf9355f3ba	0000000000000000000000000000000000000000000000000000000000000000	7558116f93c6298ec934167195825c927f3ce843e06d8dd8a7343861e7dce9d9
09ea66d3e841ce6f5d3a349a3f258a4341ba222b110a7a13b3c81fbf9355f3ba	0000000000000000000000000000000000000000000000000000000000000000	dff894f905106cd06ad1dbe2c1c46aa79b53e9406b796e7c4016a7d6353db602
09ea66d3e841ce6f5d3a349a3f258a4341ba222b110a7a13b3c81fbf9355f3ba	0000000000000000000000000000000000000000000000000000000000000000	994c52cd54933a2d4a1f216cc9332d2c3c642bcb967c6948aacdd903536b6325
09ea66d3e841ce6f5d3a349a3f258a4341ba222b110a7a13b3c81fbf9355f3ba	0000000000000000000000000000000000000000000000000000000000000000	4b3198f4ba8705ac3c84d34411a488c5972a8e5a16d4726f0f077650d2871bdf
09ea66d3e841ce6f5d3a349a3f258a4341ba222b110a7a13b3c81fbf9355f3ba	0000000000000000000000000000000000000000000000000000000000000000	174bae57a2d7a1629ba040e754ef59a8b0eda026eb917c3cc139a86c88646978
09ea66d3e841ce6f5d3a349a3f258a4341ba222b110a7a13b3c81fbf9355f3ba	0000000000000000000000000000000000000000000000000000000000000000	0ea05b5d5f3613201470d6192914c594827bfe1afe65cb722b4a2393e4f8fbdd
09ea66d3e841ce6f5d3a349a3f258a4341ba222b110a7a13b3c81fbf9355f3ba	0000000000000000000000000000000000000000000000000000000000000000	9351b1da87f6b5eb7537fafa579b08ff8779d847c3eb282cf6b608d3c44bef55
09ea66d3e841ce6f5d3a349a3f258a4341ba222b110a7a13b3c81fbf9355f3ba	0000000000000000000000000000000000000000000000000000000000000000	ee3056755f73938fe24874c6e48e7179fc7c9cf584e86c49da8cdb2436d3caf8
09ea66d3e841ce6f5d3a349a3f258a4341ba222b110a7a13b3c81fbf9355f3ba	0000000000000000000000000000000000000000000000000000000000000000	483f81fc39a2d891702b937b846a53cd1c958dc6bd180c02059bdecd2cb3c5b9
09ea66d3e841ce6f5d3a349a3f258a4341ba222b110a7a13b3c81fbf9355f3ba	0000000000000000000000000000000000000000000000000000000000000000	9bdb8c2fb94e8eb23b0b82372348b7f665c83cc61618aef659c20cafc3756577
09ea66d3e841ce6f5d3a349a3f258a4341ba222b110a7a13b3c81fbf9355f3ba	0000000000000000000000000000000000000000000000000000000000000000	14866b25bfec8d9088ea50e559c7cca8ad737550b972896b141596c723d09595
09ea66d3e841ce6f5d3a349a3f258a4341ba222b110a7a13b3c81fbf9355f3ba	0000000000000000000000000000000000000000000000000000000000000001	0000000000000000000000000000000000000000000000000000000000000001
09ea66d3e841ce6f5d3a349a3f258a4341ba222b110a7a13b3c81fbf9355f3ba	0000000000000000000000000000000000000000000000000000000000000001	fffffffffffffffffffffffffffffffffffffffffffffffffffffffefffffc2e
09ea66d3e841ce6f5d3a349a3f258a4341ba222b110a7a13b3c81fbf9355f3ba	fffffffffffffffffffffffffffffffffffffffffffffffffffffffefffffc2e	0000000000000000000000000000000000000000000000000000000000000001
09ea66d3e841ce6f5d3a349a3f258a4341ba222b110a7a13b3c81fbf9355f3ba	fffffffffffffffffffffffffffffffffffffffffffffffffffffffefffffc2e	fffffffffffffffffffffffffffffffffffffffffffffffffffffffefffffc2e
09ea66d3e841ce6f5d3a349a3f258a4341ba222b110a7a13b3c81fbf9355f3ba	00000000000000000000000000000000000000000000000000000001000003d1	00000000000000000000000000000000000000000000000000000001000003d2
09ea66d3e841ce6f5d3a349a3f258a4341ba222b110a7a13b3c81fbf9355f3ba	00000000000000000000000000000000ffffffffffffffffffffffffffffffff	0000000000000000000000000000000100000000000000000000000000000001
09ea66d3e841ce6f5d3a349a3f258a4341ba222b110a7a13b3c81fbf9355f3ba	7fffffffffffffffffffffffffffffffffffffffffffffffffffffffffffffed	00000000000000000000000000000000000000000000000000000001000003d1
09ea66d3e841ce6f5d3a349a3f258a4341ba222b110a7a13b3c81fbf9355f3ba	00000000000000000000000000000000000000000000000000000001000003d2	8000000000000000000000000000000000000000000000000000000000000013
09ea66d3e841ce6f5d3a349a3f258a4341ba222b110a7a13b3c81fbf9355f3ba	96de292ad08c05f33374ff077e037057cb1976be5fd11814eb427a298826a7de	f5a02b551d42e1af8af605ff1660926f160366df7b9584c2f4e83c5251d4ac4a
09ea66d3e841ce6f5d3a349a3f258a4341ba222b110a7a13b3c81fbf9355f3ba	4d6ec7bab20514a58c089d6067f55985b8392d48b5531403790e390b58cb6397	a3b527dc3ded3db1ebb2d76d1e0f1d3ba27e4a809a3654648bbde08dbf1f454c
09ea66d3e841ce6f5d3a349a3f258a4341ba222b110a7a13b3c81fbf9355f3ba	e45d6b3a7bab850fd4636fc1bec55df32d3abc216d2837543c5ba15d153069f1	ddbec74a741dcc3fccbef14fb226877249dae56655d5d9a1b1a073c6e04abe33
09ea66d3e841ce6f5d3a349a3f258a4341ba222b110a7a13b3c81fbf9355f3ba	bd9c04cdfd5b0caa1588bd3d277d72ace38f467b02aba014e5a8e90eeb3fbe1a	1bb54365673065de32ecf60d870ba0653ed1c3e18b6bedc01dd5d4dd04bbe4ca
09ea66d3e841ce6f5d3a349a3f258a4341ba222b110a7a13b3c81fbf9355f3ba	2beaf41bc983d4f633f48d269bfa408bfc599b1e1b73e28d09e3ee7ea71ac7a6	357cec24e0b81663bc645f7cf6352799e9e2022fd4915646b6785bedbcbe7334
09ea66d3e841ce6f5d3a349a3f258a4341ba222b110a7a13b3c81fbf9355f3ba	b5c07245c079654f786d357f629f0790f7723aad5562066fe2e4f01b9e1cddc8	a6584ec2aadddec9d4bd5db607d1f8bf5222837160d787d1353fcbbeaf9136fa
09ea66d3e841ce6f5d3a349a3f258a4341ba222b110a7a13b3c81fbf9355f3ba	5f7336cee5cf61f96cd20b5175605b709909aa714d33cc087d3466f57f617fff	bb61dcac06769ca45dd1f5557c5e315a0a5ef6c91f8f8fd8f6dec8c4855d4312
09ea66d3e841ce6f5d3a349a3f258a4341ba222b110a7a13b3c81fbf9355f3ba	2acc6dfff840182c12a710e41723c9d58be39cd1c35ca4bc90b833ab186ab981	1163f31315c921af267f5c165fa15639ff6a27f22da4f0d54a22c5756f4f01bb
09ea66d3e841ce6f5d3a349a3f258a4341ba222b110a7a13b3c81fbf9355f3ba	d4748cd56a1ba4db81904bd851953aa1e6ad2f30f789700f6a026e53fce2523e	03ad3d62b8d59506de2bbb6a0fb9b9e9c3e3840ceff473be4e7bae93d10a7aa7
09ea66d3e841ce6f5d3a349a3f258a4341ba222b110a7a13b3c81fbf9355f3ba	512ff00c68eaac642ac7ac7d377bf11621b1b12948db0eb2afed1bbb9abeb1c5	f2c52d8a84bfdbfdf0253c59082bf79ddf5cdadd40f16c27b3ec33a6545b905e
09ea66d3e841ce6f5d3a349a3f258a4341ba222b110a7a13b3c81fbf9355f3ba	02af8362bd0440652f8b0774287cb3d0d4d1d9f9cd0b4a348a63b5beae8d0bb4	c1b0638d4b66c508d947c069e7ca0d241c5ee6d149a290b3b1dab1f62f842b37
09ea66d3e841ce6f5d3a349a3f258a4341ba222b110a7a13b3c81fbf9355f3ba	d25b514f3ecd73eb99a9fb4df1427c72d13744c2c280a35a7e0de96e4ba264e6	e85a4bb427c8f87dd7840a7994234b7a8b3c783b7ac9584436fcbe4ff485a11c
09ea66d3e841ce6f5d3a349a3f258a4341ba222b110a7a13b3c81fbf9355f3ba	a914abac0c875449aa59bd68cc1f68bf74661024895373a19b8e770c89e48bf4	8ce849c8db38c84b2a44d6572a0772cf460a4c0c9b9edd81ed74b160f3498f67
09ea66d3e841ce6f5d3a349a3f258a4341ba222b110a7a13b3c81fbf9355f3ba	b42468bb21919254b35ba9b2d6196dacb763658d59b32092c19011fa56e5bab7	dca2587b05442efd5f959abd92d8ebcc00123da5227abd899d23727047ec47e1
09ea66d3e841ce6f5d3a349a3f258a4341ba222b110a7a13b3c81fbf9355f3ba	cdf9fb6f3e724045d145b38f4ba6029866d6eecb293b7446f663bd21619289d1	ef5d51b43d937b85b459606fdf44b9172e45f1855afde8da489c0878c98b6637
09ea66d3e841ce6f5d3a349a3f258a4341ba222b110a7a13b3c81fbf9355f3ba	fd574845f718a4699ab18dd690c0cb7d5a70e1d9e7cc79899d77dc2f820b0887	ef3df975bf32e79693f84a45aab6ce9a4ce8f6f255b2bc855334b23bd02f69c3
09ea66d3e841ce6f5d3a349a3f258a4341ba222b110a7a13b3c81fbf9355f3ba	3d01065fa8d2f127ec215cb633b545cc2e4ac01ef8e534f433e264d8466cec92	5900b78154d61769c01f152b1d733b6c6d342e64b9f80882cad772c19dced026
09ea66d3e841ce6f5d3a349a3f258a4341ba222b110a7a13b3c81fbf9355f3ba	921c715d3cff5e9294c47bb3701a2b5298ce18ac820b35f9041f0ef64a515b5c	52f4f74a17a5423f6b79fe78aa1f75a581a552605bc4e1c8d715fa578181c210
09ea66d3e841ce6f5d3a349a3f258a4341ba222b110a7a13b3c81fbf9355f3ba	0683e5161c3e6b59b9e88f8164b15ede68d7fb5f73224130d408e6b944bb1c54	471e1faf3b5fb3cb68d996af8dd80565751b48ca94da9cf079b6d83e5bdb6c97
09ea66d3e841ce6f5d3a349a3f258a4341ba222b110a7a13b3c81fbf9355f3ba	713ecac72d72778c195d5d9c494545f5310f11cc91d2682f32637262247f7d22	21efca2d51daf34d53309b5169d1da162e64194961ac01924604d8ab6c946ffb
09ea66d3e841ce6f5d3a349a3f258a4341ba222b110a7a13b3c81fbf9355f3ba	9b97ed60917ef827867593286ae20f87081430029c151e22f91f48dd824942af	4d8cacbf43ee8a53bc0fa467890739c1768af3cfe20fe49355cf238fc7472113
09ea66d3e841ce6f5d3a349a3f258a4341ba222b110a7a13b3c81fbf9355f3ba	18e2c312b8a96ec1562fa25d3622bbb6722736e47326da420bd49b5b74db66c4	f3c1683b267f956469878122341d36c533f5c407b0583165d6c049cc4af22519
09ea66d3e841ce6f5d3a349a3f258a4341ba222b110a7a13b3c81fbf9355f3ba	98d143525569f7bdaa02c909b6c26e24aaf33ab175e1b0e95ee0219e105c65c2	609315be080284ee9e9d6cc6b37e0b2fd157775c2ef7fc241e687fbdb359d21f
09ea66d3e841ce6f5d3a349a3f258a4341ba222b110a7a13b3c81fbf9355f3ba	defb17327fcc7a1eb8639e91a8c20792ef1e516ceabc01a0e650593dc60d80fd	39fab05c3e9287d0cf82d07c743e3ada7f5173e2675a574a546e590a07477a29
132e856fbd59a914205d862ab346d7a64c853f2f14c8a9f61254751d06de4a37	0000000000000000000000000000000000000000000000000000000000000000	0000000000000000000000000000000000000000000000000000000000000001
132e856fbd59a914205d862ab346d7a64c853f2f14c8a9f61254751d06de4a37	0000000000000000000000000000000000000000000000000000000000000000	0000000000000000000000000000000000000000000000000000000000000002
132e856fbd59a914205d862ab346d7a64c853f2f14c8a9f61254751d06de4a37	0000000000000000000000000000000000000000000000000000000000000000	0000000000000000000000000000000000000000000000000000000000000003
132e856fbd59a914205d862ab346d7a64c853f2f14c8a9f61254751d06de4a37	0000000000000000000000000000000000000000000000000000000000000000	00000000000000000000000000000000000000000000000000000001000003d0
132e856fbd59a914205d862ab346d7a64c853f2f14c8a9f61254751d06de4a37	0000000000000000000000000000000000000000000000000000000000000000	00000000000000000000000000000000000000000000000000000001000003d1
132e856fbd59a914205d862ab346d7a64c853f2f14c8a9f61254751d06de4a37	0000000000000000000000000000000000000000000000000000000000000000	00000000000000000000000000000000000000000000000000000001000003d2
132e856fbd59a914205d862ab346d7a64c853f2f14c8a9f61254751d06de4a37	0000000000000000000000000000000000000000000000000000000000000000	0000000000000000000000000000000100000000000000000000000000000001
132e856fbd59a914205d862ab346d7a64c853f2f14c8a9f61254751d06de4a37	0000000000000000000000000000000000000000000000000000000000000000	fffffffffffffffffffffffffffffffffffffffffffffffffffffffefffffc2e
132e856fbd59a914205d862ab346d7a64c853f2f14c8a9f61254751d06de4a37	0000000000000000000000000000000000000000000000000000000000000000	9f69ee183927f2de409371d48b0733735c9568941bfe791cb02499365401facb
132e856fbd59a914205d862ab346d7a64c853f2f14c8a9f61254751d06de4a37	0000000000000000000000000000000000000000000000000000000000000000	d3c5244fc0c8c00553ff409212b6a57b0a3b623ee0bc7b23d9147250759aa415
132e856fbd59a914205d862ab346d7a64c853f2f14c8a9f61254751d06de4a37	0000000000000000000000000000000000000000000000000000000000000000	5dcdef1aadba6e6f9fa7a194cf6a71df9168d97d2e9ca4dc296908565f00b4d9
132e856fbd59a914205d862ab346d7a64c853f2f14c8a9f61254751d06de4a37	0000000000000000000000000000000000000000000000000000000000000000	d534d578d3e1eb2b1690b9a2d4b2d2d84100437c040d8b79df6fffed9032d272
132e856fbd59a914205d862ab346d7a64c853f2f14c8a9f61254751d06de4a37	0000000000000000000000000000000000000000000000000000000000000000	f66fbe57319563b64a8f58cd428595b307c07a72b2164595c11d283eab60b45c
132e856fbd59a914205d862ab346d7a64c853f2f14c8a9f61254751d06de4a37	0000000000000000000000000000000000000000000000000000000000000000	400e17f31c864b185ee05029b4ca04a020c29967468e73e015981536dedd5700
132e856fbd59a914205d862ab346d7a64c853f2f14c8a9f61254751d06de4a37	0000000000000000000000000000000000000000000000000000000000000000	d435856f9ab6ccc30eb8a023031b74008865b8b6a0ce79565dfb4936b4b73fb5
132e856fbd59a914205d862ab346d7a64c853f2f14c8a9f61254751d06de4a37	0000000000000000000000000000000000000000000000000000000000000000	19347eb1e110c6697b2151d083099e040675b4cfa6923f26ad57d963c97e1512
132e856fbd59a914205d862ab346d7a64c853f2f14c8a9f61254751d06de4a37	0000000000000000000000000000000000000000000000000000000000000000	b4779d0db00a11f69106d731567d0ad360668f49b2481481d932e714a143e45f
132e856fbd59a914205d862ab346d7a64c853f2f14c8a9f61254751d06de4a37	0000000000000000000000000000000000000000000000000000000000000000	99d83593a28df721d8a102e8776220d5aec0976a7b2283f6065686dafe7e51fb
132e856fbd59a914205d862ab346d7a64c853f2f14c8a9f61254751d06de4a37	0000000000000000000000000000000000000000000000000000000000000000	ba4e25b946a879db07bca35656369b0b2979018a9ad29eea7a1777fd5fd39c85
132e856fbd59a914205d862ab346d7a64c853f2f14c8a9f61254751d06de4a37	0000000000000000000000000000000000000000000000000000000000000000	40b40b9c7f95437f05fab8bbb92a269c56994ea170dfacdd3b3952c1ec8bc580
132e856fbd59a914205d862ab346d7a64c853f2f14c8a9f61254751d06de4a37	0000000000000000000000000000000000000000000000000000000000000000	b63351de682f433979d63242bbfa3b025d702b2537cd6d9c9e957ca15d1deac8
132e856fbd59a914205d862ab346d7a64c853f2f14c8a9f61254751d06de4a37	0000000000000000000000000000000000000000000000000000000000000000	7558116f93c6298ec934167195825c927f3ce843e06d8dd8a7343861e7dce9d9
132e856fbd59a914205d862ab346d7a64c853f2f14c8a9f61254751d06de4a37	0000000000000000000000000000000000000000000000000000000000000000	dff894f905106cd06ad1dbe2c1c46aa79b53e9406b796e7c4016a7d6353db602
132e856fbd59a914205d862ab346d7a64c853f2f14c8a9f61254751d06de4a37	0000000000000000000000000000000000000000000000000000000000000000	994c52cd54933a2d4a1f216cc9332d2c3c642bcb967c6948aacdd903536b6325
132e856fbd59a914205d862ab346d7a64c853f2f14c8a9f61254751d06de4a37	0000000000000000000000000000000000000000000000000000000000000000	4b3198f4ba8705ac3c84d34411a488c5972a8e5a16d4726f0f077650d2871bdf
132e856fbd59a914205d862ab346d7a64c853f2f14c8a9f61254751d06de4a37	0000000000000000000000000000000000000000000000000000000000000000	174bae57a2d7a1629ba040e754ef59a8b0eda026eb917c3cc139a86c88646978
132e856fbd59a914205d862ab346d7a64c853f2f14c8a9f61254751d06de4a37	0000000000000000000000000000000000000000000000000000000000000000	0ea05b5d5f3613201470d6192914c594827bfe1afe65cb722b4a2393e4f8fbdd
132e856fbd59a914205d862ab346d7a64c853f2f14c8a9f61254751d06de4a37	0000000000000000000000000000000000000000000000000000000000000000	9351b1da87f6b5eb7537fafa579b08ff8779d847c3eb282cf6b608d3c44bef55
132e856fbd59a914205d862ab346d7a64c853f2f14c8a9f61254751d06de4a37	0000000000000000000000000000000000000000000000000000000000000000	ee3056755f73938fe24874c6e48e7179fc7c9cf584e86c49da8cdb2436d3caf8
132e856fbd59a914205d862ab346d7a64c853f2f14c8a9f61254751d06de4a37	0000000000000000000000000000000000000000000000000000000000000000	483f81fc39a2d891702b937b846a53cd1c958dc6bd180c02059bdecd2cb3c5b9
132e856fbd59a914205d862ab346d7a64c853f2f14c8a9f61254751d06de4a37	0000000000000000000000000000000000000000000000000000000000000000	9bdb8c2fb94e8eb23b0b82372348b7f665c83cc61618aef659c20cafc3756577
132e856fbd59a914205d862ab346d7a64c853f2f14c8a9f61254751d06de4a37	0000000000000000000000000000000000000000000000000000000000000000	14866b25bfec8d9088ea50e559c7cca8ad737550b972896b141596c723d09595
132e856fbd59a914205d862ab346d7a64c853f2f14c8a9f61254751d06de4a37	0000000000000000000000000000000000000000000000000000000000000001	0000000000000000000000000000000000000000000000000000000000000001
132e856fbd59a914205d862ab346d7a64c853f2f14c8a9f61254751d06de4a37	0000000000000000000000000000000000000000000000000000000000000001	fffffffffffffffffffffffffffffffffffffffffffffffffffffffefffffc2e
132e856fbd59a914205d862ab346d7a64c853f2f14c8a9f61254751d06de4a37	fffffffffffffffffffffffffffffffffffffffffffffffffffffffefffffc2e	0000000000000000000000000000000000000000000000000000000000000001
132e856fbd59a914205d862ab346d7a64c853f2f14c8a9f61254751d06de4a37	fffffffffffffffffffffffffffffffffffffffffffffffffffffffefffffc2e	fffffffffffffffffffffffffffffffffffffffffffffffffffffffefffffc2e
132e856fbd59a914205d862ab346d7a64c853f2f14c8a9f61254751d06de4a37	00000000000000000000000000000000000000000000000000000001000003d1	00000000000000000000000000000000000000000000000000000001000003d2
132e856fbd59a914205d862ab346d7a64c853f2f14c8a9f61254751d06de4a37	00000000000000000000000000000000ffffffffffffffffffffffffffffffff	0000000000000000000000000000000100000000000000000000000000000001
132e856fbd59a914205d862ab346d7a64c853f2f14c8a9f61254751d06de4a37	7fffffffffffffffffffffffffffffffffffffffffffffffffffffffffffffed	00000000000000000000000000000000000000000000000000000001000003d1
132e856fbd59a914205d862ab346d7a64c853f2f14c8a9f61254751d06de4a37	00000000000000000000000000000000000000000000000000000001000003d2	8000000000000000000000000000000000000000000000000000000000000013
132e856fbd59a914205d862ab346d7a64c853f2f14c8a9f61254751d06de4a37	96de292ad08c05f33374ff077e037057cb1976be5fd11814eb427a298826a7de	f5a02b551d42e1af8af605ff1660926f160366df7b9584c2f4e83c5251d4ac4a
132e856fbd59a914205d862ab346d7a64c853f2f14c8a9f61254751d06de4a37	4d6ec7bab20514a58c089d6067f55985b8392d48b5531403790e390b58cb6397	a3b527dc3ded3db1ebb2d76d1e0f1d3ba27e4a809a3654648bbde08dbf1f454c
132e856fbd59a914205d862ab346d7a64c853f2f14c8a9f61254751d06de4a37	e45d6b3a7bab850fd4636fc1bec55df32d3abc216d2837543c5ba15d153069f1	ddbec74a741dcc3fccbef14fb226877249dae56655d5d9a1b1a073c6e04abe33
132e856fbd59a914205d862ab346d7a64c853f2f14c8a9f61254751d06de4a37	bd9c04cdfd5b0caa1588bd3d277d72ace38f467b02aba014e5a8e90eeb3fbe1a	1bb54365673065de32ecf60d870ba0653ed1c3e18b6bedc01dd5d4dd04bbe4ca
132e856fbd59a914205d862ab346d7a64c853f2f14c8a9f61254751d06de4a37	2beaf41bc983d4f633f48d269bfa408bfc599b1e1b73e28d09e3ee7ea71ac7a6	357cec24e0b81663bc645f7cf6352799e9e2022fd4915646b6785bedbcbe7334
132e856fbd59a914205d862ab346d7a64c853f2f14c8a9f61254751d06de4a37	b5c07245c079654f786d357f629f0790f7723aad5562066fe2e4f01b9e1cddc8	a6584ec2aadddec9d4bd5db607d1f8bf5222837160d787d1353fcbbeaf9136fa
132e856fbd59a914205d862ab346d7a64c853f2f14c8a9f61254751d06de4a37	5f7336cee5cf61f96cd20b5175605b709909aa714d33cc087d3466f57f617fff	bb61dcac06769ca45dd1f5557c5e315a0a5ef6c91f8f8fd8f6dec8c4855d4312
132e856fbd59a914205d862ab346d7a64c853f2f14c8a9f61254751d06de4a37	2acc6dfff840182c12a710e41723c9d58be39cd1c35ca4bc90b833ab186ab981	1163f31315c921af267f5c165fa15639ff6a27f22da4f0d54a22c5756f4f01bb
132e856fbd59a914205d862ab346d7a64c853f2f14c8a9f61254751d06de4a37	d4748cd56a1ba4db81904bd851953aa1e6ad2f30f789700f6a026e53fce2523e	03ad3d62b8d59506de2bbb6a0fb9b9e9c3e3840ceff473be4e7bae93d10a7aa7
132e856fbd59a914205d862ab346d7a64c853f2f14c8a9f61254751d06de4a37	512ff00c68eaac642ac7ac7d377bf11621b1b12948db0eb2afed1bbb9abeb1c5	f2c52d8a84bfdbfdf0253c59082bf79ddf5cdadd40f16c27b3ec33a6545b905e
132e856fbd59a914205d862ab346d7a64c853f2f14c8a9f61254751d06de4a37	02af8362bd0440652f8b0774287cb3d0d4d1d9f9cd0b4a348a63b5beae8d0bb4	c1b0638d4b66c508d947c069e7ca0d241c5ee6d149a290b3b1dab1f62f842b37
132e856fbd59a914205d862ab346d7a64c853f2f14c8a9f61254751d06de4a37	d25b514f3ecd73eb99a9fb4df1427c72d13744c2c280a35a7e0de96e4ba264e6	e85a4bb427c8f87dd7840a7994234b7a8b3c783b7ac9584436fcbe4ff485a11c
132e856fbd59a914205d862ab346d7a64c853f2f14c8a9f61254751d06de4a37	a914abac0c875449aa59bd68cc1f68bf74661024895373a19b8e770c89e48bf4	8ce849c8db38c84b2a44d6572a0772cf460a4c0c9b9edd81ed74b160f3498f67
132e856fbd59a914205d862ab346d7a64c853f2f14c8a9f61254751d06de4a37	b42468bb21919254b35ba9b2d6196dacb763658d59b32092c19011fa56e5bab7	dca2587b05442efd5f959abd92d8ebcc00123da5227abd899d23727047ec47e1
132e856fbd59a914205d862ab346d7a64c853f2f14c8a9f61254751d06de4a37	cdf9fb6f3e724045d145b38f4ba6029866d6eecb293b7446f663bd21619289d1	ef5d51b43d937b85b459606fdf44b9172e45f1855afde8da489c0878c98b6637
132e856fbd59a914205d862ab346d7a64c853f2f14c8a9f61254751d06de4a37	fd574845f718a4699ab18dd690c0cb7d5a70e1d9e7cc79899d77dc2f820b0887	ef3df975bf32e79693f84a45aab6ce9a4ce8f6f255b2bc855334b23bd02f69c3
132e856fbd59a914205d862ab346d7a64c853f2f14c8a9f61254751d06de4a37	3d01065fa8d2f127ec215cb633b545cc2e4ac01ef8e534f433e264d8466cec92	5900b78154d61769c01f152b1d733b6c6d342e64b9f80882cad772c19dced026
132e856fbd59a914205d862ab346d7a64c853f2f14c8a9f61254751d06de4a37	921c715d3cff5e9294c47bb3701a2b5298ce18ac820b35f9041f0ef64a515b5c	52f4f74a17a5423f6b79fe78aa1f75a581a552605bc4e1c8d715fa578181c210
132e856fbd59a914205d862ab346d7a64c853f2f14c8a9f61254751d06de4a37	0683e5161c3e6b59b9e88f8164b15ede68d7fb5f73224130d408e6b944bb1c54	471e1faf3b5fb3cb68d996af8dd80565751b48ca94da9cf079b6d83e5bdb6c97
132e856fbd59a914205d862ab346d7a64c853f2f14c8a9f61254751d06de4a37	713ecac72d72778c195d5d9c494545f5310f11cc91d2682f32637262247f7d22	21efca2d51daf34d53309b5169d1da162e64194961ac01924604d8ab6c946ffb
132e856fbd59a914205d862ab346d7a64c853f2f14c8a9f61254751d06de4a37	9b97ed60917ef827867593286ae20f87081430029c151e22f91f48dd824942af	4d8cacbf43ee8a53bc0fa467890739c1768af3cfe20fe49355cf238fc7472113
132e856fbd59a914205d862ab346d7a64c853f2f14c8a9f61254751d06de4a37	18e2c312b8a96ec1562fa25d3622bbb6722736e47326da420bd49b5b74db66c4	f3c1683b267f956469878122341d36c533f5c407b0583165d6c049cc4af22519
132e856fbd59a914205d862ab346d7a64c853f2f14c8a9f61254751d06de4a37	98d143525569f7bdaa02c909b6c26e24aaf33ab175e1b0e95ee0219e105c65c2	609315be080284ee9e9d6cc6b37e0b2fd157775c2ef7fc241e687fbdb359d21f
132e856fbd59a914205d862ab346d7a64c853f2f14c8a9f61254751d06de4a37	defb17327fcc7a1eb8639e91a8c20792ef1e516ceabc01a0e650593dc60d80fd	39fab05c3e9287d0cf82d07c743e3ada7f5173e2675a574a546e590a07477a29
4c1bbeaa68cbd9521571bcaed57fc170560a58a906bda42a8f2289e3b9d619eb	0000000000000000000000000000000000000000000000000000000000000000	0000000000000000000000000000000000000000000000000000000000000001
4c1bbeaa68cbd9521571bcaed57fc170560a58a906bda42a8f2289e3b9d619eb	0000000000000000000000000000000000000000000000000000000000000000	0000000000000000000000000000000000000000000000000000000000000002
4c1bbeaa68cbd9521571bcaed57fc170560a58a906bda42a8f2289e3b9d619eb	0000000000000000000000000000000000000000000000000000000000000000	0000000000000000000000000000000000000000000000000000000000000003
4c1bbeaa68cbd9521571bcaed57fc170560a58a906bda42a8f2289e3b9d619eb	0000000000000000000000000000000000000000000000000000000000000000	00000000000000000000000000000000000000000000000000000001000003d0
4c1bbeaa68cbd9521571bcaed57fc170560a58a906bda42a8f2289e3b9d619eb	0000000000000000000000000000000000000000000000000000000000000000	00000000000000000000000000000000000000000000000000000001000003d1
4c1bbeaa68cbd9521571bcaed57fc170560a58a906bda42a8f2289e3b9d619eb	0000000000000000000000000000000000000000000000000000000000000000	00000000000000000000000000000000000000000000000000000001000003d2
4c1bbeaa68cbd9521571bcaed57fc170560a58a906bda42a8f2289e3b9d619eb	0000000000000000000000000000000000000000000000000000000000000000	0000000000000000000000000000000100000000000000000000000000000001
4c1bbeaa68cbd9521571bcaed57fc170560a58a906bda42a8f2289e3b9d619eb	0000000000000000000000000000000000000000000000000000000000000000	fffffffffffffffffffffffffffffffffffffffffffffffffffffffefffffc2e
4c1bbeaa68cbd9521571bcaed57fc170560a58a906bda42a8f2289e3b9d619eb	0000000000000000000000000000000000000000000000000000000000000000	9f69ee183927f2de409371d48b0733735c9568941bfe791cb02499365401facb
4c1bbeaa68cbd9521571bcaed57fc170560a58a906bda42a8f2289e3b9d619eb	0000000000000000000000000000000000000000000000000000000000000000	d3c5244fc0c8c00553ff409212b6a57b0a3b623ee0bc7b23d9147250759aa415
4c1bbeaa68cbd9521571bcaed57fc170560a58a906bda42a8f2289e3b9d619eb	0000000000000000000000000000000000000000000000000000000000000000	5dcdef1aadba6e6f9fa7a194cf6a71df9168d97d2e9ca4dc296908565f00b4d9
4c1bbeaa68cbd9521571bcaed57fc170560a58a906bda42a8f2289e3b9d619eb	0000000000000000000000000000000000000000000000000000000000000000	d534d578d3e1eb2b1690b9a2d4b2d2d84100437c040d8b79df6fffed9032d272
4c1bbeaa68cbd9521571bcaed57fc170560a58a906bda42a8f2289e3b9d619eb	0000000000000000000000000000000000000000000000000000000000000000	f66fbe57319563b64a8f58cd428595b307c07a72b2164595c11d283eab60b45c
4c1bbeaa68cbd9521571bcaed57fc170560a58a906bda42a8f2289e3b9d619eb	0000000000000000000000000000000000000000000000000000000000000000	400e17f31c864b185ee05029b4ca04a020c29967468e73e015981536dedd5700
4c1bbeaa68cbd9521571bcaed57fc170560a58a906bda42a8f2289e3b9d619eb	0000000000000000000000000000000000000000000000000000000000000000	d435856f9ab6ccc30eb8a023031b74008865b8b6a0ce79565dfb4936b4b73fb5
4c1bbeaa68cbd9521571bcaed57fc170560a58a906bda42a8f2289e3b9d619eb	0000000000000000000000000000000000000000000000000000000000000000	19347eb1e110c6697b2151d083099e040675b4cfa6923f26ad57d963c97e1512
4c1bbeaa68cbd9521571bcaed57fc170560a58a906bda42a8f2289e3b9d619eb	0000000000000000000000000000000000000000000000000000000000000000	b4779d0db00a11f69106d731567d0ad360668f49b2481481d932e714a143e45f
4c1bbeaa68cbd9521571bcaed57fc170560a58a906bda42a8f2289e3b9d619eb	0000000000000000000000000000000000000000000000000000000000000000	99d83593a28df721d8a102e8776220d5aec0976a7b2283f6065686dafe7e51fb
4c1bbeaa68cbd9521571bcaed57fc170560a58a906bda42a8f2289e3b9d619eb	0000000000000000000000000000000000000000000000000000000000000000	ba4e25b946a879db07bca35656369b0b2979018a9ad29eea7a1777fd5fd39c85
4c1bbeaa68cbd9521571bcaed57fc170560a58a906bda42a8f2289e3b9d619eb	0000000000000000000000000000000000000000000000000000000000000000	40b40b9c7f95437f05fab8bbb92a269c56994ea170dfacdd3b3952c1ec8bc580
4c1bbeaa68cbd9521571bcaed57fc170560a58a906bda42a8f2289e3b9d619eb	0000000000000000000000000000000000000000000000000000000000000000	b63351de682f433979d63242bbfa3b025d702b2537cd6d9c9e957ca15d1deac8
4c1bbeaa68cbd9521571bcaed57fc170560a58a906bda42a8f2289e3b9d619eb	0000000000000000000000000000000000000000000000000000000000000000	7558116f93c6298ec934167195825c927f3ce843e06d8dd8a7343861e7dce9d9
4c1bbeaa68cbd9521571bcaed57fc170560a58a906bda42a8f2289e3b9d619eb	0000000000000000000000000000000000000000000000000000000000000000	dff894f905106cd06ad1dbe2c1c46aa79b53e9406b796e7c4016a7d6353db602
4c1bbeaa68cbd9521571bcaed57fc170560a58a906bda42a8f2289e3b9d619eb	0000000000000000000000000000000000000000000000000000000000000000	994c52cd54933a2d4a1f216cc9332d2c3c642bcb967c6948aacdd903536b6325
4c1bbeaa68cbd9521571bcaed57fc170560a58a906bda42a8f2289e3b9d619eb	0000000000000000000000000000000000000000000000000000000000000000	4b3198f4ba8705ac3c84d34411a488c5972a8e5a16d4726f0f077650d2871bdf
4c1bbeaa68cbd9521571bcaed57fc170560a58a906bda42a8f2289e3b9d619eb	0000000000000000000000000000000000000000000000000000000000000000	174bae57a2d7a1629ba040e754ef59a8b0eda026eb917c3cc139a86c88646978
4c1bbeaa68cbd9521571bcaed57fc170560a58a906bda42a8f2289e3b9d619eb	0000000000000000000000000000000000000000000000000000000000000000	0ea05b5d5f3613201470d6192914c594827bfe1afe65cb722b4a2393e4f8fbdd
4c1bbeaa68cbd9521571bcaed57fc170560a58a906bda42a8f2289e3b9d619eb	0000000000000000000000000000000000000000000000000000000000000000	9351b1da87f6b5eb7537fafa579b08ff8779d847c3eb282cf6b608d3c44bef55
4c1bbeaa68cbd9521571bcaed57fc170560a58a906bda42a8f2289e3b9d619eb	0000000000000000000000000000000000000000000000000000000000000000	ee3056755f73938fe24874c6e48e7179fc7c9cf584e86c49da8cdb2436d3caf8
4c1bbeaa68cbd9521571bcaed57fc170560a58a906bda42a8f2289e3b9d619eb	0000000000000000000000000000000000000000000000000000000000000000	483f81fc39a2d891702b937b846a53cd1c958dc6bd180c02059bdecd2cb3c5b9
4c1bbeaa68cbd9521571bcaed57fc170560a58a906bda42a8f2289e3b9d619eb	0000000000000000000000000000000000000000000000000000000000000000	9bdb8c2fb94e8eb23b0b82372348b7f665c83cc61618aef659c20cafc3756577
4c1bbeaa68cbd9521571bcaed57fc170560a58a906bda42a8f2289e3b9d619eb	0000000000000000000000000000000000000000000000000000000000000000	14866b25bfec8d9088ea50e559c7cca8ad737550b972896b141596c723d09595
4c1bbeaa68cbd9521571bcaed57fc170560a58a906bda42a8f2289e3b9d619eb	0000000000000000000000000000000000000000000000000000000000000001	0000000000000000000000000000000000000000000000000000000000000001
4c1bbeaa68cbd9521571bcaed57fc170560a58a906bda42a8f2289e3b9d619eb	0000000000000000000000000000000000000000000000000000000000000001	fffffffffffffffffffffffffffffffffffffffffffffffffffffffefffffc2e
4c1bbeaa68cbd9521571bcaed57fc170560a58a906bda42a8f2289e3b9d619eb	fffffffffffffffffffffffffffffffffffffffffffffffffffffffefffffc2e	0000000000000000000000000000000000000000000000000000000000000001
4c1bbeaa68cbd9521571bcaed57fc170560a58a906bda42a8f2289e3b9d619eb	fffffffffffffffffffffffffffffffffffffffffffffffffffffffefffffc2e	fffffffffffffffffffffffffffffffffffffffffffffffffffffffefffffc2e
4c1bbeaa68cbd9521571bcaed57fc170560a58a906bda42a8f2289e3b9d619eb	00000000000000000000000000000000000000000000000000000001000003d1	00000000000000000000000000000000000000000000000000000001000003d2
4c1bbeaa68cbd9521571bcaed57fc170560a58a906bda42a8f2289e3b9d619eb	00000000000000000000000000000000ffffffffffffffffffffffffffffffff	0000000000000000000000000000000100000000000000000000000000000001
4c1bbeaa68cbd9521571bcaed57fc170560a58a906bda42a8f2289e3b9d619eb	7fffffffffffffffffffffffffffffffffffffffffffffffffffffffffffffed	00000000000000000000000000000000000000000000000000000001000003d1
4c1bbeaa68cbd9521571bcaed57fc170560a58a906bda42a8f2289e3b9d619eb	00000000000000000000000000000000000000000000000000000001000003d2	8000000000000000000000000000000000000000000000000000000000000013
4c1bbeaa68cbd9521571bcaed57fc170560a58a906bda42a8f2289e3b9d619eb	96de292ad08c05f33374ff077e037057cb1976be5fd11814eb427a298826a7de	f5a02b551d42e1af8af605ff1660926f160366df7b9584c2f4e83c5251d4ac4a
4c1bbeaa68cbd9521571bcaed57fc170560a58a906bda42a8f2289e3b9d619eb	4d6ec7bab20514a58c089d6067f55985b8392d48b5531403790e390b58cb6397	a3b527dc3ded3db1ebb2d76d1e0f1d3ba27e4a809a3654648bbde08dbf1f454c
4c1bbeaa68cbd9521571bcaed57fc170560a58a906bda42a8f2289e3b9d619eb	e45d6b3a7bab850fd4636fc1bec55df32d3abc216d2837543c5ba15d153069f1	ddbec74a741dcc3fccbef14fb226877249dae56655d5d9a1b1a073c6e04abe33
4c1bbeaa68cbd9521571bcaed57fc170560a58a906bda42a8f2289e3b9d619eb	bd9c04cdfd5b0caa1588bd3d277d72ace38f467b02aba014e5a8e90eeb3fbe1a	1bb54365673065de32ecf60d870ba0653ed1c3e18b6bedc01dd5d4dd04bbe4ca
4c1bbeaa68cbd9521571bcaed57fc170560a58a906bda42a8f2289e3b9d619eb	2beaf41bc983d4f633f48d269bfa408bfc599b1e1b73e28d09e3ee7ea71ac7a6	357cec24e0b81663bc645f7cf6352799e9e2022fd4915646b6785bedbcbe7334
4c1bbeaa68cbd9521571bcaed57fc170560a58a906bda42a8f2289e3b9d619eb	b5c07245c079654f786d357f629f0790f7723aad5562066fe2e4f01b9e1cddc8	a6584ec2aadddec9d4bd5db607d1f8bf5222837160d787d1353fcbbeaf9136fa
4c1bbeaa68cbd9521571bcaed57fc170560a58a906bda42a8f2289e3b9d619eb	5f7336cee5cf61f96cd20b5175605b709909aa714d33cc087d3466f57f617fff	bb61dcac06769ca45dd1f5557c5e315a0a5ef6c91f8f8fd8f6dec8c4855d4312
4c1bbeaa68cbd9521571bcaed57fc170560a58a906bda42a8f2289e3b9d619eb	2acc6dfff840182c12a710e41723c9d58be39cd1c35ca4bc90b833ab186ab981	1163f31315c921af267f5c165fa15639ff6a27f22da4f0d54a22c5756f4f01bb
4c1bbeaa68cbd9521571bcaed57fc170560a58a906bda42a8f2289e3b9d619eb	d4748cd56a1ba4db81904bd851953aa1e6ad2f30f789700f6a026e53fce2523e	03ad3d62b8d59506de2bbb6a0fb9b9e9c3e3840ceff473be4e7bae93d10a7aa7
4c1bbeaa68cbd9521571bcaed57fc170560a58a906bda42a8f2289e3b9d619eb	512ff00c68eaac642ac7ac7d377bf11621b1b12948db0eb2afed1bbb9abeb1c5	f2c52d8a84bfdbfdf0253c59082bf79ddf5cdadd40f16c27b3ec33a6545b905e
4c1bbeaa68cbd9521571bcaed57fc170560a58a906bda42a8f2289e3b9d619eb	02af8362bd0440652f8b0774287cb3d0d4d1d9f9cd0b4a348a63b5beae8d0bb4	c1b0638d4b66c508d947c069e7ca0d241c5ee6d149a290b3b1dab1f62f842b37
4c1bbeaa68cbd9521571bcaed57fc170560a58a906bda42a8f2289e3b9d619eb	d25b514f3ecd73eb99a9fb4df1427c72d13744c2c280a35a7e0de96e4ba264e6	e85a4bb427c8f87dd7840a7994234b7a8b3c783b7ac9584436fcbe4ff485a11c
4c1bbeaa68cbd9521571bcaed57fc170560a58a906bda42a8f2289e3b9d619eb	a914abac0c875449aa59bd68cc1f68bf74661024895373a19b8e770c89e48bf4	8ce849c8db38c84b2a44d6572a0772cf460a4c0c9b9edd81ed74b160f3498f67
4c1bbeaa68cbd9521571bcaed57fc170560a58a906bda42a8f2289e3b9d619eb	b42468bb21919254b35ba9b2d6196dacb763658d59b32092c19011fa56e5bab7	dca2587b05442efd5f959abd92d8ebcc00123da5227abd899d23727047ec47e1
4c1bbeaa68cbd9521571bcaed57fc170560a58a906bda42a8f2289e3b9d619eb	cdf9fb6f3e724045d145b38f4ba6029866d6eecb293b7446f663bd21619289d1	ef5d51b43d937b85b459606fdf44b9172e45f1855afde8da489c0878c98b6637
4c1bbeaa68cbd9521571bcaed57fc170560a58a906bda42a8f2289e3b9d619eb	fd574845f718a4699ab18dd690c0cb7d5a70e1d9e7cc79899d77dc2f820b0887	ef3df975bf32e79693f84a45aab6ce9a4ce8f6f255b2bc855334b23bd02f69c3
4c1bbeaa68cbd9521571bcaed57fc170560a58a906bda42a8f2289e3b9d619eb	3d01065fa8d2f127ec215cb633b545cc2e4ac01ef8e534f433e264d8466cec92	5900b78154d61769c01f152b1d733b6c6d342e64b9f80882cad772c19dced026
4c1bbeaa68cbd9521571bcaed57fc170560a58a906bda42a8f2289e3b9d619eb	921c715d3cff5e9294c47bb3701a2b5298ce18ac820b35f9041f0ef64a515b5c	52f4f74a17a5423f6b79fe78aa1f75a581a552605bc4e1c8d715fa578181c210
4c1bbeaa68cbd9521571bcaed57fc170560a58a906bda42a8f2289e3b9d619eb	0683e5161c3e6b59b9e88f8164b15ede68d7fb5f73224130d408e6b944bb1c54	471e1faf3b5fb3cb68d996af8dd80565751b48ca94da9cf079b6d83e5bdb6c97
4c1bbeaa68cbd9521571bcaed57fc170560a58a906bda42a8f2289e3b9d619eb	713ecac72d72778c195d5d9c494545f5310f11cc91d2682f32637262247f7d22	21efca2d51daf34d53309b5169d1da162e64194961ac01924604d8ab6c946ffb
4c1bbeaa68cbd9521571bcaed57fc170560a58a906bda42a8f2289e3b9d619eb	9b97ed60917ef827867593286ae20f87081430029c151e22f91f48dd824942af	4d8cacbf43ee8a53bc0fa467890739c1768af3cfe20fe49355cf238fc7472113
4c1bbeaa68cbd9521571bcaed57fc170560a58a906bda42a8f2289e3b9d619eb	18e2c312b8a96ec1562fa25d3622bbb6722736e47326da420bd49b5b74db66c4	f3c1683b267f956469878122341d36c533f5c407b0583165d6c049cc4af22519
4c1bbeaa68cbd9521571bcaed57fc170560a58a906bda42a8f2289e3b9d619eb	98d143525569f7bdaa02c909b6c26e24aaf33ab175e1b0e95ee0219e105c65c2	609315be080284ee9e9d6cc6b37e0b2fd157775c2ef7fc241e687fbdb359d21f
4c1bbeaa68cbd9521571bcaed57fc170560a58a906bda42a8f2289e3b9d619eb	defb17327fcc7a1eb8639e91a8c20792ef1e516ceabc01a0e650593dc60d80fd	39fab05c3e9287d0cf82d07c743e3ada7f5173e2675a574a546e590a07477a29
de7a819c867e9078b5e53902354e2534224a78dfed25703ec178bee023365bfc	0000000000000000000000000000000000000000000000000000000000000000	0000000000000000000000000000000000000000000000000000000000000001
de7a819c867e9078b5e53902354e2534224a78dfed25703ec178bee023365bfc	0000000000000000000000000000000000000000000000000000000000000000	0000000000000000000000000000000000000000000000000000000000000002
de7a819c867e9078b5e53902354e2534224a78dfed25703ec178bee023365bfc	0000000000000000000000000000000000000000000000000000000000000000	0000000000000000000000000000000000000000000000000000000000000003
de7a819c867e9078b5e53902354e2534224a78dfed25703ec178bee023365bfc	0000000000000000000000000000000000000000000000000000000000000000	00000000000000000000000000000000000000000000000000000001000003d0
de7a819c867e9078b5e53902354e2534224a78dfed25703ec178bee023365bfc	0000000000000000000000000000000000000000000000000000000000000000	00000000000000000000000000000000000000000000000000000001000003d1
de7a819c867e9078b5e53902354e2534224a78dfed25703ec178bee023365bfc	0000000000000000000000000000000000000000000000000000000000000000	00000000000000000000000000000000000000000000000000000001000003d2
de7a819c867e9078b5e53902354e2534224a78dfed25703ec178bee023365bfc	0000000000000000000000000000000000000000000000000000000000000000	0000000000000000000000000000000100000000000000000000000000000001
de7a819c867e9078b5e53902354e2534224a78dfed25703ec178bee023365bfc	0000000000000000000000000000000000000000000000000000000000000000	fffffffffffffffffffffffffffffffffffffffffffffffffffffffefffffc2e
de7a819c867e9078b5e53902354e2534224a78dfed25703ec178bee023365bfc	0000000000000000000000000000000000000000000000000000000000000000	9f69ee183927f2de409371d48b0733735c9568941bfe791cb02499365401facb
de7a819c867e9078b5e53902354e2534224a78dfed25703ec178bee023365bfc	0000000000000000000000000000000000000000000000000000000000000000	d3c5244fc0c8c00553ff409212b6a57b0a3b623ee0bc7b23d9147250759aa415
de7a819c867e9078b5e53902354e2534224a78dfed25703ec178bee023365bfc	0000000000000000000000000000000000000000000000000000000000000000	5dcdef1aadba6e6f9fa7a194cf6a71df9168d97d2e9ca4dc296908565f00b4d9
de7a819c867e9078b5e53902354e2534224a78dfed25703ec178bee023365bfc	0000000000000000000000000000000000000000000000000000000000000000	d534d578d3e1eb2b1690b9a2d4b2d2d84100437c040d8b79df6fffed9032d272
de7a819c867e9078b5e53902354e2534224a78dfed25703ec178bee023365bfc	0000000000000000000000000000000000000000000000000000000000000000	f66fbe57319563b64a8f58cd428595b307c07a72b2164595c11d283eab60b45c
de7a819c867e9078b5e53902354e2534224a78dfed25703ec178bee023365bfc	0000000000000000000000000000000000000000000000000000000000000000	400e17f31c864b185ee05029b4ca04a020c29967468e73e015981536dedd5700
de7a819c867e9078b5e53902354e2534224a78dfed25703ec178bee023365bfc	0000000000000000000000000000000000000000000000000000000000000000	d435856f9ab6ccc30eb8a023031b74008865b8b6a0ce79565dfb4936b4b73fb5
de7a819c867e9078b5e53902354e2534224a78dfed25703ec178bee023365bfc	0000000000000000000000000000000000000000000000000000000000000000	19347eb1e110c6697b2151d083099e040675b4cfa6923f26ad57d963c97e1512
de7a819c867e9078b5e53902354e2534224a78dfed25703ec178bee023365bfc	0000000000000000000000000000000000000000000000000000000000000000	b4779d0db00a11f69106d731567d0ad360668f49b2481481d932e714a143e45f
de7a819c867e9078b5e53902354e2534224a78dfed25703ec178bee023365bfc	0000000000000000000000000000000000000000000000000000000000000000	99d83593a28df721d8a102e8776220d5aec0976a7b2283f6065686dafe7e51fb
de7a819c867e9078b5e53902354e2534224a78dfed25703ec178bee023365bfc	0000000000000000000000000000000000000000000000000000000000000000	ba4e25b946a879db07bca35656369b0b2979018a9ad29eea7a1777fd5fd39c85
de7a819c867e9078b5e53902354e2534224a78dfed25703ec178bee023365bfc	0000000000000000000000000000000000000000000000000000000000000000	40b40b9c7f95437f05fab8bbb92a269c56994ea170dfacdd3b3952c1ec8bc580
de7a819c867e9078b5e53902354e2534224a78dfed25703ec178bee023365bfc	0000000000000000000000000000000000000000000000000000000000000000	b63351de682f433979d63242bbfa3b025d702b2537cd6d9c9e957ca15d1deac8
de7a819c867e9078b5e53902354e2534224a78dfed25703ec178bee023365bfc	0000000000000000000000000000000000000000000000000000000000000000	7558116f93c6298ec934167195825c927f3ce843e06d8dd8a7343861e7dce9d9
de7a819c867e9078b5e53902354e2534224a78dfed25703ec178bee023365bfc	0000000000000000000000000000000000000000000000000000000000000000	dff894f905106cd06ad1dbe2c1c46aa79b53e9406b796e7c4016a7d6353db602
de7a819c867e9078b5e53902354e2534224a78dfed25703ec178bee023365bfc	0000000000000000000000000000000000000000000000000000000000000000	994c52cd54933a2d4a1f216cc9332d2c3c642bcb967c6948aacdd903536b6325
de7a819c867e9078b5e53902354e2534224a78dfed25703ec178bee023365bfc	0000000000000000000000000000000000000000000000000000000000000000	4b3198f4ba8705ac3c84d34411a488c5972a8e5a16d4726f0f077650d2871bdf
de7a819c867e9078b5e53902354e2534224a78dfed25703ec178bee023365bfc	0000000000000000000000000000000000000000000000000000000000000000	174bae57a2d7a1629ba040e754ef59a8b0eda026eb917c3cc139a86c88646978
de7a819c867e9078b5e53902354e2534224a78dfed25703ec178bee023365bfc	0000000000000000000000000000000000000000000000000000000000000000	0ea05b5d5f3613201470d6192914c594827bfe1afe65cb722b4a2393e4f8fbdd
de7a819c867e9078b5e53902354e2534224a78dfed25703ec178bee023365bfc	0000000000000000000000000000000000000000000000000000000000000000	9351b1da87f6b5eb7537fafa579b08ff8779d847c3eb282cf6b608d3c44bef55
de7a819c867e9078b5e53902354e2534224a78dfed25703ec178bee023365bfc	0000000000000000000000000000000000000000000000000000000000000000	ee3056755f73938fe24874c6e48e7179fc7c9cf584e86c49da8cdb2436d3caf8
de7a819c867e9078b5e53902354e2534224a78dfed25703ec178bee023365bfc	0000000000000000000000000000000000000000000000000000000000000000	483f81fc39a2d891702b937b846a53cd1c958dc6bd180c02059bdecd2cb3c5b9
de7a819c867e9078b5e53902354e2534224a78dfed25703ec178bee023365bfc	0000000000000000000000000000000000000000000000000000000000000000	9bdb8c2fb94e8eb23b0b82372348b7f665c83cc61618aef659c20cafc3756577
de7a819c867e9078b5e53902354e2534224a78dfed25703ec178bee023365bfc	0000000000000000000000000000000000000000000000000000000000000000	14866b25bfec8d9088ea50e559c7cca8ad737550b972896b141596c723d09595
de7a819c867e9078b5e53902354e2534224a78dfed25703ec178bee023365bfc	0000000000000000000000000000000000000000000000000000000000000001	0000000000000000000000000000000000000000000000000000000000000001
de7a819c867e9078b5e53902354e2534224a78dfed25703ec178bee023365bfc	0000000000000000000000000000000000000000000000000000000000000001	fffffffffffffffffffffffffffffffffffffffffffffffffffffffefffffc2e
de7a819c867e9078b5e53902354e2534224a78dfed25703ec178bee023365bfc	fffffffffffffffffffffffffffffffffffffffffffffffffffffffefffffc2e	0000000000000000000000000000000000000000000000000000000000000001
de7a819c867e9078b5e53902354e2534224a78dfed25703ec178bee023365bfc	fffffffffffffffffffffffffffffffffffffffffffffffffffffffefffffc2e	fffffffffffffffffffffffffffffffffffffffffffffffffffffffefffffc2e
de7a819c867e9078b5e53902354e2534224a78dfed25703ec178bee023365bfc	00000000000000000000000000000000000000000000000000000001000003d1	00000000000000000000000000000000000000000000000000000001000003d2
de7a819c867e9078b5e53902354e2534224a78dfed25703ec178bee023365bfc	00000000000000000000000000000000ffffffffffffffffffffffffffffffff	0000000000000000000000000000000100000000000000000000000000000001
de7a819c867e9078b5e53902354e2534224a78dfed25703ec178bee023365bfc	7fffffffffffffffffffffffffffffffffffffffffffffffffffffffffffffed	00000000000000000000000000000000000000000000000000000001000003d1
de7a819c867e9078b5e53902354e2534224a78dfed25703ec178bee023365bfc	00000000000000000000000000000000000000000000000000000001000003d2	8000000000000000000000000000000000000000000000000000000000000013
de7a819c867e9078b5e53902354e2534224a78dfed25703ec178bee023365bfc	96de292ad08c05f33374ff077e037057cb1976be5fd11814eb427a298826a7de	f5a02b551d42e1af8af605ff1660926f160366df7b9584c2f4e83c5251d4ac4a
de7a819c867e9078b5e53902354e2534224a78dfed25703ec178bee023365bfc	4d6ec7bab20514a58c089d6067f55985b8392d48b5531403790e390b58cb6397	a3b527dc3ded3db1ebb2d76d1e0f1d3ba27e4a809a3654648bbde08dbf1f454c
de7a819c867e9078b5e53902354e2534224a78dfed25703ec178bee023365bfc	e45d6b3a7bab850fd4636fc1bec55df32d3abc216d2837543c5ba15d153069f1	ddbec74a741dcc3fccbef14fb226877249dae56655d5d9a1b1a073c6e04abe33
de7a819c867e9078b5e53902354e2534224a78dfed25703ec178bee023365bfc	bd9c04cdfd5b0caa1588bd3d277d72ace38f467b02aba014e5a8e90eeb3fbe1a	1bb54365673065de32ecf60d870ba0653ed1c3e18b6bedc01dd5d4dd04bbe4ca
de7a819c867e9078b5e53902354e2534224a78dfed25703ec178bee023365bfc	2beaf41bc983d4f633f48d269bfa408bfc599b1e1b73e28d09e3ee7ea71ac7a6	357cec24e0b81663bc645f7cf6352799e9e2022fd4915646b6785bedbcbe7334
de7a819c867e9078b5e53902354e2534224a78dfed25703ec178bee023365bfc	b5c07245c079654f786d357f629f0790f7723aad5562066fe2e4f01b9e1cddc8	a6584ec2aadddec9d4bd5db607d1f8bf5222837160d787d1353fcbbeaf9136fa
de7a819c867e9078b5e53902354e2534224a78dfed25703ec178bee023365bfc	5f7336cee5cf61f96cd20b5175605b709909aa714d33cc087d3466f57f617fff	bb61dcac06769ca45dd1f5557c5e315a0a5ef6c91f8f8fd8f6dec8c4855d4312
de7a819c867e9078b5e53902354e2534224a78dfed25703ec178bee023365bfc	2acc6dfff840182c12a710e41723c9d58be39cd1c35ca4bc90b833ab186ab981	1163f31315c921af267f5c165fa15639ff6a27f22da4f0d54a22c5756f4f01bb
de7a819c867e9078b5e53902354e2534224a78dfed25703ec178bee023365bfc	d4748cd56a1ba4db81904bd851953aa1e6ad2f30f789700f6a026e53fce2523e	03ad3d62b8d59506de2bbb6a0fb9b9e9c3e3840ceff473be4e7bae93d10a7aa7
de7a819c867e9078b5e53902354e2534224a78dfed25703ec178bee023365bfc	512ff00c68eaac642ac7ac7d377bf11621b1b12948db0eb2afed1bbb9abeb1c5	f2c52d8a84bfdbfdf0253c59082bf79ddf5cdadd40f16c27b3ec33a6545b905e
de7a819c867e9078b5e53902354e2534224a78dfed25703ec178bee023365bfc	02af8362bd0440652f8b0774287cb3d0d4d1d9f9cd0b4a348a63b5beae8d0bb4	c1b0638d4b66c508d947c069e7ca0d241c5ee6d149a290b3b1dab1f62f842b37
de7a819c867e9078b5e53902354e2534224a78dfed25703ec178bee023365bfc	d25b514f3ecd73eb99a9fb4df1427c72d13744c2c280a35a7e0de96e4ba264e6	e85a4bb427c8f87dd7840a7994234b7a8b3c783b7ac9584436fcbe4ff485a11c
de7a819c867e9078b5e53902354e2534224a78dfed25703ec178bee023365bfc	a914abac0c875449aa59bd68cc1f68bf74661024895373a19b8e770c89e48bf4	8ce849c8db38c84b2a44d6572a0772cf460a4c0c9b9edd81ed74b160f3498f67
de7a819c867e9078b5e53902354e2534224a78dfed25703ec178bee023365bfc	b42468bb21919254b35ba9b2d6196dacb763658d59b32092c19011fa56e5bab7	dca2587b05442efd5f959abd92d8ebcc00123da5227abd899d23727047ec47e1
de7a819c867e9078b5e53902354e2534224a78dfed25703ec178bee023365bfc	cdf9fb6f3e724045d145b38f4ba6029866d6eecb293b7446f663bd21619289d1	ef5d51b43d937b85b459606fdf44b9172e45f1855afde8da489c0878c98b6637
de7a819c867e9078b5e53902354e2534224a78dfed25703ec178bee023365bfc	fd574845f718a4699ab18dd690c0cb7d5a70e1d9e7cc79899d77dc2f820b0887	ef3df975bf32e79693f84a45aab6ce9a4ce8f6f255b2bc855334b23bd02f69c3
de7a819c867e9078b5e53902354e2534224a78dfed25703ec178bee023365bfc	3d01065fa8d2f127ec215cb633b545cc2e4ac01ef8e534f433e264d8466cec92	5900b78154d61769c01f152b1d733b6c6d342e64b9f80882cad772c19dced026
de7a819c867e9078b5e53902354e2534224a78dfed25703ec178bee023365bfc	921c715d3cff5e9294c47bb3701a2b5298ce18ac820b35f9041f0ef64a515b5c	52f4f74a17a5423f6b79fe78aa1f75a581a552605bc4e1c8d715fa578181c210
de7a819c867e9078b5e53902354e2534224a78dfed25703ec178bee023365bfc	0683e5161c3e6b59b9e88f8164b15ede68d7fb5f73224130d408e6b944bb1c54	471e1faf3b5fb3cb68d996af8dd80565751b48ca94da9cf079b6d83e5bdb6c97
de7a819c867e9078b5e53902354e2534224a78dfed25703ec178bee023365bfc	713ecac72d72778c195d5d9c494545f5310f11cc91d2682f32637262247f7d22	21efca2d51daf34d53309b5169d1da162e64194961ac01924604d8ab6c946ffb
de7a819c867e9078b5e53902354e2534224a78dfed25703ec178bee023365bfc	9b97ed60917ef827867593286ae20f87081430029c151e22f91f48dd824942af	4d8cacbf43ee8a53bc0fa467890739c1768af3cfe20fe49355cf238fc7472113
de7a819c867e9078b5e53902354e2534224a78dfed25703ec178bee023365bfc	18e2c312b8a96ec1562fa25d3622bbb6722736e47326da420bd49b5b74db66c4	f3c1683b267f956469878122341d36c533f5c407b0583165d6c049cc4af22519
de7a819c867e9078b5e53902354e2534224a78dfed25703ec178bee023365bfc	98d143525569f7bdaa02c909b6c26e24aaf33ab175e1b0e95ee0219e105c65c2	609315be080284ee9e9d6cc6b37e0b2fd157775c2ef7fc241e687fbdb359d21f
de7a819c867e9078b5e53902354e2534224a78dfed25703ec178bee023365bfc	defb17327fcc7a1eb8639e91a8c20792ef1e516ceabc01a0e650593dc60d80fd	39fab05c3e9287d0cf82d07c743e3ada7f5173e2675a574a546e590a07477a29
250fde2d4f4c421b91898c1b68d35150c2689ad5a39d4b20fb3506143d93d0ed	0000000000000000000000000000000000000000000000000000000000000000	0000000000000000000000000000000000000000000000000000000000000001
250fde2d4f4c421b91898c1b68d35150c2689ad5a39d4b20fb3506143d93d0ed	0000000000000000000000000000000000000000000000000000000000000000	0000000000000000000000000000000000000000000000000000000000000002
250fde2d4f4c421b91898c1b68d35150c2689ad5a39d4b20fb3506143d93d0ed	0000000000000000000000000000000000000000000000000000000000000000	0000000000000000000000000000000000000000000000000000000000000003
250fde2d4f4c421b91898c1b68d35150c2689ad5a39d4b20fb3506143d93d0ed	0000000000000000000000000000000000000000000000000000000000000000	00000000000000000000000000000000000000000000000000000001000003d0
250fde2d4f4c421b91898c1b68d35150c2689ad5a39d4b20fb3506143d93d0ed	0000000000000000000000000000000000000000000000000000000000000000	00000000000000000000000000000000000000000000000000000001000003d1
250fde2d4f4c421b91898c1b68d35150c2689ad5a39d4b20fb3506143d93d0ed	0000000000000000000000000000000000000000000000000000000000000000	00000000000000000000000000000000000000000000000000000001000003d2
250fde2d4f4c421b91898c1b68d35150c2689ad5a39d4b20fb3506143d93d0ed	0000000000000000000000000000000000000000000000000000000000000000	0000000000000000000000000000000100000000000000000000000000000001
250fde2d4f4c421b91898c1b68d35150c2689ad5a39d4b20fb3506143d93d0ed	0000000000000000000000000000000000000000000000000000000000000000	fffffffffffffffffffffffffffffffffffffffffffffffffffffffefffffc2e
250fde2d4f4c421b91898c1b68d35150c2689ad5a39d4b20fb3506143d93d0ed	0000000000000000000000000000000000000000000000000000000000000000	9f69ee183927f2de409371d48b0733735c9568941bfe791cb02499365401facb
250fde2d4f4c421b91898c1b68d35150c2689ad5a39d4b20fb3506143d93d0ed	0000000000000000000000000000000000000000000000000000000000000000	d3c5244fc0c8c00553ff409212b6a57b0a3b623ee0bc7b23d9147250759aa415
250fde2d4f4c421b91898c1b68d35150c2689ad5a39d4b20fb3506143d93d0ed	0000000000000000000000000000000000000000000000000000000000000000	5dcdef1aadba6e6f9fa7a194cf6a71df9168d97d2e9ca4dc296908565f00b4d9
250fde2d4f4c421b91898c1b68d35150c2689ad5a39d4b20fb3506143d93d0ed	0000000000000000000000000000000000000000000000000000000000000000	d534d578d3e1eb2b1690b9a2d4b2d2d84100437c040d8b79df6fffed9032d272
250fde2d4f4c421b91898c1b68d35150c2689ad5a39d4b20fb3506143d93d0ed	0000000000000000000000000000000000000000000000000000000000000000	f66fbe57319563b64a8f58cd428595b307c07a72b2164595c11d283eab60b45c
250fde2d4f4c421b91898c1b68d35150c2689ad5a39d4b20fb3506143d93d0ed	0000000000000000000000000000000000000000000000000000000000000000	400e17f31c864b185ee05029b4ca04a020c29967468e73e015981536dedd5700
250fde2d4f4c421b91898c1b68d35150c2689ad5a39d4b20fb3506143d93d0ed	0000000000000000000000000000000000000000000000000000000000000000	d435856f9ab6ccc30eb8a023031b74008865b8b6a0ce79565dfb4936b4b73fb5
250fde2d4f4c421b91898c1b68d35150c2689ad5a39d4b20fb3506143d93d0ed	0000000000000000000000000000000000000000000000000000000000000000	19347eb1e110c6697b2151d083099e040675b4cfa6923f26ad57d963c97e1512
250fde2d4f4c421b91898c1b68d35150c2689ad5a39d4b20fb3506143d93d0ed	0000000000000000000000000000000000000000000000000000000000000000	b4779d0db00a11f69106d731567d0ad360668f49b2481481d932e714a143e45f
250fde2d4f4c421b91898c1b68d35150c2689ad5a39d4b20fb3506143d93d0ed	0000000000000000000000000000000000000000000000000000000000000000	99d83593a28df721d8a102e8776220d5aec0976a7b2283f6065686dafe7e51fb
250fde2d4f4c421b91898c1b68d35150c2689ad5a39d4b20fb3506143d93d0ed	0000000000000000000000000000000000000000000000000000000000000000	ba4e25b946a879db07bca35656369b0b2979018a9ad29eea7a1777fd5fd39c85
250fde2d4f4c421b91898c1b68d35150c2689ad5a39d4b20fb3506143d93d0ed	0000000000000000000000000000000000000000000000000000000000000000	40b40b9c7f95437f05fab8bbb92a269c56994ea170dfacdd3b3952c1ec8bc580
250fde2d4f4c421b91898c1b68d35150c2689ad5a39d4b20fb3506143d93d0ed	0000000000000000000000000000000000000000000000000000000000000000	b63351de682f433979d63242bbfa3b025d702b2537cd6d9c9e957ca15d1deac8
250fde2d4f4c421b91898c1b68d35150c2689ad5a39d4b20fb3506143d93d0ed	0000000000000000000000000000000000000000000000000000000000000000	7558116f93c6298ec934167195825c927f3ce843e06d8dd8a7343861e7dce9d9
250fde2d4f4c421b91898c1b68d35150c2689ad5a39d4b20fb3506143d93d0ed	0000000000000000000000000000000000000000000000000000000000000000	dff894f905106cd06ad1dbe2c1c46aa79b53e9406b796e7c4016a7d6353db602
250fde2d4f4c421b91898c1b68d35150c2689ad5a39d4b20fb3506143d93d0ed	0000000000000000000000000000000000000000000000000000000000000000	994c52cd54933a2d4a1f216cc9332d2c3c642bcb967c6948aacdd903536b6325
250fde2d4f4c421b91898c1b68d35150c2689ad5a39d4b20fb3506143d93d0ed	0000000000000000000000000000000000000000000000000000000000000000	4b3198f4ba8705ac3c84d34411a488c5972a8e5a16d4726f0f077650d2871bdf
250fde2d4f4c421b91898c1b68d35150c2689ad5a39d4b20fb3506143d93d0ed	0000000000000000000000000000000000000000000000000000000000000000	174bae57a2d7a1629ba040e754ef59a8b0eda026eb917c3cc139a86c88646978
250fde2d4f4c421b91898c1b68d35150c2689ad5a39d4b20fb3506143d93d0ed	0000000000000000000000000000000000000000000000000000000000000000	0ea05b5d5f3613201470d6192914c594827bfe1afe65cb722b4a2393e4f8fbdd
250fde2d4f4c421b91898c1b68d35150c2689ad5a39d4b20fb3506143d93d0ed	0000000000000000000000000000000000000000000000000000000000000000	9351b1da87f6b5eb7537fafa579b08ff8779d847c3eb282cf6b608d3c44bef55
250fde2d4f4c421b91898c1b68d35150c2689ad5a39d4b20fb3506143d93d0ed	0000000000000000000000000000000000000000000000000000000000000000	ee3056755f73938fe24874c6e48e7179fc7c9cf584e86c49da8cdb2436d3caf8
250fde2d4f4c421b91898c1b68d35150c2689ad5a39d4b20fb3506143d93d0ed	0000000000000000000000000000000000000000000000000000000000000000	483f81fc39a2d891702b937b846a53cd1c958dc6bd180c02059bdecd2cb3c5b9
250fde2d4f4c421b91898c1b68d35150c2689ad5a39d4b20fb3506143d93d0ed	0000000000000000000000000000000000000000000000000000000000000000	9bdb8c2fb94e8eb23b0b82372348b7f665c83cc61618aef659c20cafc3756577
250fde2d4f4c421b91898c1b68d35150c2689ad5a39d4b20fb3506143d93d0ed	0000000000000000000000000000000000000000000000000000000000000000	14866b25bfec8d9088ea50e559c7cca8ad737550b972896b141596c723d09595
250fde2d4f4c421b91898c1b68d35150c2689ad5a39d4b20fb3506143d93d0ed	0000000000000000000000000000000000000000000000000000000000000001	0000000000000000000000000000000000000000000000000000000000000001
250fde2d4f4c421b91898c1b68d35150c2689ad5a39d4b20fb3506143d93d0ed	0000000000000000000000000000000000000000000000000000000000000001	fffffffffffffffffffffffffffffffffffffffffffffffffffffffefffffc2e
250fde2d4f4c421b91898c1b68d35150c2689ad5a39d4b20fb3506143d93d0ed	fffffffffffffffffffffffffffffffffffffffffffffffffffffffefffffc2e	0000000000000000000000000000000000000000000000000000000000000001
250fde2d4f4c421b91898c1b68d35150c2689ad5a39d4b20fb3506143d93d0ed	fffffffffffffffffffffffffffffffffffffffffffffffffffffffefffffc2e	fffffffffffffffffffffffffffffffffffffffffffffffffffffffefffffc2e
250fde2d4f4c421b91898c1b68d35150c2689ad5a39d4b20fb3506143d93d0ed	00000000000000000000000000000000000000000000000000000001000003d1	00000000000000000000000000000000000000000000000000000001000003d2
250fde2d4f4c421b91898c1b68d35150c2689ad5a39d4b20fb3506143d93d0ed	00000000000000000000000000000000ffffffffffffffffffffffffffffffff	0000000000000000000000000000000100000000000000000000000000000001
250fde2d4f4c421b91898c1b68d35150c2689ad5a39d4b20fb3506143d93d0ed	7fffffffffffffffffffffffffffffffffffffffffffffffffffffffffffffed	00000000000000000000000000000000000000000000000000000001000003d1
250fde2d4f4c421b91898c1b68d35150c2689ad5a39d4b20fb3506143d93d0ed	00000000000000000000000000000000000000000000000000000001000003d2	8000000000000000000000000000000000000000000000000000000000000013
250fde2d4f4c421b91898c1b68d35150c2689ad5a39d4b20fb3506143d93d0ed	96de292ad08c05f33374ff077e037057cb1976be5fd11814eb427a298826a7de	f5a02b551d42e1af8af605ff1660926f160366df7b9584c2f4e83c5251d4ac4a
250fde2d4f4c421b91898c1b68d35150c2689ad5a39d4b20fb3506143d93d0ed	4d6ec7bab20514a58c089d6067f55985b8392d48b5531403790e390b58cb6397	a3b527dc3ded3db1ebb2d76d1e0f1d3ba27e4a809a3654648bbde08dbf1f454c
250fde2d4f4c421b91898c1b68d35150c2689ad5a39d4b20fb3506143d93d0ed	e45d6b3a7bab850fd4636fc1bec55df32d3abc216d2837543c5ba15d153069f1	ddbec74a741dcc3fccbef14fb226877249dae56655d5d9a1b1a073c6e04abe33
250fde2d4f4c421b91898c1b68d35150c2689ad5a39d4b20fb3506143d93d0ed	bd9c04cdfd5b0caa1588bd3d277d72ace38f467b02aba014e5a8e90eeb3fbe1a	1bb54365673065de32ecf60d870ba0653ed1c3e18b6bedc01dd5d4dd04bbe4ca
250fde2d4f4c421b91898c1b68d35150c2689ad5a39d4b20fb3506143d93d0ed	2beaf41bc983d4f633f48d269bfa408bfc599b1e1b73e28d09e3ee7ea71ac7a6	357cec24e0b81663bc645f7cf6352799e9e2022fd4915646b6785bedbcbe7334
250fde2d4f4c421b91898c1b68d35150c2689ad5a39d4b20fb3506143d93d0ed	b5c07245c079654f786d357f629f0790f7723aad5562066fe2e4f01b9e1cddc8	a6584ec2aadddec9d4bd5db607d1f8bf5222837160d787d1353fcbbeaf9136fa
250fde2d4f4c421b91898c1b68d35150c2689ad5a39d4b20fb3506143d93d0ed	5f7336cee5cf61f96cd20b5175605b709909aa714d33cc087d3466f57f617fff	bb61dcac06769ca45dd1f5557c5e315a0a5ef6c91f8f8fd8f6dec8c4855d4312
250fde2d4f4c421b91898c1b68d35150c2689ad5a39d4b20fb3506143d93d0ed	2acc6dfff840182c12a710e41723c9d58be39cd1c35ca4bc90b833ab186ab981	1163f31315c921af267f5c165fa15639ff6a27f22da4f0d54a22c5756f4f01bb
250fde2d4f4c421b91898c1b68d35150c2689ad5a39d4b20fb3506143d93d0ed	d4748cd56a1ba4db81904bd851953aa1e6ad2f30f789700f6a026e53fce2523e	03ad3d62b8d59506de2bbb6a0fb9b9e9c3e3840ceff473be4e7bae93d10a7aa7
250fde2d4f4c421b91898c1b68d35150c2689ad5a39d4b20fb3506143d93d0ed	512ff00c68eaac642ac7ac7d377bf11621b1b12948db0eb2afed1bbb9abeb1c5	f2c52d8a84bfdbfdf0253c59082bf79ddf5cdadd40f16c27b3ec33a6545b905e
250fde2d4f4c421b91898c1b68d35150c2689ad5a39d4b20fb3506143d93d0ed	02af8362bd0440652f8b0774287cb3d0d4d1d9f9cd0b4a348a63b5beae8d0bb4	c1b0638d4b66c508d947c069e7ca0d241c5ee6d149a290b3b1dab1f62f842b37
250fde2d4f4c421b91898c1b68d35150c2689ad5a39d4b20fb3506143d93d0ed	d25b514f3ecd73eb99a9fb4df1427c72d13744c2c280a35a7e0de96e4ba264e6	e85a4bb427c8f87dd7840a7994234b7a8b3c783b7ac9584436fcbe4ff485a11c
250fde2d4f4c421b91898c1b68d35150c2689ad5a39d4b20fb3506143d93d0ed	a914abac0c875449aa59bd68cc1f68bf74661024895373a19b8e770c89e48bf4	8ce849c8db38c84b2a44d6572a0772cf460a4c0c9b9edd81ed74b160f3498f67
250fde2d4f4c421b91898c1b68d35150c2689ad5a39d4b20fb3506143d93d0ed	b42468bb21919254b35ba9b2d6196dacb763658d59b32092c19011fa56e5bab7	dca2587b05442efd5f959abd92d8ebcc00123da5227abd899d23727047ec47e1
250fde2d4f4c421b91898c1b68d35150c2689ad5a39d4b20fb3506143d93d0ed	cdf9fb6f3e724045d145b38f4ba6029866d6eecb293b7446f663bd21619289d1	ef5d51b43d937b85b459606fdf44b9172e45f1855afde8da489c0878c98b6637
250fde2d4f4c421b91898c1b68d35150c2689ad5a39d4b20fb3506143d93d0ed	fd574845f718a4699ab18dd690c0cb7d5a70e1d9e7cc79899d77dc2f820b0887	ef3df975bf32e79693f84a45aab6ce9a4ce8f6f255b2bc855334b23bd02f69c3
250fde2d4f4c421b91898c1b68d35150c2689ad5a39d4b20fb3506143d93d0ed	3d01065fa8d2f127ec215cb633b545cc2e4ac01ef8e534f433e264d8466cec92	5900b78154d61769c01f152b1d733b6c6d342e64b9f80882cad772c19dced026
250fde2d4f4c421b91898c1b68d35150c2689ad5a39d4b20fb3506143d93d0ed	921c715d3cff5e9294c47bb3701a2b5298ce18ac820b35f9041f0ef64a515b5c	52f4f74a17a5423f6b79fe78aa1f75a581a552605bc4e1c8d715fa578181c210
250fde2d4f4c421b91898c1b68d35150c2689ad5a39d4b20fb3506143d93d0ed	0683e5161c3e6b59b9e88f8164b15ede68d7fb5f73224130d408e6b944bb1c54	471e1faf3b5fb3cb68d996af8dd80565751b48ca94da9cf079b6d83e5bdb6c97
250fde2d4f4c421b91898c1b68d35150c2689ad5a39d4b20fb3506143d93d0ed	713ecac72d72778c195d5d9c494545f5310f11cc91d2682f32637262247f7d22	21efca2d51daf34d53309b5169d1da162e64194961ac01924604d8ab6c946ffb
250fde2d4f4c421b91898c1b68d35150c2689ad5a39d4b20fb3506143d93d0ed	9b97ed60917ef827867593286ae20f87081430029c151e22f91f48dd824942af	4d8cacbf43ee8a53bc0fa467890739c1768af3cfe20fe49355cf238fc7472113
250fde2d4f4c421b91898c1b68d35150c2689ad5a39d4b20fb3506143d93d0ed	18e2c312b8a96ec1562fa25d3622bbb6722736e47326da420bd49b5b74db66c4	f3c1683b267f956469878122341d36c533f5c407b0583165d6c049cc4af22519
250fde2d4f4c421b91898c1b68d35150c2689ad5a39d4b20fb3506143d93d0ed	98d143525569f7bdaa02c909b6c26e24aaf33ab175e1b0e95ee0219e105c65c2	609315be080284ee9e9d6cc6b37e0b2fd157775c2ef7fc241e687fbdb359d21f
250fde2d4f4c421b91898c1b68d35150c2689ad5a39d4b20fb3506143d93d0ed	defb17327fcc7a1eb8639e91a8c20792ef1e516ceabc01a0e650593dc60d80fd	39fab05c3e9287d0cf82d07c743e3ada7f5173e2675a574a546e590a07477a29
7ee118b53eb478988da619230b9ebfd26753862333bb9da218a8775f4b46e119	0000000000000000000000000000000000000000000000000000000000000000	0000000000000000000000000000000000000000000000000000000000000001
7ee118b53eb478988da619230b9ebfd26753862333bb9da218a8775f4b46e119	0000000000000000000000000000000000000000000000000000000000000000	0000000000000000000000000000000000000000000000000000000000000002
7ee118b53eb478988da619230b9ebfd26753862333bb9da218a8775f4b46e119	0000000000000000000000000000000000000000000000000000000000000000	0000000000000000000000000000000000000000000000000000000000000003
7ee118b53eb478988da619230b9ebfd26753862333bb9da218a8775f4b46e119	0000000000000000000000000000000000000000000000000000000000000000	00000000000000000000000000000000000000000000000000000001000003d0
7ee118b53eb478988da619230b9ebfd26753862333bb9da218a8775f4b46e119	0000000000000000000000000000000000000000000000000000000000000000	00000000000000000000000000000000000000000000000000000001000003d1
7ee118b53eb478988da619230b9ebfd26753862333bb9da218a8775f4b46e119	0000000000000000000000000000000000000000000000000000000000000000	00000000000000000000000000000000000000000000000000000001000003d2
7ee118b53eb478988da619230b9ebfd26753862333bb9da218a8775f4b46e119	0000000000000000000000000000000000000000000000000000000000000000	0000000000000000000000000000000100000000000000000000000000000001
7ee118b53eb478988da619230b9ebfd26753862333bb9da218a8775f4b46e119	0000000000000000000000000000000000000000000000000000000000000000	fffffffffffffffffffffffffffffffffffffffffffffffffffffffefffffc2e
7ee118b53eb478988da619230b9ebfd26753862333bb9da218a8775f4b46e119	0000000000000000000000000000000000000000000000000000000000000000	9f69ee183927f2de409371d48b0733735c9568941bfe791cb02499365401facb
7ee118b53eb478988da619230b9ebfd26753862333bb9da218a8775f4b46e119	0000000000000000000000000000000000000000000000000000000000000000	d3c5244fc0c8c00553ff409212b6a57b0a3b623ee0bc7b23d9147250759aa415
7ee118b53eb478988da619230b9ebfd26753862333bb9da218a8775f4b46e119	0000000000000000000000000000000000000000000000000000000000000000	5dcdef1aadba6e6f9fa7a194cf6a71df9168d97d2e9ca4dc296908565f00b4d9
7ee118b53eb478988da619230b9ebfd26753862333bb9da218a8775f4b46e119	0000000000000000000000000000000000000000000000000000000000000000	d534d578d3e1eb2b1690b9a2d4b2d2d84100437c040d8b79df6fffed9032d272
7ee118b53eb478988da619230b9ebfd26753862333bb9da218a8775f4b46e119	0000000000000000000000000000000000000000000000000000000000000000	f66fbe57319563b64a8f58cd428595b307c07a72b2164595c11d283eab60b45c
7ee118b53eb478988da619230b9ebfd26753862333bb9da218a8775f4b46e119	0000000000000000000000000000000000000000000000000000000000000000	400e17f31c864b185ee05029b4ca04a020c29967468e73e015981536dedd5700
7ee118b53eb478988da619230b9ebfd26753862333bb9da218a8775f4b46e119	0000000000000000000000000000000000000000000000000000000000000000	d435856f9ab6ccc30eb8a023031b74008865b8b6a0ce79565dfb4936b4b73fb5
7ee118b53eb478988da619230b9ebfd26753862333bb9da218a8775f4b46e119	0000000000000000000000000000000000000000000000000000000000000000	19347eb1e110c6697b2151d083099e040675b4cfa6923f26ad57d963c97e1512
7ee118b53eb478988da619230b9ebfd26753862333bb9da218a8775f4b46e119	0000000000000000000000000000000000000000000000000000000000000000	b4779d0db00a11f69106d731567d0ad360668f49b2481481d932e714a143e45f
7ee118b53eb478988da619230b9ebfd26753862333bb9da218a8775f4b46e119	0000000000000000000000000000000000000000000000000000000000000000	99d83593a28df721d8a102e8776220d5aec0976a7b2283f6065686dafe7e51fb
7ee118b53eb478988da619230b9ebfd26753862333bb9da218a8775f4b46e119	0000000000000000000000000000000000000000000000000000000000000000	ba4e25b946a879db07bca35656369b0b2979018a9ad29eea7a1777fd5fd39c85
7ee118b53eb478988da619230b9ebfd26753862333bb9da218a8775f4b46e119	0000000000000000000000000000000000000000000000000000000000000000	40b40b9c7f95437f05fab8bbb92a269c56994ea170dfacdd3b3952c1ec8bc580
7ee118b53eb478988da619230b9ebfd26753862333bb9da218a8775f4b46e119	0000000000000000000000000000000000000000000000000000000000000000	b63351de682f433979d63242bbfa3b025d702b2537cd6d9c9e957ca15d1deac8
7ee118b53eb478988da619230b9ebfd26753862333bb9da218a8775f4b46e119	0000000000000000000000000000000000000000000000000000000000000000	7558116f93c6298ec934167195825c927f3ce843e06d8dd8a7343861e7dce9d9
7ee118b53eb478988da619230b9ebfd26753862333bb9da218a8775f4b46e119	0000000000000000000000000000000000000000000000000000000000000000	dff894f905106cd06ad1dbe2c1c46aa79b53e9406b796e7c4016a7d6353db602
7ee118b53eb478988da619230b9ebfd26753862333bb9da218a8775f4b46e119	0000000000000000000000000000000000000000000000000000000000000000	994c52cd54933a2d4a1f216cc9332d2c3c642bcb967c6948aacdd903536b6325
7ee118b53eb478988da619230b9ebfd26753862333bb9da218a8775f4b46e119	0000000000000000000000000000000000000000000000000000000000000000	4b3198f4ba8705ac3c84d34411a488c5972a8e5a16d4726f0f077650d2871bdf
7ee118b53eb478988da619230b9ebfd26753862333bb9da218a8775f4b46e119	0000000000000000000000000000000000000000000000000000000000000000	174bae57a2d7a1629ba040e754ef59a8b0eda026eb917c3cc139a86c88646978
7ee118b53eb478988da619230b9ebfd26753862333bb9da218a8775f4b46e119	0000000000000000000000000000000000000000000000000000000000000000	0ea05b5d5f3613201470d6192914c594827bfe1afe65cb722b4a2393e4f8fbdd
7ee118b53eb478988da619230b9ebfd26753862333bb9da218a8775f4b46e119	0000000000000000000000000000000000000000000000000000000000000000	9351b1da87f6b5eb7537fafa579b08ff8779d847c3eb282cf6b608d3c44bef55
7ee118b53eb478988da619230b9ebfd26753862333bb9da218a8775f4b46e119	0000000000000000000000000000000000000000000000000000000000000000	ee3056755f73938fe24874c6e48e7179fc7c9cf584e86c49da8cdb2436d3caf8
7ee118b53eb478988da619230b9ebfd26753862333bb9da218a8775f4b46e119	0000000000000000000000000000000000000000000000000000000000000000	483f81fc39a2d891702b937b846a53cd1c958dc6bd180c02059bdecd2cb3c5b9
7ee118b53eb478988da619230b9ebfd26753862333bb9da218a8775f4b46e119	0000000000000000000000000000000000000000000000000000000000000000	9bdb8c2fb94e8eb23b0b82372348b7f665c83cc61618aef659c20cafc3756577
7ee118b53eb478988da619230b9ebfd26753862333bb9da218a8775f4b46e119	0000000000000000000000000000000000000000000000000000000000000000	14866b25bfec8d9088ea50e559c7cca8ad737550b972896b141596c723d09595
7ee118b53eb478988da619230b9ebfd26753862333bb9da218a8775f4b46e119	0000000000000000000000000000000000000000000000000000000000000001	0000000000000000000000000000000000000000000000000000000000000001
7ee118b53eb478988da619230b9ebfd26753862333bb9da218a8775f4b46e119	0000000000000000000000000000000000000000000000000000000000000001	fffffffffffffffffffffffffffffffffffffffffffffffffffffffefffffc2e
7ee118b53eb478988da619230b9ebfd26753862333bb9da218a8775f4b46e119	fffffffffffffffffffffffffffffffffffffffffffffffffffffffefffffc2e	0000000000000000000000000000000000000000000000000000000000000001
7ee118b53eb478988da619230b9ebfd26753862333bb9da218a8775f4b46e119	fffffffffffffffffffffffffffffffffffffffffffffffffffffffefffffc2e	fffffffffffffffffffffffffffffffffffffffffffffffffffffffefffffc2e
7ee118b53eb478988da619230b9ebfd26753862333bb9da218a8775f4b46e119	00000000000000000000000000000000000000000000000000000001000003d1	00000000000000000000000000000000000000000000000000000001000003d2
7ee118b53eb478988da619230b9ebfd26753862333bb9da218a8775f4b46e119	00000000000000000000000000000000ffffffffffffffffffffffffffffffff	0000000000000000000000000000000100000000000000000000000000000001
7ee118b53eb478988da619230b9ebfd26753862333bb9da218a8775f4b46e119	7fffffffffffffffffffffffffffffffffffffffffffffffffffffffffffffed	00000000000000000000000000000000000000000000000000000001000003d1
7ee118b53eb478988da619230b9ebfd26753862333bb9da218a8775f4b46e119	00000000000000000000000000000000000000000000000000000001000003d2	8000000000000000000000000000000000000000000000000000000000000013
7ee118b53eb478988da619230b9ebfd26753862333bb9da218a8775f4b46e119	96de292ad08c05f33374ff077e037057cb1976be5fd11814eb427a298826a7de	f5a02b551d42e1af8af605ff1660926f160366df7b9584c2f4e83c5251d4ac4a
7ee118b53eb478988da619230b9ebfd26753862333bb9da218a8775f4b46e119	4d6ec7bab20514a58c089d6067f55985b8392d48b5531403790e390b58cb6397	a3b527dc3ded3db1ebb2d76d1e0f1d3ba27e4a809a3654648bbde08dbf1f454c
7ee118b53eb478988da619230b9ebfd26753862333bb9da218a8775f4b46e119	e45d6b3a7bab850fd4636fc1bec55df32d3abc216d2837543c5ba15d153069f1	ddbec74a741dcc3fccbef14fb226877249dae56655d5d9a1b1a073c6e04abe33
7ee118b53eb478988da619230b9ebfd26753862333bb9da218a8775f4b46e119	bd9c04cdfd5b0caa1588bd3d277d72ace38f467b02aba014e5a8e90eeb3fbe1a	1bb54365673065de32ecf60d870ba0653ed1c3e18b6bedc01dd5d4dd04bbe4ca
7ee118b53eb478988da619230b9ebfd26753862333bb9da218a8775f4b46e119	2beaf41bc983d4f633f48d269bfa408bfc599b1e1b73e28d09e3ee7ea71ac7a6	357cec24e0b81663bc645f7cf6352799e9e2022fd4915646b6785bedbcbe7334
7ee118b53eb478988da619230b9ebfd26753862333bb9da218a8775f4b46e119	b5c07245c079654f786d357f629f0790f7723aad5562066fe2e4f01b9e1cddc8	a6584ec2aadddec9d4bd5db607d1f8bf5222837160d787d1353fcbbeaf9136fa
7ee118b53eb478988da619230b9ebfd26753862333bb9da218a8775f4b46e119	5f7336cee5cf61f96cd20b5175605b709909aa714d33cc087d3466f57f617fff	bb61dcac06769ca45dd1f5557c5e315a0a5ef6c91f8f8fd8f6dec8c4855d4312
7ee118b53eb478988da619230b9ebfd26753862333bb9da218a8775f4b46e119	2acc6dfff840182c12a710e41723c9d58be39cd1c35ca4bc90b833ab186ab981	1163f31315c921af267f5c165fa15639ff6a27f22da4f0d54a22c5756f4f01bb
7ee118b53eb478988da619230b9ebfd26753862333bb9da218a8775f4b46e119	d4748cd56a1ba4db81904bd851953aa1e6ad2f30f789700f6a026e53fce2523e	03ad3d62b8d59506de2bbb6a0fb9b9e9c3e3840ceff473be4e7bae93d10a7aa7
7ee118b53eb478988da619230b9ebfd26753862333bb9da218a8775f4b46e119	512ff00c68eaac642ac7ac7d377bf11621b1b12948db0eb2afed1bbb9abeb1c5	f2c52d8a84bfdbfdf0253c59082bf79ddf5cdadd40f16c27b3ec33a6545b905e
7ee118b53eb478988da619230b9ebfd26753862333bb9da218a8775f4b46e119	02af8362bd0440652f8b0774287cb3d0d4d1d9f9cd0b4a348a63b5beae8d0bb4	c1b0638d4b66c508d947c069e7ca0d241c5ee6d149a290b3b1dab1f62f842b37
7ee118b53eb478988da619230b9ebfd26753862333bb9da218a8775f4b46e119	d25b514f3ecd73eb99a9fb4df1427c72d13744c2c280a35a7e0de96e4ba264e6	e85a4bb427c8f87dd7840a7994234b7a8b3c783b7ac9584436fcbe4ff485a11c
7ee118b53eb478988da619230b9ebfd26753862333bb9da218a8775f4b46e119	a914abac0c875449aa59bd68cc1f68bf74661024895373a19b8e770c89e48bf4	8ce849c8db38c84b2a44d6572a0772cf460a4c0c9b9edd81ed74b160f3498f67
7ee118b53eb478988da619230b9ebfd26753862333bb9da218a8775f4b46e119	b42468bb21919254b35ba9b2d6196dacb763658d59b32092c19011fa56e5bab7	dca2587b05442efd5f959abd92d8ebcc00123da5227abd899d23727047ec47e1
7ee118b53eb478988da619230b9ebfd26753862333bb9da218a8775f4b46e119	cdf9fb6f3e724045d145b38f4ba6029866d6eecb293b7446f663bd21619289d1	ef5d51b43d937b85b459606fdf44b9172e45f1855afde8da489c0878c98b6637
7ee118b53eb478988da619230b9ebfd26753862333bb9da218a8775f4b46e119	fd574845f718a4699ab18dd690c0cb7d5a70e1d9e7cc79899d77dc2f820b0887	ef3df975bf32e79693f84a45aab6ce9a4ce8f6f255b2bc855334b23bd02f69c3
7ee118b53eb478988da619230b9ebfd26753862333bb9da218a8775f4b46e119	3d01065fa8d2f127ec215cb633b545cc2e4ac01ef8e534f433e264d8466cec92	5900b78154d61769c01f152b1d733b6c6d342e64b9f80882cad772c19dced026
7ee118b53eb478988da619230b9ebfd26753862333bb9da218a8775f4b46e119	921c715d3cff5e9294c47bb3701a2b5298ce18ac820b35f9041f0ef64a515b5c	52f4f74a17a5423f6b79fe78aa1f75a581a552605bc4e1c8d715fa578181c210
7ee118b53eb478988da619230b9ebfd26753862333bb9da218a8775f4b46e119	0683e5161c3e6b59b9e88f8164b15ede68d7fb5f73224130d408e6b944bb1c54	471e1faf3b5fb3cb68d996af8dd80565751b48ca94da9cf079b6d83e5bdb6c97
7ee118b53eb478988da619230b9ebfd26753862333bb9da218a8775f4b46e119	713ecac72d72778c195d5d9c494545f5310f11cc91d2682f32637262247f7d22	21efca2d51daf34d53309b5169d1da162e64194961ac01924604d8ab6c946ffb
7ee118b53eb478988da619230b9ebfd26753862333bb9da218a8775f4b46e119	9b97ed60917ef827867593286ae20f87081430029c151e22f91f48dd824942af	4d8cacbf43ee8a53bc0fa467890739c1768af3cfe20fe49355cf238fc7472113
7ee118b53eb478988da619230b9ebfd26753862333bb9da218a8775f4b46e119	18e2c312b8a96ec1562fa25d3622bbb6722736e47326da420bd49b5b74db66c4	f3c1683b267f956469878122341d36c533f5c407b0583165d6c049cc4af22519
7ee118b53eb478988da619230b9ebfd26753862333bb9da218a8775f4b46e119	98d143525569f7bdaa02c909b6c26e24aaf33ab175e1b0e95ee0219e105c65c2	609315be080284ee9e9d6cc6b37e0b2fd157775c2ef7fc241e687fbdb359d21f
7ee118b53eb478988da619230b9ebfd26753862333bb9da218a8775f4b46e119	defb17327fcc7a1eb8639e91a8c20792ef1e516ceabc01a0e650593dc60d80fd	39fab05c3e9287d0cf82d07c743e3ada7f5173e2675a574a546e590a07477a29
44e64a76968c9adf7bc3f68997ff28be9155ee6862c484f363b703634bcbe9f6	0000000000000000000000000000000000000000000000000000000000000000	0000000000000000000000000000000000000000000000000000000000000001
44e64a76968c9adf7bc3f68997ff28be9155ee6862c484f363b703634bcbe9f6	0000000000000000000000000000000000000000000000000000000000000000	0000000000000000000000000000000000000000000000000000000000000002
44e64a76968c9adf7bc3f68997ff28be9155ee6862c484f363b703634bcbe9f6	0000000000000000000000000000000000000000000000000000000000000000	0000000000000000000000000000000000000000000000000000000000000003
44e64a76968c9adf7bc3f68997ff28be9155ee6862c484f363b703634bcbe9f6	0000000000000000000000000000000000000000000000000000000000000000	00000000000000000000000000000000000000000000000000000001000003d0
44e64a76968c9adf7bc3f68997ff28be9155ee6862c484f363b703634bcbe9f6	0000000000000000000000000000000000000000000000000000000000000000	00000000000000000000000000000000000000000000000000000001000003d1
44e64a76968c9adf7bc3f68997ff28be9155ee6862c484f363b703634bcbe9f6	0000000000000000000000000000000000000000000000000000000000000000	00000000000000000000000000000000000000000000000000000001000003d2
44e64a76968c9adf7bc3f68997ff28be9155ee6862c484f363b703634bcbe9f6	0000000000000000000000000000000000000000000000000000000000000000	0000000000000000000000000000000100000000000000000000000000000001
44e64a76968c9adf7bc3f68997ff28be9155ee6862c484f363b703634bcbe9f6	0000000000000000000000000000000000000000000000000000000000000000	fffffffffffffffffffffffffffffffffffffffffffffffffffffffefffffc2e
44e64a76968c9adf7bc3f68997ff28be9155ee6862c484f363b703634bcbe9f6	0000000000000000000000000000000000000000000000000000000000000000	9f69ee183927f2de409371d48b0733735c9568941bfe791cb02499365401facb
44e64a76968c9adf7bc3f68997ff28be9155ee6862c484f363b703634bcbe9f6	0000000000000000000000000000000000000000000000000000000000000000	d3c5244fc0c8c00553ff409212b6a57b0a3b623ee0bc7b23d9147250759aa415
44e64a76968c9adf7bc3f68997ff28be9155ee6862c484f363b703634bcbe9f6	0000000000000000000000000000000000000000000000000000000000000000	5dcdef1aadba6e6f9fa7a194cf6a71df9168d97d2e9ca4dc296908565f00b4d9
44e64a76968c9adf7bc3f68997ff28be9155ee6862c484f363b703634bcbe9f6	0000000000000000000000000000000000000000000000000000000000000000	d534d578d3e1eb2b1690b9a2d4b2d2d84100437c040d8b79df6fffed9032d272
44e64a76968c9adf7bc3f68997ff28be9155ee6862c484f363b703634bcbe9f6	0000000000000000000000000000000000000000000000000000000000000000	f66fbe57319563b64a8f58cd428595b307c07a72b2164595c11d283eab60b45c
44e64a76968c9adf7bc3f68997ff28be9155ee6862c484f363b703634bcbe9f6	0000000000000000000000000000000000000000000000000000000000000000	400e17f31c864b185ee05029b4ca04a020c29967468e73e015981536dedd5700
44e64a76968c9adf7bc3f68997ff28be9155ee6862c484f363b703634bcbe9f6	0000000000000000000000000000000000000000000000000000000000000000	d435856f9ab6ccc30eb8a023031b74008865b8b6a0ce79565dfb4936b4b73fb5
44e64a76968c9adf7bc3f68997ff28be9155ee6862c484f363b703634bcbe9f6	0000000000000000000000000000000000000000000000000000000000000000	19347eb1e110c6697b2151d083099e040675b4cfa6923f26ad57d963c97e1512
44e64a76968c9adf7bc3f68997ff28be9155ee6862c484f363b703634bcbe9f6	0000000000000000000000000000000000000000000000000000000000000000	b4779d0db00a11f69106d731567d0ad360668f49b2481481d932e714a143e45f
44e64a76968c9adf7bc3f68997ff28be9155ee6862c484f363b703634bcbe9f6	0000000000000000000000000000000000000000000000000000000000000000	99d83593a28df721d8a102e8776220d5aec0976a7b2283f6065686dafe7e51fb
44e64a76968c9adf7bc3f68997ff28be9155ee6862c484f363b703634bcbe9f6	0000000000000000000000000000000000000000000000000000000000000000	ba4e25b946a879db07bca35656369b0b2979018a9ad29eea7a1777fd5fd39c85
44e64a76968c9adf7bc3f68997ff28be9155ee6862c484f363b703634bcbe9f6	0000000000000000000000000000000000000000000000000000000000000000	40b40b9c7f95437f05fab8bbb92a269c56994ea170dfacdd3b3952c1ec8bc580
44e64a76968c9adf7bc3f68997ff28be9155ee6862c484f363b703634bcbe9f6	0000000000000000000000000000000000000000000000000000000000000000	b63351de682f433979d63242bbfa3b025d702b2537cd6d9c9e957ca15d1deac8
44e64a76968c9adf7bc3f68997ff28be9155ee6862c484f363b703634bcbe9f6	0000000000000000000000000000000000000000000000000000000000000000	7558116f93c6298ec934167195825c927f3ce843e06d8dd8a7343861e7dce9d9
44e64a76968c9adf7bc3f68997ff28be9155ee6862c484f363b703634bcbe9f6	0000000000000000000000000000000000000000000000000000000000000000	dff894f905106cd06ad1dbe2c1c46aa79b53e9406b796e7c4016a7d6353db602
44e64a76968c9adf7bc3f68997ff28be9155ee6862c484f363b703634bcbe9f6	0000000000000000000000000000000000000000000000000000000000000000	994c52cd54933a2d4a1f216cc9332d2c3c642bcb967c6948aacdd903536b6325
44e64a76968c9adf7bc3f68997ff28be9155ee6862c484f363b703634bcbe9f6	0000000000000000000000000000000000000000000000000000000000000000	4b3198f4ba8705ac3c84d34411a488c5972a8e5a16d4726f0f077650d2871bdf
44e64a76968c9adf7bc3f68997ff28be9155ee6862c484f363b703634bcbe9f6	0000000000000000000000000000000000000000000000000000000000000000	174bae57a2d7a1629ba040e754ef59a8b0eda026eb917c3cc139a86c88646978
44e64a76968c9adf7bc3f68997ff28be9155ee6862c484f363b703634bcbe9f6	0000000000000000000000000000000000000000000000000000000000000000	0ea05b5d5f3613201470d6192914c594827bfe1afe65cb722b4a2393e4f8fbdd
44e64a76968c9adf7bc3f68997ff28be9155ee6862c484f363b703634bcbe9f6	0000000000000000000000000000000000000000000000000000000000000000	9351b1da87f6b5eb7537fafa579b08ff8779d847c3eb282cf6b608d3c44bef55
44e64a76968c9adf7bc3f68997ff28be9155ee6862c484f363b703634bcbe9f6	0000000000000000000000000000000000000000000000000000000000000000	ee3056755f73938fe24874c6e48e7179fc7c9cf584e86c49da8cdb2436d3caf8
44e64a76968c9adf7bc3f68997ff28be9155ee6862c484f363b703634bcbe9f6	0000000000000000000000000000000000000000000000000000000000000000	483f81fc39a2d891702b937b846a53cd1c958dc6bd180c02059bdecd2cb3c5b9
44e64a76968c9adf7bc3f68997ff28be9155ee6862c484f363b703634bcbe9f6	0000000000000000000000000000000000000000000000000000000000000000	9bdb8c2fb94e8eb23b0b82372348b7f665c83cc61618aef659c20cafc3756577
44e64a76968c9adf7bc3f68997ff28be9155ee6862c484f363b703634bcbe9f6	0000000000000000000000000000000000000000000000000000000000000000	14866b25bfec8d9088ea50e559c7cca8ad737550b972896b141596c723d09595
44e64a76968c9adf7bc3f68997ff28be9155ee6862c484f363b703634bcbe9f6	0000000000000000000000000000000000000000000000000000000000000001	0000000000000000000000000000000000000000000000000000000000000001
44e64a76968c9adf7bc3f68997ff28be9155ee6862c484f363b703634bcbe9f6	0000000000000000000000000000000000000000000000000000000000000001	fffffffffffffffffffffffffffffffffffffffffffffffffffffffefffffc2e
44e64a76968c9adf7bc3f68997ff28be9155ee6862c484f363b703634bcbe9f6	fffffffffffffffffffffffffffffffffffffffffffffffffffffffefffffc2e	0000000000000000000000000000000000000000000000000000000000000001
44e64a76968c9adf7bc3f68997ff28be9155ee6862c484f363b703634bcbe9f6	fffffffffffffffffffffffffffffffffffffffffffffffffffffffefffffc2e	fffffffffffffffffffffffffffffffffffffffffffffffffffffffefffffc2e
44e64a76968c9adf7bc3f68997ff28be9155ee6862c484f363b703634bcbe9f6	00000000000000000000000000000000000000000000000000000001000003d1	00000000000000000000000000000000000000000000000000000001000003d2
44e64a76968c9adf7bc3f68997ff28be9155ee6862c484f363b703634bcbe9f6	00000000000000000000000000000000ffffffffffffffffffffffffffffffff	0000000000000000000000000000000100000000000000000000000000000001
44e64a76968c9adf7bc3f68997ff28be9155ee6862c484f363b703634bcbe9f6	7fffffffffffffffffffffffffffffffffffffffffffffffffffffffffffffed	00000000000000000000000000000000000000000000000000000001000003d1
44e64a76968c9adf7bc3f68997ff28be9155ee6862c484f363b703634bcbe9f6	00000000000000000000000000000000000000000000000000000001000003d2	8000000000000000000000000000000000000000000000000000000000000013
44e64a76968c9adf7bc3f68997ff28be9155ee6862c484f363b703634bcbe9f6	96de292ad08c05f33374ff077e037057cb1976be5fd11814eb427a298826a7de	f5a02b551d42e1af8af605ff1660926f160366df7b9584c2f4e83c5251d4ac4a
44e64a76968c9adf7bc3f68997ff28be9155ee6862c484f363b703634bcbe9f6	4d6ec7bab20514a58c089d6067f55985b8392d48b5531403790e390b58cb6397	a3b527dc3ded3db1ebb2d76d1e0f1d3ba27e4a809a3654648bbde08dbf1f454c
44e64a76968c9adf7bc3f68997ff28be9155ee6862c484f363b703634bcbe9f6	e45d6b3a7bab850fd4636fc1bec55df32d3abc216d2837543c5ba15d153069f1	ddbec74a741dcc3fccbef14fb226877249dae56655d5d9a1b1a073c6e04abe33
44e64a76968c9adf7bc3f68997ff28be9155ee6862c484f363b703634bcbe9f6	bd9c04cdfd5b0caa1588bd3d277d72ace38f467b02aba014e5a8e90eeb3fbe1a	1bb54365673065de32ecf60d870ba0653ed1c3e18b6bedc01dd5d4dd04bbe4ca
44e64a76968c9adf7bc3f68997ff28be9155ee6862c484f363b703634bcbe9f6	2beaf41bc983d4f633f48d269bfa408bfc599b1e1b73e28d09e3ee7ea71ac7a6	357cec24e0b81663bc645f7cf6352799e9e2022fd4915646b6785bedbcbe7334
44e64a76968c9adf7bc3f68997ff28be9155ee6862c484f363b703634bcbe9f6	b5c07245c079654f786d357f629f0790f7723aad5562066fe2e4f01b9e1cddc8	a6584ec2aadddec9d4bd5db607d1f8bf5222837160d787d1353fcbbeaf9136fa
44e64a76968c9adf7bc3f68997ff28be9155ee6862c484f363b703634bcbe9f6	5f7336cee5cf61f96cd20b5175605b709909aa714d33cc087d3466f57f617fff	bb61dcac06769ca45dd1f5557c5e315a0a5ef6c91f8f8fd8f6dec8c4855d4312
44e64a76968c9adf7bc3f68997ff28be9155ee6862c484f363b703634bcbe9f6	2acc6dfff840182c12a710e41723c9d58be39cd1c35ca4bc90b833ab186ab981	1163f31315c921af267f5c165fa15639ff6a27f22da4f0d54a22c5756f4f01bb
44e64a76968c9adf7bc3f68997ff28be9155ee6862c484f363b703634bcbe9f6	d4748cd56a1ba4db81904bd851953aa1e6ad2f30f789700f6a026e53fce2523e	03ad3d62b8d59506de2bbb6a0fb9b9e9c3e3840ceff473be4e7bae93d10a7aa7
44e64a76968c9adf7bc3f68997ff28be9155ee6862c484f363b703634bcbe9f6	512ff00c68eaac642ac7ac7d377bf11621b1b12948db0eb2afed1bbb9abeb1c5	f2c52d8a84bfdbfdf0253c59082bf79ddf5cdadd40f16c27b3ec33a6545b905e
44e64a76968c9adf7bc3f68997ff28be9155ee6862c484f363b703634bcbe9f6	02af8362bd0440652f8b0774287cb3d0d4d1d9f9cd0b4a348a63b5beae8d0bb4	c1b0638d4b66c508d947c069e7ca0d241c5ee6d149a290b3b1dab1f62f842b37
44e64a76968c9adf7bc3f68997ff28be9155ee6862c484f363b703634bcbe9f6	d25b514f3ecd73eb99a9fb4df1427c72d13744c2c280a35a7e0de96e4ba264e6	e85a4bb427c8f87dd7840a7994234b7a8b3c783b7ac9584436fcbe4ff485a11c
44e64a76968c9adf7bc3f68997ff28be9155ee6862c484f363b703634bcbe9f6	a914abac0c875449aa59bd68cc1f68bf74661024895373a19b8e770c89e48bf4	8ce849c8db38c84b2a44d6572a0772cf460a4c0c9b9edd81ed74b160f3498f67
44e64a76968c9adf7bc3f68997ff28be9155ee6862c484f363b703634bcbe9f6	b42468bb21919254b35ba9b2d6196dacb763658d59b32092c19011fa56e5bab7	dca2587b05442efd5f959abd92d8ebcc00123da5227abd899d23727047ec47e1
44e64a76968c9adf7bc3f68997ff28be9155ee6862c484f363b703634bcbe9f6	cdf9fb6f3e724045d145b38f4ba6029866d6eecb293b7446f663bd21619289d1	ef5d51b43d937b85b459606fdf44b9172e45f1855afde8da489c0878c98b6637
44e64a76968c9adf7bc3f68997ff28be9155ee6862c484f363b703634bcbe9f6	fd574845f718a4699ab18dd690c0cb7d5a70e1d9e7cc79899d77dc2f820b0887	ef3df975bf32e79693f84a45aab6ce9a4ce8f6f255b2bc855334b23bd02f69c3
44e64a76968c9adf7bc3f68997ff28be9155ee6862c484f363b703634bcbe9f6	3d01065fa8d2f127ec215cb633b545cc2e4ac01ef8e534f433e264d8466cec92	5900b78154d61769c01f152b1d733b6c6d342e64b9f80882cad772c19dced026
44e64a76968c9adf7bc3f68997ff28be9155ee6862c484f363b703634bcbe9f6	921c715d3cff5e9294c47bb3701a2b5298ce18ac820b35f9041f0ef64a515b5c	52f4f74a17a5423f6b79fe78aa1f75a581a552605bc4e1c8d715fa578181c210
44e64a76968c9adf7bc3f68997ff28be9155ee6862c484f363b703634bcbe9f6	0683e5161c3e6b59b9e88f8164b15ede68d7fb5f73224130d408e6b944bb1c54	471e1faf3b5fb3cb68d996af8dd80565751b48ca94da9cf079b6d83e5bdb6c97
44e64a76968c9adf7bc3f68997ff28be9155ee6862c484f363b703634bcbe9f6	713ecac72d72778c195d5d9c494545f5310f11cc91d2682f32637262247f7d22	21efca2d51daf34d53309b5169d1da162e64194961ac01924604d8ab6c946ffb
44e64a76968c9adf7bc3f68997ff28be9155ee6862c484f363b703634bcbe9f6	9b97ed60917ef827867593286ae20f87081430029c151e22f91f48dd824942af	4d8cacbf43ee8a53bc0fa467890739c1768af3cfe20fe49355cf238fc7472113
44e64a76968c9adf7bc3f68997ff28be9155ee6862c484f363b703634bcbe9f6	18e2c312b8a96ec1562fa25d3622bbb6722736e47326da420bd49b5b74db66c4	f3c1683b267f956469878122341d36c533f5c407b0583165d6c049cc4af22519
44e64a76968c9adf7bc3f68997ff28be9155ee6862c484f363b703634bcbe9f6	98d143525569f7bdaa02c909b6c26e24aaf33ab175e1b0e95ee0219e105c65c2	609315be080284ee9e9d6cc6b37e0b2fd157775c2ef7fc241e687fbdb359d21f
44e64a76968c9adf7bc3f68997ff28be9155ee6862c484f363b703634bcbe9f6	defb17327fcc7a1eb8639e91a8c20792ef1e516ceabc01a0e650593dc60d80fd	39fab05c3e9287d0cf82d07c743e3ada7f5173e2675a574a546e590a07477a29
89b67c594da2bf882a2e773c60d5c92d3dc3aa4f5519a97b07e3797ae8ed42a3	0000000000000000000000000000000000000000000000000000000000000000	0000000000000000000000000000000000000000000000000000000000000001
89b67c594da2bf882a2e773c60d5c92d3dc3aa4f5519a97b07e3797ae8ed42a3	0000000000000000000000000000000000000000000000000000000000000000	0000000000000000000000000000000000000000000000000000000000000002
89b67c594da2bf882a2e773c60d5c92d3dc3aa4f5519a97b07e3797ae8ed42a3	0000000000000000000000000000000000000000000000000000000000000000	0000000000000000000000000000000000000000000000000000000000000003
89b67c594da2bf882a2e773c60d5c92d3dc3aa4f5519a97b07e3797ae8ed42a3	0000000000000000000000000000000000000000000000000000000000000000	00000000000000000000000000000000000000000000000000000001000003d0
89b67c594da2bf882a2e773c60d5c92d3dc3aa4f5519a97b07e3797ae8ed42a3	0000000000000000000000000000000000000000000000000000000000000000	00000000000000000000000000000000000000000000000000000001000003d1
89b67c594da2bf882a2e773c60d5c92d3dc3aa4f5519a97b07e3797ae8ed42a3	0000000000000000000000000000000000000000000000000000000000000000	00000000000000000000000000000000000000000000000000000001000003d2
89b67c594da2bf882a2e773c60d5c92d3dc3aa4f5519a97b07e3797ae8ed42a3	0000000000000000000000000000000000000000000000000000000000000000	0000000000000000000000000000000100000000000000000000000000000001
89b67c594da2bf882a2e773c60d5c92d3dc3aa4f5519a97b07e3797ae8ed42a3	0000000000000000000000000000000000000000000000000000000000000000	fffffffffffffffffffffffffffffffffffffffffffffffffffffffefffffc2e
89b67c594da2bf882a2e773c60d5c92d3dc3aa4f5519a97b07e3797ae8ed42a3	0000000000000000000000000000000000000000000000000000000000000000	9f69ee183927f2de409371d48b0733735c9568941bfe791cb02499365401facb
89b67c594da2bf882a2e773c60d5c92d3dc3aa4f5519a97b07e3797ae8ed42a3	0000000000000000000000000000000000000000000000000000000000000000	d3c5244fc0c8c00553ff409212b6a57b0a3b623ee0bc7b23d9147250759aa415
89b67c594da2bf882a2e773c60d5c92d3dc3aa4f5519a97b07e3797ae8ed42a3	0000000000000000000000000000000000000000000000000000000000000000	5dcdef1aadba6e6f9fa7a194cf6a71df9168d97d2e9ca4dc296908565f00b4d9
89b67c594da2bf882a2e773c60d5c92d3dc3aa4f5519a97b07e3797ae8ed42a3	0000000000000000000000000000000000000000000000000000000000000000	d534d578d3e1eb2b1690b9a2d4b2d2d84100437c040d8b79df6fffed9032d272
89b67c594da2bf882a2e773c60d5c92d3dc3aa4f5519a97b07e3797ae8ed42a3	0000000000000000000000000000000000000000000000000000000000000000	f66fbe57319563b64a8f58cd428595b307c07a72b2164595c11d283eab60b45c
89b67c594da2bf882a2e773c60d5c92d3dc3aa4f5519a97b07e3797ae8ed42a3	0000000000000000000000000000000000000000000000000000000000000000	400e17f31c864b185ee05029b4ca04a020c29967468e73e015981536dedd5700
89b67c594da2bf882a2e773c60d5c92d3dc3aa4f5519a97b07e3797ae8ed42a3	0000000000000000000000000000000000000000000000000000000000000000	d435856f9ab6ccc30eb8a023031b74008865b8b6a0ce79565dfb4936b4b73fb5
89b67c594da2bf882a2e773c60d5c92d3dc3aa4f5519a97b07e3797ae8ed42a3	0000000000000000000000000000000000000000000000000000000000000000	19347eb1e110c6697b2151d083099e040675b4cfa6923f26ad57d963c97e1512
89b67c594da2bf882a2e773c60d5c92d3dc3aa4f5519a97b07e3797ae8ed42a3	0000000000000000000000000000000000000000000000000000000000000000	b4779d0db00a11f69106d731567d0ad360668f49b2481481d932e714a143e45f
89b67c594da2bf882a2e773c60d5c92d3dc3aa4f5519a97b07e3797ae8ed42a3	0000000000000000000000000000000000000000000000000000000000000000	99d83593a28df721d8a102e8776220d5aec0976a7b2283f6065686dafe7e51fb
89b67c594da2bf882a2e773c60d5c92d3dc3aa4f5519a97b07e3797ae8ed42a3	0000000000000000000000000000000000000000000000000000000000000000	ba4e25b946a879db07bca35656369b0b2979018a9ad29eea7a1777fd5fd39c85
89b67c594da2bf882a2e773c60d5c92d3dc3aa4f5519a97b07e3797ae8ed42a3	0000000000000000000000000000000000000000000000000000000000000000	40b40b9c7f95437f05fab8bbb92a269c56994ea170dfacdd3b3952c1ec8bc580
89b67c594da2bf882a2e773c60d5c92d3dc3aa4f5519a97b07e3797ae8ed42a3	0000000000000000000000000000000000000000000000000000000000000000	b63351de682f433979d63242bbfa3b025d702b2537cd6d9c9e957ca15d1deac8
89b67c594da2bf882a2e773c60d5c92d3dc3aa4f5519a97b07e3797ae8ed42a3	0000000000000000000000000000000000000000000000000000000000000000	7558116f93c6298ec934167195825c927f3ce843e06d8dd8a7343861e7dce9d9
89b67c594da2bf882a2e773c60d5c92d3dc3aa4f5519a97b07e3797ae8ed42a3	0000000000000000000000000000000000000000000000000000000000000000	dff894f905106cd06ad1dbe2c1c46aa79b53e9406b796e7c4016a7d6353db602
89b67c594da2bf882a2e773c60d5c92d3dc3aa4f5519a97b07e3797ae8ed42a3	0000000000000000000000000000000000000000000000000000000000000000	994c52cd54933a2d4a1f216cc9332d2c3c642bcb967c6948aacdd903536b6325
89b67c594da2bf882a2e773c60d5c92d3dc3aa4f5519a97b07e3797ae8ed42a3	0000000000000000000000000000000000000000000000000000000000000000	4b3198f4ba8705ac3c84d34411a488c5972a8e5a16d4726f0f077650d2871bdf
89b67c594da2bf882a2e773c60d5c92d3dc3aa4f5519a97b07e3797ae8ed42a3	0000000000000000000000000000000000000000000000000000000000000000	174bae57a2d7a1629ba040e754ef59a8b0eda026eb917c3cc139a86c88646978
89b67c594da2bf882a2e773c60d5c92d3dc3aa4f5519a97b07e3797ae8ed42a3	0000000000000000000000000000000000000000000000000000000000000000	0ea05b5d5f3613201470d6192914c594827bfe1afe65cb722b4a2393e4f8fbdd
89b67c594da2bf882a2e773c60d5c92d3dc3aa4f5519a97b07e3797ae8ed42a3	0000000000000000000000000000000000000000000000000000000000000000	9351b1da87f6b5eb7537fafa579b08ff8779d847c3eb282cf6b608d3c44bef55
89b67c594da2bf882a2e773c60d5c92d3dc3aa4f5519a97b07e3797ae8ed42a3	0000000000000000000000000000000000000000000000000000000000000000	ee3056755f73938fe24874c6e48e7179fc7c9cf584e86c49da8cdb2436d3caf8
89b67c594da2bf882a2e773c60d5c92d3dc3aa4f5519a97b07e3797ae8ed42a3	0000000000000000000000000000000000000000000000000000000000000000	483f81fc39a2d891702b937b846a53cd1c958dc6bd180c02059bdecd2cb3c5b9
89b67c594da2bf882a2e773c60d5c92d3dc3aa4f5519a97b07e3797ae8ed42a3	0000000000000000000000000000000000000000000000000000000000000000	9bdb8c2fb94e8eb23b0b82372348b7f665c83cc61618aef659c20cafc3756577
89b67c594da2bf882a2e773c60d5c92d3dc3aa4f5519a97b07e3797ae8ed42a3	0000000000000000000000000000000000000000000000000000000000000000	14866b25bfec8d9088ea50e559c7cca8ad737550b972896b141596c723d09595
89b67c594da2bf882a2e773c60d5c92d3dc3aa4f5519a97b07e3797ae8ed42a3	0000000000000000000000000000000000000000000000000000000000000001	0000000000000000000000000000000000000000000000000000000000000001
89b67c594da2bf882a2e773c60d5c92d3dc3aa4f5519a97b07e3797ae8ed42a3	0000000000000000000000000000000000000000000000000000000000000001	fffffffffffffffffffffffffffffffffffffffffffffffffffffffefffffc2e
89b67c594da2bf882a2e773c60d5c92d3dc3aa4f5519a97b07e3797ae8ed42a3	fffffffffffffffffffffffffffffffffffffffffffffffffffffffefffffc2e	0000000000000000000000000000000000000000000000000000000000000001
89b67c594da2bf882a2e773c60d5c92d3dc3aa4f5519a97b07e3797ae8ed42a3	fffffffffffffffffffffffffffffffffffffffffffffffffffffffefffffc2e	fffffffffffffffffffffffffffffffffffffffffffffffffffffffefffffc2e
89b67c594da2bf882a2e773c60d5c92d3dc3aa4f5519a97b07e3797ae8ed42a3	00000000000000000000000000000000000000000000000000000001000003d1	00000000000000000000000000000000000000000000000000000001000003d2
89b67c594da2bf882a2e773c60d5c92d3dc3aa4f5519a97b07e3797ae8ed42a3	00000000000000000000000000000000ffffffffffffffffffffffffffffffff	0000000000000000000000000000000100000000000000000000000000000001
89b67c594da2bf882a2e773c60d5c92d3dc3aa4f5519a97b07e3797ae8ed42a3	7fffffffffffffffffffffffffffffffffffffffffffffffffffffffffffffed	00000000000000000000000000000000000000000000000000000001000003d1
89b67c594da2bf882a2e773c60d5c92d3dc3aa4f5519a97b07e3797ae8ed42a3	00000000000000000000000000000000000000000000000000000001000003d2	8000000000000000000000000000000000000000000000000000000000000013
89b67c594da2bf882a2e773c60d5c92d3dc3aa4f5519a97b07e3797ae8ed42a3	96de292ad08c05f33374ff077e037057cb1976be5fd11814eb427a298826a7de	f5a02b551d42e1af8af605ff1660926f160366df7b9584c2f4e83c5251d4ac4a
89b67c594da2bf882a2e773c60d5c92d3dc3aa4f5519a97b07e3797ae8ed42a3	4d6ec7bab20514a58c089d6067f55985b8392d48b5531403790e390b58cb6397	a3b527dc3ded3db1ebb2d76d1e0f1d3ba27e4a809a3654648bbde08dbf1f454c
89b67c594da2bf882a2e773c60d5c92d3dc3aa4f5519a97b07e3797ae8ed42a3	e45d6b3a7bab850fd4636fc1bec55df32d3abc216d2837543c5ba15d153069f1	ddbec74a741dcc3fccbef14fb226877249dae56655d5d9a1b1a073c6e04abe33
89b67c594da2bf882a2e773c60d5c92d3dc3aa4f5519a97b07e3797ae8ed42a3	bd9c04cdfd5b0caa1588bd3d277d72ace38f467b02aba014e5a8e90eeb3fbe1a	1bb54365673065de32ecf60d870ba0653ed1c3e18b6bedc01dd5d4dd04bbe4ca
89b67c594da2bf882a2e773c60d5c92d3dc3aa4f5519a97b07e3797ae8ed42a3	2beaf41bc983d4f633f48d269bfa408bfc599b1e1b73e28d09e3ee7ea71ac7a6	357cec24e0b81663bc645f7cf6352799e9e2022fd4915646b6785bedbcbe7334
89b67c594da2bf882a2e773c60d5c92d3dc3aa4f5519a97b07e3797ae8ed42a3	b5c07245c079654f786d357f629f0790f7723aad5562066fe2e4f01b9e1cddc8	a6584ec2aadddec9d4bd5db607d1f8bf5222837160d787d1353fcbbeaf9136fa
89b67c594da2bf882a2e773c60d5c92d3dc3aa4f5519a97b07e3797ae8ed42a3	5f7336cee5cf61f96cd20b5175605b709909aa714d33cc087d3466f57f617fff	bb61dcac06769ca45dd1f5557c5e315a0a5ef6c91f8f8fd8f6dec8c4855d4312
89b67c594da2bf882a2e773c60d5c92d3dc3aa4f5519a97b07e3797ae8ed42a3	2acc6dfff840182c12a710e41723c9d58be39cd1c35ca4bc90b833ab186ab981	1163f31315c921af267f5c165fa15639ff6a27f22da4f0d54a22c5756f4f01bb
89b67c594da2bf882a2e773c60d5c92d3dc3aa4f5519a97b07e3797ae8ed42a3	d4748cd56a1ba4db81904bd851953aa1e6ad2f30f789700f6a026e53fce2523e	03ad3d62b8d59506de2bbb6a0fb9b9e9c3e3840ceff473be4e7bae93d10a7aa7
89b67c594da2bf882a2e773c60d5c92d3dc3aa4f5519a97b07e3797ae8ed42a3	512ff00c68eaac642ac7ac7d377bf11621b1b12948db0eb2afed1bbb9abeb1c5	f2c52d8a84bfdbfdf0253c59082bf79ddf5cdadd40f16c27b3ec33a6545b905e
89b67c594da2bf882a2e773c60d5c92d3dc3aa4f5519a97b07e3797ae8ed42a3	02af8362bd0440652f8b0774287cb3d0d4d1d9f9cd0b4a348a63b5beae8d0bb4	c1b0638d4b66c508d947c069e7ca0d241c5ee6d149a290b3b1dab1f62f842b37
89b67c594da2bf882a2e773c60d5c92d3dc3aa4f5519a97b07e3797ae8ed42a3	d25b514f3ecd73eb99a9fb4df1427c72d13744c2c280a35a7e0de96e4ba264e6	e85a4bb427c8f87dd7840a7994234b7a8b3c783b7ac9584436fcbe4ff485a11c
89b67c594da2bf882a2e773c60d5c92d3dc3aa4f5519a97b07e3797ae8ed42a3	a914abac0c875449aa59bd68cc1f68bf74661024895373a19b8e770c89e48bf4	8ce849c8db38c84b2a44d6572a0772cf460a4c0c9b9edd81ed74b160f3498f67
89b67c594da2bf882a2e773c60d5c92d3dc3aa4f5519a97b07e3797ae8ed42a3	b42468bb21919254b35ba9b2d6196dacb763658d59b32092c19011fa56e5bab7	dca2587b05442efd5f959abd92d8ebcc00123da5227abd899d23727047ec47e1
89b67c594da2bf882a2e773c60d5c92d3dc3aa4f5519a97b07e3797ae8ed42a3	cdf9fb6f3e724045d145b38f4ba6029866d6eecb293b7446f663bd21619289d1	ef5d51b43d937b85b459606fdf44b9172e45f1855afde8da489c0878c98b6637
89b67c594da2bf882a2e773c60d5c92d3dc3aa4f5519a97b07e3797ae8ed42a3	fd574845f718a4699ab18dd690c0cb7d5a70e1d9e7cc79899d77dc2f820b0887	ef3df975bf32e79693f84a45aab6ce9a4ce8f6f255b2bc855334b23bd02f69c3
89b67c594da2bf882a2e773c60d5c92d3dc3aa4f5519a97b07e3797ae8ed42a3	3d01065fa8d2f127ec215cb633b545cc2e4ac01ef8e534f433e264d8466cec92	5900b78154d61769c01f152b1d733b6c6d342e64b9f80882cad772c19dced026
89b67c594da2bf882a2e773c60d5c92d3dc3aa4f5519a97b07e3797ae8ed42a3	921c715d3cff5e9294c47bb3701a2b5298ce18ac820b35f9041f0ef64a515b5c	52f4f74a17a5423f6b79fe78aa1f75a581a552605bc4e1c8d715fa578181c210
89b67c594da2bf882a2e773c60d5c92d3dc3aa4f5519a97b07e3797ae8ed42a3	0683e5161c3e6b59b9e88f8164b15ede68d7fb5f73224130d408e6b944bb1c54	471e1faf3b5fb3cb68d996af8dd80565751b48ca94da9cf079b6d83e5bdb6c97
89b67c594da2bf882a2e773c60d5c92d3dc3aa4f5519a97b07e3797ae8ed42a3	713ecac72d72778c195d5d9c494545f5310f11cc91d2682f32637262247f7d22	21efca2d51daf34d53309b5169d1da162e64194961ac01924604d8ab6c946ffb
89b67c594da2bf882a2e773c60d5c92d3dc3aa4f5519a97b07e3797ae8ed42a3	9b97ed60917ef827867593286ae20f87081430029c151e22f91f48dd824942af	4d8cacbf43ee8a53bc0fa467890739c1768af3cfe20fe49355cf238fc7472113
89b67c594da2bf882a2e773c60d5c92d3dc3aa4f5519a97b07e3797ae8ed42a3	18e2c312b8a96ec1562fa25d3622bbb6722736e47326da420bd49b5b74db66c4	f3c1683b267f956469878122341d36c533f5c407b0583165d6c049cc4af22519
89b67c594da2bf882a2e773c60d5c92d3dc3aa4f5519a97b07e3797ae8ed42a3	98d143525569f7bdaa02c909b6c26e24aaf33ab175e1b0e95ee0219e105c65c2	609315be080284ee9e9d6cc6b37e0b2fd157775c2ef7fc241e687fbdb359d21f
89b67c594da2bf882a2e773c60d5c92d3dc3aa4f5519a97b07e3797ae8ed42a3	defb17327fcc7a1eb8639e91a8c20792ef1e516ceabc01a0e650593dc60d80fd	39fab05c3e9287d0cf82d07c743e3ada7f5173e2675a574a546e590a07477a29
7bae6395a5dcdf90e20a7c03b45ff473c49a3a17f854b819c1da9eb195783287	0000000000000000000000000000000000000000000000000000000000000000	0000000000000000000000000000000000000000000000000000000000000001
7bae6395a5dcdf90e20a7c03b45ff473c49a3a17f854b819c1da9eb195783287	0000000000000000000000000000000000000000000000000000000000000000	0000000000000000000000000000000000000000000000000000000000000002
7bae6395a5dcdf90e20a7c03b45ff473c49a3a17f854b819c1da9eb195783287	0000000000000000000000000000000000000000000000000000000000000000	0000000000000000000000000000000000000000000000000000000000000003
7bae6395a5dcdf90e20a7c03b45ff473c49a3a17f854b819c1da9eb195783287	0000000000000000000000000000000000000000000000000000000000000000	00000000000000000000000000000000000000000000000000000001000003d0
7bae6395a5dcdf90e20a7c03b45ff473c49a3a17f854b819c1da9eb195783287	0000000000000000000000000000000000000000000000000000000000000000	00000000000000000000000000000000000000000000000000000001000003d1
7bae6395a5dcdf90e20a7c03b45ff473c49a3a17f854b819c1da9eb195783287	0000000000000000000000000000000000000000000000000000000000000000	00000000000000000000000000000000000000000000000000000001000003d2
7bae6395a5dcdf90e20a7c03b45ff473c49a3a17f854b819c1da9eb195783287	0000000000000000000000000000000000000000000000000000000000000000	0000000000000000000000000000000100000000000000000000000000000001
7bae6395a5dcdf90e20a7c03b45ff473c49a3a17f854b819c1da9eb195783287	0000000000000000000000000000000000000000000000000000000000000000	fffffffffffffffffffffffffffffffffffffffffffffffffffffffefffffc2e
7bae6395a5dcdf90e20a7c03b45ff473c49a3a17f854b819c1da9eb195783287	0000000000000000000000000000000000000000000000000000000000000000	9f69ee183927f2de409371d48b0733735c9568941bfe791cb02499365401facb
7bae6395a5dcdf90e20a7c03b45ff473c49a3a17f854b819c1da9eb195783287	0000000000000000000000000000000000000000000000000000000000000000	d3c5244fc0c8c00553ff409212b6a57b0a3b623ee0bc7b23d9147250759aa415
7bae6395a5dcdf90e20a7c03b45ff473c49a3a17f854b819c1da9eb195783287	0000000000000000000000000000000000000000000000000000000000000000	5dcdef1aadba6e6f9fa7a194cf6a71df9168d97d2e9ca4dc296908565f00b4d9
7bae6395a5dcdf90e20a7c03b45ff473c49a3a17f854b819c1da9eb195783287	0000000000000000000000000000000000000000000000000000000000000000	d534d578d3e1eb2b1690b9a2d4b2d2d84100437c040d8b79df6fffed9032d272
7bae6395a5dcdf90e20a7c03b45ff473c49a3a17f854b819c1da9eb195783287	0000000000000000000000000000000000000000000000000000000000000000	f66fbe57319563b64a8f58cd428595b307c07a72b2164595c11d283eab60b45c
7bae6395a5dcdf90e20a7c03b45ff473c49a3a17f854b819c1da9eb195783287	0000000000000000000000000000000000000000000000000000000000000000	400e17f31c864b185ee05029b4ca04a020c29967468e73e015981536dedd5700
7bae6395a5dcdf90e20a7c03b45ff473c49a3a17f854b819c1da9eb195783287	0000000000000000000000000000000000000000000000000000000000000000	d435856f9ab6ccc30eb8a023031b74008865b8b6a0ce79565dfb4936b4b73fb5
7bae6395a5dcdf90e20a7c03b45ff473c49a3a17f854b819c1da9eb195783287	0000000000000000000000000000000000000000000000000000000000000000	19347eb1e110c6697b2151d083099e040675b4cfa6923f26ad57d963c97e1512
7bae6395a5dcdf90e20a7c03b45ff473c49a3a17f854b819c1da9eb195783287	0000000000000000000000000000000000000000000000000000000000000000	b4779d0db00a11f69106d731567d0ad360668f49b2481481d932e714a143e45f
7bae6395a5dcdf90e20a7c03b45ff473c49a3a17f854b819c1da9eb195783287	0000000000000000000000000000000000000000000000000000000000000000	99d83593a28df721d8a102e8776220d5aec0976a7b2283f6065686dafe7e51fb
7bae6395a5dcdf90e20a7c03b45ff473c49a3a17f854b819c1da9eb195783287	0000000000000000000000000000000000000000000000000000000000000000	ba4e25b946a879db07bca35656369b0b2979018a9ad29eea7a1777fd5fd39c85
7bae6395a5dcdf90e20a7c03b45ff473c49a3a17f854b819c1da9eb195783287	0000000000000000000000000000000000000000000000000000000000000000	40b40b9c7f95437f05fab8bbb92a269c56994ea170dfacdd3b3952c1ec8bc580
7bae6395a5dcdf90e20a7c03b45ff473c49a3a17f854b819c1da9eb195783287	0000000000000000000000000000000000000000000000000000000000000000	b63351de682f433979d63242bbfa3b025d702b2537cd6d9c9e957ca15d1deac8
7bae6395a5dcdf90e20a7c03b45ff473c49a3a17f854b819c1da9eb195783287	0000000000000000000000000000000000000000000000000000000000000000	7558116f93c6298ec934167195825c927f3ce843e06d8dd8a7343861e7dce9d9
7bae6395a5dcdf90e20a7c03b45ff473c49a3a17f854b819c1da9eb195783287	0000000000000000000000000000000000000000000000000000000000000000	dff894f905106cd06ad1dbe2c1c46aa79b53e9406b796e7c4016a7d6353db602
7bae6395a5dcdf90e20a7c03b45ff473c49a3a17f854b819c1da9eb195783287	0000000000000000000000000000000000000000000000000000000000000000	994c52cd54933a2d4a1f216cc9332d2c3c642bcb967c6948aacdd903536b6325
7bae6395a5dcdf90e20a7c03b45ff473c49a3a17f854b819c1da9eb195783287	0000000000000000000000000000000000000000000000000000000000000000	4b3198f4ba8705ac3c84d34411a488c5972a8e5a16d4726f0f077650d2871bdf
7bae6395a5dcdf90e20a7c03b45ff473c49a3a17f854b819c1da9eb195783287	0000000000000000000000000000000000000000000000000000000000000000	174bae57a2d7a1629ba040e754ef59a8b0eda026eb917c3cc139a86c88646978
7bae6395a5dcdf90e20a7c03b45ff473c49a3a17f854b819c1da9eb195783287	0000000000000000000000000000000000000000000000000000000000000000	0ea05b5d5f3613201470d6192914c594827bfe1afe65cb722b4a2393e4f8fbdd
7bae6395a5dcdf90e20a7c03b45ff473c49a3a17f854b819c1da9eb195783287	0000000000000000000000000000000000000000000000000000000000000000	9351b1da87f6b5eb7537fafa579b08ff8779d847c3eb282cf6b608d3c44bef55
7bae6395a5dcdf90e20a7c03b45ff473c49a3a17f854b819c1da9eb195783287	0000000000000000000000000000000000000000000000000000000000000000	ee3056755f73938fe24874c6e48e7179fc7c9cf584e86c49da8cdb2436d3caf8
7bae6395a5dcdf90e20a7c03b45ff473c49a3a17f854b819c1da9eb195783287	0000000000000000000000000000000000000000000000000000000000000000	483f81fc39a2d891702b937b846a53cd1c958dc6bd180c02059bdecd2cb3c5b9
7bae6395a5dcdf90e20a7c03b45ff473c49a3a17f854b819c1da9eb195783287	0000000000000000000000000000000000000000000000000000000000000000	9bdb8c2fb94e8eb23b0b82372348b7f665c83cc61618aef659c20cafc3756577
7bae6395a5dcdf90e20a7c03b45ff473c49a3a17f854b819c1da9eb195783287	0000000000000000000000000000000000000000000000000000000000000000	14866b25bfec8d9088ea50e559c7cca8ad737550b972896b141596c723d09595
7bae6395a5dcdf90e20a7c03b45ff473c49a3a17f854b819c1da9eb195783287	0000000000000000000000000000000000000000000000000000000000000001	0000000000000000000000000000000000000000000000000000000000000001
7bae6395a5dcdf90e20a7c03b45ff473c49a3a17f854b819c1da9eb195783287	0000000000000000000000000000000000000000000000000000000000000001	fffffffffffffffffffffffffffffffffffffffffffffffffffffffefffffc2e
7bae6395a5dcdf90e20a7c03b45ff473c49a3a17f854b819c1da9eb195783287	fffffffffffffffffffffffffffffffffffffffffffffffffffffffefffffc2e	0000000000000000000000000000000000000000000000000000000000000001
7bae6395a5dcdf90e20a7c03b45ff473c49a3a17f854b819c1da9eb195783287	fffffffffffffffffffffffffffffffffffffffffffffffffffffffefffffc2e	fffffffffffffffffffffffffffffffffffffffffffffffffffffffefffffc2e
7bae6395a5dcdf90e20a7c03b45ff473c49a3a17f854b819c1da9eb195783287	00000000000000000000000000000000000000000000000000000001000003d1	00000000000000000000000000000000000000000000000000000001000003d2
7bae6395a5dcdf90e20a7c03b45ff473c49a3a17f854b819c1da9eb195783287	00000000000000000000000000000000ffffffffffffffffffffffffffffffff	0000000000000000000000000000000100000000000000000000000000000001
7bae6395a5dcdf90e20a7c03b45ff473c49a3a17f854b819c1da9eb195783287	7fffffffffffffffffffffffffffffffffffffffffffffffffffffffffffffed	00000000000000000000000000000000000000000000000000000001000003d1
7bae6395a5dcdf90e20a7c03b45ff473c49a3a17f854b819c1da9eb195783287	00000000000000000000000000000000000000000000000000000001000003d2	8000000000000000000000000000000000000000000000000000000000000013
7bae6395a5dcdf90e20a7c03b45ff473c49a3a17f854b819c1da9eb195783287	96de292ad08c05f33374ff077e037057cb1976be5fd11814eb427a298826a7de	f5a02b551d42e1af8af605ff1660926f160366df7b9584c2f4e83c5251d4ac4a
7bae6395a5dcdf90e20a7c03b45ff473c49a3a17f854b819c1da9eb195783287	4d6ec7bab20514a58c089d6067f55985b8392d48b5531403790e390b58cb6397	a3b527dc3ded3db1ebb2d76d1e0f1d3ba27e4a809a3654648bbde08dbf1f454c
7bae6395a5dcdf90e20a7c03b45ff473c49a3a17f854b819c1da9eb195783287	e45d6b3a7bab850fd4636fc1bec55df32d3abc216d2837543c5ba15d153069f1	ddbec74a741dcc3fccbef14fb226877249dae56655d5d9a1b1a073c6e04abe33
7bae6395a5dcdf90e20a7c03b45ff473c49a3a17f854b819c1da9eb195783287	bd9c04cdfd5b0caa1588bd3d277d72ace38f467b02aba014e5a8e90eeb3fbe1a	1bb54365673065de32ecf60d870ba0653ed1c3e18b6bedc01dd5d4dd04bbe4ca
7bae6395a5dcdf90e20a7c03b45ff473c49a3a17f854b819c1da9eb195783287	2beaf41bc983d4f633f48d269bfa408bfc599b1e1b73e28d09e3ee7ea71ac7a6	357cec24e0b81663bc645f7cf6352799e9e2022fd4915646b6785bedbcbe7334
7bae6395a5dcdf90e20a7c03b45ff473c49a3a17f854b819c1da9eb195783287	b5c07245c079654f786d357f629f0790f7723aad5562066fe2e4f01b9e1cddc8	a6584ec2aadddec9d4bd5db607d1f8bf5222837160d787d1353fcbbeaf9136fa
7bae6395a5dcdf90e20a7c03b45ff473c49a3a17f854b819c1da9eb195783287	5f7336cee5cf61f96cd20b5175605b709909aa714d33cc087d3466f57f617fff	bb61dcac06769ca45dd1f5557c5e315a0a5ef6c91f8f8fd8f6dec8c4855d4312
7bae6395a5dcdf90e20a7c03b45ff473c49a3a17f854b819c1da9eb195783287	2acc6dfff840182c12a710e41723c9d58be39cd1c35ca4bc90b833ab186ab981	1163f31315c921af267f5c165fa15639ff6a27f22da4f0d54a22c5756f4f01bb
7bae6395a5dcdf90e20a7c03b45ff473c49a3a17f854b819c1da9eb195783287	d4748cd56a1ba4db81904bd851953aa1e6ad2f30f789700f6a026e53fce2523e	03ad3d62b8d59506de2bbb6a0fb9b9e9c3e3840ceff473be4e7bae93d10a7aa7
7bae6395a5dcdf90e20a7c03b45ff473c49a3a17f854b819c1da9eb195783287	512ff00c68eaac642ac7ac7d377bf11621b1b12948db0eb2afed1bbb9abeb1c5	f2c52d8a84bfdbfdf0253c59082bf79ddf5cdadd40f16c27b3ec33a6545b905e
7bae6395a5dcdf90e20a7c03b45ff473c49a3a17f854b819c1da9eb195783287	02af8362bd0440652f8b0774287cb3d0d4d1d9f9cd0b4a348a63b5beae8d0bb4	c1b0638d4b66c508d947c069e7ca0d241c5ee6d149a290b3b1dab1f62f842b37
7bae6395a5dcdf90e20a7c03b45ff473c49a3a17f854b819c1da9eb195783287	d25b514f3ecd73eb99a9fb4df1427c72d13744c2c280a35a7e0de96e4ba264e6	e85a4bb427c8f87dd7840a7994234b7a8b3c783b7ac9584436fcbe4ff485a11c
7bae6395a5dcdf90e20a7c03b45ff473c49a3a17f854b819c1da9eb195783287	a914abac0c875449aa59bd68cc1f68bf74661024895373a19b8e770c89e48bf4	8ce849c8db38c84b2a44d6572a0772cf460a4c0c9b9edd81ed74b160f3498f67
7bae6395a5dcdf90e20a7c03b45ff473c49a3a17f854b819c1da9eb195783287	b42468bb21919254b35ba9b2d6196dacb763658d59b32092c19011fa56e5bab7	dca2587b05442efd5f959abd92d8ebcc00123da5227abd899d23727047ec47e1
7bae6395a5dcdf90e20a7c03b45ff473c49a3a17f854b819c1da9eb195783287	cdf9fb6f3e724045d145b38f4ba6029866d6eecb293b7446f663bd21619289d1	ef5d51b43d937b85b459606fdf44b9172e45f1855afde8da489c0878c98b6637
7bae6395a5dcdf90e20a7c03b45ff473c49a3a17f854b819c1da9eb195783287	fd574845f718a4699ab18dd690c0cb7d5a70e1d9e7cc79899d77dc2f820b0887	ef3df975bf32e79693f84a45aab6ce9a4ce8f6f255b2bc855334b23bd02f69c3
7bae6395a5dcdf90e20a7c03b45ff473c49a3a17f854b819c1da9eb195783287	3d01065fa8d2f127ec215cb633b545cc2e4ac01ef8e534f433e264d8466cec92	5900b78154d61769c01f152b1d733b6c6d342e64b9f80882cad772c19dced026
7bae6395a5dcdf90e20a7c03b45ff473c49a3a17f854b819c1da9eb195783287	921c715d3cff5e9294c47bb3701a2b5298ce18ac820b35f9041f0ef64a515b5c	52f4f74a17a5423f6b79fe78aa1f75a581a552605bc4e1c8d715fa578181c210
7bae6395a5dcdf90e20a7c03b45ff473c49a3a17f854b819c1da9eb195783287	0683e5161c3e6b59b9e88f8164b15ede68d7fb5f73224130d408e6b944bb1c54	471e1faf3b5fb3cb68d996af8dd80565751b48ca94da9cf079b6d83e5bdb6c97
7bae6395a5dcdf90e20a7c03b45ff473c49a3a17f854b819c1da9eb195783287	713ecac72d72778c195d5d9c494545f5310f11cc91d2682f32637262247f7d22	21efca2d51daf34d53309b5169d1da162e64194961ac01924604d8ab6c946ffb
7bae6395a5dcdf90e20a7c03b45ff473c49a3a17f854b819c1da9eb195783287	9b97ed60917ef827867593286ae20f87081430029c151e22f91f48dd824942af	4d8cacbf43ee8a53bc0fa467890739c1768af3cfe20fe49355cf238fc7472113
7bae6395a5dcdf90e20a7c03b45ff473c49a3a17f854b819c1da9eb195783287	18e2c312b8a96ec1562fa25d3622bbb6722736e47326da420bd49b5b74db66c4	f3c1683b267f956469878122341d36c533f5c407b0583165d6c049cc4af22519
7bae6395a5dcdf90e20a7c03b45ff473c49a3a17f854b819c1da9eb195783287	98d143525569f7bdaa02c909b6c26e24aaf33ab175e1b0e95ee0219e105c65c2	609315be080284ee9e9d6cc6b37e0b2fd157775c2ef7fc241e687fbdb359d21f
7bae6395a5dcdf90e20a7c03b45ff473c49a3a17f854b819c1da9eb195783287	defb17327fcc7a1eb8639e91a8c20792ef1e516ceabc01a0e650593dc60d80fd	39fab05c3e9287d0cf82d07c743e3ada7f5173e2675a574a546e590a07477a29
7c77ecddbd257a37fe73cf9051448fa7e06a96346c3c2caf5b016cf1410b5cd6	0000000000000000000000000000000000000000000000000000000000000000	0000000000000000000000000000000000000000000000000000000000000001
7c77ecddbd257a37fe73cf9051448fa7e06a96346c3c2caf5b016cf1410b5cd6	0000000000000000000000000000000000000000000000000000000000000000	0000000000000000000000000000000000000000000000000000000000000002
7c77ecddbd257a37fe73cf9051448fa7e06a96346c3c2caf5b016cf1410b5cd6	0000000000000000000000000000000000000000000000000000000000000000	0000000000000000000000000000000000000000000000000000000000000003
7c77ecddbd257a37fe73cf9051448fa7e06a96346c3c2caf5b016cf1410b5cd6	0000000000000000000000000000000000000000000000000000000000000000	00000000000000000000000000000000000000000000000000000001000003d0
7c77ecddbd257a37fe73cf9051448fa7e06a96346c3c2caf5b016cf1410b5cd6	0000000000000000000000000000000000000000000000000000000000000000	00000000000000000000000000000000000000000000000000000001000003d1
7c77ecddbd257a37fe73cf9051448fa7e06a96346c3c2caf5b016cf1410b5cd6	0000000000000000000000000000000000000000000000000000000000000000	00000000000000000000000000000000000000000000000000000001000003d2
7c77ecddbd257a37fe73cf9051448fa7e06a96346c3c2caf5b016cf1410b5cd6	0000000000000000000000000000000000000000000000000000000000000000	0000000000000000000000000000000100000000000000000000000000000001
7c77ecddbd257a37fe73cf9051448fa7e06a96346c3c2caf5b016cf1410b5cd6	0000000000000000000000000000000000000000000000000000000000000000	fffffffffffffffffffffffffffffffffffffffffffffffffffffffefffffc2e
7c77ecddbd257a37fe73cf9051448fa7e06a96346c3c2caf5b016cf1410b5cd6	0000000000000000000000000000000000000000000000000000000000000000	9f69ee183927f2de409371d48b0733735c9568941bfe791cb02499365401facb
7c77ecddbd257a37fe73cf9051448fa7e06a96346c3c2caf5b016cf1410b5cd6	0000000000000000000000000000000000000000000000000000000000000000	d3c5244fc0c8c00553ff409212b6a57b0a3b623ee0bc7b23d9147250759aa415
7c77ecddbd257a37fe73cf9051448fa7e06a96346c3c2caf5b016cf1410b5cd6	0000000000000000000000000000000000000000000000000000000000000000	5dcdef1aadba6e6f9fa7a194cf6a71df9168d97d2e9ca4dc296908565f00b4d9
7c77ecddbd257a37fe73cf9051448fa7e06a96346c3c2caf5b016cf1410b5cd6	0000000000000000000000000000000000000000000000000000000000000000	d534d578d3e1eb2b1690b9a2d4b2d2d84100437c040d8b79df6fffed9032d272
7c77ecddbd257a37fe73cf9051448fa7e06a96346c3c2caf5b016cf1410b5cd6	0000000000000000000000000000000000000000000000000000000000000000	f66fbe57319563b64a8f58cd428595b307c07a72b2164595c11d283eab60b45c
7c77ecddbd257a37fe73cf9051448fa7e06a96346c3c2caf5b016cf1410b5cd6	0000000000000000000000000000000000000000000000000000000000000000	400e17f31c864b185ee05029b4ca04a020c29967468e73e015981536dedd5700
7c77ecddbd257a37fe73cf9051448fa7e06a96346c3c2caf5b016cf1410b5cd6	0000000000000000000000000000000000000000000000000000000000000000	d435856f9ab6ccc30eb8a023031b74008865b8b6a0ce79565dfb4936b4b73fb5
7c77ecddbd257a37fe73cf9051448fa7e06a96346c3c2caf5b016cf1410b5cd6	0000000000000000000000000000000000000000000000000000000000000000	19347eb1e110c6697b2151d083099e040675b4cfa6923f26ad57d963c97e1512
7c77ecddbd257a37fe73cf9051448fa7e06a96346c3c2caf5b016cf1410b5cd6	0000000000000000000000000000000000000000000000000000000000000000	b4779d0db00a11f69106d731567d0ad360668f49b2481481d932e714a143e45f
7c77ecddbd257a37fe73cf9051448fa7e06a96346c3c2caf5b016cf1410b5cd6	0000000000000000000000000000000000000000000000000000000000000000	99d83593a28df721d8a102e8776220d5aec0976a7b2283f6065686dafe7e51fb
7c77ecddbd257a37fe73cf9051448fa7e06a96346c3c2caf5b016cf1410b5cd6	0000000000000000000000000000000000000000000000000000000000000000	ba4e25b946a879db07bca35656369b0b2979018a9ad29eea7a1777fd5fd39c85
7c77ecddbd257a37fe73cf9051448fa7e06a96346c3c2caf5b016cf1410b5cd6	0000000000000000000000000000000000000000000000000000000000000000	40b40b9c7f95437f05fab8bbb92a269c56994ea170dfacdd3b3952c1ec8bc580
7c77ecddbd257a37fe73cf9051448fa7e06a96346c3c2caf5b016cf1410b5cd6	0000000000000000000000000000000000000000000000000000000000000000	b63351de682f433979d63242bbfa3b025d702b2537cd6d9c9e957ca15d1deac8
7c77ecddbd257a37fe73cf9051448fa7e06a96346c3c2caf5b016cf1410b5cd6	0000000000000000000000000000000000000000000000000000000000000000	7558116f93c6298ec934167195825c927f3ce843e06d8dd8a7343861e7dce9d9
7c77ecddbd257a37fe73cf9051448fa7e06a96346c3c2caf5b016cf1410b5cd6	0000000000000000000000000000000000000000000000000000000000000000	dff894f905106cd06ad1dbe2c1c46aa79b53e9406b796e7c4016a7d6353db602
7c77ecddbd257a37fe73cf9051448fa7e06a96346c3c2caf5b016cf1410b5cd6	0000000000000000000000000000000000000000000000000000000000000000	994c52cd54933a2d4a1f216cc9332d2c3c642bcb967c6948aacdd903536b6325
7c77ecddbd257a37fe73cf9051448fa7e06a96346c3c2caf5b016cf1410b5cd6	0000000000000000000000000000000000000000000000000000000000000000	4b3198f4ba8705ac3c84d34411a488c5972a8e5a16d4726f0f077650d2871bdf
7c77ecddbd257a37fe73cf9051448fa7e06a96346c3c2caf5b016cf1410b5cd6	0000000000000000000000000000000000000000000000000000000000000000	174bae57a2d7a1629ba040e754ef59a8b0eda026eb917c3cc139a86c88646978
7c77ecddbd257a37fe73cf9051448fa7e06a96346c3c2caf5b016cf1410b5cd6	0000000000000000000000000000000000000000000000000000000000000000	0ea05b5d5f3613201470d6192914c594827bfe1afe65cb722b4a2393e4f8fbdd
7c77ecddbd257a37fe73cf9051448fa7e06a96346c3c2caf5b016cf1410b5cd6	0000000000000000000000000000000000000000000000000000000000000000	9351b1da87f6b5eb7537fafa579b08ff8779d847c3eb282cf6b608d3c44bef55
7c77ecddbd257a37fe73cf9051448fa7e06a96346c3c2caf5b016cf1410b5cd6	0000000000000000000000000000000000000000000000000000000000000000	ee3056755f73938fe24874c6e48e7179fc7c9cf584e86c49da8cdb2436d3caf8
7c77ecddbd257a37fe73cf9051448fa7e06a96346c3c2caf5b016cf1410b5cd6	0000000000000000000000000000000000000000000000000000000000000000	483f81fc39a2d891702b937b846a53cd1c958dc6bd180c02059bdecd2cb3c5b9
7c77ecddbd257a37fe73cf9051448fa7e06a96346c3c2caf5b016cf1410b5cd6	0000000000000000000000000000000000000000000000000000000000000000	9bdb8c2fb94e8eb23b0b82372348b7f665c83cc61618aef659c20cafc3756577
7c77ecddbd257a37fe73cf9051448fa7e06a96346c3c2caf5b016cf1410b5cd6	0000000000000000000000000000000000000000000000000000000000000000	14866b25bfec8d9088ea50e559c7cca8ad737550b972896b141596c723d09595
7c77ecddbd257a37fe73cf9051448fa7e06a96346c3c2caf5b016cf1410b5cd6	0000000000000000000000000000000000000000000000000000000000000001	0000000000000000000000000000000000000000000000000000000000000001
7c77ecddbd257a37fe73cf9051448fa7e06a96346c3c2caf5b016cf1410b5cd6	0000000000000000000000000000000000000000000000000000000000000001	fffffffffffffffffffffffffffffffffffffffffffffffffffffffefffffc2e
7c77ecddbd257a37fe73cf9051448fa7e06a96346c3c2caf5b016cf1410b5cd6	fffffffffffffffffffffffffffffffffffffffffffffffffffffffefffffc2e	0000000000000000000000000000000000000000000000000000000000000001
7c77ecddbd257a37fe73cf9051448fa7e06a96346c3c2caf5b016cf1410b5cd6	fffffffffffffffffffffffffffffffffffffffffffffffffffffffefffffc2e	fffffffffffffffffffffffffffffffffffffffffffffffffffffffefffffc2e
7c77ecddbd257a37fe73cf9051448fa7e06a96346c3c2caf5b016cf1410b5cd6	00000000000000000000000000000000000000000000000000000001000003d1	00000000000000000000000000000000000000000000000000000001000003d2
7c77ecddbd257a37fe73cf9051448fa7e06a96346c3c2caf5b016cf1410b5cd6	00000000000000000000000000000000ffffffffffffffffffffffffffffffff	0000000000000000000000000000000100000000000000000000000000000001
7c77ecddbd257a37fe73cf9051448fa7e06a96346c3c2caf5b016cf1410b5cd6	7fffffffffffffffffffffffffffffffffffffffffffffffffffffffffffffed	00000000000000000000000000000000000000000000000000000001000003d1
7c77ecddbd257a37fe73cf9051448fa7e06a96346c3c2caf5b016cf1410b5cd6	00000000000000000000000000000000000000000000000000000001000003d2	8000000000000000000000000000000000000000000000000000000000000013
7c77ecddbd257a37fe73cf9051448fa7e06a96346c3c2caf5b016cf1410b5cd6	96de292ad08c05f33374ff077e037057cb1976be5fd11814eb427a298826a7de	f5a02b551d42e1af8af605ff1660926f160366df7b9584c2f4e83c5251d4ac4a
7c77ecddbd257a37fe73cf9051448fa7e06a96346c3c2caf5b016cf1410b5cd6	4d6ec7bab20514a58c089d6067f55985b8392d48b5531403790e390b58cb6397	a3b527dc3ded3db1ebb2d76d1e0f1d3ba27e4a809a3654648bbde08dbf1f454c
7c77ecddbd257a37fe73cf9051448fa7e06a96346c3c2caf5b016cf1410b5cd6	e45d6b3a7bab850fd4636fc1bec55df32d3abc216d2837543c5ba15d153069f1	ddbec74a741dcc3fccbef14fb226877249dae56655d5d9a1b1a073c6e04abe33
7c77ecddbd257a37fe73cf9051448fa7e06a96346c3c2caf5b016cf1410b5cd6	bd9c04cdfd5b0caa1588bd3d277d72ace38f467b02aba014e5a8e90eeb3fbe1a	1bb54365673065de32ecf60d870ba0653ed1c3e18b6bedc01dd5d4dd04bbe4ca
7c77ecddbd257a37fe73cf9051448fa7e06a96346c3c2caf5b016cf1410b5cd6	2beaf41bc983d4f633f48d269bfa408bfc599b1e1b73e28d09e3ee7ea71ac7a6	357cec24e0b81663bc645f7cf6352799e9e2022fd4915646b6785bedbcbe7334
7c77ecddbd257a37fe73cf9051448fa7e06a96346c3c2caf5b016cf1410b5cd6	b5c07245c079654f786d357f629f0790f7723aad5562066fe2e4f01b9e1cddc8	a6584ec2aadddec9d4bd5db607d1f8bf5222837160d787d1353fcbbeaf9136fa
7c77ecddbd257a37fe73cf9051448fa7e06a96346c3c2caf5b016cf1410b5cd6	5f7336cee5cf61f96cd20b5175605b709909aa714d33cc087d3466f57f617fff	bb61dcac06769ca45dd1f5557c5e315a0a5ef6c91f8f8fd8f6dec8c4855d4312
7c77ecddbd257a37fe73cf9051448fa7e06a96346c3c2caf5b016cf1410b5cd6	2acc6dfff840182c12a710e41723c9d58be39cd1c35ca4bc90b833ab186ab981	1163f31315c921af267f5c165fa15639ff6a27f22da4f0d54a22c5756f4f01bb
7c77ecddbd257a37fe73cf9051448fa7e06a96346c3c2caf5b016cf1410b5cd6	d4748cd56a1ba4db81904bd851953aa1e6ad2f30f789700f6a026e53fce2523e	03ad3d62b8d59506de2bbb6a0fb9b9e9c3e3840ceff473be4e7bae93d10a7aa7
7c77ecddbd257a37fe73cf9051448fa7e06a96346c3c2caf5b016cf1410b5cd6	512ff00c68eaac642ac7ac7d377bf11621b1b12948db0eb2afed1bbb9abeb1c5	f2c52d8a84bfdbfdf0253c59082bf79ddf5cdadd40f16c27b3ec33a6545b905e
7c77ecddbd257a37fe73cf9051448fa7e06a96346c3c2caf5b016cf1410b5cd6	02af8362bd0440652f8b0774287cb3d0d4d1d9f9cd0b4a348a63b5beae8d0bb4	c1b0638d4b66c508d947c069e7ca0d241c5ee6d149a290b3b1dab1f62f842b37
7c77ecddbd257a37fe73cf9051448fa7e06a96346c3c2caf5b016cf1410b5cd6	d25b514f3ecd73eb99a9fb4df1427c72d13744c2c280a35a7e0de96e4ba264e6	e85a4bb427c8f87dd7840a7994234b7a8b3c783b7ac9584436fcbe4ff485a11c
7c77ecddbd257a37fe73cf9051448fa7e06a96346c3c2caf5b016cf1410b5cd6	a914abac0c875449aa59bd68cc1f68bf74661024895373a19b8e770c89e48bf4	8ce849c8db38c84b2a44d6572a0772cf460a4c0c9b9edd81ed74b160f3498f67
7c77ecddbd257a37fe73cf9051448fa7e06a96346c3c2caf5b016cf1410b5cd6	b42468bb21919254b35ba9b2d6196dacb763658d59b32092c19011fa56e5bab7	dca2587b05442efd5f959abd92d8ebcc00123da5227abd899d23727047ec47e1
7c77ecddbd257a37fe73cf9051448fa7e06a96346c3c2caf5b016cf1410b5cd6	cdf9fb6f3e724045d145b38f4ba6029866d6eecb293b7446f663bd21619289d1	ef5d51b43d937b85b459606fdf44b9172e45f1855afde8da489c0878c98b6637
7c77ecddbd257a37fe73cf9051448fa7e06a96346c3c2caf5b016cf1410b5cd6	fd574845f718a4699ab18dd690c0cb7d5a70e1d9e7cc79899d77dc2f820b0887	ef3df975bf32e79693f84a45aab6ce9a4ce8f6f255b2bc855334b23bd02f69c3
7c77ecddbd257a37fe73cf9051448fa7e06a96346c3c2caf5b016cf1410b5cd6	3d01065fa8d2f127ec215cb633b545cc2e4ac01ef8e534f433e264d8466cec92	5900b78154d61769c01f152b1d733b6c6d342e64b9f80882cad772c19dced026
7c77ecddbd257a37fe73cf9051448fa7e06a96346c3c2caf5b016cf1410b5cd6	921c715d3cff5e9294c47bb3701a2b5298ce18ac820b35f9041f0ef64a515b5c	52f4f74a17a5423f6b79fe78aa1f75a581a552605bc4e1c8d715fa578181c210
7c77ecddbd257a37fe73cf9051448fa7e06a96346c3c2caf5b016cf1410b5cd6	0683e5161c3e6b59b9e88f8164b15ede68d7fb5f73224130d408e6b944bb1c54	471e1faf3b5fb3cb68d996af8dd80565751b48ca94da9cf079b6d83e5bdb6c97
7c77ecddbd257a37fe73cf9051448fa7e06a96346c3c2caf5b016cf1410b5cd6	713ecac72d72778c195d5d9c494545f5310f11cc91d2682f32637262247f7d22	21efca2d51daf34d53309b5169d1da162e64194961ac01924604d8ab6c946ffb
7c77ecddbd257a37fe73cf9051448fa7e06a96346c3c2caf5b016cf1410b5cd6	9b97ed60917ef827867593286ae20f87081430029c151e22f91f48dd824942af	4d8cacbf43ee8a53bc0fa467890739c1768af3cfe20fe49355cf238fc7472113
7c77ecddbd257a37fe73cf9051448fa7e06a96346c3c2caf5b016cf1410b5cd6	18e2c312b8a96ec1562fa25d3622bbb6722736e47326da420bd49b5b74db66c4	f3c1683b267f956469878122341d36c533f5c407b0583165d6c049cc4af22519
7c77ecddbd257a37fe73cf9051448fa7e06a96346c3c2caf5b016cf1410b5cd6	98d143525569f7bdaa02c909b6c26e24aaf33ab175e1b0e95ee0219e105c65c2	609315be080284ee9e9d6cc6b37e0b2fd157775c2ef7fc241e687fbdb359d21f
7c77ecddbd257a37fe73cf9051448fa7e06a96346c3c2caf5b016cf1410b5cd6	defb17327fcc7a1eb8639e91a8c20792ef1e516ceabc01a0e650593dc60d80fd	39fab05c3e9287d0cf82d07c743e3ada7f5173e2675a574a546e590a07477a29
861e633be415c8cb947c589ecb706067595fb75ab3265f9948ab7ce98e9d3070	0000000000000000000000000000000000000000000000000000000000000000	0000000000000000000000000000000000000000000000000000000000000001
861e633be415c8cb947c589ecb706067595fb75ab3265f9948ab7ce98e9d3070	0000000000000000000000000000000000000000000000000000000000000000	0000000000000000000000000000000000000000000000000000000000000002
861e633be415c8cb947c589ecb706067595fb75ab3265f9948ab7ce98e9d3070	0000000000000000000000000000000000000000000000000000000000000000	0000000000000000000000000000000000000000000000000000000000000003
861e633be415c8cb947c589ecb706067595fb75ab3265f9948ab7ce98e9d3070	0000000000000000000000000000000000000000000000000000000000000000	00000000000000000000000000000000000000000000000000000001000003d0
861e633be415c8cb947c589ecb706067595fb75ab3265f9948ab7ce98e9d3070	0000000000000000000000000000000000000000000000000000000000000000	00000000000000000000000000000000000000000000000000000001000003d1
861e633be415c8cb947c589ecb706067595fb75ab3265f9948ab7ce98e9d3070	0000000000000000000000000000000000000000000000000000000000000000	00000000000000000000000000000000000000000000000000000001000003d2
861e633be415c8cb947c589ecb706067595fb75ab3265f9948ab7ce98e9d3070	0000000000000000000000000000000000000000000000000000000000000000	0000000000000000000000000000000100000000000000000000000000000001
861e633be415c8cb947c589ecb706067595fb75ab3265f9948ab7ce98e9d3070	0000000000000000000000000000000000000000000000000000000000000000	fffffffffffffffffffffffffffffffffffffffffffffffffffffffefffffc2e
861e633be415c8cb947c589ecb706067595fb75ab3265f9948ab7ce98e9d3070	0000000000000000000000000000000000000000000000000000000000000000	9f69ee183927f2de409371d48b0733735c9568941bfe791cb02499365401facb
861e633be415c8cb947c589ecb706067595fb75ab3265f9948ab7ce98e9d3070	0000000000000000000000000000000000000000000000000000000000000000	d3c5244fc0c8c00553ff409212b6a57b0a3b623ee0bc7b23d9147250759aa415
861e633be415c8cb947c589ecb706067595fb75ab3265f9948ab7ce98e9d3070	0000000000000000000000000000000000000000000000000000000000000000	5dcdef1aadba6e6f9fa7a194cf6a71df9168d97d2e9ca4dc296908565f00b4d9
861e633be415c8cb947c589ecb706067595fb75ab3265f9948ab7ce98e9d3070	0000000000000000000000000000000000000000000000000000000000000000	d534d578d3e1eb2b1690b9a2d4b2d2d84100437c040d8b79df6fffed9032d272
861e633be415c8cb947c589ecb706067595fb75ab3265f9948ab7ce98e9d3070	0000000000000000000000000000000000000000000000000000000000000000	f66fbe57319563b64a8f58cd428595b307c07a72b2164595c11d283eab60b45c
861e633be415c8cb947c589ecb706067595fb75ab3265f9948ab7ce98e9d3070	0000000000000000000000000000000000000000000000000000000000000000	400e17f31c864b185ee05029b4ca04a020c29967468e73e015981536dedd5700
861e633be415c8cb947c589ecb706067595fb75ab3265f9948ab7ce98e9d3070	0000000000000000000000000000000000000000000000000000000000000000	d435856f9ab6ccc30eb8a023031b74008865b8b6a0ce79565dfb4936b4b73fb5
861e633be415c8cb947c589ecb706067595fb75ab3265f9948ab7ce98e9d3070	0000000000000000000000000000000000000000000000000000000000000000	19347eb1e110c6697b2151d083099e040675b4cfa6923f26ad57d963c97e1512
861e633be415c8cb947c589ecb706067595fb75ab3265f9948ab7ce98e9d3070	0000000000000000000000000000000000000000000000000000000000000000	b4779d0db00a11f69106d731567d0ad360668f49b2481481d932e714a143e45f
861e633be415c8cb947c589ecb706067595fb75ab3265f9948ab7ce98e9d3070	0000000000000000000000000000000000000000000000000000000000000000	99d83593a28df721d8a102e8776220d5aec0976a7b2283f6065686dafe7e51fb
861e633be415c8cb947c589ecb706067595fb75ab3265f9948ab7ce98e9d3070	0000000000000000000000000000000000000000000000000000000000000000	ba4e25b946a879db07bca35656369b0b2979018a9ad29eea7a1777fd5fd39c85
861e633be415c8cb947c589ecb706067595fb75ab3265f9948ab7ce98e9d3070	0000000000000000000000000000000000000000000000000000000000000000	40b40b9c7f95437f05fab8bbb92a269c56994ea170dfacdd3b3952c1ec8bc580
861e633be415c8cb947c589ecb706067595fb75ab3265f9948ab7ce98e9d3070	0000000000000000000000000000000000000000000000000000000000000000	b63351de682f433979d63242bbfa3b025d702b2537cd6d9c9e957ca15d1deac8
861e633be415c8cb947c589ecb706067595fb75ab3265f9948ab7ce98e9d3070	0000000000000000000000000000000000000000000000000000000000000000	7558116f93c6298ec934167195825c927f3ce843e06d8dd8a7343861e7dce9d9
861e633be415c8cb947c589ecb706067595fb75ab3265f9948ab7ce98e9d3070	0000000000000000000000000000000000000000000000000000000000000000	dff894f905106cd06ad1dbe2c1c46aa79b53e9406b796e7c4016a7d6353db602
861e633be415c8cb947c589ecb706067595fb75ab3265f9948ab7ce98e9d3070	0000000000000000000000000000000000000000000000000000000000000000	994c52cd54933a2d4a1f216cc9332d2c3c642bcb967c6948aacdd903536b6325
861e633be415c8cb947c589ecb706067595fb75ab3265f9948ab7ce98e9d3070	0000000000000000000000000000000000000000000000000000000000000000	4b3198f4ba8705ac3c84d34411a488c5972a8e5a16d4726f0f077650d2871bdf
861e633be415c8cb947c589ecb706067595fb75ab3265f9948ab7ce98e9d3070	0000000000000000000000000000000000000000000000000000000000000000	174bae57a2d7a1629ba040e754ef59a8b0eda026eb917c3cc139a86c88646978
861e633be415c8cb947c589ecb706067595fb75ab3265f9948ab7ce98e9d3070	0000000000000000000000000000000000000000000000000000000000000000	0ea05b5d5f3613201470d6192914c594827bfe1afe65cb722b4a2393e4f8fbdd
861e633be415c8cb947c589ecb706067595fb75ab3265f9948ab7ce98e9d3070	0000000000000000000000000000000000000000000000000000000000000000	9351b1da87f6b5eb7537fafa579b08ff8779d847c3eb282cf6b608d3c44bef55
861e633be415c8cb947c589ecb706067595fb75ab3265f9948ab7ce98e9d3070	0000000000000000000000000000000000000000000000000000000000000000	ee3056755f73938fe24874c6e48e7179fc7c9cf584e86c49da8cdb2436d3caf8
861e633be415c8cb947c589ecb706067595fb75ab3265f9948ab7ce98e9d3070	0000000000000000000000000000000000000000000000000000000000000000	483f81fc39a2d891702b937b846a53cd1c958dc6bd180c02059bdecd2cb3c5b9
861e633be415c8cb947c589ecb706067595fb75ab3265f9948ab7ce98e9d3070	0000000000000000000000000000000000000000000000000000000000000000	9bdb8c2fb94e8eb23b0b82372348b7f665c83cc61618aef659c20cafc3756577
861e633be415c8cb947c589ecb706067595fb75ab3265f9948ab7ce98e9d3070	0000000000000000000000000000000000000000000000000000000000000000	14866b25bfec8d9088ea50e559c7cca8ad737550b972896b141596c723d09595
861e633be415c8cb947c589ecb706067595fb75ab3265f9948ab7ce98e9d3070	0000000000000000000000000000000000000000000000000000000000000001	0000000000000000000000000000000000000000000000000000000000000001
861e633be415c8cb947c589ecb706067595fb75ab3265f9948ab7ce98e9d3070	0000000000000000000000000000000000000000000000000000000000000001	fffffffffffffffffffffffffffffffffffffffffffffffffffffffefffffc2e
861e633be415c8cb947c589ecb706067595fb75ab3265f9948ab7ce98e9d3070	fffffffffffffffffffffffffffffffffffffffffffffffffffffffefffffc2e	0000000000000000000000000000000000000000000000000000000000000001
861e633be415c8cb947c589ecb706067595fb75ab3265f9948ab7ce98e9d3070	fffffffffffffffffffffffffffffffffffffffffffffffffffffffefffffc2e	fffffffffffffffffffffffffffffffffffffffffffffffffffffffefffffc2e
861e633be415c8cb947c589ecb706067595fb75ab3265f9948ab7ce98e9d3070	00000000000000000000000000000000000000000000000000000001000003d1	00000000000000000000000000000000000000000000000000000001000003d2
861e633be415c8cb947c589ecb706067595fb75ab3265f9948ab7ce98e9d3070	00000000000000000000000000000000ffffffffffffffffffffffffffffffff	0000000000000000000000000000000100000000000000000000000000000001
861e633be415c8cb947c589ecb706067595fb75ab3265f9948ab7ce98e9d3070	7fffffffffffffffffffffffffffffffffffffffffffffffffffffffffffffed	00000000000000000000000000000000000000000000000000000001000003d1
861e633be415c8cb947c589ecb706067595fb75ab3265f9948ab7ce98e9d3070	00000000000000000000000000000000000000000000000000000001000003d2	8000000000000000000000000000000000000000000000000000000000000013
861e633be415c8cb947c589ecb706067595fb75ab3265f9948ab7ce98e9d3070	96de292ad08c05f33374ff077e037057cb1976be5fd11814eb427a298826a7de	f5a02b551d42e1af8af605ff1660926f160366df7b9584c2f4e83c5251d4ac4a
861e633be415c8cb947c589ecb706067595fb75ab3265f9948ab7ce98e9d3070	4d6ec7bab20514a58c089d6067f55985b8392d48b5531403790e390b58cb6397	a3b527dc3ded3db1ebb2d76d1e0f1d3ba27e4a809a3654648bbde08dbf1f454c
861e633be415c8cb947c589ecb706067595fb75ab3265f9948ab7ce98e9d3070	e45d6b3a7bab850fd4636fc1bec55df32d3abc216d2837543c5ba15d153069f1	ddbec74a741dcc3fccbef14fb226877249dae56655d5d9a1b1a073c6e04abe33
861e633be415c8cb947c589ecb706067595fb75ab3265f9948ab7ce98e9d3070	bd9c04cdfd5b0caa1588bd3d277d72ace38f467b02aba014e5a8e90eeb3fbe1a	1bb54365673065de32ecf60d870ba0653ed1c3e18b6bedc01dd5d4dd04bbe4ca
861e633be415c8cb947c589ecb706067595fb75ab3265f9948ab7ce98e9d3070	2beaf41bc983d4f633f48d269bfa408bfc599b1e1b73e28d09e3ee7ea71ac7a6	357cec24e0b81663bc645f7cf6352799e9e2022fd4915646b6785bedbcbe7334
861e633be415c8cb947c589ecb706067595fb75ab3265f9948ab7ce98e9d3070	b5c07245c079654f786d357f629f0790f7723aad5562066fe2e4f01b9e1cddc8	a6584ec2aadddec9d4bd5db607d1f8bf5222837160d787d1353fcbbeaf9136fa
861e633be415c8cb947c589ecb706067595fb75ab3265f9948ab7ce98e9d3070	5f7336cee5cf61f96cd20b5175605b709909aa714d33cc087d3466f57f617fff	bb61dcac06769ca45dd1f5557c5e315a0a5ef6c91f8f8fd8f6dec8c4855d4312
861e633be415c8cb947c589ecb706067595fb75ab3265f9948ab7ce98e9d3070	2acc6dfff840182c12a710e41723c9d58be39cd1c35ca4bc90b833ab186ab981	1163f31315c921af267f5c165fa15639ff6a27f22da4f0d54a22c5756f4f01bb
861e633be415c8cb947c589ecb706067595fb75ab3265f9948ab7ce98e9d3070	d4748cd56a1ba4db81904bd851953aa1e6ad2f30f789700f6a026e53fce2523e	03ad3d62b8d59506de2bbb6a0fb9b9e9c3e3840ceff473be4e7bae93d10a7aa7
861e633be415c8cb947c589ecb706067595fb75ab3265f9948ab7ce98e9d3070	512ff00c68eaac642ac7ac7d377bf11621b1b12948db0eb2afed1bbb9abeb1c5	f2c52d8a84bfdbfdf0253c59082bf79ddf5cdadd40f16c27b3ec33a6545b905e
861e633be415c8cb947c589ecb706067595fb75ab3265f9948ab7ce98e9d3070	02af8362bd0440652f8b0774287cb3d0d4d1d9f9cd0b4a348a63b5beae8d0bb4	c1b0638d4b66c508d947c069e7ca0d241c5ee6d149a290b3b1dab1f62f842b37
861e633be415c8cb947c589ecb706067595fb75ab3265f9948ab7ce98e9d3070	d25b514f3ecd73eb99a9fb4df1427c72d13744c2c280a35a7e0de96e4ba264e6	e85a4bb427c8f87dd7840a7994234b7a8b3c783b7ac9584436fcbe4ff485a11c
861e633be415c8cb947c589ecb706067595fb75ab3265f9948ab7ce98e9d3070	a914abac0c875449aa59bd68cc1f68bf74661024895373a19b8e770c89e48bf4	8ce849c8db38c84b2a44d6572a0772cf460a4c0c9b9edd81ed74b160f3498f67
861e633be415c8cb947c589ecb706067595fb75ab3265f9948ab7ce98e9d3070	b42468bb21919254b35ba9b2d6196dacb763658d59b32092c19011fa56e5bab7	dca2587b05442efd5f959abd92d8ebcc00123da5227abd899d23727047ec47e1
861e633be415c8cb947c589ecb706067595fb75ab3265f9948ab7ce98e9d3070	cdf9fb6f3e724045d145b38f4ba6029866d6eecb293b7446f663bd21619289d1	ef5d51b43d937b85b459606fdf44b9172e45f1855afde8da489c0878c98b6637
861e633be415c8cb947c589ecb706067595fb75ab3265f9948ab7ce98e9d3070	fd574845f718a4699ab18dd690c0cb7d5a70e1d9e7cc79899d77dc2f820b0887	ef3df975bf32e79693f84a45aab6ce9a4ce8f6f255b2bc855334b23bd02f69c3
861e633be415c8cb947c589ecb706067595fb75ab3265f9948ab7ce98e9d3070	3d01065fa8d2f127ec215cb633b545cc2e4ac01ef8e534f433e264d8466cec92	5900b78154d61769c01f152b1d733b6c6d342e64b9f80882cad772c19dced026
861e633be415c8cb947c589ecb706067595fb75ab3265f9948ab7ce98e9d3070	921c715d3cff5e9294c47bb3701a2b5298ce18ac820b35f9041f0ef64a515b5c	52f4f74a17a5423f6b79fe78aa1f75a581a552605bc4e1c8d715fa578181c210
861e633be415c8cb947c589ecb706067595fb75ab3265f9948ab7ce98e9d3070	0683e5161c3e6b59b9e88f8164b15ede68d7fb5f73224130d408e6b944bb1c54	471e1faf3b5fb3cb68d996af8dd80565751b48ca94da9cf079b6d83e5bdb6c97
861e633be415c8cb947c589ecb706067595fb75ab3265f9948ab7ce98e9d3070	713ecac72d72778c195d5d9c494545f5310f11cc91d2682f32637262247f7d22	21efca2d51daf34d53309b5169d1da162e64194961ac01924604d8ab6c946ffb
861e633be415c8cb947c589ecb706067595fb75ab3265f9948ab7ce98e9d3070	9b97ed60917ef827867593286ae20f87081430029c151e22f91f48dd824942af	4d8cacbf43ee8a53bc0fa467890739c1768af3cfe20fe49355cf238fc7472113
861e633be415c8cb947c589ecb706067595fb75ab3265f9948ab7ce98e9d3070	18e2c312b8a96ec1562fa25d3622bbb6722736e47326da420bd49b5b74db66c4	f3c1683b267f956469878122341d36c533f5c407b0583165d6c049cc4af22519
861e633be415c8cb947c589ecb706067595fb75ab3265f9948ab7ce98e9d3070	98d143525569f7bdaa02c909b6c26e24aaf33ab175e1b0e95ee0219e105c65c2	609315be080284ee9e9d6cc6b37e0b2fd157775c2ef7fc241e687fbdb359d21f
861e633be415c8cb947c589ecb706067595fb75ab3265f9948ab7ce98e9d3070	defb17327fcc7a1eb8639e91a8c20792ef1e516ceabc01a0e650593dc60d80fd	39fab05c3e9287d0cf82d07c743e3ada7f5173e2675a574a546e590a07477a29
9dd9136010418a13bd0cc1994a2a36d84903f58c1e6ee8c8688141dbbcdfa1fe	0000000000000000000000000000000000000000000000000000000000000000	0000000000000000000000000000000000000000000000000000000000000001
9dd9136010418a13bd0cc1994a2a36d84903f58c1e6ee8c8688141dbbcdfa1fe	0000000000000000000000000000000000000000000000000000000000000000	0000000000000000000000000000000000000000000000000000000000000002
9dd9136010418a13bd0cc1994a2a36d84903f58c1e6ee8c8688141dbbcdfa1fe	0000000000000000000000000000000000000000000000000000000000000000	0000000000000000000000000000000000000000000000000000000000000003
9dd9136010418a13bd0cc1994a2a36d84903f58c1e6ee8c8688141dbbcdfa1fe	0000000000000000000000000000000000000000000000000000000000000000	00000000000000000000000000000000000000000000000000000001000003d0
9dd9136010418a13bd0cc1994a2a36d84903f58c1e6ee8c8688141dbbcdfa1fe	0000000000000000000000000000000000000000000000000000000000000000	00000000000000000000000000000000000000000000000000000001000003d1
9dd9136010418a13bd0cc1994a2a36d84903f58c1e6ee8c8688141dbbcdfa1fe	0000000000000000000000000000000000000000000000000000000000000000	00000000000000000000000000000000000000000000000000000001000003d2
9dd9136010418a13bd0cc1994a2a36d84903f58c1e6ee8c8688141dbbcdfa1fe	0000000000000000000000000000000000000000000000000000000000000000	0000000000000000000000000000000100000000000000000000000000000001
9dd9136010418a13bd0cc1994a2a36d84903f58c1e6ee8c8688141dbbcdfa1fe	0000000000000000000000000000000000000000000000000000000000000000	fffffffffffffffffffffffffffffffffffffffffffffffffffffffefffffc2e
9dd9136010418a13bd0cc1994a2a36d84903f58c1e6ee8c8688141dbbcdfa1fe	0000000000000000000000000000000000000000000000000000000000000000	9f69ee183927f2de409371d48b0733735c9568941bfe791cb02499365401facb
9dd9136010418a13bd0cc1994a2a36d84903f58c1e6ee8c8688141dbbcdfa1fe	0000000000000000000000000000000000000000000000000000000000000000	d3c5244fc0c8c00553ff409212b6a57b0a3b623ee0bc7b23d9147250759aa415
9dd9136010418a13bd0cc1994a2a36d84903f58c1e6ee8c8688141dbbcdfa1fe	0000000000000000000000000000000000000000000000000000000000000000	5dcdef1aadba6e6f9fa7a194cf6a71df9168d97d2e9ca4dc296908565f00b4d9
9dd9136010418a13bd0cc1994a2a36d84903f58c1e6ee8c8688141dbbcdfa1fe	0000000000000000000000000000000000000000000000000000000000000000	d534d578d3e1eb2b1690b9a2d4b2d2d84100437c040d8b79df6fffed9032d272
9dd9136010418a13bd0cc1994a2a36d84903f58c1e6ee8c8688141dbbcdfa1fe	0000000000000000000000000000000000000000000000000000000000000000	f66fbe57319563b64a8f58cd428595b307c07a72b2164595c11d283eab60b45c
9dd9136010418a13bd0cc1994a2a36d84903f58c1e6ee8c8688141dbbcdfa1fe	0000000000000000000000000000000000000000000000000000000000000000	400e17f31c864b185ee05029b4ca04a020c29967468e73e015981536dedd5700
9dd9136010418a13bd0cc1994a2a36d84903f58c1e6ee8c8688141dbbcdfa1fe	0000000000000000000000000000000000000000000000000000000000000000	d435856f9ab6ccc30eb8a023031b74008865b8b6a0ce79565dfb4936b4b73fb5
9dd9136010418a13bd0cc1994a2a36d84903f58c1e6ee8c8688141dbbcdfa1fe	0000000000000000000000000000000000000000000000000000000000000000	19347eb1e110c6697b2151d083099e040675b4cfa6923f26ad57d963c97e1512
9dd9136010418a13bd0cc1994a2a36d84903f58c1e6ee8c8688141dbbcdfa1fe	0000000000000000000000000000000000000000000000000000000000000000	b4779d0db00a11f69106d731567d0ad360668f49b2481481d932e714a143e45f
9dd9136010418a13bd0cc1994a2a36d84903f58c1e6ee8c8688141dbbcdfa1fe	0000000000000000000000000000000000000000000000000000000000000000	99d83593a28df721d8a102e8776220d5aec0976a7b2283f6065686dafe7e51fb
9dd9136010418a13bd0cc1994a2a36d84903f58c1e6ee8c8688141dbbcdfa1fe	0000000000000000000000000000000000000000000000000000000000000000	ba4e25b946a879db07bca35656369b0b2979018a9ad29eea7a1777fd5fd39c85
9dd9136010418a13bd0cc1994a2a36d84903f58c1e6ee8c8688141dbbcdfa1fe	0000000000000000000000000000000000000000000000000000000000000000	40b40b9c7f95437f05fab8bbb92a269c56994ea170dfacdd3b3952c1ec8bc580
9dd9136010418a13bd0cc1994a2a36d84903f58c1e6ee8c8688141dbbcdfa1fe	0000000000000000000000000000000000000000000000000000000000000000	b63351de682f433979d63242bbfa3b025d702b2537cd6d9c9e957ca15d1deac8
9dd9136010418a13bd0cc1994a2a36d84903f58c1e6ee8c8688141dbbcdfa1fe	0000000000000000000000000000000000000000000000000000000000000000	7558116f93c6298ec934167195825c927f3ce843e06d8dd8a7343861e7dce9d9
9dd9136010418a13bd0cc1994a2a36d84903f58c1e6ee8c8688141dbbcdfa1fe	0000000000000000000000000000000000000000000000000000000000000000	dff894f905106cd06ad1dbe2c1c46aa79b53e9406b796e7c4016a7d6353db602
9dd9136010418a13bd0cc1994a2a36d84903f58c1e6ee8c8688141dbbcdfa1fe	0000000000000000000000000000000000000000000000000000000000000000	994c52cd54933a2d4a1f216cc9332d2c3c642bcb967c6948aacdd903536b6325
9dd9136010418a13bd0cc1994a2a36d84903f58c1e6ee8c8688141dbbcdfa1fe	0000000000000000000000000000000000000000000000000000000000000000	4b3198f4ba8705ac3c84d34411a488c5972a8e5a16d4726f0f077650d2871bdf
9dd9136010418a13bd0cc1994a2a36d84903f58c1e6ee8c8688141dbbcdfa1fe	0000000000000000000000000000000000000000000000000000000000000000	174bae57a2d7a1629ba040e754ef59a8b0eda026eb917c3cc139a86c88646978
9dd9136010418a13bd0cc1994a2a36d84903f58c1e6ee8c8688141dbbcdfa1fe	0000000000000000000000000000000000000000000000000000000000000000	0ea05b5d5f3613201470d6192914c594827bfe1afe65cb722b4a2393e4f8fbdd
9dd9136010418a13bd0cc1994a2a36d84903f58c1e6ee8c8688141dbbcdfa1fe	0000000000000000000000000000000000000000000000000000000000000000	9351b1da87f6b5eb7537fafa579b08ff8779d847c3eb282cf6b608d3c44bef55
9dd9136010418a13bd0cc1994a2a36d84903f58c1e6ee8c8688141dbbcdfa1fe	0000000000000000000000000000000000000000000000000000000000000000	ee3056755f73938fe24874c6e48e7179fc7c9cf584e86c49da8cdb2436d3caf8
9dd9136010418a13bd0cc1994a2a36d84903f58c1e6ee8c8688141dbbcdfa1fe	0000000000000000000000000000000000000000000000000000000000000000	483f81fc39a2d891702b937b846a53cd1c958dc6bd180c02059bdecd2cb3c5b9
9dd9136010418a13bd0cc1994a2a36d84903f58c1e6ee8c8688141dbbcdfa1fe	0000000000000000000000000000000000000000000000000000000000000000	9bdb8c2fb94e8eb23b0b82372348b7f665c83cc61618aef659c20cafc3756577
9dd9136010418a13bd0cc1994a2a36d84903f58c1e6ee8c8688141dbbcdfa1fe	0000000000000000000000000000000000000000000000000000000000000000	14866b25bfec8d9088ea50e559c7cca8ad737550b972896b141596c723d09595
9dd9136010418a13bd0cc1994a2a36d84903f58c1e6ee8c8688141dbbcdfa1fe	0000000000000000000000000000000000000000000000000000000000000001	0000000000000000000000000000000000000000000000000000000000000001
9dd9136010418a13bd0cc1994a2a36d84903f58c1e6ee8c8688141dbbcdfa1fe	0000000000000000000000000000000000000000000000000000000000000001	fffffffffffffffffffffffffffffffffffffffffffffffffffffffefffffc2e
9dd9136010418a13bd0cc1994a2a36d84903f58c1e6ee8c8688141dbbcdfa1fe	fffffffffffffffffffffffffffffffffffffffffffffffffffffffefffffc2e	0000000000000000000000000000000000000000000000000000000000000001
9dd9136010418a13bd0cc1994a2a36d84903f58c1e6ee8c8688141dbbcdfa1fe	fffffffffffffffffffffffffffffffffffffffffffffffffffffffefffffc2e	fffffffffffffffffffffffffffffffffffffffffffffffffffffffefffffc2e
9dd9136010418a13bd0cc1994a2a36d84903f58c1e6ee8c8688141dbbcdfa1fe	00000000000000000000000000000000000000000000000000000001000003d1	00000000000000000000000000000000000000000000000000000001000003d2
9dd9136010418a13bd0cc1994a2a36d84903f58c1e6ee8c8688141dbbcdfa1fe	00000000000000000000000000000000ffffffffffffffffffffffffffffffff	0000000000000000000000000000000100000000000000000000000000000001
9dd9136010418a13bd0cc1994a2a36d84903f58c1e6ee8c8688141dbbcdfa1fe	7fffffffffffffffffffffffffffffffffffffffffffffffffffffffffffffed	00000000000000000000000000000000000000000000000000000001000003d1
9dd9136010418a13bd0cc1994a2a36d84903f58c1e6ee8c8688141dbbcdfa1fe	00000000000000000000000000000000000000000000000000000001000003d2	8000000000000000000000000000000000000000000000000000000000000013
9dd9136010418a13bd0cc1994a2a36d84903f58c1e6ee8c8688141dbbcdfa1fe	96de292ad08c05f33374ff077e037057cb1976be5fd11814eb427a298826a7de	f5a02b551d42e1af8af605ff1660926f160366df7b9584c2f4e83c5251d4ac4a
9dd9136010418a13bd0cc1994a2a36d84903f58c1e6ee8c8688141dbbcdfa1fe	4d6ec7bab20514a58c089d6067f55985b8392d48b5531403790e390b58cb6397	a3b527dc3ded3db1ebb2d76d1e0f1d3ba27e4a809a3654648bbde08dbf1f454c
9dd9136010418a13bd0cc1994a2a36d84903f58c1e6ee8c8688141dbbcdfa1fe	e45d6b3a7bab850fd4636fc1bec55df32d3abc216d2837543c5ba15d153069f1	ddbec74a741dcc3fccbef14fb226877249dae56655d5d9a1b1a073c6e04abe33
9dd9136010418a13bd0cc1994a2a36d84903f58c1e6ee8c8688141dbbcdfa1fe	bd9c04cdfd5b0caa1588bd3d277d72ace38f467b02aba014e5a8e90eeb3fbe1a	1bb54365673065de32ecf60d870ba0653ed1c3e18b6bedc01dd5d4dd04bbe4ca
9dd9136010418a13bd0cc1994a2a36d84903f58c1e6ee8c8688141dbbcdfa1fe	2beaf41bc983d4f633f48d269bfa408bfc599b1e1b73e28d09e3ee7ea71ac7a6	357cec24e0b81663bc645f7cf6352799e9e2022fd4915646b6785bedbcbe7334
9dd9136010418a13bd0cc1994a2a36d84903f58c1e6ee8c8688141dbbcdfa1fe	b5c07245c079654f786d357f629f0790f7723aad5562066fe2e4f01b9e1cddc8	a6584ec2aadddec9d4bd5db607d1f8bf5222837160d787d1353fcbbeaf9136fa
9dd9136010418a13bd0cc1994a2a36d84903f58c1e6ee8c8688141dbbcdfa1fe	5f7336cee5cf61f96cd20b5175605b709909aa714d33cc087d3466f57f617fff	bb61dcac06769ca45dd1f5557c5e315a0a5ef6c91f8f8fd8f6dec8c4855d4312
9dd9136010418a13bd0cc1994a2a36d84903f58c1e6ee8c8688141dbbcdfa1fe	2acc6dfff840182c12a710e41723c9d58be39cd1c35ca4bc90b833ab186ab981	1163f31315c921af267f5c165fa15639ff6a27f22da4f0d54a22c5756f4f01bb
9dd9136010418a13bd0cc1994a2a36d84903f58c1e6ee8c8688141dbbcdfa1fe	d4748cd56a1ba4db81904bd851953aa1e6ad2f30f789700f6a026e53fce2523e	03ad3d62b8d59506de2bbb6a0fb9b9e9c3e3840ceff473be4e7bae93d10a7aa7
9dd9136010418a13bd0cc1994a2a36d84903f58c1e6ee8c8688141dbbcdfa1fe	512ff00c68eaac642ac7ac7d377bf11621b1b12948db0eb2afed1bbb9abeb1c5	f2c52d8a84bfdbfdf0253c59082bf79ddf5cdadd40f16c27b3ec33a6545b905e
9dd9136010418a13bd0cc1994a2a36d84903f58c1e6ee8c8688141dbbcdfa1fe	02af8362bd0440652f8b0774287cb3d0d4d1d9f9cd0b4a348a63b5beae8d0bb4	c1b0638d4b66c508d947c069e7ca0d241c5ee6d149a290b3b1dab1f62f842b37
9dd9136010418a13bd0cc1994a2a36d84903f58c1e6ee8c8688141dbbcdfa1fe	d25b514f3ecd73eb99a9fb4df1427c72d13744c2c280a35a7e0de96e4ba264e6	e85a4bb427c8f87dd7840a7994234b7a8b3c783b7ac9584436fcbe4ff485a11c
9dd9136010418a13bd0cc1994a2a36d84903f58c1e6ee8c8688141dbbcdfa1fe	a914abac0c875449aa59bd68cc1f68bf74661024895373a19b8e770c89e48bf4	8ce849c8db38c84b2a44d6572a0772cf460a4c0c9b9edd81ed74b160f3498f67
9dd9136010418a13bd0cc1994a2a36d84903f58c1e6ee8c8688141dbbcdfa1fe	b42468bb21919254b35ba9b2d6196dacb763658d59b32092c19011fa56e5bab7	dca2587b05442efd5f959abd92d8ebcc00123da5227abd899d23727047ec47e1
9dd9136010418a13bd0cc1994a2a36d84903f58c1e6ee8c8688141dbbcdfa1fe	cdf9fb6f3e724045d145b38f4ba6029866d6eecb293b7446f663bd21619289d1	ef5d51b43d937b85b459606fdf44b9172e45f1855afde8da489c0878c98b6637
9dd9136010418a13bd0cc1994a2a36d84903f58c1e6ee8c8688141dbbcdfa1fe	fd574845f718a4699ab18dd690c0cb7d5a70e1d9e7cc79899d77dc2f820b0887	ef3df975bf32e79693f84a45aab6ce9a4ce8f6f255b2bc855334b23bd02f69c3
9dd9136010418a13bd0cc1994a2a36d84903f58c1e6ee8c8688141dbbcdfa1fe	3d01065fa8d2f127ec215cb633b545cc2e4ac01ef8e534f433e264d8466cec92	5900b78154d61769c01f152b1d733b6c6d342e64b9f80882cad772c19dced026
9dd9136010418a13bd0cc1994a2a36d84903f58c1e6ee8c8688141dbbcdfa1fe	921c715d3cff5e9294c47bb3701a2b5298ce18ac820b35f9041f0ef64a515b5c	52f4f74a17a5423f6b79fe78aa1f75a581a552605bc4e1c8d715fa578181c210
9dd9136010418a13bd0cc1994a2a36d84903f58c1e6ee8c8688141dbbcdfa1fe	0683e5161c3e6b59b9e88f8164b15ede68d7fb5f73224130d408e6b944bb1c54	471e1faf3b5fb3cb68d996af8dd80565751b48ca94da9cf079b6d83e5bdb6c97
9dd9136010418a13bd0cc1994a2a36d84903f58c1e6ee8c8688141dbbcdfa1fe	713ecac72d72778c195d5d9c494545f5310f11cc91d2682f32637262247f7d22	21efca2d51daf34d53309b5169d1da162e64194961ac01924604d8ab6c946ffb
9dd9136010418a13bd0cc1994a2a36d84903f58c1e6ee8c8688141dbbcdfa1fe	9b97ed60917ef827867593286ae20f87081430029c151e22f91f48dd824942af	4d8cacbf43ee8a53bc0fa467890739c1768af3cfe20fe49355cf238fc7472113
9dd9136010418a13bd0cc1994a2a36d84903f58c1e6ee8c8688141dbbcdfa1fe	18e2c312b8a96ec1562fa25d3622bbb6722736e47326da420bd49b5b74db66c4	f3c1683b267f956469878122341d36c533f5c407b0583165d6c049cc4af22519
9dd9136010418a13bd0cc1994a2a36d84903f58c1e6ee8c8688141dbbcdfa1fe	98d143525569f7bdaa02c909b6c26e24aaf33ab175e1b0e95ee0219e105c65c2	609315be080284ee9e9d6cc6b37e0b2fd157775c2ef7fc241e687fbdb359d21f
9dd9136010418a13bd0cc1994a2a36d84903f58c1e6ee8c8688141dbbcdfa1fe	defb17327fcc7a1eb8639e91a8c20792ef1e516ceabc01a0e650593dc60d80fd	39fab05c3e9287d0cf82d07c743e3ada7f5173e2675a574a546e590a07477a29
e1b71978b9239cdf99b7a2553e96960a90cf4de357276ede33775ece22a0d82e	0000000000000000000000000000000000000000000000000000000000000000	0000000000000000000000000000000000000000000000000000000000000001
e1b71978b9239cdf99b7a2553e96960a90cf4de357276ede33775ece22a0d82e	0000000000000000000000000000000000000000000000000000000000000000	0000000000000000000000000000000000000000000000000000000000000002
e1b71978b9239cdf99b7a2553e96960a90cf4de357276ede33775ece22a0d82e	0000000000000000000000000000000000000000000000000000000000000000	0000000000000000000000000000000000000000000000000000000000000003
e1b71978b9239cdf99b7a2553e96960a90cf4de357276ede33775ece22a0d82e	0000000000000000000000000000000000000000000000000000000000000000	00000000000000000000000000000000000000000000000000000001000003d0
e1b71978b9239cdf99b7a2553e96960a90cf4de357276ede33775ece22a0d82e	0000000000000000000000000000000000000000000000000000000000000000	00000000000000000000000000000000000000000000000000000001000003d1
e1b71978b9239cdf99b7a2553e96960a90cf4de357276ede33775ece22a0d82e	0000000000000000000000000000000000000000000000000000000000000000	00000000000000000000000000000000000000000000000000000001000003d2
e1b71978b9239cdf99b7a2553e96960a90cf4de357276ede33775ece22a0d82e	0000000000000000000000000000000000000000000000000000000000000000	0000000000000000000000000000000100000000000000000000000000000001
e1b71978b9239cdf99b7a2553e96960a90cf4de357276ede33775ece22a0d82e	0000000000000000000000000000000000000000000000000000000000000000	fffffffffffffffffffffffffffffffffffffffffffffffffffffffefffffc2e
e1b71978b9239cdf99b7a2553e96960a90cf4de357276ede33775ece22a0d82e	0000000000000000000000000000000000000000000000000000000000000000	9f69ee183927f2de409371d48b0733735c9568941bfe791cb02499365401facb
e1b71978b9239cdf99b7a2553e96960a90cf4de357276ede33775ece22a0d82e	0000000000000000000000000000000000000000000000000000000000000000	d3c5244fc0c8c00553ff409212b6a57b0a3b623ee0bc7b23d9147250759aa415
e1b71978b9239cdf99b7a2553e96960a90cf4de357276ede33775ece22a0d82e	0000000000000000000000000000000000000000000000000000000000000000	5dcdef1aadba6e6f9fa7a194cf6a71df9168d97d2e9ca4dc296908565f00b4d9
e1b71978b9239cdf99b7a2553e96960a90cf4de357276ede33775ece22a0d82e	0000000000000000000000000000000000000000000000000000000000000000	d534d578d3e1eb2b1690b9a2d4b2d2d84100437c040d8b79df6fffed9032d272
e1b71978b9239cdf99b7a2553e96960a90cf4de357276ede33775ece22a0d82e	0000000000000000000000000000000000000000000000000000000000000000	f66fbe57319563b64a8f58cd428595b307c07a72b2164595c11d283eab60b45c
e1b71978b9239cdf99b7a2553e96960a90cf4de357276ede33775ece22a0d82e	0000000000000000000000000000000000000000000000000000000000000000	400e17f31c864b185ee05029b4ca04a020c29967468e73e015981536dedd5700
e1b71978b9239cdf99b7a2553e96960a90cf4de357276ede33775ece22a0d82e	0000000000000000000000000000000000000000000000000000000000000000	d435856f9ab6ccc30eb8a023031b74008865b8b6a0ce79565dfb4936b4b73fb5
e1b71978b9239cdf99b7a2553e96960a90cf4de357276ede33775ece22a0d82e	0000000000000000000000000000000000000000000000000000000000000000	19347eb1e110c6697b2151d083099e040675b4cfa6923f26ad57d963c97e1512
e1b71978b9239cdf99b7a2553e96960a90cf4de357276ede33775ece22a0d82e	0000000000000000000000000000000000000000000000000000000000000000	b4779d0db00a11f69106d731567d0ad360668f49b2481481d932e714a143e45f
e1b71978b9239cdf99b7a2553e96960a90cf4de357276ede33775ece22a0d82e	0000000000000000000000000000000000000000000000000000000000000000	99d83593a28df721d8a102e8776220d5aec0976a7b2283f6065686dafe7e51fb
e1b71978b9239cdf99b7a2553e96960a90cf4de357276ede33775ece22a0d82e	0000000000000000000000000000000000000000000000000000000000000000	ba4e25b946a879db07bca35656369b0b2979018a9ad29eea7a1777fd5fd39c85
e1b71978b9239cdf99b7a2553e96960a90cf4de357276ede33775ece22a0d82e	0000000000000000000000000000000000000000000000000000000000000000	40b40b9c7f95437f05fab8bbb92a269c56994ea170dfacdd3b3952c1ec8bc580
e1b71978b9239cdf99b7a2553e96960a90cf4de357276ede33775ece22a0d82e	0000000000000000000000000000000000000000000000000000000000000000	b63351de682f433979d63242bbfa3b025d702b2537cd6d9c9e957ca15d1deac8
e1b71978b9239cdf99b7a2553e96960a90cf4de357276ede33775ece22a0d82e	0000000000000000000000000000000000000000000000000000000000000000	7558116f93c6298ec934167195825c927f3ce843e06d8dd8a7343861e7dce9d9
e1b71978b9239cdf99b7a2553e96960a90cf4de357276ede33775ece22a0d82e	0000000000000000000000000000000000000000000000000000000000000000	dff894f905106cd06ad1dbe2c1c46aa79b53e9406b796e7c4016a7d6353db602
e1b71978b9239cdf99b7a2553e96960a90cf4de357276ede33775ece22a0d82e	0000000000000000000000000000000000000000000000000000000000000000	994c52cd54933a2d4a1f216cc9332d2c3c642bcb967c6948aacdd903536b6325
e1b71978b9239cdf99b7a2553e96960a90cf4de357276ede33775ece22a0d82e	0000000000000000000000000000000000000000000000000000000000000000	4b3198f4ba8705ac3c84d34411a488c5972a8e5a16d4726f0f077650d2871bdf
e1b71978b9239cdf99b7a2553e96960a90cf4de357276ede33775ece22a0d82e	0000000000000000000000000000000000000000000000000000000000000000	174bae57a2d7a1629ba040e754ef59a8b0eda026eb917c3cc139a86c88646978
e1b71978b9239cdf99b7a2553e96960a90cf4de357276ede33775ece22a0d82e	0000000000000000000000000000000000000000000000000000000000000000	0ea05b5d5f3613201470d6192914c594827bfe1afe65cb722b4a2393e4f8fbdd
e1b71978b9239cdf99b7a2553e96960a90cf4de357276ede33775ece22a0d82e	0000000000000000000000000000000000000000000000000000000000000000	9351b1da87f6b5eb7537fafa579b08ff8779d847c3eb282cf6b608d3c44bef55
e1b71978b9239cdf99b7a2553e96960a90cf4de357276ede33775ece22a0d82e	0000000000000000000000000000000000000000000000000000000000000000	ee3056755f73938fe24874c6e48e7179fc7c9cf584e86c49da8cdb2436d3caf8
e1b71978b9239cdf99b7a2553e96960a90cf4de357276ede33775ece22a0d82e	0000000000000000000000000000000000000000000000000000000000000000	483f81fc39a2d891702b937b846a53cd1c958dc6bd180c02059bdecd2cb3c5b9
e1b71978b9239cdf99b7a2553e96960a90cf4de357276ede33775ece22a0d82e	0000000000000000000000000000000000000000000000000000000000000000	9bdb8c2fb94e8eb23b0b82372348b7f665c83cc61618aef659c20cafc3756577
e1b71978b9239cdf99b7a2553e96960a90cf4de357276ede33775ece22a0d82e	0000000000000000000000000000000000000000000000000000000000000000	14866b25bfec8d9088ea50e559c7cca8ad737550b972896b141596c723d09595
e1b71978b9239cdf99b7a2553e96960a90cf4de357276ede33775ece22a0d82e	0000000000000000000000000000000000000000000000000000000000000001	0000000000000000000000000000000000000000000000000000000000000001
e1b71978b9239cdf99b7a2553e96960a90cf4de357276ede33775ece22a0d82e	0000000000000000000000000000000000000000000000000000000000000001	fffffffffffffffffffffffffffffffffffffffffffffffffffffffefffffc2e
e1b71978b9239cdf99b7a2553e96960a90cf4de357276ede33775ece22a0d82e	fffffffffffffffffffffffffffffffffffffffffffffffffffffffefffffc2e	0000000000000000000000000000000000000000000000000000000000000001
e1b71978b9239cdf99b7a2553e96960a90cf4de357276ede33775ece22a0d82e	fffffffffffffffffffffffffffffffffffffffffffffffffffffffefffffc2e	fffffffffffffffffffffffffffffffffffffffffffffffffffffffefffffc2e
e1b71978b9239cdf99b7a2553e96960a90cf4de357276ede33775ece22a0d82e	00000000000000000000000000000000000000000000000000000001000003d1	00000000000000000000000000000000000000000000000000000001000003d2
e1b71978b9239cdf99b7a2553e96960a90cf4de357276ede33775ece22a0d82e	00000000000000000000000000000000ffffffffffffffffffffffffffffffff	0000000000000000000000000000000100000000000000000000000000000001
e1b71978b9239cdf99b7a2553e96960a90cf4de357276ede33775ece22a0d82e	7fffffffffffffffffffffffffffffffffffffffffffffffffffffffffffffed	00000000000000000000000000000000000000000000000000000001000003d1
e1b71978b9239cdf99b7a2553e96960a90cf4de357276ede33775ece22a0d82e	00000000000000000000000000000000000000000000000000000001000003d2	8000000000000000000000000000000000000000000000000000000000000013
e1b71978b9239cdf99b7a2553e96960a90cf4de357276ede33775ece22a0d82e	96de292ad08c05f33374ff077e037057cb1976be5fd11814eb427a298826a7de	f5a02b551d42e1af8af605ff1660926f160366df7b9584c2f4e83c5251d4ac4a
e1b71978b9239cdf99b7a2553e96960a90cf4de357276ede33775ece22a0d82e	4d6ec7bab20514a58c089d6067f55985b8392d48b5531403790e390b58cb6397	a3b527dc3ded3db1ebb2d76d1e0f1d3ba27e4a809a3654648bbde08dbf1f454c
e1b71978b9239cdf99b7a2553e96960a90cf4de357276ede33775ece22a0d82e	e45d6b3a7bab850fd4636fc1bec55df32d3abc216d2837543c5ba15d153069f1	ddbec74a741dcc3fccbef14fb226877249dae56655d5d9a1b1a073c6e04abe33
e1b71978b9239cdf99b7a2553e96960a90cf4de357276ede33775ece22a0d82e	bd9c04cdfd5b0caa1588bd3d277d72ace38f467b02aba014e5a8e90eeb3fbe1a	1bb54365673065de32ecf60d870ba0653ed1c3e18b6bedc01dd5d4dd04bbe4ca
e1b71978b9239cdf99b7a2553e96960a90cf4de357276ede33775ece22a0d82e	2beaf41bc983d4f633f48d269bfa408bfc599b1e1b73e28d09e3ee7ea71ac7a6	357cec24e0b81663bc645f7cf6352799e9e2022fd4915646b6785bedbcbe7334
e1b71978b9239cdf99b7a2553e96960a90cf4de357276ede33775ece22a0d82e	b5c07245c079654f786d357f629f0790f7723aad5562066fe2e4f01b9e1cddc8	a6584ec2aadddec9d4bd5db607d1f8bf5222837160d787d1353fcbbeaf9136fa
e1b71978b9239cdf99b7a2553e96960a90cf4de357276ede33775ece22a0d82e	5f7336cee5cf61f96cd20b5175605b709909aa714d33cc087d3466f57f617fff	bb61dcac06769ca45dd1f5557c5e315a0a5ef6c91f8f8fd8f6dec8c4855d4312
e1b71978b9239cdf99b7a2553e96960a90cf4de357276ede33775ece22a0d82e	2acc6dfff840182c12a710e41723c9d58be39cd1c35ca4bc90b833ab186ab981	1163f31315c921af267f5c165fa15639ff6a27f22da4f0d54a22c5756f4f01bb
e1b71978b9239cdf99b7a2553e96960a90cf4de357276ede33775ece22a0d82e	d4748cd56a1ba4db81904bd851953aa1e6ad2f30f789700f6a026e53fce2523e	03ad3d62b8d59506de2bbb6a0fb9b9e9c3e3840ceff473be4e7bae93d10a7aa7
e1b71978b9239cdf99b7a2553e96960a90cf4de357276ede33775ece22a0d82e	512ff00c68eaac642ac7ac7d377bf11621b1b12948db0eb2afed1bbb9abeb1c5	f2c52d8a84bfdbfdf0253c59082bf79ddf5cdadd40f16c27b3ec33a6545b905e
e1b71978b9239cdf99b7a2553e96960a90cf4de357276ede33775ece22a0d82e	02af8362bd0440652f8b0774287cb3d0d4d1d9f9cd0b4a348a63b5beae8d0bb4	c1b0638d4b66c508d947c069e7ca0d241c5ee6d149a290b3b1dab1f62f842b37
e1b71978b9239cdf99b7a2553e96960a90cf4de357276ede33775ece22a0d82e	d25b514f3ecd73eb99a9fb4df1427c72d13744c2c280a35a7e0de96e4ba264e6	e85a4bb427c8f87dd7840a7994234b7a8b3c783b7ac9584436fcbe4ff485a11c
e1b71978b9239cdf99b7a2553e96960a90cf4de357276ede33775ece22a0d82e	a914abac0c875449aa59bd68cc1f68bf74661024895373a19b8e770c89e48bf4	8ce849c8db38c84b2a44d6572a0772cf460a4c0c9b9edd81ed74b160f3498f67
e1b71978b9239cdf99b7a2553e96960a90cf4de357276ede33775ece22a0d82e	b42468bb21919254b35ba9b2d6196dacb763658d59b32092c19011fa56e5bab7	dca2587b05442efd5f959abd92d8ebcc00123da5227abd899d23727047ec47e1
e1b71978b9239cdf99b7a2553e96960a90cf4de357276ede33775ece22a0d82e	cdf9fb6f3e724045d145b38f4ba6029866d6eecb293b7446f663bd21619289d1	ef5d51b43d937b85b459606fdf44b9172e45f1855afde8da489c0878c98b6637
e1b71978b9239cdf99b7a2553e96960a90cf4de357276ede33775ece22a0d82e	fd574845f718a4699ab18dd690c0cb7d5a70e1d9e7cc79899d77dc2f820b0887	ef3df975bf32e79693f84a45aab6ce9a4ce8f6f255b2bc855334b23bd02f69c3
e1b71978b9239cdf99b7a2553e96960a90cf4de357276ede33775ece22a0d82e	3d01065fa8d2f127ec215cb633b545cc2e4ac01ef8e534f433e264d8466cec92	5900b78154d61769c01f152b1d733b6c6d342e64b9f80882cad772c19dced026
e1b71978b9239cdf99b7a2553e96960a90cf4de357276ede33775ece22a0d82e	921c715d3cff5e9294c47bb3701a2b5298ce18ac820b35f9041f0ef64a515b5c	52f4f74a17a5423f6b79fe78aa1f75a581a552605bc4e1c8d715fa578181c210
e1b71978b9239cdf99b7a2553e96960a90cf4de357276ede33775ece22a0d82e	0683e5161c3e6b59b9e88f8164b15ede68d7fb5f73224130d408e6b944bb1c54	471e1faf3b5fb3cb68d996af8dd80565751b48ca94da9cf079b6d83e5bdb6c97
e1b71978b9239cdf99b7a2553e96960a90cf4de357276ede33775ece22a0d82e	713ecac72d72778c195d5d9c494545f5310f11cc91d2682f32637262247f7d22	21efca2d51daf34d53309b5169d1da162e64194961ac01924604d8ab6c946ffb
e1b71978b9239cdf99b7a2553e96960a90cf4de357276ede33775ece22a0d82e	9b97ed60917ef827867593286ae20f87081430029c151e22f91f48dd824942af	4d8cacbf43ee8a53bc0fa467890739c1768af3cfe20fe49355cf238fc7472113
e1b71978b9239cdf99b7a2553e96960a90cf4de357276ede33775ece22a0d82e	18e2c312b8a96ec1562fa25d3622bbb6722736e47326da420bd49b5b74db66c4	f3c1683b267f956469878122341d36c533f5c407b0583165d6c049cc4af22519
e1b71978b9239cdf99b7a2553e96960a90cf4de357276ede33775ece22a0d82e	98d143525569f7bdaa02c909b6c26e24aaf33ab175e1b0e95ee0219e105c65c2	609315be080284ee9e9d6cc6b37e0b2fd157775c2ef7fc241e687fbdb359d21f
e1b71978b9239cdf99b7a2553e96960a90cf4de357276ede33775ece22a0d82e	defb17327fcc7a1eb8639e91a8c20792ef1e516ceabc01a0e650593dc60d80fd	39fab05c3e9287d0cf82d07c743e3ada7f5173e2675a574a546e590a07477a29
fe9d30885abdf03bf8b57c4b01d64d4c20fa18bb1ea8721ceb7f34e72e766061	0000000000000000000000000000000000000000000000000000000000000000	0000000000000000000000000000000000000000000000000000000000000001
fe9d30885abdf03bf8b57c4b01d64d4c20fa18bb1ea8721ceb7f34e72e766061	0000000000000000000000000000000000000000000000000000000000000000	0000000000000000000000000000000000000000000000000000000000000002
fe9d30885abdf03bf8b57c4b01d64d4c20fa18bb1ea8721ceb7f34e72e766061	0000000000000000000000000000000000000000000000000000000000000000	0000000000000000000000000000000000000000000000000000000000000003
fe9d30885abdf03bf8b57c4b01d64d4c20fa18bb1ea8721ceb7f34e72e766061	0000000000000000000000000000000000000000000000000000000000000000	00000000000000000000000000000000000000000000000000000001000003d0
fe9d30885abdf03bf8b57c4b01d64d4c20fa18bb1ea8721ceb7f34e72e766061	0000000000000000000000000000000000000000000000000000000000000000	00000000000000000000000000000000000000000000000000000001000003d1
fe9d30885abdf03bf8b57c4b01d64d4c20fa18bb1ea8721ceb7f34e72e766061	0000000000000000000000000000000000000000000000000000000000000000	00000000000000000000000000000000000000000000000000000001000003d2
fe9d30885abdf03bf8b57c4b01d64d4c20fa18bb1ea8721ceb7f34e72e766061	0000000000000000000000000000000000000000000000000000000000000000	0000000000000000000000000000000100000000000000000000000000000001
fe9d30885abdf03bf8b57c4b01d64d4c20fa18bb1ea8721ceb7f34e72e766061	0000000000000000000000000000000000000000000000000000000000000000	fffffffffffffffffffffffffffffffffffffffffffffffffffffffefffffc2e
fe9d30885abdf03bf8b57c4b01d64d4c20fa18bb1ea8721ceb7f34e72e766061	0000000000000000000000000000000000000000000000000000000000000000	9f69ee183927f2de409371d48b0733735c9568941bfe791cb02499365401facb
fe9d30885abdf03bf8b57c4b01d64d4c20fa18bb1ea8721ceb7f34e72e766061	0000000000000000000000000000000000000000000000000000000000000000	d3c5244fc0c8c00553ff409212b6a57b0a3b623ee0bc7b23d9147250759aa415
fe9d30885abdf03bf8b57c4b01d64d4c20fa18bb1ea8721ceb7f34e72e766061	0000000000000000000000000000000000000000000000000000000000000000	5dcdef1aadba6e6f9fa7a194cf6a71df9168d97d2e9ca4dc296908565f00b4d9
fe9d30885abdf03bf8b57c4b01d64d4c20fa18bb1ea8721ceb7f34e72e766061	0000000000000000000000000000000000000000000000000000000000000000	d534d578d3e1eb2b1690b9a2d4b2d2d84100437c040d8b79df6fffed9032d272
fe9d30885abdf03bf8b57c4b01d64d4c20fa18bb1ea8721ceb7f34e72e766061	0000000000000000000000000000000000000000000000000000000000000000	f66fbe57319563b64a8f58cd428595b307c07a72b2164595c11d283eab60b45c
fe9d30885abdf03bf8b57c4b01d64d4c20fa18bb1ea8721ceb7f34e72e766061	0000000000000000000000000000000000000000000000000000000000000000	400e17f31c864b185ee05029b4ca04a020c29967468e73e015981536dedd5700
fe9d30885abdf03bf8b57c4b01d64d4c20fa18bb1ea8721ceb7f34e72e766061	0000000000000000000000000000000000000000000000000000000000000000	d435856f9ab6ccc30eb8a023031b74008865b8b6a0ce79565dfb4936b4b73fb5
fe9d30885abdf03bf8b57c4b01d64d4c20fa18bb1ea8721ceb7f34e72e766061	0000000000000000000000000000000000000000000000000000000000000000	19347eb1e110c6697b2151d083099e040675b4cfa6923f26ad57d963c97e1512
fe9d30885abdf03bf8b57c4b01d64d4c20fa18bb1ea8721ceb7f34e72e766061	0000000000000000000000000000000000000000000000000000000000000000	b4779d0db00a11f69106d731567d0ad360668f49b2481481d932e714a143e45f
fe9d30885abdf03bf8b57c4b01d64d4c20fa18bb1ea8721ceb7f34e72e766061	0000000000000000000000000000000000000000000000000000000000000000	99d83593a28df721d8a102e8776220d5aec0976a7b2283f6065686dafe7e51fb
fe9d30885abdf03bf8b57c4b01d64d4c20fa18bb1ea8721ceb7f34e72e766061	0000000000000000000000000000000000000000000000000000000000000000	ba4e25b946a879db07bca35656369b0b2979018a9ad29eea7a1777fd5fd39c85
fe9d30885abdf03bf8b57c4b01d64d4c20fa18bb1ea8721ceb7f34e72e766061	0000000000000000000000000000000000000000000000000000000000000000	40b40b9c7f95437f05fab8bbb92a269c56994ea170dfacdd3b3952c1ec8bc580
fe9d30885abdf03bf8b57c4b01d64d4c20fa18bb1ea8721ceb7f34e72e766061	0000000000000000000000000000000000000000000000000000000000000000	b63351de682f433979d63242bbfa3b025d702b2537cd6d9c9e957ca15d1deac8
fe9d30885abdf03bf8b57c4b01d64d4c20fa18bb1ea8721ceb7f34e72e766061	0000000000000000000000000000000000000000000000000000000000000000	7558116f93c6298ec934167195825c927f3ce843e06d8dd8a7343861e7dce9d9
fe9d30885abdf03bf8b57c4b01d64d4c20fa18bb1ea8721ceb7f34e72e766061	0000000000000000000000000000000000000000000000000000000000000000	dff894f905106cd06ad1dbe2c1c46aa79b53e9406b796e7c4016a7d6353db602
fe9d30885abdf03bf8b57c4b01d64d4c20fa18bb1ea8721ceb7f34e72e766061	0000000000000000000000000000000000000000000000000000000000000000	994c52cd54933a2d4a1f216cc9332d2c3c642bcb967c6948aacdd903536b6325
fe9d30885abdf03bf8b57c4b01d64d4c20fa18bb1ea8721ceb7f34e72e766061	0000000000000000000000000000000000000000000000000000000000000000	4b3198f4ba8705ac3c84d34411a488c5972a8e5a16d4726f0f077650d2871bdf
fe9d30885abdf03bf8b57c4b01d64d4c20fa18bb1ea8721ceb7f34e72e766061	0000000000000000000000000000000000000000000000000000000000000000	174bae57a2d7a1629ba040e754ef59a8b0eda026eb917c3cc139a86c88646978
fe9d30885abdf03bf8b57c4b01d64d4c20fa18bb1ea8721ceb7f34e72e766061	0000000000000000000000000000000000000000000000000000000000000000	0ea05b5d5f3613201470d6192914c594827bfe1afe65cb722b4a2393e4f8fbdd
fe9d30885abdf03bf8b57c4b01d64d4c20fa18bb1ea8721ceb7f34e72e766061	0000000000000000000000000000000000000000000000000000000000000000	9351b1da87f6b5eb7537fafa579b08ff8779d847c3eb282cf6b608d3c44bef55
fe9d30885abdf03bf8b57c4b01d64d4c20fa18bb1ea8721ceb7f34e72e766061	0000000000000000000000000000000000000000000000000000000000000000	ee3056755f73938fe24874c6e48e7179fc7c9cf584e86c49da8cdb2436d3caf8
fe9d30885abdf03bf8b57c4b01d64d4c20fa18bb1ea8721ceb7f34e72e766061	0000000000000000000000000000000000000000000000000000000000000000	483f81fc39a2d891702b937b846a53cd1c958dc6bd180c02059bdecd2cb3c5b9
fe9d30885abdf03bf8b57c4b01d64d4c20fa18bb1ea8721ceb7f34e72e766061	0000000000000000000000000000000000000000000000000000000000000000	9bdb8c2fb94e8eb23b0b82372348b7f665c83cc61618aef659c20cafc3756577
fe9d30885abdf03bf8b57c4b01d64d4c20fa18bb1ea8721ceb7f34e72e766061	0000000000000000000000000000000000000000000000000000000000000000	14866b25bfec8d9088ea50e559c7cca8ad737550b972896b141596c723d09595
fe9d30885abdf03bf8b57c4b01d64d4c20fa18bb1ea8721ceb7f34e72e766061	0000000000000000000000000000000000000000000000000000000000000001	0000000000000000000000000000000000000000000000000000000000000001
fe9d30885abdf03bf8b57c4b01d64d4c20fa18bb1ea8721ceb7f34e72e766061	0000000000000000000000000000000000000000000000000000000000000001	fffffffffffffffffffffffffffffffffffffffffffffffffffffffefffffc2e
fe9d30885abdf03bf8b57c4b01d64d4c20fa18bb1ea8721ceb7f34e72e766061	fffffffffffffffffffffffffffffffffffffffffffffffffffffffefffffc2e	0000000000000000000000000000000000000000000000000000000000000001
fe9d30885abdf03bf8b57c4b01d64d4c20fa18bb1ea8721ceb7f34e72e766061	fffffffffffffffffffffffffffffffffffffffffffffffffffffffefffffc2e	fffffffffffffffffffffffffffffffffffffffffffffffffffffffefffffc2e
fe9d30885abdf03bf8b57c4b01d64d4c20fa18bb1ea8721ceb7f34e72e766061	00000000000000000000000000000000000000000000000000000001000003d1	00000000000000000000000000000000000000000000000000000001000003d2
fe9d30885abdf03bf8b57c4b01d64d4c20fa18bb1ea8721ceb7f34e72e766061	00000000000000000000000000000000ffffffffffffffffffffffffffffffff	0000000000000000000000000000000100000000000000000000000000000001
fe9d30885abdf03bf8b57c4b01d64d4c20fa18bb1ea8721ceb7f34e72e766061	7fffffffffffffffffffffffffffffffffffffffffffffffffffffffffffffed	00000000000000000000000000000000000000000000000000000001000003d1
fe9d30885abdf03bf8b57c4b01d64d4c20fa18bb1ea8721ceb7f34e72e766061	00000000000000000000000000000000000000000000000000000001000003d2	8000000000000000000000000000000000000000000000000000000000000013
fe9d30885abdf03bf8b57c4b01d64d4c20fa18bb1ea8721ceb7f34e72e766061	96de292ad08c05f33374ff077e037057cb1976be5fd11814eb427a298826a7de	f5a02b551d42e1af8af605ff1660926f160366df7b9584c2f4e83c5251d4ac4a
fe9d30885abdf03bf8b57c4b01d64d4c20fa18bb1ea8721ceb7f34e72e766061	4d6ec7bab20514a58c089d6067f55985b8392d48b5531403790e390b58cb6397	a3b527dc3ded3db1ebb2d76d1e0f1d3ba27e4a809a3654648bbde08dbf1f454c
fe9d30885abdf03bf8b57c4b01d64d4c20fa18bb1ea8721ceb7f34e72e766061	e45d6b3a7bab850fd4636fc1bec55df32d3abc216d2837543c5ba15d153069f1	ddbec74a741dcc3fccbef14fb226877249dae56655d5d9a1b1a073c6e04abe33
fe9d30885abdf03bf8b57c4b01d64d4c20fa18bb1ea8721ceb7f34e72e766061	bd9c04cdfd5b0caa1588bd3d277d72ace38f467b02aba014e5a8e90eeb3fbe1a	1bb54365673065de32ecf60d870ba0653ed1c3e18b6bedc01dd5d4dd04bbe4ca
fe9d30885abdf03bf8b57c4b01d64d4c20fa18bb1ea8721ceb7f34e72e766061	2beaf41bc983d4f633f48d269bfa408bfc599b1e1b73e28d09e3ee7ea71ac7a6	357cec24e0b81663bc645f7cf6352799e9e2022fd4915646b6785bedbcbe7334
fe9d30885abdf03bf8b57c4b01d64d4c20fa18bb1ea8721ceb7f34e72e766061	b5c07245c079654f786d357f629f0790f7723aad5562066fe2e4f01b9e1cddc8	a6584ec2aadddec9d4bd5db607d1f8bf5222837160d787d1353fcbbeaf9136fa
fe9d30885abdf03bf8b57c4b01d64d4c20fa18bb1ea8721ceb7f34e72e766061	5f7336cee5cf61f96cd20b5175605b709909aa714d33cc087d3466f57f617fff	bb61dcac06769ca45dd1f5557c5e315a0a5ef6c91f8f8fd8f6dec8c4855d4312
fe9d30885abdf03bf8b57c4b01d64d4c20fa18bb1ea8721ceb7f34e72e766061	2acc6dfff840182c12a710e41723c9d58be39cd1c35ca4bc90b833ab186ab981	1163f31315c921af267f5c165fa15639ff6a27f22da4f0d54a22c5756f4f01bb
fe9d30885abdf03bf8b57c4b01d64d4c20fa18bb1ea8721ceb7f34e72e766061	d4748cd56a1ba4db81904bd851953aa1e6ad2f30f789700f6a026e53fce2523e	03ad3d62b8d59506de2bbb6a0fb9b9e9c3e3840ceff473be4e7bae93d10a7aa7
fe9d30885abdf03bf8b57c4b01d64d4c20fa18bb1ea8721ceb7f34e72e766061	512ff00c68eaac642ac7ac7d377bf11621b1b12948db0eb2afed1bbb9abeb1c5	f2c52d8a84bfdbfdf0253c59082bf79ddf5cdadd40f16c27b3ec33a6545b905e
fe9d30885abdf03bf8b57c4b01d64d4c20fa18bb1ea8721ceb7f34e72e766061	02af8362bd0440652f8b0774287cb3d0d4d1d9f9cd0b4a348a63b5beae8d0bb4	c1b0638d4b66c508d947c069e7ca0d241c5ee6d149a290b3b1dab1f62f842b37
fe9d30885abdf03bf8b57c4b01d64d4c20fa18bb1ea8721ceb7f34e72e766061	d25b514f3ecd73eb99a9fb4df1427c72d13744c2c280a35a7e0de96e4ba264e6	e85a4bb427c8f87dd7840a7994234b7a8b3c783b7ac9584436fcbe4ff485a11c
fe9d30885abdf03bf8b57c4b01d64d4c20fa18bb1ea8721ceb7f34e72e766061	a914abac0c875449aa59bd68cc1f68bf74661024895373a19b8e770c89e48bf4	8ce849c8db38c84b2a44d6572a0772cf460a4c0c9b9edd81ed74b160f3498f67
fe9d30885abdf03bf8b57c4b01d64d4c20fa18bb1ea8721ceb7f34e72e766061	b42468bb21919254b35ba9b2d6196dacb763658d59b32092c19011fa56e5bab7	dca2587b05442efd5f959abd92d8ebcc00123da5227abd899d23727047ec47e1
fe9d30885abdf03bf8b57c4b01d64d4c20fa18bb1ea8721ceb7f34e72e766061	cdf9fb6f3e724045d145b38f4ba6029866d6eecb293b7446f663bd21619289d1	ef5d51b43d937b85b459606fdf44b9172e45f1855afde8da489c0878c98b6637
fe9d30885abdf03bf8b57c4b01d64d4c20fa18bb1ea8721ceb7f34e72e766061	fd574845f718a4699ab18dd690c0cb7d5a70e1d9e7cc79899d77dc2f820b0887	ef3df975bf32e79693f84a45aab6ce9a4ce8f6f255b2bc855334b23bd02f69c3
fe9d30885abdf03bf8b57c4b01d64d4c20fa18bb1ea8721ceb7f34e72e766061	3d01065fa8d2f127ec215cb633b545cc2e4ac01ef8e534f433e264d8466cec92	5900b78154d61769c01f152b1d733b6c6d342e64b9f80882cad772c19dced026
fe9d30885abdf03bf8b57c4b01d64d4c20fa18bb1ea8721ceb7f34e72e766061	921c715d3cff5e9294c47bb3701a2b5298ce18ac820b35f9041f0ef64a515b5c	52f4f74a17a5423f6b79fe78aa1f75a581a552605bc4e1c8d715fa578181c210
fe9d30885abdf03bf8b57c4b01d64d4c20fa18bb1ea8721ceb7f34e72e766061	0683e5161c3e6b59b9e88f8164b15ede68d7fb5f73224130d408e6b944bb1c54	471e1faf3b5fb3cb68d996af8dd80565751b48ca94da9cf079b6d83e5bdb6c97
fe9d30885abdf03bf8b57c4b01d64d4c20fa18bb1ea8721ceb7f34e72e766061	713ecac72d72778c195d5d9c494545f5310f11cc91d2682f32637262247f7d22	21efca2d51daf34d53309b5169d1da162e64194961ac01924604d8ab6c946ffb
fe9d30885abdf03bf8b57c4b01d64d4c20fa18bb1ea8721ceb7f34e72e766061	9b97ed60917ef827867593286ae20f87081430029c151e22f91f48dd824942af	4d8cacbf43ee8a53bc0fa467890739c1768af3cfe20fe49355cf238fc7472113
fe9d30885abdf03bf8b57c4b01d64d4c20fa18bb1ea8721ceb7f34e72e766061	18e2c312b8a96ec1562fa25d3622bbb6722736e47326da420bd49b5b74db66c4	f3c1683b267f956469878122341d36c533f5c407b0583165d6c049cc4af22519
fe9d30885abdf03bf8b57c4b01d64d4c20fa18bb1ea8721ceb7f34e72e766061	98d143525569f7bdaa02c909b6c26e24aaf33ab175e1b0e95ee0219e105c65c2	609315be080284ee9e9d6cc6b37e0b2fd157775c2ef7fc241e687fbdb359d21f
fe9d30885abdf03bf8b57c4b01d64d4c20fa18bb1ea8721ceb7f34e72e766061	defb17327fcc7a1eb8639e91a8c20792ef1e516ceabc01a0e650593dc60d80fd	39fab05c3e9287d0cf82d07c743e3ada7f5173e2675a574a546e590a07477a29
15f1dca6aa2d4d2995f0a11fc09b3e5ae9235b40a1f37ddc720b6e45c7cf33de	0000000000000000000000000000000000000000000000000000000000000000	0000000000000000000000000000000000000000000000000000000000000001
15f1dca6aa2d4d2995f0a11fc09b3e5ae9235b40a1f37ddc720b6e45c7cf33de	0000000000000000000000000000000000000000000000000000000000000000	0000000000000000000000000000000000000000000000000000000000000002
15f1dca6aa2d4d2995f0a11fc09b3e5ae9235b40a1f37ddc720b6e45c7cf33de	0000000000000000000000000000000000000000000000000000000000000000	0000000000000000000000000000000000000000000000000000000000000003
15f1dca6aa2d4d2995f0a11fc09b3e5ae9235b40a1f37ddc720b6e45c7cf33de	0000000000000000000000000000000000000000000000000000000000000000	00000000000000000000000000000000000000000000000000000001000003d0
15f1dca6aa2d4d2995f0a11fc09b3e5ae9235b40a1f37ddc720b6e45c7cf33de	0000000000000000000000000000000000000000000000000000000000000000	00000000000000000000000000000000000000000000000000000001000003d1
15f1dca6aa2d4d2995f0a11fc09b3e5ae9235b40a1f37ddc720b6e45c7cf33de	0000000000000000000000000000000000000000000000000000000000000000	00000000000000000000000000000000000000000000000000000001000003d2
15f1dca6aa2d4d2995f0a11fc09b3e5ae9235b40a1f37ddc720b6e45c7cf33de	0000000000000000000000000000000000000000000000000000000000000000	0000000000000000000000000000000100000000000000000000000000000001
15f1dca6aa2d4d2995f0a11fc09b3e5ae9235b40a1f37ddc720b6e45c7cf33de	0000000000000000000000000000000000000000000000000000000000000000	fffffffffffffffffffffffffffffffffffffffffffffffffffffffefffffc2e
15f1dca6aa2d4d2995f0a11fc09b3e5ae9235b40a1f37ddc720b6e45c7cf33de	0000000000000000000000000000000000000000000000000000000000000000	9f69ee183927f2de409371d48b0733735c9568941bfe791cb02499365401facb
15f1dca6aa2d4d2995f0a11fc09b3e5ae9235b40a1f37ddc720b6e45c7cf33de	0000000000000000000000000000000000000000000000000000000000000000	d3c5244fc0c8c00553ff409212b6a57b0a3b623ee0bc7b23d9147250759aa415
15f1dca6aa2d4d2995f0a11fc09b3e5ae9235b40a1f37ddc720b6e45c7cf33de	0000000000000000000000000000000000000000000000000000000000000000	5dcdef1aadba6e6f9fa7a194cf6a71df9168d97d2e9ca4dc296908565f00b4d9
15f1dca6aa2d4d2995f0a11fc09b3e5ae9235b40a1f37ddc720b6e45c7cf33de	0000000000000000000000000000000000000000000000000000000000000000	d534d578d3e1eb2b1690b9a2d4b2d2d84100437c040d8b79df6fffed9032d272
15f1dca6aa2d4d2995f0a11fc09b3e5ae9235b40a1f37ddc720b6e45c7cf33de	0000000000000000000000000000000000000000000000000000000000000000	f66fbe57319563b64a8f58cd428595b307c07a72b2164595c11d283eab60b45c
15f1dca6aa2d4d2995f0a11fc09b3e5ae9235b40a1f37ddc720b6e45c7cf33de	0000000000000000000000000000000000000000000000000000000000000000	400e17f31c864b185ee05029b4ca04a020c29967468e73e015981536dedd5700
15f1dca6aa2d4d2995f0a11fc09b3e5ae9235b40a1f37ddc720b6e45c7cf33de	0000000000000000000000000000000000000000000000000000000000000000	d435856f9ab6ccc30eb8a023031b74008865b8b6a0ce79565dfb4936b4b73fb5
15f1dca6aa2d4d2995f0a11fc09b3e5ae9235b40a1f37ddc720b6e45c7cf33de	0000000000000000000000000000000000000000000000000000000000000000	19347eb1e110c6697b2151d083099e040675b4cfa6923f26ad57d963c97e1512
15f1dca6aa2d4d2995f0a11fc09b3e5ae9235b40a1f37ddc720b6e45c7cf33de	0000000000000000000000000000000000000000000000000000000000000000	b4779d0db00a11f69106d731567d0ad360668f49b2481481d932e714a143e45f
15f1dca6aa2d4d2995f0a11fc09b3e5ae9235b40a1f37ddc720b6e45c7cf33de	0000000000000000000000000000000000000000000000000000000000000000	99d83593a28df721d8a102e8776220d5aec0976a7b2283f6065686dafe7e51fb
15f1dca6aa2d4d2995f0a11fc09b3e5ae9235b40a1f37ddc720b6e45c7cf33de	0000000000000000000000000000000000000000000000000000000000000000	ba4e25b946a879db07bca35656369b0b2979018a9ad29eea7a1777fd5fd39c85
15f1dca6aa2d4d2995f0a11fc09b3e5ae9235b40a1f37ddc720b6e45c7cf33de	0000000000000000000000000000000000000000000000000000000000000000	40b40b9c7f95437f05fab8bbb92a269c56994ea170dfacdd3b3952c1ec8bc580
15f1dca6aa2d4d2995f0a11fc09b3e5ae9235b40a1f37ddc720b6e45c7cf33de	0000000000000000000000000000000000000000000000000000000000000000	b63351de682f433979d63242bbfa3b025d702b2537cd6d9c9e957ca15d1deac8
15f1dca6aa2d4d2995f0a11fc09b3e5ae9235b40a1f37ddc720b6e45c7cf33de	0000000000000000000000000000000000000000000000000000000000000000	7558116f93c6298ec934167195825c927f3ce843e06d8dd8a7343861e7dce9d9
15f1dca6aa2d4d2995f0a11fc09b3e5ae9235b40a1f37ddc720b6e45c7cf33de	0000000000000000000000000000000000000000000000000000000000000000	dff894f905106cd06ad1dbe2c1c46aa79b53e9406b796e7c4016a7d6353db602
15f1dca6aa2d4d2995f0a11fc09b3e5ae9235b40a1f37ddc720b6e45c7cf33de	0000000000000000000000000000000000000000000000000000000000000000	994c52cd54933a2d4a1f216cc9332d2c3c642bcb967c6948aacdd903536b6325
15f1dca6aa2d4d2995f0a11fc09b3e5ae9235b40a1f37ddc720b6e45c7cf33de	0000000000000000000000000000000000000000000000000000000000000000	4b3198f4ba8705ac3c84d34411a488c5972a8e5a16d4726f0f077650d2871bdf
15f1dca6aa2d4d2995f0a11fc09b3e5ae9235b40a1f37ddc720b6e45c7cf33de	0000000000000000000000000000000000000000000000000000000000000000	174bae57a2d7a1629ba040e754ef59a8b0eda026eb917c3cc139a86c88646978
15f1dca6aa2d4d2995f0a11fc09b3e5ae9235b40a1f37ddc720b6e45c7cf33de	0000000000000000000000000000000000000000000000000000000000000000	0ea05b5d5f3613201470d6192914c594827bfe1afe65cb722b4a2393e4f8fbdd
15f1dca6aa2d4d2995f0a11fc09b3e5ae9235b40a1f37ddc720b6e45c7cf33de	0000000000000000000000000000000000000000000000000000000000000000	9351b1da87f6b5eb7537fafa579b08ff8779d847c3eb282cf6b608d3c44bef55
15f1dca6aa2d4d2995f0a11fc09b3e5ae9235b40a1f37ddc720b6e45c7cf33de	0000000000000000000000000000000000000000000000000000000000000000	ee3056755f73938fe24874c6e48e7179fc7c9cf584e86c49da8cdb2436d3caf8
15f1dca6aa2d4d2995f0a11fc09b3e5ae9235b40a1f37ddc720b6e45c7cf33de	0000000000000000000000000000000000000000000000000000000000000000	483f81fc39a2d891702b937b846a53cd1c958dc6bd180c02059bdecd2cb3c5b9
15f1dca6aa2d4d2995f0a11fc09b3e5ae9235b40a1f37ddc720b6e45c7cf33de	0000000000000000000000000000000000000000000000000000000000000000	9bdb8c2fb94e8eb23b0b82372348b7f665c83cc61618aef659c20cafc3756577
15f1dca6aa2d4d2995f0a11fc09b3e5ae9235b40a1f37ddc720b6e45c7cf33de	0000000000000000000000000000000000000000000000000000000000000000	14866b25bfec8d9088ea50e559c7cca8ad737550b972896b141596c723d09595
15f1dca6aa2d4d2995f0a11fc09b3e5ae9235b40a1f37ddc720b6e45c7cf33de	0000000000000000000000000000000000000000000000000000000000000001	0000000000000000000000000000000000000000000000000000000000000001
15f1dca6aa2d4d2995f0a11fc09b3e5ae9235b40a1f37ddc720b6e45c7cf33de	0000000000000000000000000000000000000000000000000000000000000001	fffffffffffffffffffffffffffffffffffffffffffffffffffffffefffffc2e
15f1dca6aa2d4d2995f0a11fc09b3e5ae9235b40a1f37ddc720b6e45c7cf33de	fffffffffffffffffffffffffffffffffffffffffffffffffffffffefffffc2e	0000000000000000000000000000000000000000000000000000000000000001
15f1dca6aa2d4d2995f0a11fc09b3e5ae9235b40a1f37ddc720b6e45c7cf33de	fffffffffffffffffffffffffffffffffffffffffffffffffffffffefffffc2e	fffffffffffffffffffffffffffffffffffffffffffffffffffffffefffffc2e
15f1dca6aa2d4d2995f0a11fc09b3e5ae9235b40a1f37ddc720b6e45c7cf33de	00000000000000000000000000000000000000000000000000000001000003d1	00000000000000000000000000000000000000000000000000000001000003d2
15f1dca6aa2d4d2995f0a11fc09b3e5ae9235b40a1f37ddc720b6e45c7cf33de	00000000000000000000000000000000ffffffffffffffffffffffffffffffff	0000000000000000000000000000000100000000000000000000000000000001
15f1dca6aa2d4d2995f0a11fc09b3e5ae9235b40a1f37ddc720b6e45c7cf33de	7fffffffffffffffffffffffffffffffffffffffffffffffffffffffffffffed	00000000000000000000000000000000000000000000000000000001000003d1
15f1dca6aa2d4d2995f0a11fc09b3e5ae9235b40a1f37ddc720b6e45c7cf33de	00000000000000000000000000000000000000000000000000000001000003d2	8000000000000000000000000000000000000000000000000000000000000013
15f1dca6aa2d4d2995f0a11fc09b3e5ae9235b40a1f37ddc720b6e45c7cf33de	96de292ad08c05f33374ff077e037057cb1976be5fd11814eb427a298826a7de	f5a02b551d42e1af8af605ff1660926f160366df7b9584c2f4e83c5251d4ac4a
15f1dca6aa2d4d2995f0a11fc09b3e5ae9235b40a1f37ddc720b6e45c7cf33de	4d6ec7bab20514a58c089d6067f55985b8392d48b5531403790e390b58cb6397	a3b527dc3ded3db1ebb2d76d1e0f1d3ba27e4a809a3654648bbde08dbf1f454c
15f1dca6aa2d4d2995f0a11fc09b3e5ae9235b40a1f37ddc720b6e45c7cf33de	e45d6b3a7bab850fd4636fc1bec55df32d3abc216d2837543c5ba15d153069f1	ddbec74a741dcc3fccbef14fb226877249dae56655d5d9a1b1a073c6e04abe33
15f1dca6aa2d4d2995f0a11fc09b3e5ae9235b40a1f37ddc720b6e45c7cf33de	bd9c04cdfd5b0caa1588bd3d277d72ace38f467b02aba014e5a8e90eeb3fbe1a	1bb54365673065de32ecf60d870ba0653ed1c3e18b6bedc01dd5d4dd04bbe4ca
15f1dca6aa2d4d2995f0a11fc09b3e5ae9235b40a1f37ddc720b6e45c7cf33de	2beaf41bc983d4f633f48d269bfa408bfc599b1e1b73e28d09e3ee7ea71ac7a6	357cec24e0b81663bc645f7cf6352799e9e2022fd4915646b6785bedbcbe7334
15f1dca6aa2d4d2995f0a11fc09b3e5ae9235b40a1f37ddc720b6e45c7cf33de	b5c07245c079654f786d357f629f0790f7723aad5562066fe2e4f01b9e1cddc8	a6584ec2aadddec9d4bd5db607d1f8bf5222837160d787d1353fcbbeaf9136fa
15f1dca6aa2d4d2995f0a11fc09b3e5ae9235b40a1f37ddc720b6e45c7cf33de	5f7336cee5cf61f96cd20b5175605b709909aa714d33cc087d3466f57f617fff	bb61dcac06769ca45dd1f5557c5e315a0a5ef6c91f8f8fd8f6dec8c4855d4312
15f1dca6aa2d4d2995f0a11fc09b3e5ae9235b40a1f37ddc720b6e45c7cf33de	2acc6dfff840182c12a710e41723c9d58be39cd1c35ca4bc90b833ab186ab981	1163f31315c921af267f5c165fa15639ff6a27f22da4f0d54a22c5756f4f01bb
15f1dca6aa2d4d2995f0a11fc09b3e5ae9235b40a1f37ddc720b6e45c7cf33de	d4748cd56a1ba4db81904bd851953aa1e6ad2f30f789700f6a026e53fce2523e	03ad3d62b8d59506de2bbb6a0fb9b9e9c3e3840ceff473be4e7bae93d10a7aa7
15f1dca6aa2d4d2995f0a11fc09b3e5ae9235b40a1f37ddc720b6e45c7cf33de	512ff00c68eaac642ac7ac7d377bf11621b1b12948db0eb2afed1bbb9abeb1c5	f2c52d8a84bfdbfdf0253c59082bf79ddf5cdadd40f16c27b3ec33a6545b905e
15f1dca6aa2d4d2995f0a11fc09b3e5ae9235b40a1f37ddc720b6e45c7cf33de	02af8362bd0440652f8b0774287cb3d0d4d1d9f9cd0b4a348a63b5beae8d0bb4	c1b0638d4b66c508d947c069e7ca0d241c5ee6d149a290b3b1dab1f62f842b37
15f1dca6aa2d4d2995f0a11fc09b3e5ae9235b40a1f37ddc720b6e45c7cf33de	d25b514f3ecd73eb99a9fb4df1427c72d13744c2c280a35a7e0de96e4ba264e6	e85a4bb427c8f87dd7840a7994234b7a8b3c783b7ac9584436fcbe4ff485a11c
15f1dca6aa2d4d2995f0a11fc09b3e5ae9235b40a1f37ddc720b6e45c7cf33de	a914abac0c875449aa59bd68cc1f68bf74661024895373a19b8e770c89e48bf4	8ce849c8db38c84b2a44d6572a0772cf460a4c0c9b9edd81ed74b160f3498f67
15f1dca6aa2d4d2995f0a11fc09b3e5ae9235b40a1f37ddc720b6e45c7cf33de	b42468bb21919254b35ba9b2d6196dacb763658d59b32092c19011fa56e5bab7	dca2587b05442efd5f959abd92d8ebcc00123da5227abd899d23727047ec47e1
15f1dca6aa2d4d2995f0a11fc09b3e5ae9235b40a1f37ddc720b6e45c7cf33de	cdf9fb6f3e724045d145b38f4ba6029866d6eecb293b7446f663bd21619289d1	ef5d51b43d937b85b459606fdf44b9172e45f1855afde8da489c0878c98b6637
15f1dca6aa2d4d2995f0a11fc09b3e5ae9235b40a1f37ddc720b6e45c7cf33de	fd574845f718a4699ab18dd690c0cb7d5a70e1d9e7cc79899d77dc2f820b0887	ef3df975bf32e79693f84a45aab6ce9a4ce8f6f255b2bc855334b23bd02f69c3
15f1dca6aa2d4d2995f0a11fc09b3e5ae9235b40a1f37ddc720b6e45c7cf33de	3d01065fa8d2f127ec215cb633b545cc2e4ac01ef8e534f433e264d8466cec92	5900b78154d61769c01f152b1d733b6c6d342e64b9f80882cad772c19dced026
15f1dca6aa2d4d2995f0a11fc09b3e5ae9235b40a1f37ddc720b6e45c7cf33de	921c715d3cff5e9294c47bb3701a2b5298ce18ac820b35f9041f0ef64a515b5c	52f4f74a17a5423f6b79fe78aa1f75a581a552605bc4e1c8d715fa578181c210
15f1dca6aa2d4d2995f0a11fc09b3e5ae9235b40a1f37ddc720b6e45c7cf33de	0683e5161c3e6b59b9e88f8164b15ede68d7fb5f73224130d408e6b944bb1c54	471e1faf3b5fb3cb68d996af8dd80565751b48ca94da9cf079b6d83e5bdb6c97
15f1dca6aa2d4d2995f0a11fc09b3e5ae9235b40a1f37ddc720b6e45c7cf33de	713ecac72d72778c195d5d9c494545f5310f11cc91d2682f32637262247f7d22	21efca2d51daf34d53309b5169d1da162e64194961ac01924604d8ab6c946ffb
15f1dca6aa2d4d2995f0a11fc09b3e5ae9235b40a1f37ddc720b6e45c7cf33de	9b97ed60917ef827867593286ae20f87081430029c151e22f91f48dd824942af	4d8cacbf43ee8a53bc0fa467890739c1768af3cfe20fe49355cf238fc7472113
15f1dca6aa2d4d2995f0a11fc09b3e5ae9235b40a1f37ddc720b6e45c7cf33de	18e2c312b8a96ec1562fa25d3622bbb6722736e47326da420bd49b5b74db66c4	f3c1683b267f956469878122341d36c533f5c407b0583165d6c049cc4af22519
15f1dca6aa2d4d2995f0a11fc09b3e5ae9235b40a1f37ddc720b6e45c7cf33de	98d143525569f7bdaa02c909b6c26e24aaf33ab175e1b0e95ee0219e105c65c2	609315be080284ee9e9d6cc6b37e0b2fd157775c2ef7fc241e687fbdb359d21f
15f1dca6aa2d4d2995f0a11fc09b3e5ae9235b40a1f37ddc720b6e45c7cf33de	defb17327fcc7a1eb8639e91a8c20792ef1e516ceabc01a0e650593dc60d80fd	39fab05c3e9287d0cf82d07c743e3ada7f5173e2675a574a546e590a07477a29
33d0d844ad623a4e4be6a00fcf3e75f0467ffa5d953d7c4599c45ce1d8aae4db	0000000000000000000000000000000000000000000000000000000000000000	0000000000000000000000000000000000000000000000000000000000000001
33d0d844ad623a4e4be6a00fcf3e75f0467ffa5d953d7c4599c45ce1d8aae4db	0000000000000000000000000000000000000000000000000000000000000000	0000000000000000000000000000000000000000000000000000000000000002
33d0d844ad623a4e4be6a00fcf3e75f0467ffa5d953d7c4599c45ce1d8aae4db	0000000000000000000000000000000000000000000000000000000000000000	0000000000000000000000000000000000000000000000000000000000000003
33d0d844ad623a4e4be6a00fcf3e75f0467ffa5d953d7c4599c45ce1d8aae4db	0000000000000000000000000000000000000000000000000000000000000000	00000000000000000000000000000000000000000000000000000001000003d0
33d0d844ad623a4e4be6a00fcf3e75f0467ffa5d953d7c4599c45ce1d8aae4db	0000000000000000000000000000000000000000000000000000000000000000	00000000000000000000000000000000000000000000000000000001000003d1
33d0d844ad623a4e4be6a00fcf3e75f0467ffa5d953d7c4599c45ce1d8aae4db	0000000000000000000000000000000000000000000000000000000000000000	00000000000000000000000000000000000000000000000000000001000003d2
33d0d844ad623a4e4be6a00fcf3e75f0467ffa5d953d7c4599c45ce1d8aae4db	0000000000000000000000000000000000000000000000000000000000000000	0000000000000000000000000000000100000000000000000000000000000001
33d0d844ad623a4e4be6a00fcf3e75f0467ffa5d953d7c4599c45ce1d8aae4db	0000000000000000000000000000000000000000000000000000000000000000	fffffffffffffffffffffffffffffffffffffffffffffffffffffffefffffc2e
33d0d844ad623a4e4be6a00fcf3e75f0467ffa5d953d7c4599c45ce1d8aae4db	0000000000000000000000000000000000000000000000000000000000000000	9f69ee183927f2de409371d48b0733735c9568941bfe791cb02499365401facb
33d0d844ad623a4e4be6a00fcf3e75f0467ffa5d953d7c4599c45ce1d8aae4db	0000000000000000000000000000000000000000000000000000000000000000	d3c5244fc0c8c00553ff409212b6a57b0a3b623ee0bc7b23d9147250759aa415
33d0d844ad623a4e4be6a00fcf3e75f0467ffa5d953d7c4599c45ce1d8aae4db	0000000000000000000000000000000000000000000000000000000000000000	5dcdef1aadba6e6f9fa7a194cf6a71df9168d97d2e9ca4dc296908565f00b4d9
33d0d844ad623a4e4be6a00fcf3e75f0467ffa5d953d7c4599c45ce1d8aae4db	0000000000000000000000000000000000000000000000000000000000000000	d534d578d3e1eb2b1690b9a2d4b2d2d84100437c040d8b79df6fffed9032d272
33d0d844ad623a4e4be6a00fcf3e75f0467ffa5d953d7c4599c45ce1d8aae4db	0000000000000000000000000000000000000000000000000000000000000000	f66fbe57319563b64a8f58cd428595b307c07a72b2164595c11d283eab60b45c
33d0d844ad623a4e4be6a00fcf3e75f0467ffa5d953d7c4599c45ce1d8aae4db	0000000000000000000000000000000000000000000000000000000000000000	400e17f31c864b185ee05029b4ca04a020c29967468e73e015981536dedd5700
33d0d844ad623a4e4be6a00fcf3e75f0467ffa5d953d7c4599c45ce1d8aae4db	0000000000000000000000000000000000000000000000000000000000000000	d435856f9ab6ccc30eb8a023031b74008865b8b6a0ce79565dfb4936b4b73fb5
33d0d844ad623a4e4be6a00fcf3e75f0467ffa5d953d7c4599c45ce1d8aae4db	0000000000000000000000000000000000000000000000000000000000000000	19347eb1e110c6697b2151d083099e040675b4cfa6923f26ad57d963c97e1512
33d0d844ad623a4e4be6a00fcf3e75f0467ffa5d953d7c4599c45ce1d8aae4db	0000000000000000000000000000000000000000000000000000000000000000	b4779d0db00a11f69106d731567d0ad360668f49b2481481d932e714a143e45f
33d0d844ad623a4e4be6a00fcf3e75f0467ffa5d953d7c4599c45ce1d8aae4db	0000000000000000000000000000000000000000000000000000000000000000	99d83593a28df721d8a102e8776220d5aec0976a7b2283f6065686dafe7e51fb
33d0d844ad623a4e4be6a00fcf3e75f0467ffa5d953d7c4599c45ce1d8aae4db	0000000000000000000000000000000000000000000000000000000000000000	ba4e25b946a879db07bca35656369b0b2979018a9ad29eea7a1777fd5fd39c85
33d0d844ad623a4e4be6a00fcf3e75f0467ffa5d953d7c4599c45ce1d8aae4db	0000000000000000000000000000000000000000000000000000000000000000	40b40b9c7f95437f05fab8bbb92a269c56994ea170dfacdd3b3952c1ec8bc580
33d0d844ad623a4e4be6a00fcf3e75f0467ffa5d953d7c4599c45ce1d8aae4db	0000000000000000000000000000000000000000000000000000000000000000	b63351de682f433979d63242bbfa3b025d702b2537cd6d9c9e957ca15d1deac8
33d0d844ad623a4e4be6a00fcf3e75f0467ffa5d953d7c4599c45ce1d8aae4db	0000000000000000000000000000000000000000000000000000000000000000	7558116f93c6298ec934167195825c927f3ce843e06d8dd8a7343861e7dce9d9
33d0d844ad623a4e4be6a00fcf3e75f0467ffa5d953d7c4599c45ce1d8aae4db	0000000000000000000000000000000000000000000000000000000000000000	dff894f905106cd06ad1dbe2c1c46aa79b53e9406b796e7c4016a7d6353db602
33d0d844ad623a4e4be6a00fcf3e75f0467ffa5d953d7c4599c45ce1d8aae4db	0000000000000000000000000000000000000000000000000000000000000000	994c52cd54933a2d4a1f216cc9332d2c3c642bcb967c6948aacdd903536b6325
33d0d844ad623a4e4be6a00fcf3e75f0467ffa5d953d7c4599c45ce1d8aae4db	0000000000000000000000000000000000000000000000000000000000000000	4b3198f4ba8705ac3c84d34411a488c5972a8e5a16d4726f0f077650d2871bdf
33d0d844ad623a4e4be6a00fcf3e75f0467ffa5d953d7c4599c45ce1d8aae4db	0000000000000000000000000000000000000000000000000000000000000000	174bae57a2d7a1629ba040e754ef59a8b0eda026eb917c3cc139a86c88646978
33d0d844ad623a4e4be6a00fcf3e75f0467ffa5d953d7c4599c45ce1d8aae4db	0000000000000000000000000000000000000000000000000000000000000000	0ea05b5d5f3613201470d6192914c594827bfe1afe65cb722b4a2393e4f8fbdd
33d0d844ad623a4e4be6a00fcf3e75f0467ffa5d953d7c4599c45ce1d8aae4db	0000000000000000000000000000000000000000000000000000000000000000	9351b1da87f6b5eb7537fafa579b08ff8779d847c3eb282cf6b608d3c44bef55
33d0d844ad623a4e4be6a00fcf3e75f0467ffa5d953d7c4599c45ce1d8aae4db	0000000000000000000000000000000000000000000000000000000000000000	ee3056755f73938fe24874c6e48e7179fc7c9cf584e86c49da8cdb2436d3caf8
33d0d844ad623a4e4be6a00fcf3e75f0467ffa5d953d7c4599c45ce1d8aae4db	0000000000000000000000000000000000000000000000000000000000000000	483f81fc39a2d891702b937b846a53cd1c958dc6bd180c02059bdecd2cb3c5b9
33d0d844ad623a4e4be6a00fcf3e75f0467ffa5d953d7c4599c45ce1d8aae4db	0000000000000000000000000000000000000000000000000000000000000000	9bdb8c2fb94e8eb23b0b82372348b7f665c83cc61618aef659c20cafc3756577
33d0d844ad623a4e4be6a00fcf3e75f0467ffa5d953d7c4599c45ce1d8aae4db	0000000000000000000000000000000000000000000000000000000000000000	14866b25bfec8d9088ea50e559c7cca8ad737550b972896b141596c723d09595
33d0d844ad623a4e4be6a00fcf3e75f0467ffa5d953d7c4599c45ce1d8aae4db	0000000000000000000000000000000000000000000000000000000000000001	0000000000000000000000000000000000000000000000000000000000000001
33d0d844ad623a4e4be6a00fcf3e75f0467ffa5d953d7c4599c45ce1d8aae4db	0000000000000000000000000000000000000000000000000000000000000001	fffffffffffffffffffffffffffffffffffffffffffffffffffffffefffffc2e
33d0d844ad623a4e4be6a00fcf3e75f0467ffa5d953d7c4599c45ce1d8aae4db	fffffffffffffffffffffffffffffffffffffffffffffffffffffffefffffc2e	0000000000000000000000000000000000000000000000000000000000000001
33d0d844ad623a4e4be6a00fcf3e75f0467ffa5d953d7c4599c45ce1d8aae4db	fffffffffffffffffffffffffffffffffffffffffffffffffffffffefffffc2e	fffffffffffffffffffffffffffffffffffffffffffffffffffffffefffffc2e
33d0d844ad623a4e4be6a00fcf3e75f0467ffa5d953d7c4599c45ce1d8aae4db	00000000000000000000000000000000000000000000000000000001000003d1	00000000000000000000000000000000000000000000000000000001000003d2
33d0d844ad623a4e4be6a00fcf3e75f0467ffa5d953d7c4599c45ce1d8aae4db	00000000000000000000000000000000ffffffffffffffffffffffffffffffff	0000000000000000000000000000000100000000000000000000000000000001
33d0d844ad623a4e4be6a00fcf3e75f0467ffa5d953d7c4599c45ce1d8aae4db	7fffffffffffffffffffffffffffffffffffffffffffffffffffffffffffffed	00000000000000000000000000000000000000000000000000000001000003d1
33d0d844ad623a4e4be6a00fcf3e75f0467ffa5d953d7c4599c45ce1d8aae4db	00000000000000000000000000000000000000000000000000000001000003d2	8000000000000000000000000000000000000000000000000000000000000013
33d0d844ad623a4e4be6a00fcf3e75f0467ffa5d953d7c4599c45ce1d8aae4db	96de292ad08c05f33374ff077e037057cb1976be5fd11814eb427a298826a7de	f5a02b551d42e1af8af605ff1660926f160366df7b9584c2f4e83c5251d4ac4a
33d0d844ad623a4e4be6a00fcf3e75f0467ffa5d953d7c4599c45ce1d8aae4db	4d6ec7bab20514a58c089d6067f55985b8392d48b5531403790e390b58cb6397	a3b527dc3ded3db1ebb2d76d1e0f1d3ba27e4a809a3654648bbde08dbf1f454c
33d0d844ad623a4e4be6a00fcf3e75f0467ffa5d953d7c4599c45ce1d8aae4db	e45d6b3a7bab850fd4636fc1bec55df32d3abc216d2837543c5ba15d153069f1	ddbec74a741dcc3fccbef14fb226877249dae56655d5d9a1b1a073c6e04abe33
33d0d844ad623a4e4be6a00fcf3e75f0467ffa5d953d7c4599c45ce1d8aae4db	bd9c04cdfd5b0caa1588bd3d277d72ace38f467b02aba014e5a8e90eeb3fbe1a	1bb54365673065de32ecf60d870ba0653ed1c3e18b6bedc01dd5d4dd04bbe4ca
33d0d844ad623a4e4be6a00fcf3e75f0467ffa5d953d7c4599c45ce1d8aae4db	2beaf41bc983d4f633f48d269bfa408bfc599b1e1b73e28d09e3ee7ea71ac7a6	357cec24e0b81663bc645f7cf6352799e9e2022fd4915646b6785bedbcbe7334
33d0d844ad623a4e4be6a00fcf3e75f0467ffa5d953d7c4599c45ce1d8aae4db	b5c07245c079654f786d357f629f0790f7723aad5562066fe2e4f01b9e1cddc8	a6584ec2aadddec9d4bd5db607d1f8bf5222837160d787d1353fcbbeaf9136fa
33d0d844ad623a4e4be6a00fcf3e75f0467ffa5d953d7c4599c45ce1d8aae4db	5f7336cee5cf61f96cd20b5175605b709909aa714d33cc087d3466f57f617fff	bb61dcac06769ca45dd1f5557c5e315a0a5ef6c91f8f8fd8f6dec8c4855d4312
33d0d844ad623a4e4be6a00fcf3e75f0467ffa5d953d7c4599c45ce1d8aae4db	2acc6dfff840182c12a710e41723c9d58be39cd1c35ca4bc90b833ab186ab981	1163f31315c921af267f5c165fa15639ff6a27f22da4f0d54a22c5756f4f01bb
33d0d844ad623a4e4be6a00fcf3e75f0467ffa5d953d7c4599c45ce1d8aae4db	d4748cd56a1ba4db81904bd851953aa1e6ad2f30f789700f6a026e53fce2523e	03ad3d62b8d59506de2bbb6a0fb9b9e9c3e3840ceff473be4e7bae93d10a7aa7
33d0d844ad623a4e4be6a00fcf3e75f0467ffa5d953d7c4599c45ce1d8aae4db	512ff00c68eaac642ac7ac7d377bf11621b1b12948db0eb2afed1bbb9abeb1c5	f2c52d8a84bfdbfdf0253c59082bf79ddf5cdadd40f16c27b3ec33a6545b905e
33d0d844ad623a4e4be6a00fcf3e75f0467ffa5d953d7c4599c45ce1d8aae4db	02af8362bd0440652f8b0774287cb3d0d4d1d9f9cd0b4a348a63b5beae8d0bb4	c1b0638d4b66c508d947c069e7ca0d241c5ee6d149a290b3b1dab1f62f842b37
33d0d844ad623a4e4be6a00fcf3e75f0467ffa5d953d7c4599c45ce1d8aae4db	d25b514f3ecd73eb99a9fb4df1427c72d13744c2c280a35a7e0de96e4ba264e6	e85a4bb427c8f87dd7840a7994234b7a8b3c783b7ac9584436fcbe4ff485a11c
33d0d844ad623a4e4be6a00fcf3e75f0467ffa5d953d7c4599c45ce1d8aae4db	a914abac0c875449aa59bd68cc1f68bf74661024895373a19b8e770c89e48bf4	8ce849c8db38c84b2a44d6572a0772cf460a4c0c9b9edd81ed74b160f3498f67
33d0d844ad623a4e4be6a00fcf3e75f0467ffa5d953d7c4599c45ce1d8aae4db	b42468bb21919254b35ba9b2d6196dacb763658d59b32092c19011fa56e5bab7	dca2587b05442efd5f959abd92d8ebcc00123da5227abd899d23727047ec47e1
33d0d844ad623a4e4be6a00fcf3e75f0467ffa5d953d7c4599c45ce1d8aae4db	cdf9fb6f3e724045d145b38f4ba6029866d6eecb293b7446f663bd21619289d1	ef5d51b43d937b85b459606fdf44b9172e45f1855afde8da489c0878c98b6637
33d0d844ad623a4e4be6a00fcf3e75f0467ffa5d953d7c4599c45ce1d8aae4db	fd574845f718a4699ab18dd690c0cb7d5a70e1d9e7cc79899d77dc2f820b0887	ef3df975bf32e79693f84a45aab6ce9a4ce8f6f255b2bc855334b23bd02f69c3
33d0d844ad623a4e4be6a00fcf3e75f0467ffa5d953d7c4599c45ce1d8aae4db	3d01065fa8d2f127ec215cb633b545cc2e4ac01ef8e534f433e264d8466cec92	5900b78154d61769c01f152b1d733b6c6d342e64b9f80882cad772c19dced026
33d0d844ad623a4e4be6a00fcf3e75f0467ffa5d953d7c4599c45ce1d8aae4db	921c715d3cff5e9294c47bb3701a2b5298ce18ac820b35f9041f0ef64a515b5c	52f4f74a17a5423f6b79fe78aa1f75a581a552605bc4e1c8d715fa578181c210
33d0d844ad623a4e4be6a00fcf3e75f0467ffa5d953d7c4599c45ce1d8aae4db	0683e5161c3e6b59b9e88f8164b15ede68d7fb5f73224130d408e6b944bb1c54	471e1faf3b5fb3cb68d996af8dd80565751b48ca94da9cf079b6d83e5bdb6c97
33d0d844ad623a4e4be6a00fcf3e75f0467ffa5d953d7c4599c45ce1d8aae4db	713ecac72d72778c195d5d9c494545f5310f11cc91d2682f32637262247f7d22	21efca2d51daf34d53309b5169d1da162e64194961ac01924604d8ab6c946ffb
33d0d844ad623a4e4be6a00fcf3e75f0467ffa5d953d7c4599c45ce1d8aae4db	9b97ed60917ef827867593286ae20f87081430029c151e22f91f48dd824942af	4d8cacbf43ee8a53bc0fa467890739c1768af3cfe20fe49355cf238fc7472113
33d0d844ad623a4e4be6a00fcf3e75f0467ffa5d953d7c4599c45ce1d8aae4db	18e2c312b8a96ec1562fa25d3622bbb6722736e47326da420bd49b5b74db66c4	f3c1683b267f956469878122341d36c533f5c407b0583165d6c049cc4af22519
33d0d844ad623a4e4be6a00fcf3e75f0467ffa5d953d7c4599c45ce1d8aae4db	98d143525569f7bdaa02c909b6c26e24aaf33ab175e1b0e95ee0219e105c65c2	609315be080284ee9e9d6cc6b37e0b2fd157775c2ef7fc241e687fbdb359d21f
33d0d844ad623a4e4be6a00fcf3e75f0467ffa5d953d7c4599c45ce1d8aae4db	defb17327fcc7a1eb8639e91a8c20792ef1e516ceabc01a0e650593dc60d80fd	39fab05c3e9287d0cf82d07c743e3ada7f5173e2675a574a546e590a07477a29
c0ed5250a26a639d4455c774ad22ea4bb31dc7e76742218fbfd9497f559d8e7b	0000000000000000000000000000000000000000000000000000000000000000	0000000000000000000000000000000000000000000000000000000000000001
c0ed5250a26a639d4455c774ad22ea4bb31dc7e76742218fbfd9497f559d8e7b	0000000000000000000000000000000000000000000000000000000000000000	0000000000000000000000000000000000000000000000000000000000000002
c0ed5250a26a639d4455c774ad22ea4bb31dc7e76742218fbfd9497f559d8e7b	0000000000000000000000000000000000000000000000000000000000000000	0000000000000000000000000000000000000000000000000000000000000003
c0ed5250a26a639d4455c774ad22ea4bb31dc7e76742218fbfd9497f559d8e7b	0000000000000000000000000000000000000000000000000000000000000000	00000000000000000000000000000000000000000000000000000001000003d0
c0ed5250a26a639d4455c774ad22ea4bb31dc7e76742218fbfd9497f559d8e7b	0000000000000000000000000000000000000000000000000000000000000000	00000000000000000000000000000000000000000000000000000001000003d1
c0ed5250a26a639d4455c774ad22ea4bb31dc7e76742218fbfd9497f559d8e7b	0000000000000000000000000000000000000000000000000000000000000000	00000000000000000000000000000000000000000000000000000001000003d2
c0ed5250a26a639d4455c774ad22ea4bb31dc7e76742218fbfd9497f559d8e7b	0000000000000000000000000000000000000000000000000000000000000000	0000000000000000000000000000000100000000000000000000000000000001
c0ed5250a26a639d4455c774ad22ea4bb31dc7e76742218fbfd9497f559d8e7b	0000000000000000000000000000000000000000000000000000000000000000	fffffffffffffffffffffffffffffffffffffffffffffffffffffffefffffc2e
c0ed5250a26a639d4455c774ad22ea4bb31dc7e76742218fbfd9497f559d8e7b	0000000000000000000000000000000000000000000000000000000000000000	9f69ee183927f2de409371d48b0733735c9568941bfe791cb02499365401facb
c0ed5250a26a639d4455c774ad22ea4bb31dc7e76742218fbfd9497f559d8e7b	0000000000000000000000000000000000000000000000000000000000000000	d3c5244fc0c8c00553ff409212b6a57b0a3b623ee0bc7b23d9147250759aa415
c0ed5250a26a639d4455c774ad22ea4bb31dc7e76742218fbfd9497f559d8e7b	0000000000000000000000000000000000000000000000000000000000000000	5dcdef1aadba6e6f9fa7a194cf6a71df9168d97d2e9ca4dc296908565f00b4d9
c0ed5250a26a639d4455c774ad22ea4bb31dc7e76742218fbfd9497f559d8e7b	0000000000000000000000000000000000000000000000000000000000000000	d534d578d3e1eb2b1690b9a2d4b2d2d84100437c040d8b79df6fffed9032d272
c0ed5250a26a639d4455c774ad22ea4bb31dc7e76742218fbfd9497f559d8e7b	0000000000000000000000000000000000000000000000000000000000000000	f66fbe57319563b64a8f58cd428595b307c07a72b2164595c11d283eab60b45c
c0ed5250a26a639d4455c774ad22ea4bb31dc7e76742218fbfd9497f559d8e7b	0000000000000000000000000000000000000000000000000000000000000000	400e17f31c864b185ee05029b4ca04a020c29967468e73e015981536dedd5700
c0ed5250a26a639d4455c774ad22ea4bb31dc7e76742218fbfd9497f559d8e7b	0000000000000000000000000000000000000000000000000000000000000000	d435856f9ab6ccc30eb8a023031b74008865b8b6a0ce79565dfb4936b4b73fb5
c0ed5250a26a639d4455c774ad22ea4bb31dc7e76742218fbfd9497f559d8e7b	0000000000000000000000000000000000000000000000000000000000000000	19347eb1e110c6697b2151d083099e040675b4cfa6923f26ad57d963c97e1512
c0ed5250a26a639d4455c774ad22ea4bb31dc7e76742218fbfd9497f559d8e7b	0000000000000000000000000000000000000000000000000000000000000000	b4779d0db00a11f69106d731567d0ad360668f49b2481481d932e714a143e45f
c0ed5250a26a639d4455c774ad22ea4bb31dc7e76742218fbfd9497f559d8e7b	0000000000000000000000000000000000000000000000000000000000000000	99d83593a28df721d8a102e8776220d5aec0976a7b2283f6065686dafe7e51fb
c0ed5250a26a639d4455c774ad22ea4bb31dc7e76742218fbfd9497f559d8e7b	0000000000000000000000000000000000000000000000000000000000000000	ba4e25b946a879db07bca35656369b0b2979018a9ad29eea7a1777fd5fd39c85
c0ed5250a26a639d4455c774ad22ea4bb31dc7e76742218fbfd9497f559d8e7b	0000000000000000000000000000000000000000000000000000000000000000	40b40b9c7f95437f05fab8bbb92a269c56994ea170dfacdd3b3952c1ec8bc580
c0ed5250a26a639d4455c774ad22ea4bb31dc7e76742218fbfd9497f559d8e7b	0000000000000000000000000000000000000000000000000000000000000000	b63351de682f433979d63242bbfa3b025d702b2537cd6d9c9e957ca15d1deac8
c0ed5250a26a639d4455c774ad22ea4bb31dc7e76742218fbfd9497f559d8e7b	0000000000000000000000000000000000000000000000000000000000000000	7558116f93c6298ec934167195825c927f3ce843e06d8dd8a7343861e7dce9d9
c0ed5250a26a639d4455c774ad22ea4bb31dc7e76742218fbfd9497f559d8e7b	0000000000000000000000000000000000000000000000000000000000000000	dff894f905106cd06ad1dbe2c1c46aa79b53e9406b796e7c4016a7d6353db602
c0ed5250a26a639d4455c774ad22ea4bb31dc7e76742218fbfd9497f559d8e7b	0000000000000000000000000000000000000000000000000000000000000000	994c52cd54933a2d4a1f216cc9332d2c3c642bcb967c6948aacdd903536b6325
c0ed5250a26a639d4455c774ad22ea4bb31dc7e76742218fbfd9497f559d8e7b	0000000000000000000000000000000000000000000000000000000000000000	4b3198f4ba8705ac3c84d34411a488c5972a8e5a16d4726f0f077650d2871bdf
c0ed5250a26a639d4455c774ad22ea4bb31dc7e76742218fbfd9497f559d8e7b	0000000000000000000000000000000000000000000000000000000000000000	174bae57a2d7a1629ba040e754ef59a8b0eda026eb917c3cc139a86c88646978
c0ed5250a26a639d4455c774ad22ea4bb31dc7e76742218fbfd9497f559d8e7b	0000000000000000000000000000000000000000000000000000000000000000	0ea05b5d5f3613201470d6192914c594827bfe1afe65cb722b4a2393e4f8fbdd
c0ed5250a26a639d4455c774ad22ea4bb31dc7e76742218fbfd9497f559d8e7b	0000000000000000000000000000000000000000000000000000000000000000	9351b1da87f6b5eb7537fafa579b08ff8779d847c3eb282cf6b608d3c44bef55
c0ed5250a26a639d4455c774ad22ea4bb31dc7e76742218fbfd9497f559d8e7b	0000000000000000000000000000000000000000000000000000000000000000	ee3056755f73938fe24874c6e48e7179fc7c9cf584e86c49da8cdb2436d3caf8
c0ed5250a26a639d4455c774ad22ea4bb31dc7e76742218fbfd9497f559d8e7b	0000000000000000000000000000000000000000000000000000000000000000	483f81fc39a2d891702b937b846a53cd1c958dc6bd180c02059bdecd2cb3c5b9
c0ed5250a26a639d4455c774ad22ea4bb31dc7e76742218fbfd9497f559d8e7b	0000000000000000000000000000000000000000000000000000000000000000	9bdb8c2fb94e8eb23b0b82372348b7f665c83cc61618aef659c20cafc3756577
c0ed5250a26a639d4455c774ad22ea4bb31dc7e76742218fbfd9497f559d8e7b	0000000000000000000000000000000000000000000000000000000000000000	14866b25bfec8d9088ea50e559c7cca8ad737550b972896b141596c723d09595
c0ed5250a26a639d4455c774ad22ea4bb31dc7e76742218fbfd9497f559d8e7b	0000000000000000000000000000000000000000000000000000000000000001	0000000000000000000000000000000000000000000000000000000000000001
c0ed5250a26a639d4455c774ad22ea4bb31dc7e76742218fbfd9497f559d8e7b	0000000000000000000000000000000000000000000000000000000000000001	fffffffffffffffffffffffffffffffffffffffffffffffffffffffefffffc2e
c0ed5250a26a639d4455c774ad22ea4bb31dc7e76742218fbfd9497f559d8e7b	fffffffffffffffffffffffffffffffffffffffffffffffffffffffefffffc2e	0000000000000000000000000000000000000000000000000000000000000001
c0ed5250a26a639d4455c774ad22ea4bb31dc7e76742218fbfd9497f559d8e7b	fffffffffffffffffffffffffffffffffffffffffffffffffffffffefffffc2e	fffffffffffffffffffffffffffffffffffffffffffffffffffffffefffffc2e
c0ed5250a26a639d4455c774ad22ea4bb31dc7e76742218fbfd9497f559d8e7b	00000000000000000000000000000000000000000000000000000001000003d1	00000000000000000000000000000000000000000000000000000001000003d2
c0ed5250a26a639d4455c774ad22ea4bb31dc7e76742218fbfd9497f559d8e7b	00000000000000000000000000000000ffffffffffffffffffffffffffffffff	0000000000000000000000000000000100000000000000000000000000000001
c0ed5250a26a639d4455c774ad22ea4bb31dc7e76742218fbfd9497f559d8e7b	7fffffffffffffffffffffffffffffffffffffffffffffffffffffffffffffed	00000000000000000000000000000000000000000000000000000001000003d1
c0ed5250a26a639d4455c774ad22ea4bb31dc7e76742218fbfd9497f559d8e7b	00000000000000000000000000000000000000000000000000000001000003d2	8000000000000000000000000000000000000000000000000000000000000013
c0ed5250a26a639d4455c774ad22ea4bb31dc7e76742218fbfd9497f559d8e7b	96de292ad08c05f33374ff077e037057cb1976be5fd11814eb427a298826a7de	f5a02b551d42e1af8af605ff1660926f160366df7b9584c2f4e83c5251d4ac4a
c0ed5250a26a639d4455c774ad22ea4bb31dc7e76742218fbfd9497f559d8e7b	4d6ec7bab20514a58c089d6067f55985b8392d48b5531403790e390b58cb6397	a3b527dc3ded3db1ebb2d76d1e0f1d3ba27e4a809a3654648bbde08dbf1f454c
c0ed5250a26a639d4455c774ad22ea4bb31dc7e76742218fbfd9497f559d8e7b	e45d6b3a7bab850fd4636fc1bec55df32d3abc216d2837543c5ba15d153069f1	ddbec74a741dcc3fccbef14fb226877249dae56655d5d9a1b1a073c6e04abe33
c0ed5250a26a639d4455c774ad22ea4bb31dc7e76742218fbfd9497f559d8e7b	bd9c04cdfd5b0caa1588bd3d277d72ace38f467b02aba014e5a8e90eeb3fbe1a	1bb54365673065de32ecf60d870ba0653ed1c3e18b6bedc01dd5d4dd04bbe4ca
c0ed5250a26a639d4455c774ad22ea4bb31dc7e76742218fbfd9497f559d8e7b	2beaf41bc983d4f633f48d269bfa408bfc599b1e1b73e28d09e3ee7ea71ac7a6	357cec24e0b81663bc645f7cf6352799e9e2022fd4915646b6785bedbcbe7334
c0ed5250a26a639d4455c774ad22ea4bb31dc7e76742218fbfd9497f559d8e7b	b5c07245c079654f786d357f629f0790f7723aad5562066fe2e4f01b9e1cddc8	a6584ec2aadddec9d4bd5db607d1f8bf5222837160d787d1353fcbbeaf9136fa
c0ed5250a26a639d4455c774ad22ea4bb31dc7e76742218fbfd9497f559d8e7b	5f7336cee5cf61f96cd20b5175605b709909aa714d33cc087d3466f57f617fff	bb61dcac06769ca45dd1f5557c5e315a0a5ef6c91f8f8fd8f6dec8c4855d4312
c0ed5250a26a639d4455c774ad22ea4bb31dc7e76742218fbfd9497f559d8e7b	2acc6dfff840182c12a710e41723c9d58be39cd1c35ca4bc90b833ab186ab981	1163f31315c921af267f5c165fa15639ff6a27f22da4f0d54a22c5756f4f01bb
c0ed5250a26a639d4455c774ad22ea4bb31dc7e76742218fbfd9497f559d8e7b	d4748cd56a1ba4db81904bd851953aa1e6ad2f30f789700f6a026e53fce2523e	03ad3d62b8d59506de2bbb6a0fb9b9e9c3e3840ceff473be4e7bae93d10a7aa7
c0ed5250a26a639d4455c774ad22ea4bb31dc7e76742218fbfd9497f559d8e7b	512ff00c68eaac642ac7ac7d377bf11621b1b12948db0eb2afed1bbb9abeb1c5	f2c52d8a84bfdbfdf0253c59082bf79ddf5cdadd40f16c27b3ec33a6545b905e
c0ed5250a26a639d4455c774ad22ea4bb31dc7e76742218fbfd9497f559d8e7b	02af8362bd0440652f8b0774287cb3d0d4d1d9f9cd0b4a348a63b5beae8d0bb4	c1b0638d4b66c508d947c069e7ca0d241c5ee6d149a290b3b1dab1f62f842b37
c0ed5250a26a639d4455c774ad22ea4bb31dc7e76742218fbfd9497f559d8e7b	d25b514f3ecd73eb99a9fb4df1427c72d13744c2c280a35a7e0de96e4ba264e6	e85a4bb427c8f87dd7840a7994234b7a8b3c783b7ac9584436fcbe4ff485a11c
c0ed5250a26a639d4455c774ad22ea4bb31dc7e76742218fbfd9497f559d8e7b	a914abac0c875449aa59bd68cc1f68bf74661024895373a19b8e770c89e48bf4	8ce849c8db38c84b2a44d6572a0772cf460a4c0c9b9edd81ed74b160f3498f67
c0ed5250a26a639d4455c774ad22ea4bb31dc7e76742218fbfd9497f559d8e7b	b42468bb21919254b35ba9b2d6196dacb763658d59b32092c19011fa56e5bab7	dca2587b05442efd5f959abd92d8ebcc00123da5227abd899d23727047ec47e1
c0ed5250a26a639d4455c774ad22ea4bb31dc7e76742218fbfd9497f559d8e7b	cdf9fb6f3e724045d145b38f4ba6029866d6eecb293b7446f663bd21619289d1	ef5d51b43d937b85b459606fdf44b9172e45f1855afde8da489c0878c98b6637
c0ed5250a26a639d4455c774ad22ea4bb31dc7e76742218fbfd9497f559d8e7b	fd574845f718a4699ab18dd690c0cb7d5a70e1d9e7cc79899d77dc2f820b0887	ef3df975bf32e79693f84a45aab6ce9a4ce8f6f255b2bc855334b23bd02f69c3
c0ed5250a26a639d4455c774ad22ea4bb31dc7e76742218fbfd9497f559d8e7b	3d01065fa8d2f127ec215cb633b545cc2e4ac01ef8e534f433e264d8466cec92	5900b78154d61769c01f152b1d733b6c6d342e64b9f80882cad772c19dced026
c0ed5250a26a639d4455c774ad22ea4bb31dc7e76742218fbfd9497f559d8e7b	921c715d3cff5e9294c47bb3701a2b5298ce18ac820b35f9041f0ef64a515b5c	52f4f74a17a5423f6b79fe78aa1f75a581a552605bc4e1c8d715fa578181c210
c0ed5250a26a639d4455c774ad22ea4bb31dc7e76742218fbfd9497f559d8e7b	0683e5161c3e6b59b9e88f8164b15ede68d7fb5f73224130d408e6b944bb1c54	471e1faf3b5fb3cb68d996af8dd80565751b48ca94da9cf079b6d83e5bdb6c97
c0ed5250a26a639d4455c774ad22ea4bb31dc7e76742218fbfd9497f559d8e7b	713ecac72d72778c195d5d9c494545f5310f11cc91d2682f32637262247f7d22	21efca2d51daf34d53309b5169d1da162e64194961ac01924604d8ab6c946ffb
c0ed5250a26a639d4455c774ad22ea4bb31dc7e76742218fbfd9497f559d8e7b	9b97ed60917ef827867593286ae20f87081430029c151e22f91f48dd824942af	4d8cacbf43ee8a53bc0fa467890739c1768af3cfe20fe49355cf238fc7472113
c0ed5250a26a639d4455c774ad22ea4bb31dc7e76742218fbfd9497f559d8e7b	18e2c312b8a96ec1562fa25d3622bbb6722736e47326da420bd49b5b74db66c4	f3c1683b267f956469878122341d36c533f5c407b0583165d6c049cc4af22519
c0ed5250a26a639d4455c774ad22ea4bb31dc7e76742218fbfd9497f559d8e7b	98d143525569f7bdaa02c909b6c26e24aaf33ab175e1b0e95ee0219e105c65c2	609315be080284ee9e9d6cc6b37e0b2fd157775c2ef7fc241e687fbdb359d21f
c0ed5250a26a639d4455c774ad22ea4bb31dc7e76742218fbfd9497f559d8e7b	defb17327fcc7a1eb8639e91a8c20792ef1e516ceabc01a0e650593dc60d80fd	39fab05c3e9287d0cf82d07c743e3ada7f5173e2675a574a546e590a07477a29
9845655953a4f1be32026bb79d40ac48b9eb1507e325c84f3b1489717152fcf1	0000000000000000000000000000000000000000000000000000000000000000	0000000000000000000000000000000000000000000000000000000000000001
9845655953a4f1be32026bb79d40ac48b9eb1507e325c84f3b1489717152fcf1	0000000000000000000000000000000000000000000000000000000000000000	0000000000000000000000000000000000000000000000000000000000000002
9845655953a4f1be32026bb79d40ac48b9eb1507e325c84f3b1489717152fcf1	0000000000000000000000000000000000000000000000000000000000000000	0000000000000000000000000000000000000000000000000000000000000003
9845655953a4f1be32026bb79d40ac48b9eb1507e325c84f3b1489717152fcf1	0000000000000000000000000000000000000000000000000000000000000000	00000000000000000000000000000000000000000000000000000001000003d0
9845655953a4f1be32026bb79d40ac48b9eb1507e325c84f3b1489717152fcf1	0000000000000000000000000000000000000000000000000000000000000000	00000000000000000000000000000000000000000000000000000001000003d1
9845655953a4f1be32026bb79d40ac48b9eb1507e325c84f3b1489717152fcf1	0000000000000000000000000000000000000000000000000000000000000000	00000000000000000000000000000000000000000000000000000001000003d2
9845655953a4f1be32026bb79d40ac48b9eb1507e325c84f3b1489717152fcf1	0000000000000000000000000000000000000000000000000000000000000000	0000000000000000000000000000000100000000000000000000000000000001
9845655953a4f1be32026bb79d40ac48b9eb1507e325c84f3b1489717152fcf1	0000000000000000000000000000000000000000000000000000000000000000	fffffffffffffffffffffffffffffffffffffffffffffffffffffffefffffc2e
9845655953a4f1be32026bb79d40ac48b9eb1507e325c84f3b1489717152fcf1	0000000000000000000000000000000000000000000000000000000000000000	9f69ee183927f2de409371d48b0733735c9568941bfe791cb02499365401facb
9845655953a4f1be32026bb79d40ac48b9eb1507e325c84f3b1489717152fcf1	0000000000000000000000000000000000000000000000000000000000000000	d3c5244fc0c8c00553ff409212b6a57b0a3b623ee0bc7b23d9147250759aa415
9845655953a4f1be32026bb79d40ac48b9eb1507e325c84f3b1489717152fcf1	0000000000000000000000000000000000000000000000000000000000000000	5dcdef1aadba6e6f9fa7a194cf6a71df9168d97d2e9ca4dc296908565f00b4d9
9845655953a4f1be32026bb79d40ac48b9eb1507e325c84f3b1489717152fcf1	0000000000000000000000000000000000000000000000000000000000000000	d534d578d3e1eb2b1690b9a2d4b2d2d84100437c040d8b79df6fffed9032d272
9845655953a4f1be32026bb79d40ac48b9eb1507e325c84f3b1489717152fcf1	0000000000000000000000000000000000000000000000000000000000000000	f66fbe57319563b64a8f58cd428595b307c07a72b2164595c11d283eab60b45c
9845655953a4f1be32026bb79d40ac48b9eb1507e325c84f3b1489717152fcf1	0000000000000000000000000000000000000000000000000000000000000000	400e17f31c864b185ee05029b4ca04a020c29967468e73e015981536dedd5700
9845655953a4f1be32026bb79d40ac48b9eb1507e325c84f3b1489717152fcf1	0000000000000000000000000000000000000000000000000000000000000000	d435856f9ab6ccc30eb8a023031b74008865b8b6a0ce79565dfb4936b4b73fb5
9845655953a4f1be32026bb79d40ac48b9eb1507e325c84f3b1489717152fcf1	0000000000000000000000000000000000000000000000000000000000000000	19347eb1e110c6697b2151d083099e040675b4cfa6923f26ad57d963c97e1512
9845655953a4f1be32026bb79d40ac48b9eb1507e325c84f3b1489717152fcf1	0000000000000000000000000000000000000000000000000000000000000000	b4779d0db00a11f69106d731567d0ad360668f49b2481481d932e714a143e45f
9845655953a4f1be32026bb79d40ac48b9eb1507e325c84f3b1489717152fcf1	0000000000000000000000000000000000000000000000000000000000000000	99d83593a28df721d8a102e8776220d5aec0976a7b2283f6065686dafe7e51fb
9845655953a4f1be32026bb79d40ac48b9eb1507e325c84f3b1489717152fcf1	0000000000000000000000000000000000000000000000000000000000000000	ba4e25b946a879db07bca35656369b0b2979018a9ad29eea7a1777fd5fd39c85
9845655953a4f1be32026bb79d40ac48b9eb1507e325c84f3b1489717152fcf1	0000000000000000000000000000000000000000000000000000000000000000	40b40b9c7f95437f05fab8bbb92a269c56994ea170dfacdd3b3952c1ec8bc580
9845655953a4f1be32026bb79d40ac48b9eb1507e325c84f3b1489717152fcf1	0000000000000000000000000000000000000000000000000000000000000000	b63351de682f433979d63242bbfa3b025d702b2537cd6d9c9e957ca15d1deac8
9845655953a4f1be32026bb79d40ac48b9eb1507e325c84f3b1489717152fcf1	0000000000000000000000000000000000000000000000000000000000000000	7558116f93c6298ec934167195825c927f3ce843e06d8dd8a7343861e7dce9d9
9845655953a4f1be32026bb79d40ac48b9eb1507e325c84f3b1489717152fcf1	0000000000000000000000000000000000000000000000000000000000000000	dff894f905106cd06ad1dbe2c1c46aa79b53e9406b796e7c4016a7d6353db602
9845655953a4f1be32026bb79d40ac48b9eb1507e325c84f3b1489717152fcf1	0000000000000000000000000000000000000000000000000000000000000000	994c52cd54933a2d4a1f216cc9332d2c3c642bcb967c6948aacdd903536b6325
9845655953a4f1be32026bb79d40ac48b9eb1507e325c84f3b1489717152fcf1	0000000000000000000000000000000000000000000000000000000000000000	4b3198f4ba8705ac3c84d34411a488c5972a8e5a16d4726f0f077650d2871bdf
9845655953a4f1be32026bb79d40ac48b9eb1507e325c84f3b1489717152fcf1	0000000000000000000000000000000000000000000000000000000000000000	174bae57a2d7a1629ba040e754ef59a8b0eda026eb917c3cc139a86c88646978
9845655953a4f1be32026bb79d40ac48b9eb1507e325c84f3b1489717152fcf1	0000000000000000000000000000000000000000000000000000000000000000	0ea05b5d5f3613201470d6192914c594827bfe1afe65cb722b4a2393e4f8fbdd
9845655953a4f1be32026bb79d40ac48b9eb1507e325c84f3b1489717152fcf1	0000000000000000000000000000000000000000000000000000000000000000	9351b1da87f6b5eb7537fafa579b08ff8779d847c3eb282cf6b608d3c44bef55
9845655953a4f1be32026bb79d40ac48b9eb1507e325c84f3b1489717152fcf1	0000000000000000000000000000000000000000000000000000000000000000	ee3056755f73938fe24874c6e48e7179fc7c9cf584e86c49da8cdb2436d3caf8
9845655953a4f1be32026bb79d40ac48b9eb1507e325c84f3b1489717152fcf1	0000000000000000000000000000000000000000000000000000000000000000	483f81fc39a2d891702b937b846a53cd1c958dc6bd180c02059bdecd2cb3c5b9
9845655953a4f1be32026bb79d40ac48b9eb1507e325c84f3b1489717152fcf1	0000000000000000000000000000000000000000000000000000000000000000	9bdb8c2fb94e8eb23b0b82372348b7f665c83cc61618aef659c20cafc3756577
9845655953a4f1be32026bb79d40ac48b9eb1507e325c84f3b1489717152fcf1	0000000000000000000000000000000000000000000000000000000000000000	14866b25bfec8d9088ea50e559c7cca8ad737550b972896b141596c723d09595
9845655953a4f1be32026bb79d40ac48b9eb1507e325c84f3b1489717152fcf1	0000000000000000000000000000000000000000000000000000000000000001	0000000000000000000000000000000000000000000000000000000000000001
9845655953a4f1be32026bb79d40ac48b9eb1507e325c84f3b1489717152fcf1	0000000000000000000000000000000000000000000000000000000000000001	fffffffffffffffffffffffffffffffffffffffffffffffffffffffefffffc2e
9845655953a4f1be32026bb79d40ac48b9eb1507e325c84f3b1489717152fcf1	fffffffffffffffffffffffffffffffffffffffffffffffffffffffefffffc2e	0000000000000000000000000000000000000000000000000000000000000001
9845655953a4f1be32026bb79d40ac48b9eb1507e325c84f3b1489717152fcf1	fffffffffffffffffffffffffffffffffffffffffffffffffffffffefffffc2e	fffffffffffffffffffffffffffffffffffffffffffffffffffffffefffffc2e
9845655953a4f1be32026bb79d40ac48b9eb1507e325c84f3b1489717152fcf1	00000000000000000000000000000000000000000000000000000001000003d1	00000000000000000000000000000000000000000000000000000001000003d2
9845655953a4f1be32026bb79d40ac48b9eb1507e325c84f3b1489717152fcf1	00000000000000000000000000000000ffffffffffffffffffffffffffffffff	0000000000000000000000000000000100000000000000000000000000000001
9845655953a4f1be32026bb79d40ac48b9eb1507e325c84f3b1489717152fcf1	7fffffffffffffffffffffffffffffffffffffffffffffffffffffffffffffed	00000000000000000000000000000000000000000000000000000001000003d1
9845655953a4f1be32026bb79d40ac48b9eb1507e325c84f3b1489717152fcf1	00000000000000000000000000000000000000000000000000000001000003d2	8000000000000000000000000000000000000000000000000000000000000013
9845655953a4f1be32026bb79d40ac48b9eb1507e325c84f3b1489717152fcf1	96de292ad08c05f33374ff077e037057cb1976be5fd11814eb427a298826a7de	f5a02b551d42e1af8af605ff1660926f160366df7b9584c2f4e83c5251d4ac4a
9845655953a4f1be32026bb79d40ac48b9eb1507e325c84f3b1489717152fcf1	4d6ec7bab20514a58c089d6067f55985b8392d48b5531403790e390b58cb6397	a3b527dc3ded3db1ebb2d76d1e0f1d3ba27e4a809a3654648bbde08dbf1f454c
9845655953a4f1be32026bb79d40ac48b9eb1507e325c84f3b1489717152fcf1	e45d6b3a7bab850fd4636fc1bec55df32d3abc216d2837543c5ba15d153069f1	ddbec74a741dcc3fccbef14fb226877249dae56655d5d9a1b1a073c6e04abe33
9845655953a4f1be32026bb79d40ac48b9eb1507e325c84f3b1489717152fcf1	bd9c04cdfd5b0caa1588bd3d277d72ace38f467b02aba014e5a8e90eeb3fbe1a	1bb54365673065de32ecf60d870ba0653ed1c3e18b6bedc01dd5d4dd04bbe4ca
9845655953a4f1be32026bb79d40ac48b9eb1507e325c84f3b1489717152fcf1	2beaf41bc983d4f633f48d269bfa408bfc599b1e1b73e28d09e3ee7ea71ac7a6	357cec24e0b81663bc645f7cf6352799e9e2022fd4915646b6785bedbcbe7334
9845655953a4f1be32026bb79d40ac48b9eb1507e325c84f3b1489717152fcf1	b5c07245c079654f786d357f629f0790f7723aad5562066fe2e4f01b9e1cddc8	a6584ec2aadddec9d4bd5db607d1f8bf5222837160d787d1353fcbbeaf9136fa
9845655953a4f1be32026bb79d40ac48b9eb1507e325c84f3b1489717152fcf1	5f7336cee5cf61f96cd20b5175605b709909aa714d33cc087d3466f57f617fff	bb61dcac06769ca45dd1f5557c5e315a0a5ef6c91f8f8fd8f6dec8c4855d4312
9845655953a4f1be32026bb79d40ac48b9eb1507e325c84f3b1489717152fcf1	2acc6dfff840182c12a710e41723c9d58be39cd1c35ca4bc90b833ab186ab981	1163f31315c921af267f5c165fa15639ff6a27f22da4f0d54a22c5756f4f01bb
9845655953a4f1be32026bb79d40ac48b9eb1507e325c84f3b1489717152fcf1	d4748cd56a1ba4db81904bd851953aa1e6ad2f30f789700f6a026e53fce2523e	03ad3d62b8d59506de2bbb6a0fb9b9e9c3e3840ceff473be4e7bae93d10a7aa7
9845655953a4f1be32026bb79d40ac48b9eb1507e325c84f3b1489717152fcf1	512ff00c68eaac642ac7ac7d377bf11621b1b12948db0eb2afed1bbb9abeb1c5	f2c52d8a84bfdbfdf0253c59082bf79ddf5cdadd40f16c27b3ec33a6545b905e
9845655953a4f1be32026bb79d40ac48b9eb1507e325c84f3b1489717152fcf1	02af8362bd0440652f8b0774287cb3d0d4d1d9f9cd0b4a348a63b5beae8d0bb4	c1b0638d4b66c508d947c069e7ca0d241c5ee6d149a290b3b1dab1f62f842b37
9845655953a4f1be32026bb79d40ac48b9eb1507e325c84f3b1489717152fcf1	d25b514f3ecd73eb99a9fb4df1427c72d13744c2c280a35a7e0de96e4ba264e6	e85a4bb427c8f87dd7840a7994234b7a8b3c783b7ac9584436fcbe4ff485a11c
9845655953a4f1be32026bb79d40ac48b9eb1507e325c84f3b1489717152fcf1	a914abac0c875449aa59bd68cc1f68bf74661024895373a19b8e770c89e48bf4	8ce849c8db38c84b2a44d6572a0772cf460a4c0c9b9edd81ed74b160f3498f67
9845655953a4f1be32026bb79d40ac48b9eb1507e325c84f3b1489717152fcf1	b42468bb21919254b35ba9b2d6196dacb763658d59b32092c19011fa56e5bab7	dca2587b05442efd5f959abd92d8ebcc00123da5227abd899d23727047ec47e1
9845655953a4f1be32026bb79d40ac48b9eb1507e325c84f3b1489717152fcf1	cdf9fb6f3e724045d145b38f4ba6029866d6eecb293b7446f663bd21619289d1	ef5d51b43d937b85b459606fdf44b9172e45f1855afde8da489c0878c98b6637
9845655953a4f1be32026bb79d40ac48b9eb1507e325c84f3b1489717152fcf1	fd574845f718a4699ab18dd690c0cb7d5a70e1d9e7cc79899d77dc2f820b0887	ef3df975bf32e79693f84a45aab6ce9a4ce8f6f255b2bc855334b23bd02f69c3
9845655953a4f1be32026bb79d40ac48b9eb1507e325c84f3b1489717152fcf1	3d01065fa8d2f127ec215cb633b545cc2e4ac01ef8e534f433e264d8466cec92	5900b78154d61769c01f152b1d733b6c6d342e64b9f80882cad772c19dced026
9845655953a4f1be32026bb79d40ac48b9eb1507e325c84f3b1489717152fcf1	921c715d3cff5e9294c47bb3701a2b5298ce18ac820b35f9041f0ef64a515b5c	52f4f74a17a5423f6b79fe78aa1f75a581a552605bc4e1c8d715fa578181c210
9845655953a4f1be32026bb79d40ac48b9eb1507e325c84f3b1489717152fcf1	0683e5161c3e6b59b9e88f8164b15ede68d7fb5f73224130d408e6b944bb1c54	471e1faf3b5fb3cb68d996af8dd80565751b48ca94da9cf079b6d83e5bdb6c97
9845655953a4f1be32026bb79d40ac48b9eb1507e325c84f3b1489717152fcf1	713ecac72d72778c195d5d9c494545f5310f11cc91d2682f32637262247f7d22	21efca2d51daf34d53309b5169d1da162e64194961ac01924604d8ab6c946ffb
9845655953a4f1be32026bb79d40ac48b9eb1507e325c84f3b1489717152fcf1	9b97ed60917ef827867593286ae20f87081430029c151e22f91f48dd824942af	4d8cacbf43ee8a53bc0fa467890739c1768af3cfe20fe49355cf238fc7472113
9845655953a4f1be32026bb79d40ac48b9eb1507e325c84f3b1489717152fcf1	18e2c312b8a96ec1562fa25d3622bbb6722736e47326da420bd49b5b74db66c4	f3c1683b267f956469878122341d36c533f5c407b0583165d6c049cc4af22519
9845655953a4f1be32026bb79d40ac48b9eb1507e325c84f3b1489717152fcf1	98d143525569f7bdaa02c909b6c26e24aaf33ab175e1b0e95ee0219e105c65c2	609315be080284ee9e9d6cc6b37e0b2fd157775c2ef7fc241e687fbdb359d21f
9845655953a4f1be32026bb79d40ac48b9eb1507e325c84f3b1489717152fcf1	defb17327fcc7a1eb8639e91a8c20792ef1e516ceabc01a0e650593dc60d80fd	39fab05c3e9287d0cf82d07c743e3ada7f5173e2675a574a546e590a07477a29
ff0901bf28ade9d7ef109d4283e005195a3d1b56a222e1d2678e61c66c506046	0000000000000000000000000000000000000000000000000000000000000000	0000000000000000000000000000000000000000000000000000000000000001
ff0901bf28ade9d7ef109d4283e005195a3d1b56a222e1d2678e61c66c506046	0000000000000000000000000000000000000000000000000000000000000000	0000000000000000000000000000000000000000000000000000000000000002
ff0901bf28ade9d7ef109d4283e005195a3d1b56a222e1d2678e61c66c506046	0000000000000000000000000000000000000000000000000000000000000000	0000000000000000000000000000000000000000000000000000000000000003
ff0901bf28ade9d7ef109d4283e005195a3d1b56a222e1d2678e61c66c506046	0000000000000000000000000000000000000000000000000000000000000000	00000000000000000000000000000000000000000000000000000001000003d0
ff0901bf28ade9d7ef109d4283e005195a3d1b56a222e1d2678e61c66c506046	0000000000000000000000000000000000000000000000000000000000000000	00000000000000000000000000000000000000000000000000000001000003d1
ff0901bf28ade9d7ef109d4283e005195a3d1b56a222e1d2678e61c66c506046	0000000000000000000000000000000000000000000000000000000000000000	00000000000000000000000000000000000000000000000000000001000003d2
ff0901bf28ade9d7ef109d4283e005195a3d1b56a222e1d2678e61c66c506046	0000000000000000000000000000000000000000000000000000000000000000	0000000000000000000000000000000100000000000000000000000000000001
ff0901bf28ade9d7ef109d4283e005195a3d1b56a222e1d2678e61c66c506046	0000000000000000000000000000000000000000000000000000000000000000	fffffffffffffffffffffffffffffffffffffffffffffffffffffffefffffc2e
ff0901bf28ade9d7ef109d4283e005195a3d1b56a222e1d2678e61c66c506046	0000000000000000000000000000000000000000000000000000000000000000	9f69ee183927f2de409371d48b0733735c9568941bfe791cb02499365401facb
ff0901bf28ade9d7ef109d4283e005195a3d1b56a222e1d2678e61c66c506046	0000000000000000000000000000000000000000000000000000000000000000	d3c5244fc0c8c00553ff409212b6a57b0a3b623ee0bc7b23d9147250759aa415
ff0901bf28ade9d7ef109d4283e005195a3d1b56a222e1d2678e61c66c506046	0000000000000000000000000000000000000000000000000000000000000000	5dcdef1aadba6e6f9fa7a194cf6a71df9168d97d2e9ca4dc296908565f00b4d9
ff0901bf28ade9d7ef109d4283e005195a3d1b56a222e1d2678e61c66c506046	0000000000000000000000000000000000000000000000000000000000000000	d534d578d3e1eb2b1690b9a2d4b2d2d84100437c040d8b79df6fffed9032d272
ff0901bf28ade9d7ef109d4283e005195a3d1b56a222e1d2678e61c66c506046	0000000000000000000000000000000000000000000000000000000000000000	f66fbe57319563b64a8f58cd428595b307c07a72b2164595c11d283eab60b45c
ff0901bf28ade9d7ef109d4283e005195a3d1b56a222e1d2678e61c66c506046	0000000000000000000000000000000000000000000000000000000000000000	400e17f31c864b185ee05029b4ca04a020c29967468e73e015981536dedd5700
ff0901bf28ade9d7ef109d4283e005195a3d1b56a222e1d2678e61c66c506046	0000000000000000000000000000000000000000000000000000000000000000	d435856f9ab6ccc30eb8a023031b74008865b8b6a0ce79565dfb4936b4b73fb5
ff0901bf28ade9d7ef109d4283e005195a3d1b56a222e1d2678e61c66c506046	0000000000000000000000000000000000000000000000000000000000000000	19347eb1e110c6697b2151d083099e040675b4cfa6923f26ad57d963c97e1512
ff0901bf28ade9d7ef109d4283e005195a3d1b56a222e1d2678e61c66c506046	0000000000000000000000000000000000000000000000000000000000000000	b4779d0db00a11f69106d731567d0ad360668f49b2481481d932e714a143e45f
ff0901bf28ade9d7ef109d4283e005195a3d1b56a222e1d2678e61c66c506046	0000000000000000000000000000000000000000000000000000000000000000	99d83593a28df721d8a102e8776220d5aec0976a7b2283f6065686dafe7e51fb
ff0901bf28ade9d7ef109d4283e005195a3d1b56a222e1d2678e61c66c506046	0000000000000000000000000000000000000000000000000000000000000000	ba4e25b946a879db07bca35656369b0b2979018a9ad29eea7a1777fd5fd39c85
ff0901bf28ade9d7ef109d4283e005195a3d1b56a222e1d2678e61c66c506046	0000000000000000000000000000000000000000000000000000000000000000	40b40b9c7f95437f05fab8bbb92a269c56994ea170dfacdd3b3952c1ec8bc580
ff0901bf28ade9d7ef109d4283e005195a3d1b56a222e1d2678e61c66c506046	0000000000000000000000000000000000000000000000000000000000000000	b63351de682f433979d63242bbfa3b025d702b2537cd6d9c9e957ca15d1deac8
ff0901bf28ade9d7ef109d4283e005195a3d1b56a222e1d2678e61c66c506046	0000000000000000000000000000000000000000000000000000000000000000	7558116f93c6298ec934167195825c927f3ce843e06d8dd8a7343861e7dce9d9
ff0901bf28ade9d7ef109d4283e005195a3d1b56a222e1d2678e61c66c506046	0000000000000000000000000000000000000000000000000000000000000000	dff894f905106cd06ad1dbe2c1c46aa79b53e9406b796e7c4016a7d6353db602
ff0901bf28ade9d7ef109d4283e005195a3d1b56a222e1d2678e61c66c506046	0000000000000000000000000000000000000000000000000000000000000000	994c52cd54933a2d4a1f216cc9332d2c3c642bcb967c6948aacdd903536b6325
ff0901bf28ade9d7ef109d4283e005195a3d1b56a222e1d2678e61c66c506046	0000000000000000000000000000000000000000000000000000000000000000	4b3198f4ba8705ac3c84d34411a488c5972a8e5a16d4726f0f077650d2871bdf
ff0901bf28ade9d7ef109d4283e005195a3d1b56a222e1d2678e61c66c506046	0000000000000000000000000000000000000000000000000000000000000000	174bae57a2d7a1629ba040e754ef59a8b0eda026eb917c3cc139a86c88646978
ff0901bf28ade9d7ef109d4283e005195a3d1b56a222e1d2678e61c66c506046	0000000000000000000000000000000000000000000000000000000000000000	0ea05b5d5f3613201470d6192914c594827bfe1afe65cb722b4a2393e4f8fbdd
ff0901bf28ade9d7ef109d4283e005195a3d1b56a222e1d2678e61c66c506046	0000000000000000000000000000000000000000000000000000000000000000	9351b1da87f6b5eb7537fafa579b08ff8779d847c3eb282cf6b608d3c44bef55
ff0901bf28ade9d7ef109d4283e005195a3d1b56a222e1d2678e61c66c506046	0000000000000000000000000000000000000000000000000000000000000000	ee3056755f73938fe24874c6e48e7179fc7c9cf584e86c49da8cdb2436d3caf8
ff0901bf28ade9d7ef109d4283e005195a3d1b56a222e1d2678e61c66c506046	0000000000000000000000000000000000000000000000000000000000000000	483f81fc39a2d891702b937b846a53cd1c958dc6bd180c02059bdecd2cb3c5b9
ff0901bf28ade9d7ef109d4283e005195a3d1b56a222e1d2678e61c66c506046	0000000000000000000000000000000000000000000000000000000000000000	9bdb8c2fb94e8eb23b0b82372348b7f665c83cc61618aef659c20cafc3756577
ff0901bf28ade9d7ef109d4283e005195a3d1b56a222e1d2678e61c66c506046	0000000000000000000000000000000000000000000000000000000000000000	14866b25bfec8d9088ea50e559c7cca8ad737550b972896b141596c723d09595
ff0901bf28ade9d7ef109d4283e005195a3d1b56a222e1d2678e61c66c506046	0000000000000000000000000000000000000000000000000000000000000001	0000000000000000000000000000000000000000000000000000000000000001
ff0901bf28ade9d7ef109d4283e005195a3d1b56a222e1d2678e61c66c506046	0000000000000000000000000000000000000000000000000000000000000001	fffffffffffffffffffffffffffffffffffffffffffffffffffffffefffffc2e
ff0901bf28ade9d7ef109d4283e005195a3d1b56a222e1d2678e61c66c506046	fffffffffffffffffffffffffffffffffffffffffffffffffffffffefffffc2e	0000000000000000000000000000000000000000000000000000000000000001
ff0901bf28ade9d7ef109d4283e005195a3d1b56a222e1d2678e61c66c506046	fffffffffffffffffffffffffffffffffffffffffffffffffffffffefffffc2e	fffffffffffffffffffffffffffffffffffffffffffffffffffffffefffffc2e
ff0901bf28ade9d7ef109d4283e005195a3d1b56a222e1d2678e61c66c506046	00000000000000000000000000000000000000000000000000000001000003d1	00000000000000000000000000000000000000000000000000000001000003d2
ff0901bf28ade9d7ef109d4283e005195a3d1b56a222e1d2678e61c66c506046	00000000000000000000000000000000ffffffffffffffffffffffffffffffff	0000000000000000000000000000000100000000000000000000000000000001
ff0901bf28ade9d7ef109d4283e005195a3d1b56a222e1d2678e61c66c506046	7fffffffffffffffffffffffffffffffffffffffffffffffffffffffffffffed	00000000000000000000000000000000000000000000000000000001000003d1
ff0901bf28ade9d7ef109d4283e005195a3d1b56a222e1d2678e61c66c506046	00000000000000000000000000000000000000000000000000000001000003d2	8000000000000000000000000000000000000000000000000000000000000013
ff0901bf28ade9d7ef109d4283e005195a3d1b56a222e1d2678e61c66c506046	96de292ad08c05f33374ff077e037057cb1976be5fd11814eb427a298826a7de	f5a02b551d42e1af8af605ff1660926f160366df7b9584c2f4e83c5251d4ac4a
ff0901bf28ade9d7ef109d4283e005195a3d1b56a222e1d2678e61c66c506046	4d6ec7bab20514a58c089d6067f55985b8392d48b5531403790e390b58cb6397	a3b527dc3ded3db1ebb2d76d1e0f1d3ba27e4a809a3654648bbde08dbf1f454c
ff0901bf28ade9d7ef109d4283e005195a3d1b56a222e1d2678e61c66c506046	e45d6b3a7bab850fd4636fc1bec55df32d3abc216d2837543c5ba15d153069f1	ddbec74a741dcc3fccbef14fb226877249dae56655d5d9a1b1a073c6e04abe33
ff0901bf28ade9d7ef109d4283e005195a3d1b56a222e1d2678e61c66c506046	bd9c04cdfd5b0caa1588bd3d277d72ace38f467b02aba014e5a8e90eeb3fbe1a	1bb54365673065de32ecf60d870ba0653ed1c3e18b6bedc01dd5d4dd04bbe4ca
ff0901bf28ade9d7ef109d4283e005195a3d1b56a222e1d2678e61c66c506046	2beaf41bc983d4f633f48d269bfa408bfc599b1e1b73e28d09e3ee7ea71ac7a6	357cec24e0b81663bc645f7cf6352799e9e2022fd4915646b6785bedbcbe7334
ff0901bf28ade9d7ef109d4283e005195a3d1b56a222e1d2678e61c66c506046	b5c07245c079654f786d357f629f0790f7723aad5562066fe2e4f01b9e1cddc8	a6584ec2aadddec9d4bd5db607d1f8bf5222837160d787d1353fcbbeaf9136fa
ff0901bf28ade9d7ef109d4283e005195a3d1b56a222e1d2678e61c66c506046	5f7336cee5cf61f96cd20b5175605b709909aa714d33cc087d3466f57f617fff	bb61dcac06769ca45dd1f5557c5e315a0a5ef6c91f8f8fd8f6dec8c4855d4312
ff0901bf28ade9d7ef109d4283e005195a3d1b56a222e1d2678e61c66c506046	2acc6dfff840182c12a710e41723c9d58be39cd1c35ca4bc90b833ab186ab981	1163f31315c921af267f5c165fa15639ff6a27f22da4f0d54a22c5756f4f01bb
ff0901bf28ade9d7ef109d4283e005195a3d1b56a222e1d2678e61c66c506046	d4748cd56a1ba4db81904bd851953aa1e6ad2f30f789700f6a026e53fce2523e	03ad3d62b8d59506de2bbb6a0fb9b9e9c3e3840ceff473be4e7bae93d10a7aa7
ff0901bf28ade9d7ef109d4283e005195a3d1b56a222e1d2678e61c66c506046	512ff00c68eaac642ac7ac7d377bf11621b1b12948db0eb2afed1bbb9abeb1c5	f2c52d8a84bfdbfdf0253c59082bf79ddf5cdadd40f16c27b3ec33a6545b905e
ff0901bf28ade9d7ef109d4283e005195a3d1b56a222e1d2678e61c66c506046	02af8362bd0440652f8b0774287cb3d0d4d1d9f9cd0b4a348a63b5beae8d0bb4	c1b0638d4b66c508d947c069e7ca0d241c5ee6d149a290b3b1dab1f62f842b37
ff0901bf28ade9d7ef109d4283e005195a3d1b56a222e1d2678e61c66c506046	d25b514f3ecd73eb99a9fb4df1427c72d13744c2c280a35a7e0de96e4ba264e6	e85a4bb427c8f87dd7840a7994234b7a8b3c783b7ac9584436fcbe4ff485a11c
ff0901bf28ade9d7ef109d4283e005195a3d1b56a222e1d2678e61c66c506046	a914abac0c875449aa59bd68cc1f68bf74661024895373a19b8e770c89e48bf4	8ce849c8db38c84b2a44d6572a0772cf460a4c0c9b9edd81ed74b160f3498f67
ff0901bf28ade9d7ef109d4283e005195a3d1b56a222e1d2678e61c66c506046	b42468bb21919254b35ba9b2d6196dacb763658d59b32092c19011fa56e5bab7	dca2587b05442efd5f959abd92d8ebcc00123da5227abd899d23727047ec47e1
ff0901bf28ade9d7ef109d4283e005195a3d1b56a222e1d2678e61c66c506046	cdf9fb6f3e724045d145b38f4ba6029866d6eecb293b7446f663bd21619289d1	ef5d51b43d937b85b459606fdf44b9172e45f1855afde8da489c0878c98b6637
ff0901bf28ade9d7ef109d4283e005195a3d1b56a222e1d2678e61c66c506046	fd574845f718a4699ab18dd690c0cb7d5a70e1d9e7cc79899d77dc2f820b0887	ef3df975bf32e79693f84a45aab6ce9a4ce8f6f255b2bc855334b23bd02f69c3
ff0901bf28ade9d7ef109d4283e005195a3d1b56a222e1d2678e61c66c506046	3d01065fa8d2f127ec215cb633b545cc2e4ac01ef8e534f433e264d8466cec92	5900b78154d61769c01f152b1d733b6c6d342e64b9f80882cad772c19dced026
ff0901bf28ade9d7ef109d4283e005195a3d1b56a222e1d2678e61c66c506046	921c715d3cff5e9294c47bb3701a2b5298ce18ac820b35f9041f0ef64a515b5c	52f4f74a17a5423f6b79fe78aa1f75a581a552605bc4e1c8d715fa578181c210
ff0901bf28ade9d7ef109d4283e005195a3d1b56a222e1d2678e61c66c506046	0683e5161c3e6b59b9e88f8164b15ede68d7fb5f73224130d408e6b944bb1c54	471e1faf3b5fb3cb68d996af8dd80565751b48ca94da9cf079b6d83e5bdb6c97
ff0901bf28ade9d7ef109d4283e005195a3d1b56a222e1d2678e61c66c506046	713ecac72d72778c195d5d9c494545f5310f11cc91d2682f32637262247f7d22	21efca2d51daf34d53309b5169d1da162e64194961ac01924604d8ab6c946ffb
ff0901bf28ade9d7ef109d4283e005195a3d1b56a222e1d2678e61c66c506046	9b97ed60917ef827867593286ae20f87081430029c151e22f91f48dd824942af	4d8cacbf43ee8a53bc0fa467890739c1768af3cfe20fe49355cf238fc7472113
ff0901bf28ade9d7ef109d4283e005195a3d1b56a222e1d2678e61c66c506046	18e2c312b8a96ec1562fa25d3622bbb6722736e47326da420bd49b5b74db66c4	f3c1683b267f956469878122341d36c533f5c407b0583165d6c049cc4af22519
ff0901bf28ade9d7ef109d4283e005195a3d1b56a222e1d2678e61c66c506046	98d143525569f7bdaa02c909b6c26e24aaf33ab175e1b0e95ee0219e105c65c2	609315be080284ee9e9d6cc6b37e0b2fd157775c2ef7fc241e687fbdb359d21f
ff0901bf28ade9d7ef109d4283e005195a3d1b56a222e1d2678e61c66c506046	defb17327fcc7a1eb8639e91a8c20792ef1e516ceabc01a0e650593dc60d80fd	39fab05c3e9287d0cf82d07c743e3ada7f5173e2675a574a546e590a07477a29
