0fffffffffffffffffffffffffffffffffffffffffffffffffffffffeffff000
0fffffffffffffffffffffffffffffffffffffffffffffffffffffffeffff001
0fffffffffffffffffffffffffffffffffffffffffffffffffffffffeffff002
0fffffffffffffffffffffffffffffffffffffffffffffffffffffffeffff003
0fffffffffffffffffffffffffffffffffffffffffffffffffffffffeffff004
0fffffffffffffffffffffffffffffffffffffffffffffffffffffffeffff005
0fffffffffffffffffffffffffffffffffffffffffffffffffffffffeffff006
0fffffffffffffffffffffffffffffffffffffffffffffffffffffffeffff007
0fffffffffffffffffffffffffffffffffffffffffffffffffffffffeffff008
0fffffffffffffffffffffffffffffffffffffffffffffffffffffffeffff009
0fffffffffffffffffffffffffffffffffffffffffffffffffffffffeffff00a
0fffffffffffffffffffffffffffffffffffffffffffffffffffffffeffff00b
0fffffffffffffffffffffffffffffffffffffffffffffffffffffffeffff00c
0fffffffffffffffffffffffffffffffffffffffffffffffffffffffeffff00d
0fffffffffffffffffffffffffffffffffffffffffffffffffffffffeffff00e
0fffffffffffffffffffffffffffffffffffffffffffffffffffffffeffff00f
0fffffffffffffffffffffffffffffffffffffffffffffffffffffffeffff010
0fffffffffffffffffffffffffffffffffffffffffffffffffffffffeffff011
0fffffffffffffffffffffffffffffffffffffffffffffffffffffffeffff012
0fffffffffffffffffffffffffffffffffffffffffffffffffffffffeffff013
0fffffffffffffffffffffffffffffffffffffffffffffffffffffffeffff014
0fffffffffffffffffffffffffffffffffffffffffffffffffffffffeffff015
0fffffffffffffffffffffffffffffffffffffffffffffffffffffffeffff016
0fffffffffffffffffffffffffffffffffffffffffffffffffffffffeffff017
0fffffffffffffffffffffffffffffffffffffffffffffffffffffffeffff018
0fffffffffffffffffffffffffffffffffffffffffffffffffffffffeffff019
0fffffffffffffffffffffffffffffffffffffffffffffffffffffffeffff01a
0fffffffffffffffffffffffffffffffffffffffffffffffffffffffeffff01b
0fffffffffffffffffffffffffffffffffffffffffffffffffffffffeffff01c
0fffffffffffffffffffffffffffffffffffffffffffffffffffffffeffff01d
0fffffffffffffffffffffffffffffffffffffffffffffffffffffffeffff01e
0fffffffffffffffffffffffffffffffffffffffffffffffffffffffeffff01f
0fffffffffffffffffffffffffffffffffffffffffffffffffffffffeffff020
0fffffffffffffffffffffffffffffffffffffffffffffffffffffffeffff021
0fffffffffffffffffffffffffffffffffffffffffffffffffffffffeffff022
0fffffffffffffffffffffffffffffffffffffffffffffffffffffffeffff023
0fffffffffffffffffffffffffffffffffffffffffffffffffffffffeffff024
0fffffffffffffffffffffffffffffffffffffffffffffffffffffffeffff025
0fffffffffffffffffffffffffffffffffffffffffffffffffffffffeffff026
0fffffffffffffffffffffffffffffffffffffffffffffffffffffffeffff027
0fffffffffffffffffffffffffffffffffffffffffffffffffffffffeffff028
0fffffffffffffffffffffffffffffffffffffffffffffffffffffffeffff029
0fffffffffffffffffffffffffffffffffffffffffffffffffffffffeffff02a
0fffffffffffffffffffffffffffffffffffffffffffffffffffffffeffff02b
0fffffffffffffffffffffffffffffffffffffffffffffffffffffffeffff02c
0fffffffffffffffffffffffffffffffffffffffffffffffffffffffeffff02d
0fffffffffffffffffffffffffffffffffffffffffffffffffffffffeffff02e
0fffffffffffffffffffffffffffffffffffffffffffffffffffffffeffff02f
0fffffffffffffffffffffffffffffffffffffffffffffffffffffffeffff030
0fffffffffffffffffffffffffffffffffffffffffffffffffffffffeffff031
0fffffffffffffffffffffffffffffffffffffffffffffffffffffffeffff032
0fffffffffffffffffffffffffffffffffffffffffffffffffffffffeffff033
0fffffffffffffffffffffffffffffffffffffffffffffffffffffffeffff034
0fffffffffffffffffffffffffffffffffffffffffffffffffffffffeffff035
0fffffffffffffffffffffffffffffffffffffffffffffffffffffffeffff036
0fffffffffffffffffffffffffffffffffffffffffffffffffffffffeffff037
0fffffffffffffffffffffffffffffffffffffffffffffffffffffffeffff038
0fffffffffffffffffffffffffffffffffffffffffffffffffffffffeffff039
0fffffffffffffffffffffffffffffffffffffffffffffffffffffffeffff03a
0fffffffffffffffffffffffffffffffffffffffffffffffffffffffeffff03b
0fffffffffffffffffffffffffffffffffffffffffffffffffffffffeffff03c
0fffffffffffffffffffffffffffffffffffffffffffffffffffffffeffff03d
0fffffffffffffffffffffffffffffffffffffffffffffffffffffffeffff03e
0fffffffffffffffffffffffffffffffffffffffffffffffffffffffeffff03f
0fffffffffffffffffffffffffffffffffffffffffffffffffffffffeffff040
0fffffffffffffffffffffffffffffffffffffffffffffffffffffffeffff041
0fffffffffffffffffffffffffffffffffffffffffffffffffffffffeffff042
0fffffffffffffffffffffffffffffffffffffffffffffffffffffffeffff043
0fffffffffffffffffffffffffffffffffffffffffffffffffffffffeffff044
0fffffffffffffffffffffffffffffffffffffffffffffffffffffffeffff045
0fffffffffffffffffffffffffffffffffffffffffffffffffffffffeffff046
0fffffffffffffffffffffffffffffffffffffffffffffffffffffffeffff047
0fffffffffffffffffffffffffffffffffffffffffffffffffffffffeffff048
0fffffffffffffffffffffffffffffffffffffffffffffffffffffffeffff049
0fffffffffffffffffffffffffffffffffffffffffffffffffffffffeffff04a
0fffffffffffffffffffffffffffffffffffffffffffffffffffffffeffff04b
0fffffffffffffffffffffffffffffffffffffffffffffffffffffffeffff04c
0fffffffffffffffffffffffffffffffffffffffffffffffffffffffeffff04d
0fffffffffffffffffffffffffffffffffffffffffffffffffffffffeffff04e
0fffffffffffffffffffffffffffffffffffffffffffffffffffffffeffff04f
0fffffffffffffffffffffffffffffffffffffffffffffffffffffffeffff050
0fffffffffffffffffffffffffffffffffffffffffffffffffffffffeffff051
0fffffffffffffffffffffffffffffffffffffffffffffffffffffffeffff052
0fffffffffffffffffffffffffffffffffffffffffffffffffffffffeffff053
0fffffffffffffffffffffffffffffffffffffffffffffffffffffffeffff054
0fffffffffffffffffffffffffffffffffffffffffffffffffffffffeffff055
0fffffffffffffffffffffffffffffffffffffffffffffffffffffffeffff056
0fffffffffffffffffffffffffffffffffffffffffffffffffffffffeffff057
0fffffffffffffffffffffffffffffffffffffffffffffffffffffffeffff058
0fffffffffffffffffffffffffffffffffffffffffffffffffffffffeffff059
0fffffffffffffffffffffffffffffffffffffffffffffffffffffffeffff05a
0fffffffffffffffffffffffffffffffffffffffffffffffffffffffeffff05b
0fffffffffffffffffffffffffffffffffffffffffffffffffffffffeffff05c
0fffffffffffffffffffffffffffffffffffffffffffffffffffffffeffff05d
0fffffffffffffffffffffffffffffffffffffffffffffffffffffffeffff05e
0fffffffffffffffffffffffffffffffffffffffffffffffffffffffeffff05f
0fffffffffffffffffffffffffffffffffffffffffffffffffffffffeffff060
0fffffffffffffffffffffffffffffffffffffffffffffffffffffffeffff061
0fffffffffffffffffffffffffffffffffffffffffffffffffffffffeffff062
0fffffffffffffffffffffffffffffffffffffffffffffffffffffffeffff063
0fffffffffffffffffffffffffffffffffffffffffffffffffffffffeffff064
0fffffffffffffffffffffffffffffffffffffffffffffffffffffffeffff065
0fffffffffffffffffffffffffffffffffffffffffffffffffffffffeffff066
0fffffffffffffffffffffffffffffffffffffffffffffffffffffffeffff067
0fffffffffffffffffffffffffffffffffffffffffffffffffffffffeffff068
0fffffffffffffffffffffffffffffffffffffffffffffffffffffffeffff069
0fffffffffffffffffffffffffffffffffffffffffffffffffffffffeffff06a
0fffffffffffffffffffffffffffffffffffffffffffffffffffffffeffff06b
0fffffffffffffffffffffffffffffffffffffffffffffffffffffffeffff06c
0fffffffffffffffffffffffffffffffffffffffffffffffffffffffeffff06d
0fffffffffffffffffffffffffffffffffffffffffffffffffffffffeffff06e
0fffffffffffffffffffffffffffffffffffffffffffffffffffffffeffff06f
0fffffffffffffffffffffffffffffffffffffffffffffffffffffffeffff070
0fffffffffffffffffffffffffffffffffffffffffffffffffffffffeffff071
0fffffffffffffffffffffffffffffffffffffffffffffffffffffffeffff072
0fffffffffffffffffffffffffffffffffffffffffffffffffffffffeffff073
0fffffffffffffffffffffffffffffffffffffffffffffffffffffffeffff074
0fffffffffffffffffffffffffffffffffffffffffffffffffffffffeffff075
0fffffffffffffffffffffffffffffffffffffffffffffffffffffffeffff076
0fffffffffffffffffffffffffffffffffffffffffffffffffffffffeffff077
0fffffffffffffffffffffffffffffffffffffffffffffffffffffffeffff078
0fffffffffffffffffffffffffffffffffffffffffffffffffffffffeffff079
0fffffffffffffffffffffffffffffffffffffffffffffffffffffffeffff07a
0fffffffffffffffffffffffffffffffffffffffffffffffffffffffeffff07b
0fffffffffffffffffffffffffffffffffffffffffffffffffffffffeffff07c
0fffffffffffffffffffffffffffffffffffffffffffffffffffffffeffff07d
0fffffffffffffffffffffffffffffffffffffffffffffffffffffffeffff07e
0fffffffffffffffffffffffffffffffffffffffffffffffffffffffeffff07f
0fffffffffffffffffffffffffffffffffffffffffffffffffffffffeffff080
0fffffffffffffffffffffffffffffffffffffffffffffffffffffffeffff081
0fffffffffffffffffffffffffffffffffffffffffffffffffffffffeffff082
0fffffffffffffffffffffffffffffffffffffffffffffffffffffffeffff083
0fffffffffffffffffffffffffffffffffffffffffffffffffffffffeffff084
0fffffffffffffffffffffffffffffffffffffffffffffffffffffffeffff085
0fffffffffffffffffffffffffffffffffffffffffffffffffffffffeffff086
0fffffffffffffffffffffffffffffffffffffffffffffffffffffffeffff087
0fffffffffffffffffffffffffffffffffffffffffffffffffffffffeffff088
0fffffffffffffffffffffffffffffffffffffffffffffffffffffffeffff089
0fffffffffffffffffffffffffffffffffffffffffffffffffffffffeffff08a
0fffffffffffffffffffffffffffffffffffffffffffffffffffffffeffff08b
0fffffffffffffffffffffffffffffffffffffffffffffffffffffffeffff08c
0fffffffffffffffffffffffffffffffffffffffffffffffffffffffeffff08d
0fffffffffffffffffffffffffffffffffffffffffffffffffffffffeffff08e
0fffffffffffffffffffffffffffffffffffffffffffffffffffffffeffff08f
0fffffffffffffffffffffffffffffffffffffffffffffffffffffffeffff090
0fffffffffffffffffffffffffffffffffffffffffffffffffffffffeffff091
0fffffffffffffffffffffffffffffffffffffffffffffffffffffffeffff092
0fffffffffffffffffffffffffffffffffffffffffffffffffffffffeffff093
0fffffffffffffffffffffffffffffffffffffffffffffffffffffffeffff094
0fffffffffffffffffffffffffffffffffffffffffffffffffffffffeffff095
0fffffffffffffffffffffffffffffffffffffffffffffffffffffffeffff096
0fffffffffffffffffffffffffffffffffffffffffffffffffffffffeffff097
0fffffffffffffffffffffffffffffffffffffffffffffffffffffffeffff098
0fffffffffffffffffffffffffffffffffffffffffffffffffffffffeffff099
0fffffffffffffffffffffffffffffffffffffffffffffffffffffffeffff09a
0fffffffffffffffffffffffffffffffffffffffffffffffffffffffeffff09b
0fffffffffffffffffffffffffffffffffffffffffffffffffffffffeffff09c
0fffffffffffffffffffffffffffffffffffffffffffffffffffffffeffff09d
0fffffffffffffffffffffffffffffffffffffffffffffffffffffffeffff09e
0fffffffffffffffffffffffffffffffffffffffffffffffffffffffeffff09f
0fffffffffffffffffffffffffffffffffffffffffffffffffffffffeffff0a0
0fffffffffffffffffffffffffffffffffffffffffffffffffffffffeffff0a1
0fffffffffffffffffffffffffffffffffffffffffffffffffffffffeffff0a2
0fffffffffffffffffffffffffffffffffffffffffffffffffffffffeffff0a3
0fffffffffffffffffffffffffffffffffffffffffffffffffffffffeffff0a4
0fffffffffffffffffffffffffffffffffffffffffffffffffffffffeffff0a5
0fffffffffffffffffffffffffffffffffffffffffffffffffffffffeffff0a6
0fffffffffffffffffffffffffffffffffffffffffffffffffffffffeffff0a7
0fffffffffffffffffffffffffffffffffffffffffffffffffffffffeffff0a8
0fffffffffffffffffffffffffffffffffffffffffffffffffffffffeffff0a9
0fffffffffffffffffffffffffffffffffffffffffffffffffffffffeffff0aa
0fffffffffffffffffffffffffffffffffffffffffffffffffffffffeffff0ab
0fffffffffffffffffffffffffffffffffffffffffffffffffffffffeffff0ac
0fffffffffffffffffffffffffffffffffffffffffffffffffffffffeffff0ad
0fffffffffffffffffffffffffffffffffffffffffffffffffffffffeffff0ae
0fffffffffffffffffffffffffffffffffffffffffffffffffffffffeffff0af
0fffffffffffffffffffffffffffffffffffffffffffffffffffffffeffff0b0
0fffffffffffffffffffffffffffffffffffffffffffffffffffffffeffff0b1
0fffffffffffffffffffffffffffffffffffffffffffffffffffffffeffff0b2
0fffffffffffffffffffffffffffffffffffffffffffffffffffffffeffff0b3
0fffffffffffffffffffffffffffffffffffffffffffffffffffffffeffff0b4
0fffffffffffffffffffffffffffffffffffffffffffffffffffffffeffff0b5
0fffffffffffffffffffffffffffffffffffffffffffffffffffffffeffff0b6
0fffffffffffffffffffffffffffffffffffffffffffffffffffffffeffff0b7
0fffffffffffffffffffffffffffffffffffffffffffffffffffffffeffff0b8
0fffffffffffffffffffffffffffffffffffffffffffffffffffffffeffff0b9
0fffffffffffffffffffffffffffffffffffffffffffffffffffffffeffff0ba
0fffffffffffffffffffffffffffffffffffffffffffffffffffffffeffff0bb
0fffffffffffffffffffffffffffffffffffffffffffffffffffffffeffff0bc
0fffffffffffffffffffffffffffffffffffffffffffffffffffffffeffff0bd
0fffffffffffffffffffffffffffffffffffffffffffffffffffffffeffff0be
0fffffffffffffffffffffffffffffffffffffffffffffffffffffffeffff0bf
0fffffffffffffffffffffffffffffffffffffffffffffffffffffffeffff0c0
0fffffffffffffffffffffffffffffffffffffffffffffffffffffffeffff0c1
0fffffffffffffffffffffffffffffffffffffffffffffffffffffffeffff0c2
0fffffffffffffffffffffffffffffffffffffffffffffffffffffffeffff0c3
0fffffffffffffffffffffffffffffffffffffffffffffffffffffffeffff0c4
0fffffffffffffffffffffffffffffffffffffffffffffffffffffffeffff0c5
0fffffffffffffffffffffffffffffffffffffffffffffffffffffffeffff0c6
0fffffffffffffffffffffffffffffffffffffffffffffffffffffffeffff0c7
0fffffffffffffffffffffffffffffffffffffffffffffffffffffffeffff0c8
0fffffffffffffffffffffffffffffffffffffffffffffffffffffffeffff0c9
0fffffffffffffffffffffffffffffffffffffffffffffffffffffffeffff0ca
0fffffffffffffffffffffffffffffffffffffffffffffffffffffffeffff0cb
0fffffffffffffffffffffffffffffffffffffffffffffffffffffffeffff0cc
0fffffffffffffffffffffffffffffffffffffffffffffffffffffffeffff0cd
0fffffffffffffffffffffffffffffffffffffffffffffffffffffffeffff0ce
0fffffffffffffffffffffffffffffffffffffffffffffffffffffffeffff0cf
0fffffffffffffffffffffffffffffffffffffffffffffffffffffffeffff0d0
0fffffffffffffffffffffffffffffffffffffffffffffffffffffffeffff0d1
0fffffffffffffffffffffffffffffffffffffffffffffffffffffffeffff0d2
0fffffffffffffffffffffffffffffffffffffffffffffffffffffffeffff0d3
0fffffffffffffffffffffffffffffffffffffffffffffffffffffffeffff0d4
0fffffffffffffffffffffffffffffffffffffffffffffffffffffffeffff0d5
0fffffffffffffffffffffffffffffffffffffffffffffffffffffffeffff0d6
0fffffffffffffffffffffffffffffffffffffffffffffffffffffffeffff0d7
0fffffffffffffffffffffffffffffffffffffffffffffffffffffffeffff0d8
0fffffffffffffffffffffffffffffffffffffffffffffffffffffffeffff0d9
0fffffffffffffffffffffffffffffffffffffffffffffffffffffffeffff0da
0fffffffffffffffffffffffffffffffffffffffffffffffffffffffeffff0db
0fffffffffffffffffffffffffffffffffffffffffffffffffffffffeffff0dc
0fffffffffffffffffffffffffffffffffffffffffffffffffffffffeffff0dd
0fffffffffffffffffffffffffffffffffffffffffffffffffffffffeffff0de
0fffffffffffffffffffffffffffffffffffffffffffffffffffffffeffff0df
0fffffffffffffffffffffffffffffffffffffffffffffffffffffffeffff0e0
0fffffffffffffffffffffffffffffffffffffffffffffffffffffffeffff0e1
0fffffffffffffffffffffffffffffffffffffffffffffffffffffffeffff0e2
0fffffffffffffffffffffffffffffffffffffffffffffffffffffffeffff0e3
0fffffffffffffffffffffffffffffffffffffffffffffffffffffffeffff0e4
0fffffffffffffffffffffffffffffffffffffffffffffffffffffffeffff0e5
0fffffffffffffffffffffffffffffffffffffffffffffffffffffffeffff0e6
0fffffffffffffffffffffffffffffffffffffffffffffffffffffffeffff0e7
0fffffffffffffffffffffffffffffffffffffffffffffffffffffffeffff0e8
0fffffffffffffffffffffffffffffffffffffffffffffffffffffffeffff0e9
0fffffffffffffffffffffffffffffffffffffffffffffffffffffffeffff0ea
0fffffffffffffffffffffffffffffffffffffffffffffffffffffffeffff0eb
0fffffffffffffffffffffffffffffffffffffffffffffffffffffffeffff0ec
0fffffffffffffffffffffffffffffffffffffffffffffffffffffffeffff0ed
0fffffffffffffffffffffffffffffffffffffffffffffffffffffffeffff0ee
0fffffffffffffffffffffffffffffffffffffffffffffffffffffffeffff0ef
0fffffffffffffffffffffffffffffffffffffffffffffffffffffffeffff0f0
0fffffffffffffffffffffffffffffffffffffffffffffffffffffffeffff0f1
0fffffffffffffffffffffffffffffffffffffffffffffffffffffffeffff0f2
0fffffffffffffffffffffffffffffffffffffffffffffffffffffffeffff0f3
0fffffffffffffffffffffffffffffffffffffffffffffffffffffffeffff0f4
0fffffffffffffffffffffffffffffffffffffffffffffffffffffffeffff0f5
0fffffffffffffffffffffffffffffffffffffffffffffffffffffffeffff0f6
0fffffffffffffffffffffffffffffffffffffffffffffffffffffffeffff0f7
0fffffffffffffffffffffffffffffffffffffffffffffffffffffffeffff0f8
0fffffffffffffffffffffffffffffffffffffffffffffffffffffffeffff0f9
0fffffffffffffffffffffffffffffffffffffffffffffffffffffffeffff0fa
0fffffffffffffffffffffffffffffffffffffffffffffffffffffffeffff0fb
0fffffffffffffffffffffffffffffffffffffffffffffffffffffffeffff0fc
0fffffffffffffffffffffffffffffffffffffffffffffffffffffffeffff0fd
0fffffffffffffffffffffffffffffffffffffffffffffffffffffffeffff0fe
0fffffffffffffffffffffffffffffffffffffffffffffffffffffffeffff0ff
0fffffffffffffffffffffffffffffffffffffffffffffffffffffffeffff100
0fffffffffffffffffffffffffffffffffffffffffffffffffffffffeffff101
0fffffffffffffffffffffffffffffffffffffffffffffffffffffffeffff102
0fffffffffffffffffffffffffffffffffffffffffffffffffffffffeffff103
0fffffffffffffffffffffffffffffffffffffffffffffffffffffffeffff104
0fffffffffffffffffffffffffffffffffffffffffffffffffffffffeffff105
0fffffffffffffffffffffffffffffffffffffffffffffffffffffffeffff106
0fffffffffffffffffffffffffffffffffffffffffffffffffffffffeffff107
0fffffffffffffffffffffffffffffffffffffffffffffffffffffffeffff108
0fffffffffffffffffffffffffffffffffffffffffffffffffffffffeffff109
0fffffffffffffffffffffffffffffffffffffffffffffffffffffffeffff10a
0fffffffffffffffffffffffffffffffffffffffffffffffffffffffeffff10b
0fffffffffffffffffffffffffffffffffffffffffffffffffffffffeffff10c
0fffffffffffffffffffffffffffffffffffffffffffffffffffffffeffff10d
0fffffffffffffffffffffffffffffffffffffffffffffffffffffffeffff10e
0fffffffffffffffffffffffffffffffffffffffffffffffffffffffeffff10f
0fffffffffffffffffffffffffffffffffffffffffffffffffffffffeffff110
0fffffffffffffffffffffffffffffffffffffffffffffffffffffffeffff111
0fffffffffffffffffffffffffffffffffffffffffffffffffffffffeffff112
0fffffffffffffffffffffffffffffffffffffffffffffffffffffffeffff113
0fffffffffffffffffffffffffffffffffffffffffffffffffffffffeffff114
0fffffffffffffffffffffffffffffffffffffffffffffffffffffffeffff115
0fffffffffffffffffffffffffffffffffffffffffffffffffffffffeffff116
0fffffffffffffffffffffffffffffffffffffffffffffffffffffffeffff117
0fffffffffffffffffffffffffffffffffffffffffffffffffffffffeffff118
0fffffffffffffffffffffffffffffffffffffffffffffffffffffffeffff119
0fffffffffffffffffffffffffffffffffffffffffffffffffffffffeffff11a
0fffffffffffffffffffffffffffffffffffffffffffffffffffffffeffff11b
0fffffffffffffffffffffffffffffffffffffffffffffffffffffffeffff11c
0fffffffffffffffffffffffffffffffffffffffffffffffffffffffeffff11d
0fffffffffffffffffffffffffffffffffffffffffffffffffffffffeffff11e
0fffffffffffffffffffffffffffffffffffffffffffffffffffffffeffff11f
0fffffffffffffffffffffffffffffffffffffffffffffffffffffffeffff120
0fffffffffffffffffffffffffffffffffffffffffffffffffffffffeffff121
0fffffffffffffffffffffffffffffffffffffffffffffffffffffffeffff122
0fffffffffffffffffffffffffffffffffffffffffffffffffffffffeffff123
0fffffffffffffffffffffffffffffffffffffffffffffffffffffffeffff124
0fffffffffffffffffffffffffffffffffffffffffffffffffffffffeffff125
0fffffffffffffffffffffffffffffffffffffffffffffffffffffffeffff126
0fffffffffffffffffffffffffffffffffffffffffffffffffffffffeffff127
0fffffffffffffffffffffffffffffffffffffffffffffffffffffffeffff128
0fffffffffffffffffffffffffffffffffffffffffffffffffffffffeffff129
0fffffffffffffffffffffffffffffffffffffffffffffffffffffffeffff12a
0fffffffffffffffffffffffffffffffffffffffffffffffffffffffeffff12b
0fffffffffffffffffffffffffffffffffffffffffffffffffffffffeffff12c
0fffffffffffffffffffffffffffffffffffffffffffffffffffffffeffff12d
0fffffffffffffffffffffffffffffffffffffffffffffffffffffffeffff12e
0fffffffffffffffffffffffffffffffffffffffffffffffffffffffeffff12f
0fffffffffffffffffffffffffffffffffffffffffffffffffffffffeffff130
0fffffffffffffffffffffffffffffffffffffffffffffffffffffffeffff131
0fffffffffffffffffffffffffffffffffffffffffffffffffffffffeffff132
0fffffffffffffffffffffffffffffffffffffffffffffffffffffffeffff133
0fffffffffffffffffffffffffffffffffffffffffffffffffffffffeffff134
0fffffffffffffffffffffffffffffffffffffffffffffffffffffffeffff135
0fffffffffffffffffffffffffffffffffffffffffffffffffffffffeffff136
0fffffffffffffffffffffffffffffffffffffffffffffffffffffffeffff137
0fffffffffffffffffffffffffffffffffffffffffffffffffffffffeffff138
0fffffffffffffffffffffffffffffffffffffffffffffffffffffffeffff139
0fffffffffffffffffffffffffffffffffffffffffffffffffffffffeffff13a
0fffffffffffffffffffffffffffffffffffffffffffffffffffffffeffff13b
0fffffffffffffffffffffffffffffffffffffffffffffffffffffffeffff13c
0fffffffffffffffffffffffffffffffffffffffffffffffffffffffeffff13d
0fffffffffffffffffffffffffffffffffffffffffffffffffffffffeffff13e
0fffffffffffffffffffffffffffffffffffffffffffffffffffffffeffff13f
0fffffffffffffffffffffffffffffffffffffffffffffffffffffffeffff140
0fffffffffffffffffffffffffffffffffffffffffffffffffffffffeffff141
0fffffffffffffffffffffffffffffffffffffffffffffffffffffffeffff142
0fffffffffffffffffffffffffffffffffffffffffffffffffffffffeffff143
0fffffffffffffffffffffffffffffffffffffffffffffffffffffffeffff144
0fffffffffffffffffffffffffffffffffffffffffffffffffffffffeffff145
0fffffffffffffffffffffffffffffffffffffffffffffffffffffffeffff146
0fffffffffffffffffffffffffffffffffffffffffffffffffffffffeffff147
0fffffffffffffffffffffffffffffffffffffffffffffffffffffffeffff148
0fffffffffffffffffffffffffffffffffffffffffffffffffffffffeffff149
0fffffffffffffffffffffffffffffffffffffffffffffffffffffffeffff14a
0fffffffffffffffffffffffffffffffffffffffffffffffffffffffeffff14b
0fffffffffffffffffffffffffffffffffffffffffffffffffffffffeffff14c
0fffffffffffffffffffffffffffffffffffffffffffffffffffffffeffff14d
0fffffffffffffffffffffffffffffffffffffffffffffffffffffffeffff14e
0fffffffffffffffffffffffffffffffffffffffffffffffffffffffeffff14f
0fffffffffffffffffffffffffffffffffffffffffffffffffffffffeffff150
0fffffffffffffffffffffffffffffffffffffffffffffffffffffffeffff151
0fffffffffffffffffffffffffffffffffffffffffffffffffffffffeffff152
0fffffffffffffffffffffffffffffffffffffffffffffffffffffffeffff153
0fffffffffffffffffffffffffffffffffffffffffffffffffffffffeffff154
0fffffffffffffffffffffffffffffffffffffffffffffffffffffffeffff155
0fffffffffffffffffffffffffffffffffffffffffffffffffffffffeffff156
0fffffffffffffffffffffffffffffffffffffffffffffffffffffffeffff157
0fffffffffffffffffffffffffffffffffffffffffffffffffffffffeffff158
0fffffffffffffffffffffffffffffffffffffffffffffffffffffffeffff159
0fffffffffffffffffffffffffffffffffffffffffffffffffffffffeffff15a
0fffffffffffffffffffffffffffffffffffffffffffffffffffffffeffff15b
0fffffffffffffffffffffffffffffffffffffffffffffffffffffffeffff15c
0fffffffffffffffffffffffffffffffffffffffffffffffffffffffeffff15d
0fffffffffffffffffffffffffffffffffffffffffffffffffffffffeffff15e
0fffffffffffffffffffffffffffffffffffffffffffffffffffffffeffff15f
0fffffffffffffffffffffffffffffffffffffffffffffffffffffffeffff160
0fffffffffffffffffffffffffffffffffffffffffffffffffffffffeffff161
0fffffffffffffffffffffffffffffffffffffffffffffffffffffffeffff162
0fffffffffffffffffffffffffffffffffffffffffffffffffffffffeffff163
0fffffffffffffffffffffffffffffffffffffffffffffffffffffffeffff164
0fffffffffffffffffffffffffffffffffffffffffffffffffffffffeffff165
0fffffffffffffffffffffffffffffffffffffffffffffffffffffffeffff166
0fffffffffffffffffffffffffffffffffffffffffffffffffffffffeffff167
0fffffffffffffffffffffffffffffffffffffffffffffffffffffffeffff168
0fffffffffffffffffffffffffffffffffffffffffffffffffffffffeffff169
0fffffffffffffffffffffffffffffffffffffffffffffffffffffffeffff16a
0fffffffffffffffffffffffffffffffffffffffffffffffffffffffeffff16b
0fffffffffffffffffffffffffffffffffffffffffffffffffffffffeffff16c
0fffffffffffffffffffffffffffffffffffffffffffffffffffffffeffff16d
0fffffffffffffffffffffffffffffffffffffffffffffffffffffffeffff16e
0fffffffffffffffffffffffffffffffffffffffffffffffffffffffeffff16f
0fffffffffffffffffffffffffffffffffffffffffffffffffffffffeffff170
0fffffffffffffffffffffffffffffffffffffffffffffffffffffffeffff171
0fffffffffffffffffffffffffffffffffffffffffffffffffffffffeffff172
0fffffffffffffffffffffffffffffffffffffffffffffffffffffffeffff173
0fffffffffffffffffffffffffffffffffffffffffffffffffffffffeffff174
0fffffffffffffffffffffffffffffffffffffffffffffffffffffffeffff175
0fffffffffffffffffffffffffffffffffffffffffffffffffffffffeffff176
0fffffffffffffffffffffffffffffffffffffffffffffffffffffffeffff177
0fffffffffffffffffffffffffffffffffffffffffffffffffffffffeffff178
0fffffffffffffffffffffffffffffffffffffffffffffffffffffffeffff179
0fffffffffffffffffffffffffffffffffffffffffffffffffffffffeffff17a
0fffffffffffffffffffffffffffffffffffffffffffffffffffffffeffff17b
0fffffffffffffffffffffffffffffffffffffffffffffffffffffffeffff17c
0fffffffffffffffffffffffffffffffffffffffffffffffffffffffeffff17d
0fffffffffffffffffffffffffffffffffffffffffffffffffffffffeffff17e
0fffffffffffffffffffffffffffffffffffffffffffffffffffffffeffff17f
0fffffffffffffffffffffffffffffffffffffffffffffffffffffffeffff180
0fffffffffffffffffffffffffffffffffffffffffffffffffffffffeffff181
0fffffffffffffffffffffffffffffffffffffffffffffffffffffffeffff182
0fffffffffffffffffffffffffffffffffffffffffffffffffffffffeffff183
0fffffffffffffffffffffffffffffffffffffffffffffffffffffffeffff184
0fffffffffffffffffffffffffffffffffffffffffffffffffffffffeffff185
0fffffffffffffffffffffffffffffffffffffffffffffffffffffffeffff186
0fffffffffffffffffffffffffffffffffffffffffffffffffffffffeffff187
0fffffffffffffffffffffffffffffffffffffffffffffffffffffffeffff188
0fffffffffffffffffffffffffffffffffffffffffffffffffffffffeffff189
0fffffffffffffffffffffffffffffffffffffffffffffffffffffffeffff18a
0fffffffffffffffffffffffffffffffffffffffffffffffffffffffeffff18b
0fffffffffffffffffffffffffffffffffffffffffffffffffffffffeffff18c
0fffffffffffffffffffffffffffffffffffffffffffffffffffffffeffff18d
0fffffffffffffffffffffffffffffffffffffffffffffffffffffffeffff18e
0fffffffffffffffffffffffffffffffffffffffffffffffffffffffeffff18f
0fffffffffffffffffffffffffffffffffffffffffffffffffffffffeffff190
0fffffffffffffffffffffffffffffffffffffffffffffffffffffffeffff191
0fffffffffffffffffffffffffffffffffffffffffffffffffffffffeffff192
0fffffffffffffffffffffffffffffffffffffffffffffffffffffffeffff193
0fffffffffffffffffffffffffffffffffffffffffffffffffffffffeffff194
0fffffffffffffffffffffffffffffffffffffffffffffffffffffffeffff195
0fffffffffffffffffffffffffffffffffffffffffffffffffffffffeffff196
0fffffffffffffffffffffffffffffffffffffffffffffffffffffffeffff197
0fffffffffffffffffffffffffffffffffffffffffffffffffffffffeffff198
0fffffffffffffffffffffffffffffffffffffffffffffffffffffffeffff199
0fffffffffffffffffffffffffffffffffffffffffffffffffffffffeffff19a
0fffffffffffffffffffffffffffffffffffffffffffffffffffffffeffff19b
0fffffffffffffffffffffffffffffffffffffffffffffffffffffffeffff19c
0fffffffffffffffffffffffffffffffffffffffffffffffffffffffeffff19d
0fffffffffffffffffffffffffffffffffffffffffffffffffffffffeffff19e
0fffffffffffffffffffffffffffffffffffffffffffffffffffffffeffff19f
0fffffffffffffffffffffffffffffffffffffffffffffffffffffffeffff1a0
0fffffffffffffffffffffffffffffffffffffffffffffffffffffffeffff1a1
0fffffffffffffffffffffffffffffffffffffffffffffffffffffffeffff1a2
0fffffffffffffffffffffffffffffffffffffffffffffffffffffffeffff1a3
0fffffffffffffffffffffffffffffffffffffffffffffffffffffffeffff1a4
0fffffffffffffffffffffffffffffffffffffffffffffffffffffffeffff1a5
0fffffffffffffffffffffffffffffffffffffffffffffffffffffffeffff1a6
0fffffffffffffffffffffffffffffffffffffffffffffffffffffffeffff1a7
0fffffffffffffffffffffffffffffffffffffffffffffffffffffffeffff1a8
0fffffffffffffffffffffffffffffffffffffffffffffffffffffffeffff1a9
0fffffffffffffffffffffffffffffffffffffffffffffffffffffffeffff1aa
0fffffffffffffffffffffffffffffffffffffffffffffffffffffffeffff1ab
0fffffffffffffffffffffffffffffffffffffffffffffffffffffffeffff1ac
0fffffffffffffffffffffffffffffffffffffffffffffffffffffffeffff1ad
0fffffffffffffffffffffffffffffffffffffffffffffffffffffffeffff1ae
0fffffffffffffffffffffffffffffffffffffffffffffffffffffffeffff1af
0fffffffffffffffffffffffffffffffffffffffffffffffffffffffeffff1b0
0fffffffffffffffffffffffffffffffffffffffffffffffffffffffeffff1b1
0fffffffffffffffffffffffffffffffffffffffffffffffffffffffeffff1b2
0fffffffffffffffffffffffffffffffffffffffffffffffffffffffeffff1b3
0fffffffffffffffffffffffffffffffffffffffffffffffffffffffeffff1b4
0fffffffffffffffffffffffffffffffffffffffffffffffffffffffeffff1b5
0fffffffffffffffffffffffffffffffffffffffffffffffffffffffeffff1b6
0fffffffffffffffffffffffffffffffffffffffffffffffffffffffeffff1b7
0fffffffffffffffffffffffffffffffffffffffffffffffffffffffeffff1b8
0fffffffffffffffffffffffffffffffffffffffffffffffffffffffeffff1b9
0fffffffffffffffffffffffffffffffffffffffffffffffffffffffeffff1ba
0fffffffffffffffffffffffffffffffffffffffffffffffffffffffeffff1bb
0fffffffffffffffffffffffffffffffffffffffffffffffffffffffeffff1bc
0fffffffffffffffffffffffffffffffffffffffffffffffffffffffeffff1bd
0fffffffffffffffffffffffffffffffffffffffffffffffffffffffeffff1be
0fffffffffffffffffffffffffffffffffffffffffffffffffffffffeffff1bf
0fffffffffffffffffffffffffffffffffffffffffffffffffffffffeffff1c0
0fffffffffffffffffffffffffffffffffffffffffffffffffffffffeffff1c1
0fffffffffffffffffffffffffffffffffffffffffffffffffffffffeffff1c2
0fffffffffffffffffffffffffffffffffffffffffffffffffffffffeffff1c3
0fffffffffffffffffffffffffffffffffffffffffffffffffffffffeffff1c4
0fffffffffffffffffffffffffffffffffffffffffffffffffffffffeffff1c5
0fffffffffffffffffffffffffffffffffffffffffffffffffffffffeffff1c6
0fffffffffffffffffffffffffffffffffffffffffffffffffffffffeffff1c7
0fffffffffffffffffffffffffffffffffffffffffffffffffffffffeffff1c8
0fffffffffffffffffffffffffffffffffffffffffffffffffffffffeffff1c9
0fffffffffffffffffffffffffffffffffffffffffffffffffffffffeffff1ca
0fffffffffffffffffffffffffffffffffffffffffffffffffffffffeffff1cb
0fffffffffffffffffffffffffffffffffffffffffffffffffffffffeffff1cc
0fffffffffffffffffffffffffffffffffffffffffffffffffffffffeffff1cd
0fffffffffffffffffffffffffffffffffffffffffffffffffffffffeffff1ce
0fffffffffffffffffffffffffffffffffffffffffffffffffffffffeffff1cf
0fffffffffffffffffffffffffffffffffffffffffffffffffffffffeffff1d0
0fffffffffffffffffffffffffffffffffffffffffffffffffffffffeffff1d1
0fffffffffffffffffffffffffffffffffffffffffffffffffffffffeffff1d2
0fffffffffffffffffffffffffffffffffffffffffffffffffffffffeffff1d3
0fffffffffffffffffffffffffffffffffffffffffffffffffffffffeffff1d4
0fffffffffffffffffffffffffffffffffffffffffffffffffffffffeffff1d5
0fffffffffffffffffffffffffffffffffffffffffffffffffffffffeffff1d6
0fffffffffffffffffffffffffffffffffffffffffffffffffffffffeffff1d7
0fffffffffffffffffffffffffffffffffffffffffffffffffffffffeffff1d8
0fffffffffffffffffffffffffffffffffffffffffffffffffffffffeffff1d9
0fffffffffffffffffffffffffffffffffffffffffffffffffffffffeffff1da
0fffffffffffffffffffffffffffffffffffffffffffffffffffffffeffff1db
0fffffffffffffffffffffffffffffffffffffffffffffffffffffffeffff1dc
0fffffffffffffffffffffffffffffffffffffffffffffffffffffffeffff1dd
0fffffffffffffffffffffffffffffffffffffffffffffffffffffffeffff1de
0fffffffffffffffffffffffffffffffffffffffffffffffffffffffeffff1df
0fffffffffffffffffffffffffffffffffffffffffffffffffffffffeffff1e0
0fffffffffffffffffffffffffffffffffffffffffffffffffffffffeffff1e1
0fffffffffffffffffffffffffffffffffffffffffffffffffffffffeffff1e2
0fffffffffffffffffffffffffffffffffffffffffffffffffffffffeffff1e3
0fffffffffffffffffffffffffffffffffffffffffffffffffffffffeffff1e4
0fffffffffffffffffffffffffffffffffffffffffffffffffffffffeffff1e5
0fffffffffffffffffffffffffffffffffffffffffffffffffffffffeffff1e6
0fffffffffffffffffffffffffffffffffffffffffffffffffffffffeffff1e7
0fffffffffffffffffffffffffffffffffffffffffffffffffffffffeffff1e8
0fffffffffffffffffffffffffffffffffffffffffffffffffffffffeffff1e9
0fffffffffffffffffffffffffffffffffffffffffffffffffffffffeffff1ea
0fffffffffffffffffffffffffffffffffffffffffffffffffffffffeffff1eb
0fffffffffffffffffffffffffffffffffffffffffffffffffffffffeffff1ec
0fffffffffffffffffffffffffffffffffffffffffffffffffffffffeffff1ed
0fffffffffffffffffffffffffffffffffffffffffffffffffffffffeffff1ee
0fffffffffffffffffffffffffffffffffffffffffffffffffffffffeffff1ef
0fffffffffffffffffffffffffffffffffffffffffffffffffffffffeffff1f0
0fffffffffffffffffffffffffffffffffffffffffffffffffffffffeffff1f1
0fffffffffffffffffffffffffffffffffffffffffffffffffffffffeffff1f2
0fffffffffffffffffffffffffffffffffffffffffffffffffffffffeffff1f3
0fffffffffffffffffffffffffffffffffffffffffffffffffffffffeffff1f4
0fffffffffffffffffffffffffffffffffffffffffffffffffffffffeffff1f5
0fffffffffffffffffffffffffffffffffffffffffffffffffffffffeffff1f6
0fffffffffffffffffffffffffffffffffffffffffffffffffffffffeffff1f7
0fffffffffffffffffffffffffffffffffffffffffffffffffffffffeffff1f8
0fffffffffffffffffffffffffffffffffffffffffffffffffffffffeffff1f9
0fffffffffffffffffffffffffffffffffffffffffffffffffffffffeffff1fa
0fffffffffffffffffffffffffffffffffffffffffffffffffffffffeffff1fb
0fffffffffffffffffffffffffffffffffffffffffffffffffffffffeffff1fc
0fffffffffffffffffffffffffffffffffffffffffffffffffffffffeffff1fd
0fffffffffffffffffffffffffffffffffffffffffffffffffffffffeffff1fe
0fffffffffffffffffffffffffffffffffffffffffffffffffffffffeffff1ff
1fffffffffffffffffffffffffffffffffffffffffffffffffffffffdffff200
1fffffffffffffffffffffffffffffffffffffffffffffffffffffffdffff201
1fffffffffffffffffffffffffffffffffffffffffffffffffffffffdffff202
1fffffffffffffffffffffffffffffffffffffffffffffffffffffffdffff203
1fffffffffffffffffffffffffffffffffffffffffffffffffffffffdffff204
1fffffffffffffffffffffffffffffffffffffffffffffffffffffffdffff205
1fffffffffffffffffffffffffffffffffffffffffffffffffffffffdffff206
1fffffffffffffffffffffffffffffffffffffffffffffffffffffffdffff207
1fffffffffffffffffffffffffffffffffffffffffffffffffffffffdffff208
1fffffffffffffffffffffffffffffffffffffffffffffffffffffffdffff209
1fffffffffffffffffffffffffffffffffffffffffffffffffffffffdffff20a
1fffffffffffffffffffffffffffffffffffffffffffffffffffffffdffff20b
1fffffffffffffffffffffffffffffffffffffffffffffffffffffffdffff20c
1fffffffffffffffffffffffffffffffffffffffffffffffffffffffdffff20d
1fffffffffffffffffffffffffffffffffffffffffffffffffffffffdffff20e
1fffffffffffffffffffffffffffffffffffffffffffffffffffffffdffff20f
1fffffffffffffffffffffffffffffffffffffffffffffffffffffffdffff210
1fffffffffffffffffffffffffffffffffffffffffffffffffffffffdffff211
1fffffffffffffffffffffffffffffffffffffffffffffffffffffffdffff212
1fffffffffffffffffffffffffffffffffffffffffffffffffffffffdffff213
1fffffffffffffffffffffffffffffffffffffffffffffffffffffffdffff214
1fffffffffffffffffffffffffffffffffffffffffffffffffffffffdffff215
1fffffffffffffffffffffffffffffffffffffffffffffffffffffffdffff216
1fffffffffffffffffffffffffffffffffffffffffffffffffffffffdffff217
1fffffffffffffffffffffffffffffffffffffffffffffffffffffffdffff218
1fffffffffffffffffffffffffffffffffffffffffffffffffffffffdffff219
1fffffffffffffffffffffffffffffffffffffffffffffffffffffffdffff21a
1fffffffffffffffffffffffffffffffffffffffffffffffffffffffdffff21b
1fffffffffffffffffffffffffffffffffffffffffffffffffffffffdffff21c
1fffffffffffffffffffffffffffffffffffffffffffffffffffffffdffff21d
1fffffffffffffffffffffffffffffffffffffffffffffffffffffffdffff21e
1fffffffffffffffffffffffffffffffffffffffffffffffffffffffdffff21f
1fffffffffffffffffffffffffffffffffffffffffffffffffffffffdffff220
1fffffffffffffffffffffffffffffffffffffffffffffffffffffffdffff221
1fffffffffffffffffffffffffffffffffffffffffffffffffffffffdffff222
1fffffffffffffffffffffffffffffffffffffffffffffffffffffffdffff223
1fffffffffffffffffffffffffffffffffffffffffffffffffffffffdffff224
1fffffffffffffffffffffffffffffffffffffffffffffffffffffffdffff225
1fffffffffffffffffffffffffffffffffffffffffffffffffffffffdffff226
1fffffffffffffffffffffffffffffffffffffffffffffffffffffffdffff227
1fffffffffffffffffffffffffffffffffffffffffffffffffffffffdffff228
1fffffffffffffffffffffffffffffffffffffffffffffffffffffffdffff229
1fffffffffffffffffffffffffffffffffffffffffffffffffffffffdffff22a
1fffffffffffffffffffffffffffffffffffffffffffffffffffffffdffff22b
1fffffffffffffffffffffffffffffffffffffffffffffffffffffffdffff22c
1fffffffffffffffffffffffffffffffffffffffffffffffffffffffdffff22d
1fffffffffffffffffffffffffffffffffffffffffffffffffffffffdffff22e
1fffffffffffffffffffffffffffffffffffffffffffffffffffffffdffff22f
1fffffffffffffffffffffffffffffffffffffffffffffffffffffffdffff230
1fffffffffffffffffffffffffffffffffffffffffffffffffffffffdffff231
1fffffffffffffffffffffffffffffffffffffffffffffffffffffffdffff232
1fffffffffffffffffffffffffffffffffffffffffffffffffffffffdffff233
1fffffffffffffffffffffffffffffffffffffffffffffffffffffffdffff234
1fffffffffffffffffffffffffffffffffffffffffffffffffffffffdffff235
1fffffffffffffffffffffffffffffffffffffffffffffffffffffffdffff236
1fffffffffffffffffffffffffffffffffffffffffffffffffffffffdffff237
1fffffffffffffffffffffffffffffffffffffffffffffffffffffffdffff238
1fffffffffffffffffffffffffffffffffffffffffffffffffffffffdffff239
1fffffffffffffffffffffffffffffffffffffffffffffffffffffffdffff23a
1fffffffffffffffffffffffffffffffffffffffffffffffffffffffdffff23b
1fffffffffffffffffffffffffffffffffffffffffffffffffffffffdffff23c
1fffffffffffffffffffffffffffffffffffffffffffffffffffffffdffff23d
1fffffffffffffffffffffffffffffffffffffffffffffffffffffffdffff23e
1fffffffffffffffffffffffffffffffffffffffffffffffffffffffdffff23f
1fffffffffffffffffffffffffffffffffffffffffffffffffffffffdffff240
1fffffffffffffffffffffffffffffffffffffffffffffffffffffffdffff241
1fffffffffffffffffffffffffffffffffffffffffffffffffffffffdffff242
1fffffffffffffffffffffffffffffffffffffffffffffffffffffffdffff243
1fffffffffffffffffffffffffffffffffffffffffffffffffffffffdffff244
1fffffffffffffffffffffffffffffffffffffffffffffffffffffffdffff245
1fffffffffffffffffffffffffffffffffffffffffffffffffffffffdffff246
1fffffffffffffffffffffffffffffffffffffffffffffffffffffffdffff247
1fffffffffffffffffffffffffffffffffffffffffffffffffffffffdffff248
1fffffffffffffffffffffffffffffffffffffffffffffffffffffffdffff249
1fffffffffffffffffffffffffffffffffffffffffffffffffffffffdffff24a
1fffffffffffffffffffffffffffffffffffffffffffffffffffffffdffff24b
1fffffffffffffffffffffffffffffffffffffffffffffffffffffffdffff24c
1fffffffffffffffffffffffffffffffffffffffffffffffffffffffdffff24d
1fffffffffffffffffffffffffffffffffffffffffffffffffffffffdffff24e
1fffffffffffffffffffffffffffffffffffffffffffffffffffffffdffff24f
1fffffffffffffffffffffffffffffffffffffffffffffffffffffffdffff250
1fffffffffffffffffffffffffffffffffffffffffffffffffffffffdffff251
1fffffffffffffffffffffffffffffffffffffffffffffffffffffffdffff252
1fffffffffffffffffffffffffffffffffffffffffffffffffffffffdffff253
1fffffffffffffffffffffffffffffffffffffffffffffffffffffffdffff254
1fffffffffffffffffffffffffffffffffffffffffffffffffffffffdffff255
1fffffffffffffffffffffffffffffffffffffffffffffffffffffffdffff256
1fffffffffffffffffffffffffffffffffffffffffffffffffffffffdffff257
1fffffffffffffffffffffffffffffffffffffffffffffffffffffffdffff258
1fffffffffffffffffffffffffffffffffffffffffffffffffffffffdffff259
1fffffffffffffffffffffffffffffffffffffffffffffffffffffffdffff25a
1fffffffffffffffffffffffffffffffffffffffffffffffffffffffdffff25b
1fffffffffffffffffffffffffffffffffffffffffffffffffffffffdffff25c
1fffffffffffffffffffffffffffffffffffffffffffffffffffffffdffff25d
1fffffffffffffffffffffffffffffffffffffffffffffffffffffffdffff25e
1fffffffffffffffffffffffffffffffffffffffffffffffffffffffdffff25f
1fffffffffffffffffffffffffffffffffffffffffffffffffffffffdffff260
1fffffffffffffffffffffffffffffffffffffffffffffffffffffffdffff261
1fffffffffffffffffffffffffffffffffffffffffffffffffffffffdffff262
1fffffffffffffffffffffffffffffffffffffffffffffffffffffffdffff263
1fffffffffffffffffffffffffffffffffffffffffffffffffffffffdffff264
1fffffffffffffffffffffffffffffffffffffffffffffffffffffffdffff265
1fffffffffffffffffffffffffffffffffffffffffffffffffffffffdffff266
1fffffffffffffffffffffffffffffffffffffffffffffffffffffffdffff267
1fffffffffffffffffffffffffffffffffffffffffffffffffffffffdffff268
1fffffffffffffffffffffffffffffffffffffffffffffffffffffffdffff269
1fffffffffffffffffffffffffffffffffffffffffffffffffffffffdffff26a
1fffffffffffffffffffffffffffffffffffffffffffffffffffffffdffff26b
1fffffffffffffffffffffffffffffffffffffffffffffffffffffffdffff26c
1fffffffffffffffffffffffffffffffffffffffffffffffffffffffdffff26d
1fffffffffffffffffffffffffffffffffffffffffffffffffffffffdffff26e
1fffffffffffffffffffffffffffffffffffffffffffffffffffffffdffff26f
1fffffffffffffffffffffffffffffffffffffffffffffffffffffffdffff270
1fffffffffffffffffffffffffffffffffffffffffffffffffffffffdffff271
1fffffffffffffffffffffffffffffffffffffffffffffffffffffffdffff272
1fffffffffffffffffffffffffffffffffffffffffffffffffffffffdffff273
1fffffffffffffffffffffffffffffffffffffffffffffffffffffffdffff274
1fffffffffffffffffffffffffffffffffffffffffffffffffffffffdffff275
1fffffffffffffffffffffffffffffffffffffffffffffffffffffffdffff276
1fffffffffffffffffffffffffffffffffffffffffffffffffffffffdffff277
1fffffffffffffffffffffffffffffffffffffffffffffffffffffffdffff278
1fffffffffffffffffffffffffffffffffffffffffffffffffffffffdffff279
1fffffffffffffffffffffffffffffffffffffffffffffffffffffffdffff27a
1fffffffffffffffffffffffffffffffffffffffffffffffffffffffdffff27b
1fffffffffffffffffffffffffffffffffffffffffffffffffffffffdffff27c
1fffffffffffffffffffffffffffffffffffffffffffffffffffffffdffff27d
1fffffffffffffffffffffffffffffffffffffffffffffffffffffffdffff27e
1fffffffffffffffffffffffffffffffffffffffffffffffffffffffdffff27f
1fffffffffffffffffffffffffffffffffffffffffffffffffffffffdffff280
1fffffffffffffffffffffffffffffffffffffffffffffffffffffffdffff281
1fffffffffffffffffffffffffffffffffffffffffffffffffffffffdffff282
1fffffffffffffffffffffffffffffffffffffffffffffffffffffffdffff283
1fffffffffffffffffffffffffffffffffffffffffffffffffffffffdffff284
1fffffffffffffffffffffffffffffffffffffffffffffffffffffffdffff285
1fffffffffffffffffffffffffffffffffffffffffffffffffffffffdffff286
1fffffffffffffffffffffffffffffffffffffffffffffffffffffffdffff287
1fffffffffffffffffffffffffffffffffffffffffffffffffffffffdffff288
1fffffffffffffffffffffffffffffffffffffffffffffffffffffffdffff289
1fffffffffffffffffffffffffffffffffffffffffffffffffffffffdffff28a
1fffffffffffffffffffffffffffffffffffffffffffffffffffffffdffff28b
1fffffffffffffffffffffffffffffffffffffffffffffffffffffffdffff28c
1fffffffffffffffffffffffffffffffffffffffffffffffffffffffdffff28d
1fffffffffffffffffffffffffffffffffffffffffffffffffffffffdffff28e
1fffffffffffffffffffffffffffffffffffffffffffffffffffffffdffff28f
1fffffffffffffffffffffffffffffffffffffffffffffffffffffffdffff290
1fffffffffffffffffffffffffffffffffffffffffffffffffffffffdffff291
1fffffffffffffffffffffffffffffffffffffffffffffffffffffffdffff292
1fffffffffffffffffffffffffffffffffffffffffffffffffffffffdffff293
1fffffffffffffffffffffffffffffffffffffffffffffffffffffffdffff294
1fffffffffffffffffffffffffffffffffffffffffffffffffffffffdffff295
1fffffffffffffffffffffffffffffffffffffffffffffffffffffffdffff296
1fffffffffffffffffffffffffffffffffffffffffffffffffffffffdffff297
1fffffffffffffffffffffffffffffffffffffffffffffffffffffffdffff298
1fffffffffffffffffffffffffffffffffffffffffffffffffffffffdffff299
1fffffffffffffffffffffffffffffffffffffffffffffffffffffffdffff29a
1fffffffffffffffffffffffffffffffffffffffffffffffffffffffdffff29b
1fffffffffffffffffffffffffffffffffffffffffffffffffffffffdffff29c
1fffffffffffffffffffffffffffffffffffffffffffffffffffffffdffff29d
1fffffffffffffffffffffffffffffffffffffffffffffffffffffffdffff29e
1fffffffffffffffffffffffffffffffffffffffffffffffffffffffdffff29f
1fffffffffffffffffffffffffffffffffffffffffffffffffffffffdffff2a0
1fffffffffffffffffffffffffffffffffffffffffffffffffffffffdffff2a1
1fffffffffffffffffffffffffffffffffffffffffffffffffffffffdffff2a2
1fffffffffffffffffffffffffffffffffffffffffffffffffffffffdffff2a3
1fffffffffffffffffffffffffffffffffffffffffffffffffffffffdffff2a4
1fffffffffffffffffffffffffffffffffffffffffffffffffffffffdffff2a5
1fffffffffffffffffffffffffffffffffffffffffffffffffffffffdffff2a6
1fffffffffffffffffffffffffffffffffffffffffffffffffffffffdffff2a7
1fffffffffffffffffffffffffffffffffffffffffffffffffffffffdffff2a8
1fffffffffffffffffffffffffffffffffffffffffffffffffffffffdffff2a9
1fffffffffffffffffffffffffffffffffffffffffffffffffffffffdffff2aa
1fffffffffffffffffffffffffffffffffffffffffffffffffffffffdffff2ab
1fffffffffffffffffffffffffffffffffffffffffffffffffffffffdffff2ac
1fffffffffffffffffffffffffffffffffffffffffffffffffffffffdffff2ad
1fffffffffffffffffffffffffffffffffffffffffffffffffffffffdffff2ae
1fffffffffffffffffffffffffffffffffffffffffffffffffffffffdffff2af
1fffffffffffffffffffffffffffffffffffffffffffffffffffffffdffff2b0
1fffffffffffffffffffffffffffffffffffffffffffffffffffffffdffff2b1
1fffffffffffffffffffffffffffffffffffffffffffffffffffffffdffff2b2
1fffffffffffffffffffffffffffffffffffffffffffffffffffffffdffff2b3
1fffffffffffffffffffffffffffffffffffffffffffffffffffffffdffff2b4
1fffffffffffffffffffffffffffffffffffffffffffffffffffffffdffff2b5
1fffffffffffffffffffffffffffffffffffffffffffffffffffffffdffff2b6
1fffffffffffffffffffffffffffffffffffffffffffffffffffffffdffff2b7
1fffffffffffffffffffffffffffffffffffffffffffffffffffffffdffff2b8
1fffffffffffffffffffffffffffffffffffffffffffffffffffffffdffff2b9
1fffffffffffffffffffffffffffffffffffffffffffffffffffffffdffff2ba
1fffffffffffffffffffffffffffffffffffffffffffffffffffffffdffff2bb
1fffffffffffffffffffffffffffffffffffffffffffffffffffffffdffff2bc
1fffffffffffffffffffffffffffffffffffffffffffffffffffffffdffff2bd
1fffffffffffffffffffffffffffffffffffffffffffffffffffffffdffff2be
1fffffffffffffffffffffffffffffffffffffffffffffffffffffffdffff2bf
1fffffffffffffffffffffffffffffffffffffffffffffffffffffffdffff2c0
1fffffffffffffffffffffffffffffffffffffffffffffffffffffffdffff2c1
1fffffffffffffffffffffffffffffffffffffffffffffffffffffffdffff2c2
1fffffffffffffffffffffffffffffffffffffffffffffffffffffffdffff2c3
1fffffffffffffffffffffffffffffffffffffffffffffffffffffffdffff2c4
1fffffffffffffffffffffffffffffffffffffffffffffffffffffffdffff2c5
1fffffffffffffffffffffffffffffffffffffffffffffffffffffffdffff2c6
1fffffffffffffffffffffffffffffffffffffffffffffffffffffffdffff2c7
1fffffffffffffffffffffffffffffffffffffffffffffffffffffffdffff2c8
1fffffffffffffffffffffffffffffffffffffffffffffffffffffffdffff2c9
1fffffffffffffffffffffffffffffffffffffffffffffffffffffffdffff2ca
1fffffffffffffffffffffffffffffffffffffffffffffffffffffffdffff2cb
1fffffffffffffffffffffffffffffffffffffffffffffffffffffffdffff2cc
1fffffffffffffffffffffffffffffffffffffffffffffffffffffffdffff2cd
1fffffffffffffffffffffffffffffffffffffffffffffffffffffffdffff2ce
1fffffffffffffffffffffffffffffffffffffffffffffffffffffffdffff2cf
1fffffffffffffffffffffffffffffffffffffffffffffffffffffffdffff2d0
1fffffffffffffffffffffffffffffffffffffffffffffffffffffffdffff2d1
1fffffffffffffffffffffffffffffffffffffffffffffffffffffffdffff2d2
1fffffffffffffffffffffffffffffffffffffffffffffffffffffffdffff2d3
1fffffffffffffffffffffffffffffffffffffffffffffffffffffffdffff2d4
1fffffffffffffffffffffffffffffffffffffffffffffffffffffffdffff2d5
1fffffffffffffffffffffffffffffffffffffffffffffffffffffffdffff2d6
1fffffffffffffffffffffffffffffffffffffffffffffffffffffffdffff2d7
1fffffffffffffffffffffffffffffffffffffffffffffffffffffffdffff2d8
1fffffffffffffffffffffffffffffffffffffffffffffffffffffffdffff2d9
1fffffffffffffffffffffffffffffffffffffffffffffffffffffffdffff2da
1fffffffffffffffffffffffffffffffffffffffffffffffffffffffdffff2db
1fffffffffffffffffffffffffffffffffffffffffffffffffffffffdffff2dc
1fffffffffffffffffffffffffffffffffffffffffffffffffffffffdffff2dd
1fffffffffffffffffffffffffffffffffffffffffffffffffffffffdffff2de
1fffffffffffffffffffffffffffffffffffffffffffffffffffffffdffff2df
1fffffffffffffffffffffffffffffffffffffffffffffffffffffffdffff2e0
1fffffffffffffffffffffffffffffffffffffffffffffffffffffffdffff2e1
1fffffffffffffffffffffffffffffffffffffffffffffffffffffffdffff2e2
1fffffffffffffffffffffffffffffffffffffffffffffffffffffffdffff2e3
1fffffffffffffffffffffffffffffffffffffffffffffffffffffffdffff2e4
1fffffffffffffffffffffffffffffffffffffffffffffffffffffffdffff2e5
1fffffffffffffffffffffffffffffffffffffffffffffffffffffffdffff2e6
1fffffffffffffffffffffffffffffffffffffffffffffffffffffffdffff2e7
1fffffffffffffffffffffffffffffffffffffffffffffffffffffffdffff2e8
1fffffffffffffffffffffffffffffffffffffffffffffffffffffffdffff2e9
1fffffffffffffffffffffffffffffffffffffffffffffffffffffffdffff2ea
1fffffffffffffffffffffffffffffffffffffffffffffffffffffffdffff2eb
1fffffffffffffffffffffffffffffffffffffffffffffffffffffffdffff2ec
1fffffffffffffffffffffffffffffffffffffffffffffffffffffffdffff2ed
1fffffffffffffffffffffffffffffffffffffffffffffffffffffffdffff2ee
1fffffffffffffffffffffffffffffffffffffffffffffffffffffffdffff2ef
1fffffffffffffffffffffffffffffffffffffffffffffffffffffffdffff2f0
1fffffffffffffffffffffffffffffffffffffffffffffffffffffffdffff2f1
1fffffffffffffffffffffffffffffffffffffffffffffffffffffffdffff2f2
1fffffffffffffffffffffffffffffffffffffffffffffffffffffffdffff2f3
1fffffffffffffffffffffffffffffffffffffffffffffffffffffffdffff2f4
1fffffffffffffffffffffffffffffffffffffffffffffffffffffffdffff2f5
1fffffffffffffffffffffffffffffffffffffffffffffffffffffffdffff2f6
1fffffffffffffffffffffffffffffffffffffffffffffffffffffffdffff2f7
1fffffffffffffffffffffffffffffffffffffffffffffffffffffffdffff2f8
1fffffffffffffffffffffffffffffffffffffffffffffffffffffffdffff2f9
1fffffffffffffffffffffffffffffffffffffffffffffffffffffffdffff2fa
1fffffffffffffffffffffffffffffffffffffffffffffffffffffffdffff2fb
1fffffffffffffffffffffffffffffffffffffffffffffffffffffffdffff2fc
1fffffffffffffffffffffffffffffffffffffffffffffffffffffffdffff2fd
1fffffffffffffffffffffffffffffffffffffffffffffffffffffffdffff2fe
1fffffffffffffffffffffffffffffffffffffffffffffffffffffffdffff2ff
1fffffffffffffffffffffffffffffffffffffffffffffffffffffffdffff300
1fffffffffffffffffffffffffffffffffffffffffffffffffffffffdffff301
1fffffffffffffffffffffffffffffffffffffffffffffffffffffffdffff302
1fffffffffffffffffffffffffffffffffffffffffffffffffffffffdffff303
1fffffffffffffffffffffffffffffffffffffffffffffffffffffffdffff304
1fffffffffffffffffffffffffffffffffffffffffffffffffffffffdffff305
1fffffffffffffffffffffffffffffffffffffffffffffffffffffffdffff306
1fffffffffffffffffffffffffffffffffffffffffffffffffffffffdffff307
1fffffffffffffffffffffffffffffffffffffffffffffffffffffffdffff308
1fffffffffffffffffffffffffffffffffffffffffffffffffffffffdffff309
1fffffffffffffffffffffffffffffffffffffffffffffffffffffffdffff30a
1fffffffffffffffffffffffffffffffffffffffffffffffffffffffdffff30b
1fffffffffffffffffffffffffffffffffffffffffffffffffffffffdffff30c
1fffffffffffffffffffffffffffffffffffffffffffffffffffffffdffff30d
1fffffffffffffffffffffffffffffffffffffffffffffffffffffffdffff30e
1fffffffffffffffffffffffffffffffffffffffffffffffffffffffdffff30f
1fffffffffffffffffffffffffffffffffffffffffffffffffffffffdffff310
1fffffffffffffffffffffffffffffffffffffffffffffffffffffffdffff311
1fffffffffffffffffffffffffffffffffffffffffffffffffffffffdffff312
1fffffffffffffffffffffffffffffffffffffffffffffffffffffffdffff313
1fffffffffffffffffffffffffffffffffffffffffffffffffffffffdffff314
1fffffffffffffffffffffffffffffffffffffffffffffffffffffffdffff315
1fffffffffffffffffffffffffffffffffffffffffffffffffffffffdffff316
1fffffffffffffffffffffffffffffffffffffffffffffffffffffffdffff317
1fffffffffffffffffffffffffffffffffffffffffffffffffffffffdffff318
1fffffffffffffffffffffffffffffffffffffffffffffffffffffffdffff319
1fffffffffffffffffffffffffffffffffffffffffffffffffffffffdffff31a
1fffffffffffffffffffffffffffffffffffffffffffffffffffffffdffff31b
1fffffffffffffffffffffffffffffffffffffffffffffffffffffffdffff31c
1fffffffffffffffffffffffffffffffffffffffffffffffffffffffdffff31d
1fffffffffffffffffffffffffffffffffffffffffffffffffffffffdffff31e
1fffffffffffffffffffffffffffffffffffffffffffffffffffffffdffff31f
1fffffffffffffffffffffffffffffffffffffffffffffffffffffffdffff320
1fffffffffffffffffffffffffffffffffffffffffffffffffffffffdffff321
1fffffffffffffffffffffffffffffffffffffffffffffffffffffffdffff322
1fffffffffffffffffffffffffffffffffffffffffffffffffffffffdffff323
1fffffffffffffffffffffffffffffffffffffffffffffffffffffffdffff324
1fffffffffffffffffffffffffffffffffffffffffffffffffffffffdffff325
1fffffffffffffffffffffffffffffffffffffffffffffffffffffffdffff326
1fffffffffffffffffffffffffffffffffffffffffffffffffffffffdffff327
1fffffffffffffffffffffffffffffffffffffffffffffffffffffffdffff328
1fffffffffffffffffffffffffffffffffffffffffffffffffffffffdffff329
1fffffffffffffffffffffffffffffffffffffffffffffffffffffffdffff32a
1fffffffffffffffffffffffffffffffffffffffffffffffffffffffdffff32b
1fffffffffffffffffffffffffffffffffffffffffffffffffffffffdffff32c
1fffffffffffffffffffffffffffffffffffffffffffffffffffffffdffff32d
1fffffffffffffffffffffffffffffffffffffffffffffffffffffffdffff32e
1fffffffffffffffffffffffffffffffffffffffffffffffffffffffdffff32f
1fffffffffffffffffffffffffffffffffffffffffffffffffffffffdffff330
1fffffffffffffffffffffffffffffffffffffffffffffffffffffffdffff331
1fffffffffffffffffffffffffffffffffffffffffffffffffffffffdffff332
1fffffffffffffffffffffffffffffffffffffffffffffffffffffffdffff333
1fffffffffffffffffffffffffffffffffffffffffffffffffffffffdffff334
1fffffffffffffffffffffffffffffffffffffffffffffffffffffffdffff335
1fffffffffffffffffffffffffffffffffffffffffffffffffffffffdffff336
1fffffffffffffffffffffffffffffffffffffffffffffffffffffffdffff337
1fffffffffffffffffffffffffffffffffffffffffffffffffffffffdffff338
1fffffffffffffffffffffffffffffffffffffffffffffffffffffffdffff339
1fffffffffffffffffffffffffffffffffffffffffffffffffffffffdffff33a
1fffffffffffffffffffffffffffffffffffffffffffffffffffffffdffff33b
1fffffffffffffffffffffffffffffffffffffffffffffffffffffffdffff33c
1fffffffffffffffffffffffffffffffffffffffffffffffffffffffdffff33d
1fffffffffffffffffffffffffffffffffffffffffffffffffffffffdffff33e
1fffffffffffffffffffffffffffffffffffffffffffffffffffffffdffff33f
1fffffffffffffffffffffffffffffffffffffffffffffffffffffffdffff340
1fffffffffffffffffffffffffffffffffffffffffffffffffffffffdffff341
1fffffffffffffffffffffffffffffffffffffffffffffffffffffffdffff342
1fffffffffffffffffffffffffffffffffffffffffffffffffffffffdffff343
1fffffffffffffffffffffffffffffffffffffffffffffffffffffffdffff344
1fffffffffffffffffffffffffffffffffffffffffffffffffffffffdffff345
1fffffffffffffffffffffffffffffffffffffffffffffffffffffffdffff346
1fffffffffffffffffffffffffffffffffffffffffffffffffffffffdffff347
1fffffffffffffffffffffffffffffffffffffffffffffffffffffffdffff348
1fffffffffffffffffffffffffffffffffffffffffffffffffffffffdffff349
1fffffffffffffffffffffffffffffffffffffffffffffffffffffffdffff34a
1fffffffffffffffffffffffffffffffffffffffffffffffffffffffdffff34b
1fffffffffffffffffffffffffffffffffffffffffffffffffffffffdffff34c
1fffffffffffffffffffffffffffffffffffffffffffffffffffffffdffff34d
1fffffffffffffffffffffffffffffffffffffffffffffffffffffffdffff34e
1fffffffffffffffffffffffffffffffffffffffffffffffffffffffdffff34f
1fffffffffffffffffffffffffffffffffffffffffffffffffffffffdffff350
1fffffffffffffffffffffffffffffffffffffffffffffffffffffffdffff351
1fffffffffffffffffffffffffffffffffffffffffffffffffffffffdffff352
1fffffffffffffffffffffffffffffffffffffffffffffffffffffffdffff353
1fffffffffffffffffffffffffffffffffffffffffffffffffffffffdffff354
1fffffffffffffffffffffffffffffffffffffffffffffffffffffffdffff355
1fffffffffffffffffffffffffffffffffffffffffffffffffffffffdffff356
1fffffffffffffffffffffffffffffffffffffffffffffffffffffffdffff357
1fffffffffffffffffffffffffffffffffffffffffffffffffffffffdffff358
1fffffffffffffffffffffffffffffffffffffffffffffffffffffffdffff359
1fffffffffffffffffffffffffffffffffffffffffffffffffffffffdffff35a
1fffffffffffffffffffffffffffffffffffffffffffffffffffffffdffff35b
1fffffffffffffffffffffffffffffffffffffffffffffffffffffffdffff35c
1fffffffffffffffffffffffffffffffffffffffffffffffffffffffdffff35d
1fffffffffffffffffffffffffffffffffffffffffffffffffffffffdffff35e
1fffffffffffffffffffffffffffffffffffffffffffffffffffffffdffff35f
1fffffffffffffffffffffffffffffffffffffffffffffffffffffffdffff360
1fffffffffffffffffffffffffffffffffffffffffffffffffffffffdffff361
1fffffffffffffffffffffffffffffffffffffffffffffffffffffffdffff362
1fffffffffffffffffffffffffffffffffffffffffffffffffffffffdffff363
1fffffffffffffffffffffffffffffffffffffffffffffffffffffffdffff364
1fffffffffffffffffffffffffffffffffffffffffffffffffffffffdffff365
1fffffffffffffffffffffffffffffffffffffffffffffffffffffffdffff366
1fffffffffffffffffffffffffffffffffffffffffffffffffffffffdffff367
1fffffffffffffffffffffffffffffffffffffffffffffffffffffffdffff368
1fffffffffffffffffffffffffffffffffffffffffffffffffffffffdffff369
1fffffffffffffffffffffffffffffffffffffffffffffffffffffffdffff36a
1fffffffffffffffffffffffffffffffffffffffffffffffffffffffdffff36b
1fffffffffffffffffffffffffffffffffffffffffffffffffffffffdffff36c
1fffffffffffffffffffffffffffffffffffffffffffffffffffffffdffff36d
1fffffffffffffffffffffffffffffffffffffffffffffffffffffffdffff36e
1fffffffffffffffffffffffffffffffffffffffffffffffffffffffdffff36f
1fffffffffffffffffffffffffffffffffffffffffffffffffffffffdffff370
1fffffffffffffffffffffffffffffffffffffffffffffffffffffffdffff371
1fffffffffffffffffffffffffffffffffffffffffffffffffffffffdffff372
1fffffffffffffffffffffffffffffffffffffffffffffffffffffffdffff373
1fffffffffffffffffffffffffffffffffffffffffffffffffffffffdffff374
1fffffffffffffffffffffffffffffffffffffffffffffffffffffffdffff375
1fffffffffffffffffffffffffffffffffffffffffffffffffffffffdffff376
1fffffffffffffffffffffffffffffffffffffffffffffffffffffffdffff377
1fffffffffffffffffffffffffffffffffffffffffffffffffffffffdffff378
1fffffffffffffffffffffffffffffffffffffffffffffffffffffffdffff379
1fffffffffffffffffffffffffffffffffffffffffffffffffffffffdffff37a
1fffffffffffffffffffffffffffffffffffffffffffffffffffffffdffff37b
1fffffffffffffffffffffffffffffffffffffffffffffffffffffffdffff37c
1fffffffffffffffffffffffffffffffffffffffffffffffffffffffdffff37d
1fffffffffffffffffffffffffffffffffffffffffffffffffffffffdffff37e
1fffffffffffffffffffffffffffffffffffffffffffffffffffffffdffff37f
1fffffffffffffffffffffffffffffffffffffffffffffffffffffffdffff380
1fffffffffffffffffffffffffffffffffffffffffffffffffffffffdffff381
1fffffffffffffffffffffffffffffffffffffffffffffffffffffffdffff382
1fffffffffffffffffffffffffffffffffffffffffffffffffffffffdffff383
1fffffffffffffffffffffffffffffffffffffffffffffffffffffffdffff384
1fffffffffffffffffffffffffffffffffffffffffffffffffffffffdffff385
1fffffffffffffffffffffffffffffffffffffffffffffffffffffffdffff386
1fffffffffffffffffffffffffffffffffffffffffffffffffffffffdffff387
1fffffffffffffffffffffffffffffffffffffffffffffffffffffffdffff388
1fffffffffffffffffffffffffffffffffffffffffffffffffffffffdffff389
1fffffffffffffffffffffffffffffffffffffffffffffffffffffffdffff38a
1fffffffffffffffffffffffffffffffffffffffffffffffffffffffdffff38b
1fffffffffffffffffffffffffffffffffffffffffffffffffffffffdffff38c
1fffffffffffffffffffffffffffffffffffffffffffffffffffffffdffff38d
1fffffffffffffffffffffffffffffffffffffffffffffffffffffffdffff38e
1fffffffffffffffffffffffffffffffffffffffffffffffffffffffdffff38f
1fffffffffffffffffffffffffffffffffffffffffffffffffffffffdffff390
1fffffffffffffffffffffffffffffffffffffffffffffffffffffffdffff391
1fffffffffffffffffffffffffffffffffffffffffffffffffffffffdffff392
1fffffffffffffffffffffffffffffffffffffffffffffffffffffffdffff393
1fffffffffffffffffffffffffffffffffffffffffffffffffffffffdffff394
1fffffffffffffffffffffffffffffffffffffffffffffffffffffffdffff395
1fffffffffffffffffffffffffffffffffffffffffffffffffffffffdffff396
1fffffffffffffffffffffffffffffffffffffffffffffffffffffffdffff397
1fffffffffffffffffffffffffffffffffffffffffffffffffffffffdffff398
1fffffffffffffffffffffffffffffffffffffffffffffffffffffffdffff399
1fffffffffffffffffffffffffffffffffffffffffffffffffffffffdffff39a
1fffffffffffffffffffffffffffffffffffffffffffffffffffffffdffff39b
1fffffffffffffffffffffffffffffffffffffffffffffffffffffffdffff39c
1fffffffffffffffffffffffffffffffffffffffffffffffffffffffdffff39d
1fffffffffffffffffffffffffffffffffffffffffffffffffffffffdffff39e
1fffffffffffffffffffffffffffffffffffffffffffffffffffffffdffff39f
1fffffffffffffffffffffffffffffffffffffffffffffffffffffffdffff3a0
1fffffffffffffffffffffffffffffffffffffffffffffffffffffffdffff3a1
1fffffffffffffffffffffffffffffffffffffffffffffffffffffffdffff3a2
1fffffffffffffffffffffffffffffffffffffffffffffffffffffffdffff3a3
1fffffffffffffffffffffffffffffffffffffffffffffffffffffffdffff3a4
1fffffffffffffffffffffffffffffffffffffffffffffffffffffffdffff3a5
1fffffffffffffffffffffffffffffffffffffffffffffffffffffffdffff3a6
1fffffffffffffffffffffffffffffffffffffffffffffffffffffffdffff3a7
1fffffffffffffffffffffffffffffffffffffffffffffffffffffffdffff3a8
1fffffffffffffffffffffffffffffffffffffffffffffffffffffffdffff3a9
1fffffffffffffffffffffffffffffffffffffffffffffffffffffffdffff3aa
1fffffffffffffffffffffffffffffffffffffffffffffffffffffffdffff3ab
1fffffffffffffffffffffffffffffffffffffffffffffffffffffffdffff3ac
1fffffffffffffffffffffffffffffffffffffffffffffffffffffffdffff3ad
1fffffffffffffffffffffffffffffffffffffffffffffffffffffffdffff3ae
1fffffffffffffffffffffffffffffffffffffffffffffffffffffffdffff3af
1fffffffffffffffffffffffffffffffffffffffffffffffffffffffdffff3b0
1fffffffffffffffffffffffffffffffffffffffffffffffffffffffdffff3b1
1fffffffffffffffffffffffffffffffffffffffffffffffffffffffdffff3b2
1fffffffffffffffffffffffffffffffffffffffffffffffffffffffdffff3b3
1fffffffffffffffffffffffffffffffffffffffffffffffffffffffdffff3b4
1fffffffffffffffffffffffffffffffffffffffffffffffffffffffdffff3b5
1fffffffffffffffffffffffffffffffffffffffffffffffffffffffdffff3b6
1fffffffffffffffffffffffffffffffffffffffffffffffffffffffdffff3b7
1fffffffffffffffffffffffffffffffffffffffffffffffffffffffdffff3b8
1fffffffffffffffffffffffffffffffffffffffffffffffffffffffdffff3b9
1fffffffffffffffffffffffffffffffffffffffffffffffffffffffdffff3ba
1fffffffffffffffffffffffffffffffffffffffffffffffffffffffdffff3bb
1fffffffffffffffffffffffffffffffffffffffffffffffffffffffdffff3bc
1fffffffffffffffffffffffffffffffffffffffffffffffffffffffdffff3bd
1fffffffffffffffffffffffffffffffffffffffffffffffffffffffdffff3be
1fffffffffffffffffffffffffffffffffffffffffffffffffffffffdffff3bf
1fffffffffffffffffffffffffffffffffffffffffffffffffffffffdffff3c0
1fffffffffffffffffffffffffffffffffffffffffffffffffffffffdffff3c1
1fffffffffffffffffffffffffffffffffffffffffffffffffffffffdffff3c2
1fffffffffffffffffffffffffffffffffffffffffffffffffffffffdffff3c3
1fffffffffffffffffffffffffffffffffffffffffffffffffffffffdffff3c4
1fffffffffffffffffffffffffffffffffffffffffffffffffffffffdffff3c5
1fffffffffffffffffffffffffffffffffffffffffffffffffffffffdffff3c6
1fffffffffffffffffffffffffffffffffffffffffffffffffffffffdffff3c7
1fffffffffffffffffffffffffffffffffffffffffffffffffffffffdffff3c8
1fffffffffffffffffffffffffffffffffffffffffffffffffffffffdffff3c9
1fffffffffffffffffffffffffffffffffffffffffffffffffffffffdffff3ca
1fffffffffffffffffffffffffffffffffffffffffffffffffffffffdffff3cb
1fffffffffffffffffffffffffffffffffffffffffffffffffffffffdffff3cc
1fffffffffffffffffffffffffffffffffffffffffffffffffffffffdffff3cd
1fffffffffffffffffffffffffffffffffffffffffffffffffffffffdffff3ce
1fffffffffffffffffffffffffffffffffffffffffffffffffffffffdffff3cf
1fffffffffffffffffffffffffffffffffffffffffffffffffffffffdffff3d0
1fffffffffffffffffffffffffffffffffffffffffffffffffffffffdffff3d1
1fffffffffffffffffffffffffffffffffffffffffffffffffffffffdffff3d2
1fffffffffffffffffffffffffffffffffffffffffffffffffffffffdffff3d3
1fffffffffffffffffffffffffffffffffffffffffffffffffffffffdffff3d4
1fffffffffffffffffffffffffffffffffffffffffffffffffffffffdffff3d5
1fffffffffffffffffffffffffffffffffffffffffffffffffffffffdffff3d6
1fffffffffffffffffffffffffffffffffffffffffffffffffffffffdffff3d7
1fffffffffffffffffffffffffffffffffffffffffffffffffffffffdffff3d8
1fffffffffffffffffffffffffffffffffffffffffffffffffffffffdffff3d9
1fffffffffffffffffffffffffffffffffffffffffffffffffffffffdffff3da
1fffffffffffffffffffffffffffffffffffffffffffffffffffffffdffff3db
1fffffffffffffffffffffffffffffffffffffffffffffffffffffffdffff3dc
1fffffffffffffffffffffffffffffffffffffffffffffffffffffffdffff3dd
1fffffffffffffffffffffffffffffffffffffffffffffffffffffffdffff3de
1fffffffffffffffffffffffffffffffffffffffffffffffffffffffdffff3df
1fffffffffffffffffffffffffffffffffffffffffffffffffffffffdffff3e0
1fffffffffffffffffffffffffffffffffffffffffffffffffffffffdffff3e1
1fffffffffffffffffffffffffffffffffffffffffffffffffffffffdffff3e2
1fffffffffffffffffffffffffffffffffffffffffffffffffffffffdffff3e3
1fffffffffffffffffffffffffffffffffffffffffffffffffffffffdffff3e4
1fffffffffffffffffffffffffffffffffffffffffffffffffffffffdffff3e5
1fffffffffffffffffffffffffffffffffffffffffffffffffffffffdffff3e6
1fffffffffffffffffffffffffffffffffffffffffffffffffffffffdffff3e7
1fffffffffffffffffffffffffffffffffffffffffffffffffffffffdffff3e8
1fffffffffffffffffffffffffffffffffffffffffffffffffffffffdffff3e9
1fffffffffffffffffffffffffffffffffffffffffffffffffffffffdffff3ea
1fffffffffffffffffffffffffffffffffffffffffffffffffffffffdffff3eb
1fffffffffffffffffffffffffffffffffffffffffffffffffffffffdffff3ec
1fffffffffffffffffffffffffffffffffffffffffffffffffffffffdffff3ed
1fffffffffffffffffffffffffffffffffffffffffffffffffffffffdffff3ee
1fffffffffffffffffffffffffffffffffffffffffffffffffffffffdffff3ef
1fffffffffffffffffffffffffffffffffffffffffffffffffffffffdffff3f0
1fffffffffffffffffffffffffffffffffffffffffffffffffffffffdffff3f1
1fffffffffffffffffffffffffffffffffffffffffffffffffffffffdffff3f2
1fffffffffffffffffffffffffffffffffffffffffffffffffffffffdffff3f3
1fffffffffffffffffffffffffffffffffffffffffffffffffffffffdffff3f4
1fffffffffffffffffffffffffffffffffffffffffffffffffffffffdffff3f5
1fffffffffffffffffffffffffffffffffffffffffffffffffffffffdffff3f6
1fffffffffffffffffffffffffffffffffffffffffffffffffffffffdffff3f7
1fffffffffffffffffffffffffffffffffffffffffffffffffffffffdffff3f8
1fffffffffffffffffffffffffffffffffffffffffffffffffffffffdffff3f9
1fffffffffffffffffffffffffffffffffffffffffffffffffffffffdffff3fa
1fffffffffffffffffffffffffffffffffffffffffffffffffffffffdffff3fb
1fffffffffffffffffffffffffffffffffffffffffffffffffffffffdffff3fc
1fffffffffffffffffffffffffffffffffffffffffffffffffffffffdffff3fd
1fffffffffffffffffffffffffffffffffffffffffffffffffffffffdffff3fe
1fffffffffffffffffffffffffffffffffffffffffffffffffffffffdffff3ff
2fffffffffffffffffffffffffffffffffffffffffffffffffffffffcffff400
2fffffffffffffffffffffffffffffffffffffffffffffffffffffffcffff401
2fffffffffffffffffffffffffffffffffffffffffffffffffffffffcffff402
2fffffffffffffffffffffffffffffffffffffffffffffffffffffffcffff403
2fffffffffffffffffffffffffffffffffffffffffffffffffffffffcffff404
2fffffffffffffffffffffffffffffffffffffffffffffffffffffffcffff405
2fffffffffffffffffffffffffffffffffffffffffffffffffffffffcffff406
2fffffffffffffffffffffffffffffffffffffffffffffffffffffffcffff407
2fffffffffffffffffffffffffffffffffffffffffffffffffffffffcffff408
2fffffffffffffffffffffffffffffffffffffffffffffffffffffffcffff409
2fffffffffffffffffffffffffffffffffffffffffffffffffffffffcffff40a
2fffffffffffffffffffffffffffffffffffffffffffffffffffffffcffff40b
2fffffffffffffffffffffffffffffffffffffffffffffffffffffffcffff40c
2fffffffffffffffffffffffffffffffffffffffffffffffffffffffcffff40d
2fffffffffffffffffffffffffffffffffffffffffffffffffffffffcffff40e
2fffffffffffffffffffffffffffffffffffffffffffffffffffffffcffff40f
2fffffffffffffffffffffffffffffffffffffffffffffffffffffffcffff410
2fffffffffffffffffffffffffffffffffffffffffffffffffffffffcffff411
2fffffffffffffffffffffffffffffffffffffffffffffffffffffffcffff412
2fffffffffffffffffffffffffffffffffffffffffffffffffffffffcffff413
2fffffffffffffffffffffffffffffffffffffffffffffffffffffffcffff414
2fffffffffffffffffffffffffffffffffffffffffffffffffffffffcffff415
2fffffffffffffffffffffffffffffffffffffffffffffffffffffffcffff416
2fffffffffffffffffffffffffffffffffffffffffffffffffffffffcffff417
2fffffffffffffffffffffffffffffffffffffffffffffffffffffffcffff418
2fffffffffffffffffffffffffffffffffffffffffffffffffffffffcffff419
2fffffffffffffffffffffffffffffffffffffffffffffffffffffffcffff41a
2fffffffffffffffffffffffffffffffffffffffffffffffffffffffcffff41b
2fffffffffffffffffffffffffffffffffffffffffffffffffffffffcffff41c
2fffffffffffffffffffffffffffffffffffffffffffffffffffffffcffff41d
2fffffffffffffffffffffffffffffffffffffffffffffffffffffffcffff41e
2fffffffffffffffffffffffffffffffffffffffffffffffffffffffcffff41f
2fffffffffffffffffffffffffffffffffffffffffffffffffffffffcffff420
2fffffffffffffffffffffffffffffffffffffffffffffffffffffffcffff421
2fffffffffffffffffffffffffffffffffffffffffffffffffffffffcffff422
2fffffffffffffffffffffffffffffffffffffffffffffffffffffffcffff423
2fffffffffffffffffffffffffffffffffffffffffffffffffffffffcffff424
2fffffffffffffffffffffffffffffffffffffffffffffffffffffffcffff425
2fffffffffffffffffffffffffffffffffffffffffffffffffffffffcffff426
2fffffffffffffffffffffffffffffffffffffffffffffffffffffffcffff427
2fffffffffffffffffffffffffffffffffffffffffffffffffffffffcffff428
2fffffffffffffffffffffffffffffffffffffffffffffffffffffffcffff429
2fffffffffffffffffffffffffffffffffffffffffffffffffffffffcffff42a
2fffffffffffffffffffffffffffffffffffffffffffffffffffffffcffff42b
2fffffffffffffffffffffffffffffffffffffffffffffffffffffffcffff42c
2fffffffffffffffffffffffffffffffffffffffffffffffffffffffcffff42d
2fffffffffffffffffffffffffffffffffffffffffffffffffffffffcffff42e
2fffffffffffffffffffffffffffffffffffffffffffffffffffffffcffff42f
2fffffffffffffffffffffffffffffffffffffffffffffffffffffffcffff430
2fffffffffffffffffffffffffffffffffffffffffffffffffffffffcffff431
2fffffffffffffffffffffffffffffffffffffffffffffffffffffffcffff432
2fffffffffffffffffffffffffffffffffffffffffffffffffffffffcffff433
2fffffffffffffffffffffffffffffffffffffffffffffffffffffffcffff434
2fffffffffffffffffffffffffffffffffffffffffffffffffffffffcffff435
2fffffffffffffffffffffffffffffffffffffffffffffffffffffffcffff436
2fffffffffffffffffffffffffffffffffffffffffffffffffffffffcffff437
2fffffffffffffffffffffffffffffffffffffffffffffffffffffffcffff438
2fffffffffffffffffffffffffffffffffffffffffffffffffffffffcffff439
2fffffffffffffffffffffffffffffffffffffffffffffffffffffffcffff43a
2fffffffffffffffffffffffffffffffffffffffffffffffffffffffcffff43b
2fffffffffffffffffffffffffffffffffffffffffffffffffffffffcffff43c
2fffffffffffffffffffffffffffffffffffffffffffffffffffffffcffff43d
2fffffffffffffffffffffffffffffffffffffffffffffffffffffffcffff43e
2fffffffffffffffffffffffffffffffffffffffffffffffffffffffcffff43f
2fffffffffffffffffffffffffffffffffffffffffffffffffffffffcffff440
2fffffffffffffffffffffffffffffffffffffffffffffffffffffffcffff441
2fffffffffffffffffffffffffffffffffffffffffffffffffffffffcffff442
2fffffffffffffffffffffffffffffffffffffffffffffffffffffffcffff443
2fffffffffffffffffffffffffffffffffffffffffffffffffffffffcffff444
2fffffffffffffffffffffffffffffffffffffffffffffffffffffffcffff445
2fffffffffffffffffffffffffffffffffffffffffffffffffffffffcffff446
2fffffffffffffffffffffffffffffffffffffffffffffffffffffffcffff447
2fffffffffffffffffffffffffffffffffffffffffffffffffffffffcffff448
2fffffffffffffffffffffffffffffffffffffffffffffffffffffffcffff449
2fffffffffffffffffffffffffffffffffffffffffffffffffffffffcffff44a
2fffffffffffffffffffffffffffffffffffffffffffffffffffffffcffff44b
2fffffffffffffffffffffffffffffffffffffffffffffffffffffffcffff44c
2fffffffffffffffffffffffffffffffffffffffffffffffffffffffcffff44d
2fffffffffffffffffffffffffffffffffffffffffffffffffffffffcffff44e
2fffffffffffffffffffffffffffffffffffffffffffffffffffffffcffff44f
2fffffffffffffffffffffffffffffffffffffffffffffffffffffffcffff450
2fffffffffffffffffffffffffffffffffffffffffffffffffffffffcffff451
2fffffffffffffffffffffffffffffffffffffffffffffffffffffffcffff452
2fffffffffffffffffffffffffffffffffffffffffffffffffffffffcffff453
2fffffffffffffffffffffffffffffffffffffffffffffffffffffffcffff454
2fffffffffffffffffffffffffffffffffffffffffffffffffffffffcffff455
2fffffffffffffffffffffffffffffffffffffffffffffffffffffffcffff456
2fffffffffffffffffffffffffffffffffffffffffffffffffffffffcffff457
2fffffffffffffffffffffffffffffffffffffffffffffffffffffffcffff458
2fffffffffffffffffffffffffffffffffffffffffffffffffffffffcffff459
2fffffffffffffffffffffffffffffffffffffffffffffffffffffffcffff45a
2fffffffffffffffffffffffffffffffffffffffffffffffffffffffcffff45b
2fffffffffffffffffffffffffffffffffffffffffffffffffffffffcffff45c
2fffffffffffffffffffffffffffffffffffffffffffffffffffffffcffff45d
2fffffffffffffffffffffffffffffffffffffffffffffffffffffffcffff45e
2fffffffffffffffffffffffffffffffffffffffffffffffffffffffcffff45f
2fffffffffffffffffffffffffffffffffffffffffffffffffffffffcffff460
2fffffffffffffffffffffffffffffffffffffffffffffffffffffffcffff461
2fffffffffffffffffffffffffffffffffffffffffffffffffffffffcffff462
2fffffffffffffffffffffffffffffffffffffffffffffffffffffffcffff463
2fffffffffffffffffffffffffffffffffffffffffffffffffffffffcffff464
2fffffffffffffffffffffffffffffffffffffffffffffffffffffffcffff465
2fffffffffffffffffffffffffffffffffffffffffffffffffffffffcffff466
2fffffffffffffffffffffffffffffffffffffffffffffffffffffffcffff467
2fffffffffffffffffffffffffffffffffffffffffffffffffffffffcffff468
2fffffffffffffffffffffffffffffffffffffffffffffffffffffffcffff469
2fffffffffffffffffffffffffffffffffffffffffffffffffffffffcffff46a
2fffffffffffffffffffffffffffffffffffffffffffffffffffffffcffff46b
2fffffffffffffffffffffffffffffffffffffffffffffffffffffffcffff46c
2fffffffffffffffffffffffffffffffffffffffffffffffffffffffcffff46d
2fffffffffffffffffffffffffffffffffffffffffffffffffffffffcffff46e
2fffffffffffffffffffffffffffffffffffffffffffffffffffffffcffff46f
2fffffffffffffffffffffffffffffffffffffffffffffffffffffffcffff470
2fffffffffffffffffffffffffffffffffffffffffffffffffffffffcffff471
2fffffffffffffffffffffffffffffffffffffffffffffffffffffffcffff472
2fffffffffffffffffffffffffffffffffffffffffffffffffffffffcffff473
2fffffffffffffffffffffffffffffffffffffffffffffffffffffffcffff474
2fffffffffffffffffffffffffffffffffffffffffffffffffffffffcffff475
2fffffffffffffffffffffffffffffffffffffffffffffffffffffffcffff476
2fffffffffffffffffffffffffffffffffffffffffffffffffffffffcffff477
2fffffffffffffffffffffffffffffffffffffffffffffffffffffffcffff478
2fffffffffffffffffffffffffffffffffffffffffffffffffffffffcffff479
2fffffffffffffffffffffffffffffffffffffffffffffffffffffffcffff47a
2fffffffffffffffffffffffffffffffffffffffffffffffffffffffcffff47b
2fffffffffffffffffffffffffffffffffffffffffffffffffffffffcffff47c
2fffffffffffffffffffffffffffffffffffffffffffffffffffffffcffff47d
2fffffffffffffffffffffffffffffffffffffffffffffffffffffffcffff47e
2fffffffffffffffffffffffffffffffffffffffffffffffffffffffcffff47f
2fffffffffffffffffffffffffffffffffffffffffffffffffffffffcffff480
2fffffffffffffffffffffffffffffffffffffffffffffffffffffffcffff481
2fffffffffffffffffffffffffffffffffffffffffffffffffffffffcffff482
2fffffffffffffffffffffffffffffffffffffffffffffffffffffffcffff483
2fffffffffffffffffffffffffffffffffffffffffffffffffffffffcffff484
2fffffffffffffffffffffffffffffffffffffffffffffffffffffffcffff485
2fffffffffffffffffffffffffffffffffffffffffffffffffffffffcffff486
2fffffffffffffffffffffffffffffffffffffffffffffffffffffffcffff487
2fffffffffffffffffffffffffffffffffffffffffffffffffffffffcffff488
2fffffffffffffffffffffffffffffffffffffffffffffffffffffffcffff489
2fffffffffffffffffffffffffffffffffffffffffffffffffffffffcffff48a
2fffffffffffffffffffffffffffffffffffffffffffffffffffffffcffff48b
2fffffffffffffffffffffffffffffffffffffffffffffffffffffffcffff48c
2fffffffffffffffffffffffffffffffffffffffffffffffffffffffcffff48d
2fffffffffffffffffffffffffffffffffffffffffffffffffffffffcffff48e
2fffffffffffffffffffffffffffffffffffffffffffffffffffffffcffff48f
2fffffffffffffffffffffffffffffffffffffffffffffffffffffffcffff490
2fffffffffffffffffffffffffffffffffffffffffffffffffffffffcffff491
2fffffffffffffffffffffffffffffffffffffffffffffffffffffffcffff492
2fffffffffffffffffffffffffffffffffffffffffffffffffffffffcffff493
2fffffffffffffffffffffffffffffffffffffffffffffffffffffffcffff494
2fffffffffffffffffffffffffffffffffffffffffffffffffffffffcffff495
2fffffffffffffffffffffffffffffffffffffffffffffffffffffffcffff496
2fffffffffffffffffffffffffffffffffffffffffffffffffffffffcffff497
2fffffffffffffffffffffffffffffffffffffffffffffffffffffffcffff498
2fffffffffffffffffffffffffffffffffffffffffffffffffffffffcffff499
2fffffffffffffffffffffffffffffffffffffffffffffffffffffffcffff49a
2fffffffffffffffffffffffffffffffffffffffffffffffffffffffcffff49b
2fffffffffffffffffffffffffffffffffffffffffffffffffffffffcffff49c
2fffffffffffffffffffffffffffffffffffffffffffffffffffffffcffff49d
2fffffffffffffffffffffffffffffffffffffffffffffffffffffffcffff49e
2fffffffffffffffffffffffffffffffffffffffffffffffffffffffcffff49f
2fffffffffffffffffffffffffffffffffffffffffffffffffffffffcffff4a0
2fffffffffffffffffffffffffffffffffffffffffffffffffffffffcffff4a1
2fffffffffffffffffffffffffffffffffffffffffffffffffffffffcffff4a2
2fffffffffffffffffffffffffffffffffffffffffffffffffffffffcffff4a3
2fffffffffffffffffffffffffffffffffffffffffffffffffffffffcffff4a4
2fffffffffffffffffffffffffffffffffffffffffffffffffffffffcffff4a5
2fffffffffffffffffffffffffffffffffffffffffffffffffffffffcffff4a6
2fffffffffffffffffffffffffffffffffffffffffffffffffffffffcffff4a7
2fffffffffffffffffffffffffffffffffffffffffffffffffffffffcffff4a8
2fffffffffffffffffffffffffffffffffffffffffffffffffffffffcffff4a9
2fffffffffffffffffffffffffffffffffffffffffffffffffffffffcffff4aa
2fffffffffffffffffffffffffffffffffffffffffffffffffffffffcffff4ab
2fffffffffffffffffffffffffffffffffffffffffffffffffffffffcffff4ac
2fffffffffffffffffffffffffffffffffffffffffffffffffffffffcffff4ad
2fffffffffffffffffffffffffffffffffffffffffffffffffffffffcffff4ae
2fffffffffffffffffffffffffffffffffffffffffffffffffffffffcffff4af
2fffffffffffffffffffffffffffffffffffffffffffffffffffffffcffff4b0
2fffffffffffffffffffffffffffffffffffffffffffffffffffffffcffff4b1
2fffffffffffffffffffffffffffffffffffffffffffffffffffffffcffff4b2
2fffffffffffffffffffffffffffffffffffffffffffffffffffffffcffff4b3
2fffffffffffffffffffffffffffffffffffffffffffffffffffffffcffff4b4
2fffffffffffffffffffffffffffffffffffffffffffffffffffffffcffff4b5
2fffffffffffffffffffffffffffffffffffffffffffffffffffffffcffff4b6
2fffffffffffffffffffffffffffffffffffffffffffffffffffffffcffff4b7
2fffffffffffffffffffffffffffffffffffffffffffffffffffffffcffff4b8
2fffffffffffffffffffffffffffffffffffffffffffffffffffffffcffff4b9
2fffffffffffffffffffffffffffffffffffffffffffffffffffffffcffff4ba
2fffffffffffffffffffffffffffffffffffffffffffffffffffffffcffff4bb
2fffffffffffffffffffffffffffffffffffffffffffffffffffffffcffff4bc
2fffffffffffffffffffffffffffffffffffffffffffffffffffffffcffff4bd
2fffffffffffffffffffffffffffffffffffffffffffffffffffffffcffff4be
2fffffffffffffffffffffffffffffffffffffffffffffffffffffffcffff4bf
2fffffffffffffffffffffffffffffffffffffffffffffffffffffffcffff4c0
2fffffffffffffffffffffffffffffffffffffffffffffffffffffffcffff4c1
2fffffffffffffffffffffffffffffffffffffffffffffffffffffffcffff4c2
2fffffffffffffffffffffffffffffffffffffffffffffffffffffffcffff4c3
2fffffffffffffffffffffffffffffffffffffffffffffffffffffffcffff4c4
2fffffffffffffffffffffffffffffffffffffffffffffffffffffffcffff4c5
2fffffffffffffffffffffffffffffffffffffffffffffffffffffffcffff4c6
2fffffffffffffffffffffffffffffffffffffffffffffffffffffffcffff4c7
2fffffffffffffffffffffffffffffffffffffffffffffffffffffffcffff4c8
2fffffffffffffffffffffffffffffffffffffffffffffffffffffffcffff4c9
2fffffffffffffffffffffffffffffffffffffffffffffffffffffffcffff4ca
2fffffffffffffffffffffffffffffffffffffffffffffffffffffffcffff4cb
2fffffffffffffffffffffffffffffffffffffffffffffffffffffffcffff4cc
2fffffffffffffffffffffffffffffffffffffffffffffffffffffffcffff4cd
2fffffffffffffffffffffffffffffffffffffffffffffffffffffffcffff4ce
2fffffffffffffffffffffffffffffffffffffffffffffffffffffffcffff4cf
2fffffffffffffffffffffffffffffffffffffffffffffffffffffffcffff4d0
2fffffffffffffffffffffffffffffffffffffffffffffffffffffffcffff4d1
2fffffffffffffffffffffffffffffffffffffffffffffffffffffffcffff4d2
2fffffffffffffffffffffffffffffffffffffffffffffffffffffffcffff4d3
2fffffffffffffffffffffffffffffffffffffffffffffffffffffffcffff4d4
2fffffffffffffffffffffffffffffffffffffffffffffffffffffffcffff4d5
2fffffffffffffffffffffffffffffffffffffffffffffffffffffffcffff4d6
2fffffffffffffffffffffffffffffffffffffffffffffffffffffffcffff4d7
2fffffffffffffffffffffffffffffffffffffffffffffffffffffffcffff4d8
2fffffffffffffffffffffffffffffffffffffffffffffffffffffffcffff4d9
2fffffffffffffffffffffffffffffffffffffffffffffffffffffffcffff4da
2fffffffffffffffffffffffffffffffffffffffffffffffffffffffcffff4db
2fffffffffffffffffffffffffffffffffffffffffffffffffffffffcffff4dc
2fffffffffffffffffffffffffffffffffffffffffffffffffffffffcffff4dd
2fffffffffffffffffffffffffffffffffffffffffffffffffffffffcffff4de
2fffffffffffffffffffffffffffffffffffffffffffffffffffffffcffff4df
2fffffffffffffffffffffffffffffffffffffffffffffffffffffffcffff4e0
2fffffffffffffffffffffffffffffffffffffffffffffffffffffffcffff4e1
2fffffffffffffffffffffffffffffffffffffffffffffffffffffffcffff4e2
2fffffffffffffffffffffffffffffffffffffffffffffffffffffffcffff4e3
2fffffffffffffffffffffffffffffffffffffffffffffffffffffffcffff4e4
2fffffffffffffffffffffffffffffffffffffffffffffffffffffffcffff4e5
2fffffffffffffffffffffffffffffffffffffffffffffffffffffffcffff4e6
2fffffffffffffffffffffffffffffffffffffffffffffffffffffffcffff4e7
2fffffffffffffffffffffffffffffffffffffffffffffffffffffffcffff4e8
2fffffffffffffffffffffffffffffffffffffffffffffffffffffffcffff4e9
2fffffffffffffffffffffffffffffffffffffffffffffffffffffffcffff4ea
2fffffffffffffffffffffffffffffffffffffffffffffffffffffffcffff4eb
2fffffffffffffffffffffffffffffffffffffffffffffffffffffffcffff4ec
2fffffffffffffffffffffffffffffffffffffffffffffffffffffffcffff4ed
2fffffffffffffffffffffffffffffffffffffffffffffffffffffffcffff4ee
2fffffffffffffffffffffffffffffffffffffffffffffffffffffffcffff4ef
2fffffffffffffffffffffffffffffffffffffffffffffffffffffffcffff4f0
2fffffffffffffffffffffffffffffffffffffffffffffffffffffffcffff4f1
2fffffffffffffffffffffffffffffffffffffffffffffffffffffffcffff4f2
2fffffffffffffffffffffffffffffffffffffffffffffffffffffffcffff4f3
2fffffffffffffffffffffffffffffffffffffffffffffffffffffffcffff4f4
2fffffffffffffffffffffffffffffffffffffffffffffffffffffffcffff4f5
2fffffffffffffffffffffffffffffffffffffffffffffffffffffffcffff4f6
2fffffffffffffffffffffffffffffffffffffffffffffffffffffffcffff4f7
2fffffffffffffffffffffffffffffffffffffffffffffffffffffffcffff4f8
2fffffffffffffffffffffffffffffffffffffffffffffffffffffffcffff4f9
2fffffffffffffffffffffffffffffffffffffffffffffffffffffffcffff4fa
2fffffffffffffffffffffffffffffffffffffffffffffffffffffffcffff4fb
2fffffffffffffffffffffffffffffffffffffffffffffffffffffffcffff4fc
2fffffffffffffffffffffffffffffffffffffffffffffffffffffffcffff4fd
2fffffffffffffffffffffffffffffffffffffffffffffffffffffffcffff4fe
2fffffffffffffffffffffffffffffffffffffffffffffffffffffffcffff4ff
2fffffffffffffffffffffffffffffffffffffffffffffffffffffffcffff500
2fffffffffffffffffffffffffffffffffffffffffffffffffffffffcffff501
2fffffffffffffffffffffffffffffffffffffffffffffffffffffffcffff502
2fffffffffffffffffffffffffffffffffffffffffffffffffffffffcffff503
2fffffffffffffffffffffffffffffffffffffffffffffffffffffffcffff504
2fffffffffffffffffffffffffffffffffffffffffffffffffffffffcffff505
2fffffffffffffffffffffffffffffffffffffffffffffffffffffffcffff506
2fffffffffffffffffffffffffffffffffffffffffffffffffffffffcffff507
2fffffffffffffffffffffffffffffffffffffffffffffffffffffffcffff508
2fffffffffffffffffffffffffffffffffffffffffffffffffffffffcffff509
2fffffffffffffffffffffffffffffffffffffffffffffffffffffffcffff50a
2fffffffffffffffffffffffffffffffffffffffffffffffffffffffcffff50b
2fffffffffffffffffffffffffffffffffffffffffffffffffffffffcffff50c
2fffffffffffffffffffffffffffffffffffffffffffffffffffffffcffff50d
2fffffffffffffffffffffffffffffffffffffffffffffffffffffffcffff50e
2fffffffffffffffffffffffffffffffffffffffffffffffffffffffcffff50f
2fffffffffffffffffffffffffffffffffffffffffffffffffffffffcffff510
2fffffffffffffffffffffffffffffffffffffffffffffffffffffffcffff511
2fffffffffffffffffffffffffffffffffffffffffffffffffffffffcffff512
2fffffffffffffffffffffffffffffffffffffffffffffffffffffffcffff513
2fffffffffffffffffffffffffffffffffffffffffffffffffffffffcffff514
2fffffffffffffffffffffffffffffffffffffffffffffffffffffffcffff515
2fffffffffffffffffffffffffffffffffffffffffffffffffffffffcffff516
2fffffffffffffffffffffffffffffffffffffffffffffffffffffffcffff517
2fffffffffffffffffffffffffffffffffffffffffffffffffffffffcffff518
2fffffffffffffffffffffffffffffffffffffffffffffffffffffffcffff519
2fffffffffffffffffffffffffffffffffffffffffffffffffffffffcffff51a
2fffffffffffffffffffffffffffffffffffffffffffffffffffffffcffff51b
2fffffffffffffffffffffffffffffffffffffffffffffffffffffffcffff51c
2fffffffffffffffffffffffffffffffffffffffffffffffffffffffcffff51d
2fffffffffffffffffffffffffffffffffffffffffffffffffffffffcffff51e
2fffffffffffffffffffffffffffffffffffffffffffffffffffffffcffff51f
2fffffffffffffffffffffffffffffffffffffffffffffffffffffffcffff520
2fffffffffffffffffffffffffffffffffffffffffffffffffffffffcffff521
2fffffffffffffffffffffffffffffffffffffffffffffffffffffffcffff522
2fffffffffffffffffffffffffffffffffffffffffffffffffffffffcffff523
2fffffffffffffffffffffffffffffffffffffffffffffffffffffffcffff524
2fffffffffffffffffffffffffffffffffffffffffffffffffffffffcffff525
2fffffffffffffffffffffffffffffffffffffffffffffffffffffffcffff526
2fffffffffffffffffffffffffffffffffffffffffffffffffffffffcffff527
2fffffffffffffffffffffffffffffffffffffffffffffffffffffffcffff528
2fffffffffffffffffffffffffffffffffffffffffffffffffffffffcffff529
2fffffffffffffffffffffffffffffffffffffffffffffffffffffffcffff52a
2fffffffffffffffffffffffffffffffffffffffffffffffffffffffcffff52b
2fffffffffffffffffffffffffffffffffffffffffffffffffffffffcffff52c
2fffffffffffffffffffffffffffffffffffffffffffffffffffffffcffff52d
2fffffffffffffffffffffffffffffffffffffffffffffffffffffffcffff52e
2fffffffffffffffffffffffffffffffffffffffffffffffffffffffcffff52f
2fffffffffffffffffffffffffffffffffffffffffffffffffffffffcffff530
2fffffffffffffffffffffffffffffffffffffffffffffffffffffffcffff531
2fffffffffffffffffffffffffffffffffffffffffffffffffffffffcffff532
2fffffffffffffffffffffffffffffffffffffffffffffffffffffffcffff533
2fffffffffffffffffffffffffffffffffffffffffffffffffffffffcffff534
2fffffffffffffffffffffffffffffffffffffffffffffffffffffffcffff535
2fffffffffffffffffffffffffffffffffffffffffffffffffffffffcffff536
2fffffffffffffffffffffffffffffffffffffffffffffffffffffffcffff537
2fffffffffffffffffffffffffffffffffffffffffffffffffffffffcffff538
2fffffffffffffffffffffffffffffffffffffffffffffffffffffffcffff539
2fffffffffffffffffffffffffffffffffffffffffffffffffffffffcffff53a
2fffffffffffffffffffffffffffffffffffffffffffffffffffffffcffff53b
2fffffffffffffffffffffffffffffffffffffffffffffffffffffffcffff53c
2fffffffffffffffffffffffffffffffffffffffffffffffffffffffcffff53d
2fffffffffffffffffffffffffffffffffffffffffffffffffffffffcffff53e
2fffffffffffffffffffffffffffffffffffffffffffffffffffffffcffff53f
2fffffffffffffffffffffffffffffffffffffffffffffffffffffffcffff540
2fffffffffffffffffffffffffffffffffffffffffffffffffffffffcffff541
2fffffffffffffffffffffffffffffffffffffffffffffffffffffffcffff542
2fffffffffffffffffffffffffffffffffffffffffffffffffffffffcffff543
2fffffffffffffffffffffffffffffffffffffffffffffffffffffffcffff544
2fffffffffffffffffffffffffffffffffffffffffffffffffffffffcffff545
2fffffffffffffffffffffffffffffffffffffffffffffffffffffffcffff546
2fffffffffffffffffffffffffffffffffffffffffffffffffffffffcffff547
2fffffffffffffffffffffffffffffffffffffffffffffffffffffffcffff548
2fffffffffffffffffffffffffffffffffffffffffffffffffffffffcffff549
2fffffffffffffffffffffffffffffffffffffffffffffffffffffffcffff54a
2fffffffffffffffffffffffffffffffffffffffffffffffffffffffcffff54b
2fffffffffffffffffffffffffffffffffffffffffffffffffffffffcffff54c
2fffffffffffffffffffffffffffffffffffffffffffffffffffffffcffff54d
2fffffffffffffffffffffffffffffffffffffffffffffffffffffffcffff54e
2fffffffffffffffffffffffffffffffffffffffffffffffffffffffcffff54f
2fffffffffffffffffffffffffffffffffffffffffffffffffffffffcffff550
2fffffffffffffffffffffffffffffffffffffffffffffffffffffffcffff551
2fffffffffffffffffffffffffffffffffffffffffffffffffffffffcffff552
2fffffffffffffffffffffffffffffffffffffffffffffffffffffffcffff553
2fffffffffffffffffffffffffffffffffffffffffffffffffffffffcffff554
2fffffffffffffffffffffffffffffffffffffffffffffffffffffffcffff555
2fffffffffffffffffffffffffffffffffffffffffffffffffffffffcffff556
2fffffffffffffffffffffffffffffffffffffffffffffffffffffffcffff557
2fffffffffffffffffffffffffffffffffffffffffffffffffffffffcffff558
2fffffffffffffffffffffffffffffffffffffffffffffffffffffffcffff559
2fffffffffffffffffffffffffffffffffffffffffffffffffffffffcffff55a
2fffffffffffffffffffffffffffffffffffffffffffffffffffffffcffff55b
2fffffffffffffffffffffffffffffffffffffffffffffffffffffffcffff55c
2fffffffffffffffffffffffffffffffffffffffffffffffffffffffcffff55d
2fffffffffffffffffffffffffffffffffffffffffffffffffffffffcffff55e
2fffffffffffffffffffffffffffffffffffffffffffffffffffffffcffff55f
2fffffffffffffffffffffffffffffffffffffffffffffffffffffffcffff560
2fffffffffffffffffffffffffffffffffffffffffffffffffffffffcffff561
2fffffffffffffffffffffffffffffffffffffffffffffffffffffffcffff562
2fffffffffffffffffffffffffffffffffffffffffffffffffffffffcffff563
2fffffffffffffffffffffffffffffffffffffffffffffffffffffffcffff564
2fffffffffffffffffffffffffffffffffffffffffffffffffffffffcffff565
2fffffffffffffffffffffffffffffffffffffffffffffffffffffffcffff566
2fffffffffffffffffffffffffffffffffffffffffffffffffffffffcffff567
2fffffffffffffffffffffffffffffffffffffffffffffffffffffffcffff568
2fffffffffffffffffffffffffffffffffffffffffffffffffffffffcffff569
2fffffffffffffffffffffffffffffffffffffffffffffffffffffffcffff56a
2fffffffffffffffffffffffffffffffffffffffffffffffffffffffcffff56b
2fffffffffffffffffffffffffffffffffffffffffffffffffffffffcffff56c
2fffffffffffffffffffffffffffffffffffffffffffffffffffffffcffff56d
2fffffffffffffffffffffffffffffffffffffffffffffffffffffffcffff56e
2fffffffffffffffffffffffffffffffffffffffffffffffffffffffcffff56f
2fffffffffffffffffffffffffffffffffffffffffffffffffffffffcffff570
2fffffffffffffffffffffffffffffffffffffffffffffffffffffffcffff571
2fffffffffffffffffffffffffffffffffffffffffffffffffffffffcffff572
2fffffffffffffffffffffffffffffffffffffffffffffffffffffffcffff573
2fffffffffffffffffffffffffffffffffffffffffffffffffffffffcffff574
2fffffffffffffffffffffffffffffffffffffffffffffffffffffffcffff575
2fffffffffffffffffffffffffffffffffffffffffffffffffffffffcffff576
2fffffffffffffffffffffffffffffffffffffffffffffffffffffffcffff577
2fffffffffffffffffffffffffffffffffffffffffffffffffffffffcffff578
2fffffffffffffffffffffffffffffffffffffffffffffffffffffffcffff579
2fffffffffffffffffffffffffffffffffffffffffffffffffffffffcffff57a
2fffffffffffffffffffffffffffffffffffffffffffffffffffffffcffff57b
2fffffffffffffffffffffffffffffffffffffffffffffffffffffffcffff57c
2fffffffffffffffffffffffffffffffffffffffffffffffffffffffcffff57d
2fffffffffffffffffffffffffffffffffffffffffffffffffffffffcffff57e
2fffffffffffffffffffffffffffffffffffffffffffffffffffffffcffff57f
2fffffffffffffffffffffffffffffffffffffffffffffffffffffffcffff580
2fffffffffffffffffffffffffffffffffffffffffffffffffffffffcffff581
2fffffffffffffffffffffffffffffffffffffffffffffffffffffffcffff582
2fffffffffffffffffffffffffffffffffffffffffffffffffffffffcffff583
2fffffffffffffffffffffffffffffffffffffffffffffffffffffffcffff584
2fffffffffffffffffffffffffffffffffffffffffffffffffffffffcffff585
2fffffffffffffffffffffffffffffffffffffffffffffffffffffffcffff586
2fffffffffffffffffffffffffffffffffffffffffffffffffffffffcffff587
2fffffffffffffffffffffffffffffffffffffffffffffffffffffffcffff588
2fffffffffffffffffffffffffffffffffffffffffffffffffffffffcffff589
2fffffffffffffffffffffffffffffffffffffffffffffffffffffffcffff58a
2fffffffffffffffffffffffffffffffffffffffffffffffffffffffcffff58b
2fffffffffffffffffffffffffffffffffffffffffffffffffffffffcffff58c
2fffffffffffffffffffffffffffffffffffffffffffffffffffffffcffff58d
2fffffffffffffffffffffffffffffffffffffffffffffffffffffffcffff58e
2fffffffffffffffffffffffffffffffffffffffffffffffffffffffcffff58f
2fffffffffffffffffffffffffffffffffffffffffffffffffffffffcffff590
2fffffffffffffffffffffffffffffffffffffffffffffffffffffffcffff591
2fffffffffffffffffffffffffffffffffffffffffffffffffffffffcffff592
2fffffffffffffffffffffffffffffffffffffffffffffffffffffffcffff593
2fffffffffffffffffffffffffffffffffffffffffffffffffffffffcffff594
2fffffffffffffffffffffffffffffffffffffffffffffffffffffffcffff595
2fffffffffffffffffffffffffffffffffffffffffffffffffffffffcffff596
2fffffffffffffffffffffffffffffffffffffffffffffffffffffffcffff597
2fffffffffffffffffffffffffffffffffffffffffffffffffffffffcffff598
2fffffffffffffffffffffffffffffffffffffffffffffffffffffffcffff599
2fffffffffffffffffffffffffffffffffffffffffffffffffffffffcffff59a
2fffffffffffffffffffffffffffffffffffffffffffffffffffffffcffff59b
2fffffffffffffffffffffffffffffffffffffffffffffffffffffffcffff59c
2fffffffffffffffffffffffffffffffffffffffffffffffffffffffcffff59d
2fffffffffffffffffffffffffffffffffffffffffffffffffffffffcffff59e
2fffffffffffffffffffffffffffffffffffffffffffffffffffffffcffff59f
2fffffffffffffffffffffffffffffffffffffffffffffffffffffffcffff5a0
2fffffffffffffffffffffffffffffffffffffffffffffffffffffffcffff5a1
2fffffffffffffffffffffffffffffffffffffffffffffffffffffffcffff5a2
2fffffffffffffffffffffffffffffffffffffffffffffffffffffffcffff5a3
2fffffffffffffffffffffffffffffffffffffffffffffffffffffffcffff5a4
2fffffffffffffffffffffffffffffffffffffffffffffffffffffffcffff5a5
2fffffffffffffffffffffffffffffffffffffffffffffffffffffffcffff5a6
2fffffffffffffffffffffffffffffffffffffffffffffffffffffffcffff5a7
2fffffffffffffffffffffffffffffffffffffffffffffffffffffffcffff5a8
2fffffffffffffffffffffffffffffffffffffffffffffffffffffffcffff5a9
2fffffffffffffffffffffffffffffffffffffffffffffffffffffffcffff5aa
2fffffffffffffffffffffffffffffffffffffffffffffffffffffffcffff5ab
2fffffffffffffffffffffffffffffffffffffffffffffffffffffffcffff5ac
2fffffffffffffffffffffffffffffffffffffffffffffffffffffffcffff5ad
2fffffffffffffffffffffffffffffffffffffffffffffffffffffffcffff5ae
2fffffffffffffffffffffffffffffffffffffffffffffffffffffffcffff5af
2fffffffffffffffffffffffffffffffffffffffffffffffffffffffcffff5b0
2fffffffffffffffffffffffffffffffffffffffffffffffffffffffcffff5b1
2fffffffffffffffffffffffffffffffffffffffffffffffffffffffcffff5b2
2fffffffffffffffffffffffffffffffffffffffffffffffffffffffcffff5b3
2fffffffffffffffffffffffffffffffffffffffffffffffffffffffcffff5b4
2fffffffffffffffffffffffffffffffffffffffffffffffffffffffcffff5b5
2fffffffffffffffffffffffffffffffffffffffffffffffffffffffcffff5b6
2fffffffffffffffffffffffffffffffffffffffffffffffffffffffcffff5b7
2fffffffffffffffffffffffffffffffffffffffffffffffffffffffcffff5b8
2fffffffffffffffffffffffffffffffffffffffffffffffffffffffcffff5b9
2fffffffffffffffffffffffffffffffffffffffffffffffffffffffcffff5ba
2fffffffffffffffffffffffffffffffffffffffffffffffffffffffcffff5bb
2fffffffffffffffffffffffffffffffffffffffffffffffffffffffcffff5bc
2fffffffffffffffffffffffffffffffffffffffffffffffffffffffcffff5bd
2fffffffffffffffffffffffffffffffffffffffffffffffffffffffcffff5be
2fffffffffffffffffffffffffffffffffffffffffffffffffffffffcffff5bf
2fffffffffffffffffffffffffffffffffffffffffffffffffffffffcffff5c0
2fffffffffffffffffffffffffffffffffffffffffffffffffffffffcffff5c1
2fffffffffffffffffffffffffffffffffffffffffffffffffffffffcffff5c2
2fffffffffffffffffffffffffffffffffffffffffffffffffffffffcffff5c3
2fffffffffffffffffffffffffffffffffffffffffffffffffffffffcffff5c4
2fffffffffffffffffffffffffffffffffffffffffffffffffffffffcffff5c5
2fffffffffffffffffffffffffffffffffffffffffffffffffffffffcffff5c6
2fffffffffffffffffffffffffffffffffffffffffffffffffffffffcffff5c7
2fffffffffffffffffffffffffffffffffffffffffffffffffffffffcffff5c8
2fffffffffffffffffffffffffffffffffffffffffffffffffffffffcffff5c9
2fffffffffffffffffffffffffffffffffffffffffffffffffffffffcffff5ca
2fffffffffffffffffffffffffffffffffffffffffffffffffffffffcffff5cb
2fffffffffffffffffffffffffffffffffffffffffffffffffffffffcffff5cc
2fffffffffffffffffffffffffffffffffffffffffffffffffffffffcffff5cd
2fffffffffffffffffffffffffffffffffffffffffffffffffffffffcffff5ce
2fffffffffffffffffffffffffffffffffffffffffffffffffffffffcffff5cf
2fffffffffffffffffffffffffffffffffffffffffffffffffffffffcffff5d0
2fffffffffffffffffffffffffffffffffffffffffffffffffffffffcffff5d1
2fffffffffffffffffffffffffffffffffffffffffffffffffffffffcffff5d2
2fffffffffffffffffffffffffffffffffffffffffffffffffffffffcffff5d3
2fffffffffffffffffffffffffffffffffffffffffffffffffffffffcffff5d4
2fffffffffffffffffffffffffffffffffffffffffffffffffffffffcffff5d5
2fffffffffffffffffffffffffffffffffffffffffffffffffffffffcffff5d6
2fffffffffffffffffffffffffffffffffffffffffffffffffffffffcffff5d7
2fffffffffffffffffffffffffffffffffffffffffffffffffffffffcffff5d8
2fffffffffffffffffffffffffffffffffffffffffffffffffffffffcffff5d9
2fffffffffffffffffffffffffffffffffffffffffffffffffffffffcffff5da
2fffffffffffffffffffffffffffffffffffffffffffffffffffffffcffff5db
2fffffffffffffffffffffffffffffffffffffffffffffffffffffffcffff5dc
2fffffffffffffffffffffffffffffffffffffffffffffffffffffffcffff5dd
2fffffffffffffffffffffffffffffffffffffffffffffffffffffffcffff5de
2fffffffffffffffffffffffffffffffffffffffffffffffffffffffcffff5df
2fffffffffffffffffffffffffffffffffffffffffffffffffffffffcffff5e0
2fffffffffffffffffffffffffffffffffffffffffffffffffffffffcffff5e1
2fffffffffffffffffffffffffffffffffffffffffffffffffffffffcffff5e2
2fffffffffffffffffffffffffffffffffffffffffffffffffffffffcffff5e3
2fffffffffffffffffffffffffffffffffffffffffffffffffffffffcffff5e4
2fffffffffffffffffffffffffffffffffffffffffffffffffffffffcffff5e5
2fffffffffffffffffffffffffffffffffffffffffffffffffffffffcffff5e6
2fffffffffffffffffffffffffffffffffffffffffffffffffffffffcffff5e7
2fffffffffffffffffffffffffffffffffffffffffffffffffffffffcffff5e8
2fffffffffffffffffffffffffffffffffffffffffffffffffffffffcffff5e9
2fffffffffffffffffffffffffffffffffffffffffffffffffffffffcffff5ea
2fffffffffffffffffffffffffffffffffffffffffffffffffffffffcffff5eb
2fffffffffffffffffffffffffffffffffffffffffffffffffffffffcffff5ec
2fffffffffffffffffffffffffffffffffffffffffffffffffffffffcffff5ed
2fffffffffffffffffffffffffffffffffffffffffffffffffffffffcffff5ee
2fffffffffffffffffffffffffffffffffffffffffffffffffffffffcffff5ef
2fffffffffffffffffffffffffffffffffffffffffffffffffffffffcffff5f0
2fffffffffffffffffffffffffffffffffffffffffffffffffffffffcffff5f1
2fffffffffffffffffffffffffffffffffffffffffffffffffffffffcffff5f2
2fffffffffffffffffffffffffffffffffffffffffffffffffffffffcffff5f3
2fffffffffffffffffffffffffffffffffffffffffffffffffffffffcffff5f4
2fffffffffffffffffffffffffffffffffffffffffffffffffffffffcffff5f5
2fffffffffffffffffffffffffffffffffffffffffffffffffffffffcffff5f6
2fffffffffffffffffffffffffffffffffffffffffffffffffffffffcffff5f7
2fffffffffffffffffffffffffffffffffffffffffffffffffffffffcffff5f8
2fffffffffffffffffffffffffffffffffffffffffffffffffffffffcffff5f9
2fffffffffffffffffffffffffffffffffffffffffffffffffffffffcffff5fa
2fffffffffffffffffffffffffffffffffffffffffffffffffffffffcffff5fb
2fffffffffffffffffffffffffffffffffffffffffffffffffffffffcffff5fc
2fffffffffffffffffffffffffffffffffffffffffffffffffffffffcffff5fd
2fffffffffffffffffffffffffffffffffffffffffffffffffffffffcffff5fe
2fffffffffffffffffffffffffffffffffffffffffffffffffffffffcffff5ff
3fffffffffffffffffffffffffffffffffffffffffffffffffffffffbffff600
3fffffffffffffffffffffffffffffffffffffffffffffffffffffffbffff601
3fffffffffffffffffffffffffffffffffffffffffffffffffffffffbffff602
3fffffffffffffffffffffffffffffffffffffffffffffffffffffffbffff603
3fffffffffffffffffffffffffffffffffffffffffffffffffffffffbffff604
3fffffffffffffffffffffffffffffffffffffffffffffffffffffffbffff605
3fffffffffffffffffffffffffffffffffffffffffffffffffffffffbffff606
3fffffffffffffffffffffffffffffffffffffffffffffffffffffffbffff607
3fffffffffffffffffffffffffffffffffffffffffffffffffffffffbffff608
3fffffffffffffffffffffffffffffffffffffffffffffffffffffffbffff609
3fffffffffffffffffffffffffffffffffffffffffffffffffffffffbffff60a
3fffffffffffffffffffffffffffffffffffffffffffffffffffffffbffff60b
3fffffffffffffffffffffffffffffffffffffffffffffffffffffffbffff60c
3fffffffffffffffffffffffffffffffffffffffffffffffffffffffbffff60d
3fffffffffffffffffffffffffffffffffffffffffffffffffffffffbffff60e
3fffffffffffffffffffffffffffffffffffffffffffffffffffffffbffff60f
3fffffffffffffffffffffffffffffffffffffffffffffffffffffffbffff610
3fffffffffffffffffffffffffffffffffffffffffffffffffffffffbffff611
3fffffffffffffffffffffffffffffffffffffffffffffffffffffffbffff612
3fffffffffffffffffffffffffffffffffffffffffffffffffffffffbffff613
3fffffffffffffffffffffffffffffffffffffffffffffffffffffffbffff614
3fffffffffffffffffffffffffffffffffffffffffffffffffffffffbffff615
3fffffffffffffffffffffffffffffffffffffffffffffffffffffffbffff616
3fffffffffffffffffffffffffffffffffffffffffffffffffffffffbffff617
3fffffffffffffffffffffffffffffffffffffffffffffffffffffffbffff618
3fffffffffffffffffffffffffffffffffffffffffffffffffffffffbffff619
3fffffffffffffffffffffffffffffffffffffffffffffffffffffffbffff61a
3fffffffffffffffffffffffffffffffffffffffffffffffffffffffbffff61b
3fffffffffffffffffffffffffffffffffffffffffffffffffffffffbffff61c
3fffffffffffffffffffffffffffffffffffffffffffffffffffffffbffff61d
3fffffffffffffffffffffffffffffffffffffffffffffffffffffffbffff61e
3fffffffffffffffffffffffffffffffffffffffffffffffffffffffbffff61f
3fffffffffffffffffffffffffffffffffffffffffffffffffffffffbffff620
3fffffffffffffffffffffffffffffffffffffffffffffffffffffffbffff621
3fffffffffffffffffffffffffffffffffffffffffffffffffffffffbffff622
3fffffffffffffffffffffffffffffffffffffffffffffffffffffffbffff623
3fffffffffffffffffffffffffffffffffffffffffffffffffffffffbffff624
3fffffffffffffffffffffffffffffffffffffffffffffffffffffffbffff625
3fffffffffffffffffffffffffffffffffffffffffffffffffffffffbffff626
3fffffffffffffffffffffffffffffffffffffffffffffffffffffffbffff627
3fffffffffffffffffffffffffffffffffffffffffffffffffffffffbffff628
3fffffffffffffffffffffffffffffffffffffffffffffffffffffffbffff629
3fffffffffffffffffffffffffffffffffffffffffffffffffffffffbffff62a
3fffffffffffffffffffffffffffffffffffffffffffffffffffffffbffff62b
3fffffffffffffffffffffffffffffffffffffffffffffffffffffffbffff62c
3fffffffffffffffffffffffffffffffffffffffffffffffffffffffbffff62d
3fffffffffffffffffffffffffffffffffffffffffffffffffffffffbffff62e
3fffffffffffffffffffffffffffffffffffffffffffffffffffffffbffff62f
3fffffffffffffffffffffffffffffffffffffffffffffffffffffffbffff630
3fffffffffffffffffffffffffffffffffffffffffffffffffffffffbffff631
3fffffffffffffffffffffffffffffffffffffffffffffffffffffffbffff632
3fffffffffffffffffffffffffffffffffffffffffffffffffffffffbffff633
3fffffffffffffffffffffffffffffffffffffffffffffffffffffffbffff634
3fffffffffffffffffffffffffffffffffffffffffffffffffffffffbffff635
3fffffffffffffffffffffffffffffffffffffffffffffffffffffffbffff636
3fffffffffffffffffffffffffffffffffffffffffffffffffffffffbffff637
3fffffffffffffffffffffffffffffffffffffffffffffffffffffffbffff638
3fffffffffffffffffffffffffffffffffffffffffffffffffffffffbffff639
3fffffffffffffffffffffffffffffffffffffffffffffffffffffffbffff63a
3fffffffffffffffffffffffffffffffffffffffffffffffffffffffbffff63b
3fffffffffffffffffffffffffffffffffffffffffffffffffffffffbffff63c
3fffffffffffffffffffffffffffffffffffffffffffffffffffffffbffff63d
3fffffffffffffffffffffffffffffffffffffffffffffffffffffffbffff63e
3fffffffffffffffffffffffffffffffffffffffffffffffffffffffbffff63f
3fffffffffffffffffffffffffffffffffffffffffffffffffffffffbffff640
3fffffffffffffffffffffffffffffffffffffffffffffffffffffffbffff641
3fffffffffffffffffffffffffffffffffffffffffffffffffffffffbffff642
3fffffffffffffffffffffffffffffffffffffffffffffffffffffffbffff643
3fffffffffffffffffffffffffffffffffffffffffffffffffffffffbffff644
3fffffffffffffffffffffffffffffffffffffffffffffffffffffffbffff645
3fffffffffffffffffffffffffffffffffffffffffffffffffffffffbffff646
3fffffffffffffffffffffffffffffffffffffffffffffffffffffffbffff647
3fffffffffffffffffffffffffffffffffffffffffffffffffffffffbffff648
3fffffffffffffffffffffffffffffffffffffffffffffffffffffffbffff649
3fffffffffffffffffffffffffffffffffffffffffffffffffffffffbffff64a
3fffffffffffffffffffffffffffffffffffffffffffffffffffffffbffff64b
3fffffffffffffffffffffffffffffffffffffffffffffffffffffffbffff64c
3fffffffffffffffffffffffffffffffffffffffffffffffffffffffbffff64d
3fffffffffffffffffffffffffffffffffffffffffffffffffffffffbffff64e
3fffffffffffffffffffffffffffffffffffffffffffffffffffffffbffff64f
3fffffffffffffffffffffffffffffffffffffffffffffffffffffffbffff650
3fffffffffffffffffffffffffffffffffffffffffffffffffffffffbffff651
3fffffffffffffffffffffffffffffffffffffffffffffffffffffffbffff652
3fffffffffffffffffffffffffffffffffffffffffffffffffffffffbffff653
3fffffffffffffffffffffffffffffffffffffffffffffffffffffffbffff654
3fffffffffffffffffffffffffffffffffffffffffffffffffffffffbffff655
3fffffffffffffffffffffffffffffffffffffffffffffffffffffffbffff656
3fffffffffffffffffffffffffffffffffffffffffffffffffffffffbffff657
3fffffffffffffffffffffffffffffffffffffffffffffffffffffffbffff658
3fffffffffffffffffffffffffffffffffffffffffffffffffffffffbffff659
3fffffffffffffffffffffffffffffffffffffffffffffffffffffffbffff65a
3fffffffffffffffffffffffffffffffffffffffffffffffffffffffbffff65b
3fffffffffffffffffffffffffffffffffffffffffffffffffffffffbffff65c
3fffffffffffffffffffffffffffffffffffffffffffffffffffffffbffff65d
3fffffffffffffffffffffffffffffffffffffffffffffffffffffffbffff65e
3fffffffffffffffffffffffffffffffffffffffffffffffffffffffbffff65f
3fffffffffffffffffffffffffffffffffffffffffffffffffffffffbffff660
3fffffffffffffffffffffffffffffffffffffffffffffffffffffffbffff661
3fffffffffffffffffffffffffffffffffffffffffffffffffffffffbffff662
3fffffffffffffffffffffffffffffffffffffffffffffffffffffffbffff663
3fffffffffffffffffffffffffffffffffffffffffffffffffffffffbffff664
3fffffffffffffffffffffffffffffffffffffffffffffffffffffffbffff665
3fffffffffffffffffffffffffffffffffffffffffffffffffffffffbffff666
3fffffffffffffffffffffffffffffffffffffffffffffffffffffffbffff667
3fffffffffffffffffffffffffffffffffffffffffffffffffffffffbffff668
3fffffffffffffffffffffffffffffffffffffffffffffffffffffffbffff669
3fffffffffffffffffffffffffffffffffffffffffffffffffffffffbffff66a
3fffffffffffffffffffffffffffffffffffffffffffffffffffffffbffff66b
3fffffffffffffffffffffffffffffffffffffffffffffffffffffffbffff66c
3fffffffffffffffffffffffffffffffffffffffffffffffffffffffbffff66d
3fffffffffffffffffffffffffffffffffffffffffffffffffffffffbffff66e
3fffffffffffffffffffffffffffffffffffffffffffffffffffffffbffff66f
3fffffffffffffffffffffffffffffffffffffffffffffffffffffffbffff670
3fffffffffffffffffffffffffffffffffffffffffffffffffffffffbffff671
3fffffffffffffffffffffffffffffffffffffffffffffffffffffffbffff672
3fffffffffffffffffffffffffffffffffffffffffffffffffffffffbffff673
3fffffffffffffffffffffffffffffffffffffffffffffffffffffffbffff674
3fffffffffffffffffffffffffffffffffffffffffffffffffffffffbffff675
3fffffffffffffffffffffffffffffffffffffffffffffffffffffffbffff676
3fffffffffffffffffffffffffffffffffffffffffffffffffffffffbffff677
3fffffffffffffffffffffffffffffffffffffffffffffffffffffffbffff678
3fffffffffffffffffffffffffffffffffffffffffffffffffffffffbffff679
3fffffffffffffffffffffffffffffffffffffffffffffffffffffffbffff67a
3fffffffffffffffffffffffffffffffffffffffffffffffffffffffbffff67b
3fffffffffffffffffffffffffffffffffffffffffffffffffffffffbffff67c
3fffffffffffffffffffffffffffffffffffffffffffffffffffffffbffff67d
3fffffffffffffffffffffffffffffffffffffffffffffffffffffffbffff67e
3fffffffffffffffffffffffffffffffffffffffffffffffffffffffbffff67f
3fffffffffffffffffffffffffffffffffffffffffffffffffffffffbffff680
3fffffffffffffffffffffffffffffffffffffffffffffffffffffffbffff681
3fffffffffffffffffffffffffffffffffffffffffffffffffffffffbffff682
3fffffffffffffffffffffffffffffffffffffffffffffffffffffffbffff683
3fffffffffffffffffffffffffffffffffffffffffffffffffffffffbffff684
3fffffffffffffffffffffffffffffffffffffffffffffffffffffffbffff685
3fffffffffffffffffffffffffffffffffffffffffffffffffffffffbffff686
3fffffffffffffffffffffffffffffffffffffffffffffffffffffffbffff687
3fffffffffffffffffffffffffffffffffffffffffffffffffffffffbffff688
3fffffffffffffffffffffffffffffffffffffffffffffffffffffffbffff689
3fffffffffffffffffffffffffffffffffffffffffffffffffffffffbffff68a
3fffffffffffffffffffffffffffffffffffffffffffffffffffffffbffff68b
3fffffffffffffffffffffffffffffffffffffffffffffffffffffffbffff68c
3fffffffffffffffffffffffffffffffffffffffffffffffffffffffbffff68d
3fffffffffffffffffffffffffffffffffffffffffffffffffffffffbffff68e
3fffffffffffffffffffffffffffffffffffffffffffffffffffffffbffff68f
3fffffffffffffffffffffffffffffffffffffffffffffffffffffffbffff690
3fffffffffffffffffffffffffffffffffffffffffffffffffffffffbffff691
3fffffffffffffffffffffffffffffffffffffffffffffffffffffffbffff692
3fffffffffffffffffffffffffffffffffffffffffffffffffffffffbffff693
3fffffffffffffffffffffffffffffffffffffffffffffffffffffffbffff694
3fffffffffffffffffffffffffffffffffffffffffffffffffffffffbffff695
3fffffffffffffffffffffffffffffffffffffffffffffffffffffffbffff696
3fffffffffffffffffffffffffffffffffffffffffffffffffffffffbffff697
3fffffffffffffffffffffffffffffffffffffffffffffffffffffffbffff698
3fffffffffffffffffffffffffffffffffffffffffffffffffffffffbffff699
3fffffffffffffffffffffffffffffffffffffffffffffffffffffffbffff69a
3fffffffffffffffffffffffffffffffffffffffffffffffffffffffbffff69b
3fffffffffffffffffffffffffffffffffffffffffffffffffffffffbffff69c
3fffffffffffffffffffffffffffffffffffffffffffffffffffffffbffff69d
3fffffffffffffffffffffffffffffffffffffffffffffffffffffffbffff69e
3fffffffffffffffffffffffffffffffffffffffffffffffffffffffbffff69f
3fffffffffffffffffffffffffffffffffffffffffffffffffffffffbffff6a0
3fffffffffffffffffffffffffffffffffffffffffffffffffffffffbffff6a1
3fffffffffffffffffffffffffffffffffffffffffffffffffffffffbffff6a2
3fffffffffffffffffffffffffffffffffffffffffffffffffffffffbffff6a3
3fffffffffffffffffffffffffffffffffffffffffffffffffffffffbffff6a4
3fffffffffffffffffffffffffffffffffffffffffffffffffffffffbffff6a5
3fffffffffffffffffffffffffffffffffffffffffffffffffffffffbffff6a6
3fffffffffffffffffffffffffffffffffffffffffffffffffffffffbffff6a7
3fffffffffffffffffffffffffffffffffffffffffffffffffffffffbffff6a8
3fffffffffffffffffffffffffffffffffffffffffffffffffffffffbffff6a9
3fffffffffffffffffffffffffffffffffffffffffffffffffffffffbffff6aa
3fffffffffffffffffffffffffffffffffffffffffffffffffffffffbffff6ab
3fffffffffffffffffffffffffffffffffffffffffffffffffffffffbffff6ac
3fffffffffffffffffffffffffffffffffffffffffffffffffffffffbffff6ad
3fffffffffffffffffffffffffffffffffffffffffffffffffffffffbffff6ae
3fffffffffffffffffffffffffffffffffffffffffffffffffffffffbffff6af
3fffffffffffffffffffffffffffffffffffffffffffffffffffffffbffff6b0
3fffffffffffffffffffffffffffffffffffffffffffffffffffffffbffff6b1
3fffffffffffffffffffffffffffffffffffffffffffffffffffffffbffff6b2
3fffffffffffffffffffffffffffffffffffffffffffffffffffffffbffff6b3
3fffffffffffffffffffffffffffffffffffffffffffffffffffffffbffff6b4
3fffffffffffffffffffffffffffffffffffffffffffffffffffffffbffff6b5
3fffffffffffffffffffffffffffffffffffffffffffffffffffffffbffff6b6
3fffffffffffffffffffffffffffffffffffffffffffffffffffffffbffff6b7
3fffffffffffffffffffffffffffffffffffffffffffffffffffffffbffff6b8
3fffffffffffffffffffffffffffffffffffffffffffffffffffffffbffff6b9
3fffffffffffffffffffffffffffffffffffffffffffffffffffffffbffff6ba
3fffffffffffffffffffffffffffffffffffffffffffffffffffffffbffff6bb
3fffffffffffffffffffffffffffffffffffffffffffffffffffffffbffff6bc
3fffffffffffffffffffffffffffffffffffffffffffffffffffffffbffff6bd
3fffffffffffffffffffffffffffffffffffffffffffffffffffffffbffff6be
3fffffffffffffffffffffffffffffffffffffffffffffffffffffffbffff6bf
3fffffffffffffffffffffffffffffffffffffffffffffffffffffffbffff6c0
3fffffffffffffffffffffffffffffffffffffffffffffffffffffffbffff6c1
3fffffffffffffffffffffffffffffffffffffffffffffffffffffffbffff6c2
3fffffffffffffffffffffffffffffffffffffffffffffffffffffffbffff6c3
3fffffffffffffffffffffffffffffffffffffffffffffffffffffffbffff6c4
3fffffffffffffffffffffffffffffffffffffffffffffffffffffffbffff6c5
3fffffffffffffffffffffffffffffffffffffffffffffffffffffffbffff6c6
3fffffffffffffffffffffffffffffffffffffffffffffffffffffffbffff6c7
3fffffffffffffffffffffffffffffffffffffffffffffffffffffffbffff6c8
3fffffffffffffffffffffffffffffffffffffffffffffffffffffffbffff6c9
3fffffffffffffffffffffffffffffffffffffffffffffffffffffffbffff6ca
3fffffffffffffffffffffffffffffffffffffffffffffffffffffffbffff6cb
3fffffffffffffffffffffffffffffffffffffffffffffffffffffffbffff6cc
3fffffffffffffffffffffffffffffffffffffffffffffffffffffffbffff6cd
3fffffffffffffffffffffffffffffffffffffffffffffffffffffffbffff6ce
3fffffffffffffffffffffffffffffffffffffffffffffffffffffffbffff6cf
3fffffffffffffffffffffffffffffffffffffffffffffffffffffffbffff6d0
3fffffffffffffffffffffffffffffffffffffffffffffffffffffffbffff6d1
3fffffffffffffffffffffffffffffffffffffffffffffffffffffffbffff6d2
3fffffffffffffffffffffffffffffffffffffffffffffffffffffffbffff6d3
3fffffffffffffffffffffffffffffffffffffffffffffffffffffffbffff6d4
3fffffffffffffffffffffffffffffffffffffffffffffffffffffffbffff6d5
3fffffffffffffffffffffffffffffffffffffffffffffffffffffffbffff6d6
3fffffffffffffffffffffffffffffffffffffffffffffffffffffffbffff6d7
3fffffffffffffffffffffffffffffffffffffffffffffffffffffffbffff6d8
3fffffffffffffffffffffffffffffffffffffffffffffffffffffffbffff6d9
3fffffffffffffffffffffffffffffffffffffffffffffffffffffffbffff6da
3fffffffffffffffffffffffffffffffffffffffffffffffffffffffbffff6db
3fffffffffffffffffffffffffffffffffffffffffffffffffffffffbffff6dc
3fffffffffffffffffffffffffffffffffffffffffffffffffffffffbffff6dd
3fffffffffffffffffffffffffffffffffffffffffffffffffffffffbffff6de
3fffffffffffffffffffffffffffffffffffffffffffffffffffffffbffff6df
3fffffffffffffffffffffffffffffffffffffffffffffffffffffffbffff6e0
3fffffffffffffffffffffffffffffffffffffffffffffffffffffffbffff6e1
3fffffffffffffffffffffffffffffffffffffffffffffffffffffffbffff6e2
3fffffffffffffffffffffffffffffffffffffffffffffffffffffffbffff6e3
3fffffffffffffffffffffffffffffffffffffffffffffffffffffffbffff6e4
3fffffffffffffffffffffffffffffffffffffffffffffffffffffffbffff6e5
3fffffffffffffffffffffffffffffffffffffffffffffffffffffffbffff6e6
3fffffffffffffffffffffffffffffffffffffffffffffffffffffffbffff6e7
3fffffffffffffffffffffffffffffffffffffffffffffffffffffffbffff6e8
3fffffffffffffffffffffffffffffffffffffffffffffffffffffffbffff6e9
3fffffffffffffffffffffffffffffffffffffffffffffffffffffffbffff6ea
3fffffffffffffffffffffffffffffffffffffffffffffffffffffffbffff6eb
3fffffffffffffffffffffffffffffffffffffffffffffffffffffffbffff6ec
3fffffffffffffffffffffffffffffffffffffffffffffffffffffffbffff6ed
3fffffffffffffffffffffffffffffffffffffffffffffffffffffffbffff6ee
3fffffffffffffffffffffffffffffffffffffffffffffffffffffffbffff6ef
3fffffffffffffffffffffffffffffffffffffffffffffffffffffffbffff6f0
3fffffffffffffffffffffffffffffffffffffffffffffffffffffffbffff6f1
3fffffffffffffffffffffffffffffffffffffffffffffffffffffffbffff6f2
3fffffffffffffffffffffffffffffffffffffffffffffffffffffffbffff6f3
3fffffffffffffffffffffffffffffffffffffffffffffffffffffffbffff6f4
3fffffffffffffffffffffffffffffffffffffffffffffffffffffffbffff6f5
3fffffffffffffffffffffffffffffffffffffffffffffffffffffffbffff6f6
3fffffffffffffffffffffffffffffffffffffffffffffffffffffffbffff6f7
3fffffffffffffffffffffffffffffffffffffffffffffffffffffffbffff6f8
3fffffffffffffffffffffffffffffffffffffffffffffffffffffffbffff6f9
3fffffffffffffffffffffffffffffffffffffffffffffffffffffffbffff6fa
3fffffffffffffffffffffffffffffffffffffffffffffffffffffffbffff6fb
3fffffffffffffffffffffffffffffffffffffffffffffffffffffffbffff6fc
3fffffffffffffffffffffffffffffffffffffffffffffffffffffffbffff6fd
3fffffffffffffffffffffffffffffffffffffffffffffffffffffffbffff6fe
3fffffffffffffffffffffffffffffffffffffffffffffffffffffffbffff6ff
3fffffffffffffffffffffffffffffffffffffffffffffffffffffffbffff700
3fffffffffffffffffffffffffffffffffffffffffffffffffffffffbffff701
3fffffffffffffffffffffffffffffffffffffffffffffffffffffffbffff702
3fffffffffffffffffffffffffffffffffffffffffffffffffffffffbffff703
3fffffffffffffffffffffffffffffffffffffffffffffffffffffffbffff704
3fffffffffffffffffffffffffffffffffffffffffffffffffffffffbffff705
3fffffffffffffffffffffffffffffffffffffffffffffffffffffffbffff706
3fffffffffffffffffffffffffffffffffffffffffffffffffffffffbffff707
3fffffffffffffffffffffffffffffffffffffffffffffffffffffffbffff708
3fffffffffffffffffffffffffffffffffffffffffffffffffffffffbffff709
3fffffffffffffffffffffffffffffffffffffffffffffffffffffffbffff70a
3fffffffffffffffffffffffffffffffffffffffffffffffffffffffbffff70b
3fffffffffffffffffffffffffffffffffffffffffffffffffffffffbffff70c
3fffffffffffffffffffffffffffffffffffffffffffffffffffffffbffff70d
3fffffffffffffffffffffffffffffffffffffffffffffffffffffffbffff70e
3fffffffffffffffffffffffffffffffffffffffffffffffffffffffbffff70f
3fffffffffffffffffffffffffffffffffffffffffffffffffffffffbffff710
3fffffffffffffffffffffffffffffffffffffffffffffffffffffffbffff711
3fffffffffffffffffffffffffffffffffffffffffffffffffffffffbffff712
3fffffffffffffffffffffffffffffffffffffffffffffffffffffffbffff713
3fffffffffffffffffffffffffffffffffffffffffffffffffffffffbffff714
3fffffffffffffffffffffffffffffffffffffffffffffffffffffffbffff715
3fffffffffffffffffffffffffffffffffffffffffffffffffffffffbffff716
3fffffffffffffffffffffffffffffffffffffffffffffffffffffffbffff717
3fffffffffffffffffffffffffffffffffffffffffffffffffffffffbffff718
3fffffffffffffffffffffffffffffffffffffffffffffffffffffffbffff719
3fffffffffffffffffffffffffffffffffffffffffffffffffffffffbffff71a
3fffffffffffffffffffffffffffffffffffffffffffffffffffffffbffff71b
3fffffffffffffffffffffffffffffffffffffffffffffffffffffffbffff71c
3fffffffffffffffffffffffffffffffffffffffffffffffffffffffbffff71d
3fffffffffffffffffffffffffffffffffffffffffffffffffffffffbffff71e
3fffffffffffffffffffffffffffffffffffffffffffffffffffffffbffff71f
3fffffffffffffffffffffffffffffffffffffffffffffffffffffffbffff720
3fffffffffffffffffffffffffffffffffffffffffffffffffffffffbffff721
3fffffffffffffffffffffffffffffffffffffffffffffffffffffffbffff722
3fffffffffffffffffffffffffffffffffffffffffffffffffffffffbffff723
3fffffffffffffffffffffffffffffffffffffffffffffffffffffffbffff724
3fffffffffffffffffffffffffffffffffffffffffffffffffffffffbffff725
3fffffffffffffffffffffffffffffffffffffffffffffffffffffffbffff726
3fffffffffffffffffffffffffffffffffffffffffffffffffffffffbffff727
3fffffffffffffffffffffffffffffffffffffffffffffffffffffffbffff728
3fffffffffffffffffffffffffffffffffffffffffffffffffffffffbffff729
3fffffffffffffffffffffffffffffffffffffffffffffffffffffffbffff72a
3fffffffffffffffffffffffffffffffffffffffffffffffffffffffbffff72b
3fffffffffffffffffffffffffffffffffffffffffffffffffffffffbffff72c
3fffffffffffffffffffffffffffffffffffffffffffffffffffffffbffff72d
3fffffffffffffffffffffffffffffffffffffffffffffffffffffffbffff72e
3fffffffffffffffffffffffffffffffffffffffffffffffffffffffbffff72f
3fffffffffffffffffffffffffffffffffffffffffffffffffffffffbffff730
3fffffffffffffffffffffffffffffffffffffffffffffffffffffffbffff731
3fffffffffffffffffffffffffffffffffffffffffffffffffffffffbffff732
3fffffffffffffffffffffffffffffffffffffffffffffffffffffffbffff733
3fffffffffffffffffffffffffffffffffffffffffffffffffffffffbffff734
3fffffffffffffffffffffffffffffffffffffffffffffffffffffffbffff735
3fffffffffffffffffffffffffffffffffffffffffffffffffffffffbffff736
3fffffffffffffffffffffffffffffffffffffffffffffffffffffffbffff737
3fffffffffffffffffffffffffffffffffffffffffffffffffffffffbffff738
3fffffffffffffffffffffffffffffffffffffffffffffffffffffffbffff739
3fffffffffffffffffffffffffffffffffffffffffffffffffffffffbffff73a
3fffffffffffffffffffffffffffffffffffffffffffffffffffffffbffff73b
3fffffffffffffffffffffffffffffffffffffffffffffffffffffffbffff73c
3fffffffffffffffffffffffffffffffffffffffffffffffffffffffbffff73d
3fffffffffffffffffffffffffffffffffffffffffffffffffffffffbffff73e
3fffffffffffffffffffffffffffffffffffffffffffffffffffffffbffff73f
3fffffffffffffffffffffffffffffffffffffffffffffffffffffffbffff740
3fffffffffffffffffffffffffffffffffffffffffffffffffffffffbffff741
3fffffffffffffffffffffffffffffffffffffffffffffffffffffffbffff742
3fffffffffffffffffffffffffffffffffffffffffffffffffffffffbffff743
3fffffffffffffffffffffffffffffffffffffffffffffffffffffffbffff744
3fffffffffffffffffffffffffffffffffffffffffffffffffffffffbffff745
3fffffffffffffffffffffffffffffffffffffffffffffffffffffffbffff746
3fffffffffffffffffffffffffffffffffffffffffffffffffffffffbffff747
3fffffffffffffffffffffffffffffffffffffffffffffffffffffffbffff748
3fffffffffffffffffffffffffffffffffffffffffffffffffffffffbffff749
3fffffffffffffffffffffffffffffffffffffffffffffffffffffffbffff74a
3fffffffffffffffffffffffffffffffffffffffffffffffffffffffbffff74b
3fffffffffffffffffffffffffffffffffffffffffffffffffffffffbffff74c
3fffffffffffffffffffffffffffffffffffffffffffffffffffffffbffff74d
3fffffffffffffffffffffffffffffffffffffffffffffffffffffffbffff74e
3fffffffffffffffffffffffffffffffffffffffffffffffffffffffbffff74f
3fffffffffffffffffffffffffffffffffffffffffffffffffffffffbffff750
3fffffffffffffffffffffffffffffffffffffffffffffffffffffffbffff751
3fffffffffffffffffffffffffffffffffffffffffffffffffffffffbffff752
3fffffffffffffffffffffffffffffffffffffffffffffffffffffffbffff753
3fffffffffffffffffffffffffffffffffffffffffffffffffffffffbffff754
3fffffffffffffffffffffffffffffffffffffffffffffffffffffffbffff755
3fffffffffffffffffffffffffffffffffffffffffffffffffffffffbffff756
3fffffffffffffffffffffffffffffffffffffffffffffffffffffffbffff757
3fffffffffffffffffffffffffffffffffffffffffffffffffffffffbffff758
3fffffffffffffffffffffffffffffffffffffffffffffffffffffffbffff759
3fffffffffffffffffffffffffffffffffffffffffffffffffffffffbffff75a
3fffffffffffffffffffffffffffffffffffffffffffffffffffffffbffff75b
3fffffffffffffffffffffffffffffffffffffffffffffffffffffffbffff75c
3fffffffffffffffffffffffffffffffffffffffffffffffffffffffbffff75d
3fffffffffffffffffffffffffffffffffffffffffffffffffffffffbffff75e
3fffffffffffffffffffffffffffffffffffffffffffffffffffffffbffff75f
3fffffffffffffffffffffffffffffffffffffffffffffffffffffffbffff760
3fffffffffffffffffffffffffffffffffffffffffffffffffffffffbffff761
3fffffffffffffffffffffffffffffffffffffffffffffffffffffffbffff762
3fffffffffffffffffffffffffffffffffffffffffffffffffffffffbffff763
3fffffffffffffffffffffffffffffffffffffffffffffffffffffffbffff764
3fffffffffffffffffffffffffffffffffffffffffffffffffffffffbffff765
3fffffffffffffffffffffffffffffffffffffffffffffffffffffffbffff766
3fffffffffffffffffffffffffffffffffffffffffffffffffffffffbffff767
3fffffffffffffffffffffffffffffffffffffffffffffffffffffffbffff768
3fffffffffffffffffffffffffffffffffffffffffffffffffffffffbffff769
3fffffffffffffffffffffffffffffffffffffffffffffffffffffffbffff76a
3fffffffffffffffffffffffffffffffffffffffffffffffffffffffbffff76b
3fffffffffffffffffffffffffffffffffffffffffffffffffffffffbffff76c
3fffffffffffffffffffffffffffffffffffffffffffffffffffffffbffff76d
3fffffffffffffffffffffffffffffffffffffffffffffffffffffffbffff76e
3fffffffffffffffffffffffffffffffffffffffffffffffffffffffbffff76f
3fffffffffffffffffffffffffffffffffffffffffffffffffffffffbffff770
3fffffffffffffffffffffffffffffffffffffffffffffffffffffffbffff771
3fffffffffffffffffffffffffffffffffffffffffffffffffffffffbffff772
3fffffffffffffffffffffffffffffffffffffffffffffffffffffffbffff773
3fffffffffffffffffffffffffffffffffffffffffffffffffffffffbffff774
3fffffffffffffffffffffffffffffffffffffffffffffffffffffffbffff775
3fffffffffffffffffffffffffffffffffffffffffffffffffffffffbffff776
3fffffffffffffffffffffffffffffffffffffffffffffffffffffffbffff777
3fffffffffffffffffffffffffffffffffffffffffffffffffffffffbffff778
3fffffffffffffffffffffffffffffffffffffffffffffffffffffffbffff779
3fffffffffffffffffffffffffffffffffffffffffffffffffffffffbffff77a
3fffffffffffffffffffffffffffffffffffffffffffffffffffffffbffff77b
3fffffffffffffffffffffffffffffffffffffffffffffffffffffffbffff77c
3fffffffffffffffffffffffffffffffffffffffffffffffffffffffbffff77d
3fffffffffffffffffffffffffffffffffffffffffffffffffffffffbffff77e
3fffffffffffffffffffffffffffffffffffffffffffffffffffffffbffff77f
3fffffffffffffffffffffffffffffffffffffffffffffffffffffffbffff780
3fffffffffffffffffffffffffffffffffffffffffffffffffffffffbffff781
3fffffffffffffffffffffffffffffffffffffffffffffffffffffffbffff782
3fffffffffffffffffffffffffffffffffffffffffffffffffffffffbffff783
3fffffffffffffffffffffffffffffffffffffffffffffffffffffffbffff784
3fffffffffffffffffffffffffffffffffffffffffffffffffffffffbffff785
3fffffffffffffffffffffffffffffffffffffffffffffffffffffffbffff786
3fffffffffffffffffffffffffffffffffffffffffffffffffffffffbffff787
3fffffffffffffffffffffffffffffffffffffffffffffffffffffffbffff788
3fffffffffffffffffffffffffffffffffffffffffffffffffffffffbffff789
3fffffffffffffffffffffffffffffffffffffffffffffffffffffffbffff78a
3fffffffffffffffffffffffffffffffffffffffffffffffffffffffbffff78b
3fffffffffffffffffffffffffffffffffffffffffffffffffffffffbffff78c
3fffffffffffffffffffffffffffffffffffffffffffffffffffffffbffff78d
3fffffffffffffffffffffffffffffffffffffffffffffffffffffffbffff78e
3fffffffffffffffffffffffffffffffffffffffffffffffffffffffbffff78f
3fffffffffffffffffffffffffffffffffffffffffffffffffffffffbffff790
3fffffffffffffffffffffffffffffffffffffffffffffffffffffffbffff791
3fffffffffffffffffffffffffffffffffffffffffffffffffffffffbffff792
3fffffffffffffffffffffffffffffffffffffffffffffffffffffffbffff793
3fffffffffffffffffffffffffffffffffffffffffffffffffffffffbffff794
3fffffffffffffffffffffffffffffffffffffffffffffffffffffffbffff795
3fffffffffffffffffffffffffffffffffffffffffffffffffffffffbffff796
3fffffffffffffffffffffffffffffffffffffffffffffffffffffffbffff797
3fffffffffffffffffffffffffffffffffffffffffffffffffffffffbffff798
3fffffffffffffffffffffffffffffffffffffffffffffffffffffffbffff799
3fffffffffffffffffffffffffffffffffffffffffffffffffffffffbffff79a
3fffffffffffffffffffffffffffffffffffffffffffffffffffffffbffff79b
3fffffffffffffffffffffffffffffffffffffffffffffffffffffffbffff79c
3fffffffffffffffffffffffffffffffffffffffffffffffffffffffbffff79d
3fffffffffffffffffffffffffffffffffffffffffffffffffffffffbffff79e
3fffffffffffffffffffffffffffffffffffffffffffffffffffffffbffff79f
3fffffffffffffffffffffffffffffffffffffffffffffffffffffffbffff7a0
3fffffffffffffffffffffffffffffffffffffffffffffffffffffffbffff7a1
3fffffffffffffffffffffffffffffffffffffffffffffffffffffffbffff7a2
3fffffffffffffffffffffffffffffffffffffffffffffffffffffffbffff7a3
3fffffffffffffffffffffffffffffffffffffffffffffffffffffffbffff7a4
3fffffffffffffffffffffffffffffffffffffffffffffffffffffffbffff7a5
3fffffffffffffffffffffffffffffffffffffffffffffffffffffffbffff7a6
3fffffffffffffffffffffffffffffffffffffffffffffffffffffffbffff7a7
3fffffffffffffffffffffffffffffffffffffffffffffffffffffffbffff7a8
3fffffffffffffffffffffffffffffffffffffffffffffffffffffffbffff7a9
3fffffffffffffffffffffffffffffffffffffffffffffffffffffffbffff7aa
3fffffffffffffffffffffffffffffffffffffffffffffffffffffffbffff7ab
3fffffffffffffffffffffffffffffffffffffffffffffffffffffffbffff7ac
3fffffffffffffffffffffffffffffffffffffffffffffffffffffffbffff7ad
3fffffffffffffffffffffffffffffffffffffffffffffffffffffffbffff7ae
3fffffffffffffffffffffffffffffffffffffffffffffffffffffffbffff7af
3fffffffffffffffffffffffffffffffffffffffffffffffffffffffbffff7b0
3fffffffffffffffffffffffffffffffffffffffffffffffffffffffbffff7b1
3fffffffffffffffffffffffffffffffffffffffffffffffffffffffbffff7b2
3fffffffffffffffffffffffffffffffffffffffffffffffffffffffbffff7b3
3fffffffffffffffffffffffffffffffffffffffffffffffffffffffbffff7b4
3fffffffffffffffffffffffffffffffffffffffffffffffffffffffbffff7b5
3fffffffffffffffffffffffffffffffffffffffffffffffffffffffbffff7b6
3fffffffffffffffffffffffffffffffffffffffffffffffffffffffbffff7b7
3fffffffffffffffffffffffffffffffffffffffffffffffffffffffbffff7b8
3fffffffffffffffffffffffffffffffffffffffffffffffffffffffbffff7b9
3fffffffffffffffffffffffffffffffffffffffffffffffffffffffbffff7ba
3fffffffffffffffffffffffffffffffffffffffffffffffffffffffbffff7bb
3fffffffffffffffffffffffffffffffffffffffffffffffffffffffbffff7bc
3fffffffffffffffffffffffffffffffffffffffffffffffffffffffbffff7bd
3fffffffffffffffffffffffffffffffffffffffffffffffffffffffbffff7be
3fffffffffffffffffffffffffffffffffffffffffffffffffffffffbffff7bf
3fffffffffffffffffffffffffffffffffffffffffffffffffffffffbffff7c0
3fffffffffffffffffffffffffffffffffffffffffffffffffffffffbffff7c1
3fffffffffffffffffffffffffffffffffffffffffffffffffffffffbffff7c2
3fffffffffffffffffffffffffffffffffffffffffffffffffffffffbffff7c3
3fffffffffffffffffffffffffffffffffffffffffffffffffffffffbffff7c4
3fffffffffffffffffffffffffffffffffffffffffffffffffffffffbffff7c5
3fffffffffffffffffffffffffffffffffffffffffffffffffffffffbffff7c6
3fffffffffffffffffffffffffffffffffffffffffffffffffffffffbffff7c7
3fffffffffffffffffffffffffffffffffffffffffffffffffffffffbffff7c8
3fffffffffffffffffffffffffffffffffffffffffffffffffffffffbffff7c9
3fffffffffffffffffffffffffffffffffffffffffffffffffffffffbffff7ca
3fffffffffffffffffffffffffffffffffffffffffffffffffffffffbffff7cb
3fffffffffffffffffffffffffffffffffffffffffffffffffffffffbffff7cc
3fffffffffffffffffffffffffffffffffffffffffffffffffffffffbffff7cd
3fffffffffffffffffffffffffffffffffffffffffffffffffffffffbffff7ce
3fffffffffffffffffffffffffffffffffffffffffffffffffffffffbffff7cf
3fffffffffffffffffffffffffffffffffffffffffffffffffffffffbffff7d0
3fffffffffffffffffffffffffffffffffffffffffffffffffffffffbffff7d1
3fffffffffffffffffffffffffffffffffffffffffffffffffffffffbffff7d2
3fffffffffffffffffffffffffffffffffffffffffffffffffffffffbffff7d3
3fffffffffffffffffffffffffffffffffffffffffffffffffffffffbffff7d4
3fffffffffffffffffffffffffffffffffffffffffffffffffffffffbffff7d5
3fffffffffffffffffffffffffffffffffffffffffffffffffffffffbffff7d6
3fffffffffffffffffffffffffffffffffffffffffffffffffffffffbffff7d7
3fffffffffffffffffffffffffffffffffffffffffffffffffffffffbffff7d8
3fffffffffffffffffffffffffffffffffffffffffffffffffffffffbffff7d9
3fffffffffffffffffffffffffffffffffffffffffffffffffffffffbffff7da
3fffffffffffffffffffffffffffffffffffffffffffffffffffffffbffff7db
3fffffffffffffffffffffffffffffffffffffffffffffffffffffffbffff7dc
3fffffffffffffffffffffffffffffffffffffffffffffffffffffffbffff7dd
3fffffffffffffffffffffffffffffffffffffffffffffffffffffffbffff7de
3fffffffffffffffffffffffffffffffffffffffffffffffffffffffbffff7df
3fffffffffffffffffffffffffffffffffffffffffffffffffffffffbffff7e0
3fffffffffffffffffffffffffffffffffffffffffffffffffffffffbffff7e1
3fffffffffffffffffffffffffffffffffffffffffffffffffffffffbffff7e2
3fffffffffffffffffffffffffffffffffffffffffffffffffffffffbffff7e3
3fffffffffffffffffffffffffffffffffffffffffffffffffffffffbffff7e4
3fffffffffffffffffffffffffffffffffffffffffffffffffffffffbffff7e5
3fffffffffffffffffffffffffffffffffffffffffffffffffffffffbffff7e6
3fffffffffffffffffffffffffffffffffffffffffffffffffffffffbffff7e7
3fffffffffffffffffffffffffffffffffffffffffffffffffffffffbffff7e8
3fffffffffffffffffffffffffffffffffffffffffffffffffffffffbffff7e9
3fffffffffffffffffffffffffffffffffffffffffffffffffffffffbffff7ea
3fffffffffffffffffffffffffffffffffffffffffffffffffffffffbffff7eb
3fffffffffffffffffffffffffffffffffffffffffffffffffffffffbffff7ec
3fffffffffffffffffffffffffffffffffffffffffffffffffffffffbffff7ed
3fffffffffffffffffffffffffffffffffffffffffffffffffffffffbffff7ee
3fffffffffffffffffffffffffffffffffffffffffffffffffffffffbffff7ef
3fffffffffffffffffffffffffffffffffffffffffffffffffffffffbffff7f0
3fffffffffffffffffffffffffffffffffffffffffffffffffffffffbffff7f1
3fffffffffffffffffffffffffffffffffffffffffffffffffffffffbffff7f2
3fffffffffffffffffffffffffffffffffffffffffffffffffffffffbffff7f3
3fffffffffffffffffffffffffffffffffffffffffffffffffffffffbffff7f4
3fffffffffffffffffffffffffffffffffffffffffffffffffffffffbffff7f5
3fffffffffffffffffffffffffffffffffffffffffffffffffffffffbffff7f6
3fffffffffffffffffffffffffffffffffffffffffffffffffffffffbffff7f7
3fffffffffffffffffffffffffffffffffffffffffffffffffffffffbffff7f8
3fffffffffffffffffffffffffffffffffffffffffffffffffffffffbffff7f9
3fffffffffffffffffffffffffffffffffffffffffffffffffffffffbffff7fa
3fffffffffffffffffffffffffffffffffffffffffffffffffffffffbffff7fb
3fffffffffffffffffffffffffffffffffffffffffffffffffffffffbffff7fc
3fffffffffffffffffffffffffffffffffffffffffffffffffffffffbffff7fd
3fffffffffffffffffffffffffffffffffffffffffffffffffffffffbffff7fe
3fffffffffffffffffffffffffffffffffffffffffffffffffffffffbffff7ff
4fffffffffffffffffffffffffffffffffffffffffffffffffffffffaffff800
4fffffffffffffffffffffffffffffffffffffffffffffffffffffffaffff801
4fffffffffffffffffffffffffffffffffffffffffffffffffffffffaffff802
4fffffffffffffffffffffffffffffffffffffffffffffffffffffffaffff803
4fffffffffffffffffffffffffffffffffffffffffffffffffffffffaffff804
4fffffffffffffffffffffffffffffffffffffffffffffffffffffffaffff805
4fffffffffffffffffffffffffffffffffffffffffffffffffffffffaffff806
4fffffffffffffffffffffffffffffffffffffffffffffffffffffffaffff807
4fffffffffffffffffffffffffffffffffffffffffffffffffffffffaffff808
4fffffffffffffffffffffffffffffffffffffffffffffffffffffffaffff809
4fffffffffffffffffffffffffffffffffffffffffffffffffffffffaffff80a
4fffffffffffffffffffffffffffffffffffffffffffffffffffffffaffff80b
4fffffffffffffffffffffffffffffffffffffffffffffffffffffffaffff80c
4fffffffffffffffffffffffffffffffffffffffffffffffffffffffaffff80d
4fffffffffffffffffffffffffffffffffffffffffffffffffffffffaffff80e
4fffffffffffffffffffffffffffffffffffffffffffffffffffffffaffff80f
4fffffffffffffffffffffffffffffffffffffffffffffffffffffffaffff810
4fffffffffffffffffffffffffffffffffffffffffffffffffffffffaffff811
4fffffffffffffffffffffffffffffffffffffffffffffffffffffffaffff812
4fffffffffffffffffffffffffffffffffffffffffffffffffffffffaffff813
4fffffffffffffffffffffffffffffffffffffffffffffffffffffffaffff814
4fffffffffffffffffffffffffffffffffffffffffffffffffffffffaffff815
4fffffffffffffffffffffffffffffffffffffffffffffffffffffffaffff816
4fffffffffffffffffffffffffffffffffffffffffffffffffffffffaffff817
4fffffffffffffffffffffffffffffffffffffffffffffffffffffffaffff818
4fffffffffffffffffffffffffffffffffffffffffffffffffffffffaffff819
4fffffffffffffffffffffffffffffffffffffffffffffffffffffffaffff81a
4fffffffffffffffffffffffffffffffffffffffffffffffffffffffaffff81b
4fffffffffffffffffffffffffffffffffffffffffffffffffffffffaffff81c
4fffffffffffffffffffffffffffffffffffffffffffffffffffffffaffff81d
4fffffffffffffffffffffffffffffffffffffffffffffffffffffffaffff81e
4fffffffffffffffffffffffffffffffffffffffffffffffffffffffaffff81f
4fffffffffffffffffffffffffffffffffffffffffffffffffffffffaffff820
4fffffffffffffffffffffffffffffffffffffffffffffffffffffffaffff821
4fffffffffffffffffffffffffffffffffffffffffffffffffffffffaffff822
4fffffffffffffffffffffffffffffffffffffffffffffffffffffffaffff823
4fffffffffffffffffffffffffffffffffffffffffffffffffffffffaffff824
4fffffffffffffffffffffffffffffffffffffffffffffffffffffffaffff825
4fffffffffffffffffffffffffffffffffffffffffffffffffffffffaffff826
4fffffffffffffffffffffffffffffffffffffffffffffffffffffffaffff827
4fffffffffffffffffffffffffffffffffffffffffffffffffffffffaffff828
4fffffffffffffffffffffffffffffffffffffffffffffffffffffffaffff829
4fffffffffffffffffffffffffffffffffffffffffffffffffffffffaffff82a
4fffffffffffffffffffffffffffffffffffffffffffffffffffffffaffff82b
4fffffffffffffffffffffffffffffffffffffffffffffffffffffffaffff82c
4fffffffffffffffffffffffffffffffffffffffffffffffffffffffaffff82d
4fffffffffffffffffffffffffffffffffffffffffffffffffffffffaffff82e
4fffffffffffffffffffffffffffffffffffffffffffffffffffffffaffff82f
4fffffffffffffffffffffffffffffffffffffffffffffffffffffffaffff830
4fffffffffffffffffffffffffffffffffffffffffffffffffffffffaffff831
4fffffffffffffffffffffffffffffffffffffffffffffffffffffffaffff832
4fffffffffffffffffffffffffffffffffffffffffffffffffffffffaffff833
4fffffffffffffffffffffffffffffffffffffffffffffffffffffffaffff834
4fffffffffffffffffffffffffffffffffffffffffffffffffffffffaffff835
4fffffffffffffffffffffffffffffffffffffffffffffffffffffffaffff836
4fffffffffffffffffffffffffffffffffffffffffffffffffffffffaffff837
4fffffffffffffffffffffffffffffffffffffffffffffffffffffffaffff838
4fffffffffffffffffffffffffffffffffffffffffffffffffffffffaffff839
4fffffffffffffffffffffffffffffffffffffffffffffffffffffffaffff83a
4fffffffffffffffffffffffffffffffffffffffffffffffffffffffaffff83b
4fffffffffffffffffffffffffffffffffffffffffffffffffffffffaffff83c
4fffffffffffffffffffffffffffffffffffffffffffffffffffffffaffff83d
4fffffffffffffffffffffffffffffffffffffffffffffffffffffffaffff83e
4fffffffffffffffffffffffffffffffffffffffffffffffffffffffaffff83f
4fffffffffffffffffffffffffffffffffffffffffffffffffffffffaffff840
4fffffffffffffffffffffffffffffffffffffffffffffffffffffffaffff841
4fffffffffffffffffffffffffffffffffffffffffffffffffffffffaffff842
4fffffffffffffffffffffffffffffffffffffffffffffffffffffffaffff843
4fffffffffffffffffffffffffffffffffffffffffffffffffffffffaffff844
4fffffffffffffffffffffffffffffffffffffffffffffffffffffffaffff845
4fffffffffffffffffffffffffffffffffffffffffffffffffffffffaffff846
4fffffffffffffffffffffffffffffffffffffffffffffffffffffffaffff847
4fffffffffffffffffffffffffffffffffffffffffffffffffffffffaffff848
4fffffffffffffffffffffffffffffffffffffffffffffffffffffffaffff849
4fffffffffffffffffffffffffffffffffffffffffffffffffffffffaffff84a
4fffffffffffffffffffffffffffffffffffffffffffffffffffffffaffff84b
4fffffffffffffffffffffffffffffffffffffffffffffffffffffffaffff84c
4fffffffffffffffffffffffffffffffffffffffffffffffffffffffaffff84d
4fffffffffffffffffffffffffffffffffffffffffffffffffffffffaffff84e
4fffffffffffffffffffffffffffffffffffffffffffffffffffffffaffff84f
4fffffffffffffffffffffffffffffffffffffffffffffffffffffffaffff850
4fffffffffffffffffffffffffffffffffffffffffffffffffffffffaffff851
4fffffffffffffffffffffffffffffffffffffffffffffffffffffffaffff852
4fffffffffffffffffffffffffffffffffffffffffffffffffffffffaffff853
4fffffffffffffffffffffffffffffffffffffffffffffffffffffffaffff854
4fffffffffffffffffffffffffffffffffffffffffffffffffffffffaffff855
4fffffffffffffffffffffffffffffffffffffffffffffffffffffffaffff856
4fffffffffffffffffffffffffffffffffffffffffffffffffffffffaffff857
4fffffffffffffffffffffffffffffffffffffffffffffffffffffffaffff858
4fffffffffffffffffffffffffffffffffffffffffffffffffffffffaffff859
4fffffffffffffffffffffffffffffffffffffffffffffffffffffffaffff85a
4fffffffffffffffffffffffffffffffffffffffffffffffffffffffaffff85b
4fffffffffffffffffffffffffffffffffffffffffffffffffffffffaffff85c
4fffffffffffffffffffffffffffffffffffffffffffffffffffffffaffff85d
4fffffffffffffffffffffffffffffffffffffffffffffffffffffffaffff85e
4fffffffffffffffffffffffffffffffffffffffffffffffffffffffaffff85f
4fffffffffffffffffffffffffffffffffffffffffffffffffffffffaffff860
4fffffffffffffffffffffffffffffffffffffffffffffffffffffffaffff861
4fffffffffffffffffffffffffffffffffffffffffffffffffffffffaffff862
4fffffffffffffffffffffffffffffffffffffffffffffffffffffffaffff863
4fffffffffffffffffffffffffffffffffffffffffffffffffffffffaffff864
4fffffffffffffffffffffffffffffffffffffffffffffffffffffffaffff865
4fffffffffffffffffffffffffffffffffffffffffffffffffffffffaffff866
4fffffffffffffffffffffffffffffffffffffffffffffffffffffffaffff867
4fffffffffffffffffffffffffffffffffffffffffffffffffffffffaffff868
4fffffffffffffffffffffffffffffffffffffffffffffffffffffffaffff869
4fffffffffffffffffffffffffffffffffffffffffffffffffffffffaffff86a
4fffffffffffffffffffffffffffffffffffffffffffffffffffffffaffff86b
4fffffffffffffffffffffffffffffffffffffffffffffffffffffffaffff86c
4fffffffffffffffffffffffffffffffffffffffffffffffffffffffaffff86d
4fffffffffffffffffffffffffffffffffffffffffffffffffffffffaffff86e
4fffffffffffffffffffffffffffffffffffffffffffffffffffffffaffff86f
4fffffffffffffffffffffffffffffffffffffffffffffffffffffffaffff870
4fffffffffffffffffffffffffffffffffffffffffffffffffffffffaffff871
4fffffffffffffffffffffffffffffffffffffffffffffffffffffffaffff872
4fffffffffffffffffffffffffffffffffffffffffffffffffffffffaffff873
4fffffffffffffffffffffffffffffffffffffffffffffffffffffffaffff874
4fffffffffffffffffffffffffffffffffffffffffffffffffffffffaffff875
4fffffffffffffffffffffffffffffffffffffffffffffffffffffffaffff876
4fffffffffffffffffffffffffffffffffffffffffffffffffffffffaffff877
4fffffffffffffffffffffffffffffffffffffffffffffffffffffffaffff878
4fffffffffffffffffffffffffffffffffffffffffffffffffffffffaffff879
4fffffffffffffffffffffffffffffffffffffffffffffffffffffffaffff87a
4fffffffffffffffffffffffffffffffffffffffffffffffffffffffaffff87b
4fffffffffffffffffffffffffffffffffffffffffffffffffffffffaffff87c
4fffffffffffffffffffffffffffffffffffffffffffffffffffffffaffff87d
4fffffffffffffffffffffffffffffffffffffffffffffffffffffffaffff87e
4fffffffffffffffffffffffffffffffffffffffffffffffffffffffaffff87f
4fffffffffffffffffffffffffffffffffffffffffffffffffffffffaffff880
4fffffffffffffffffffffffffffffffffffffffffffffffffffffffaffff881
4fffffffffffffffffffffffffffffffffffffffffffffffffffffffaffff882
4fffffffffffffffffffffffffffffffffffffffffffffffffffffffaffff883
4fffffffffffffffffffffffffffffffffffffffffffffffffffffffaffff884
4fffffffffffffffffffffffffffffffffffffffffffffffffffffffaffff885
4fffffffffffffffffffffffffffffffffffffffffffffffffffffffaffff886
4fffffffffffffffffffffffffffffffffffffffffffffffffffffffaffff887
4fffffffffffffffffffffffffffffffffffffffffffffffffffffffaffff888
4fffffffffffffffffffffffffffffffffffffffffffffffffffffffaffff889
4fffffffffffffffffffffffffffffffffffffffffffffffffffffffaffff88a
4fffffffffffffffffffffffffffffffffffffffffffffffffffffffaffff88b
4fffffffffffffffffffffffffffffffffffffffffffffffffffffffaffff88c
4fffffffffffffffffffffffffffffffffffffffffffffffffffffffaffff88d
4fffffffffffffffffffffffffffffffffffffffffffffffffffffffaffff88e
4fffffffffffffffffffffffffffffffffffffffffffffffffffffffaffff88f
4fffffffffffffffffffffffffffffffffffffffffffffffffffffffaffff890
4fffffffffffffffffffffffffffffffffffffffffffffffffffffffaffff891
4fffffffffffffffffffffffffffffffffffffffffffffffffffffffaffff892
4fffffffffffffffffffffffffffffffffffffffffffffffffffffffaffff893
4fffffffffffffffffffffffffffffffffffffffffffffffffffffffaffff894
4fffffffffffffffffffffffffffffffffffffffffffffffffffffffaffff895
4fffffffffffffffffffffffffffffffffffffffffffffffffffffffaffff896
4fffffffffffffffffffffffffffffffffffffffffffffffffffffffaffff897
4fffffffffffffffffffffffffffffffffffffffffffffffffffffffaffff898
4fffffffffffffffffffffffffffffffffffffffffffffffffffffffaffff899
4fffffffffffffffffffffffffffffffffffffffffffffffffffffffaffff89a
4fffffffffffffffffffffffffffffffffffffffffffffffffffffffaffff89b
4fffffffffffffffffffffffffffffffffffffffffffffffffffffffaffff89c
4fffffffffffffffffffffffffffffffffffffffffffffffffffffffaffff89d
4fffffffffffffffffffffffffffffffffffffffffffffffffffffffaffff89e
4fffffffffffffffffffffffffffffffffffffffffffffffffffffffaffff89f
4fffffffffffffffffffffffffffffffffffffffffffffffffffffffaffff8a0
4fffffffffffffffffffffffffffffffffffffffffffffffffffffffaffff8a1
4fffffffffffffffffffffffffffffffffffffffffffffffffffffffaffff8a2
4fffffffffffffffffffffffffffffffffffffffffffffffffffffffaffff8a3
4fffffffffffffffffffffffffffffffffffffffffffffffffffffffaffff8a4
4fffffffffffffffffffffffffffffffffffffffffffffffffffffffaffff8a5
4fffffffffffffffffffffffffffffffffffffffffffffffffffffffaffff8a6
4fffffffffffffffffffffffffffffffffffffffffffffffffffffffaffff8a7
4fffffffffffffffffffffffffffffffffffffffffffffffffffffffaffff8a8
4fffffffffffffffffffffffffffffffffffffffffffffffffffffffaffff8a9
4fffffffffffffffffffffffffffffffffffffffffffffffffffffffaffff8aa
4fffffffffffffffffffffffffffffffffffffffffffffffffffffffaffff8ab
4fffffffffffffffffffffffffffffffffffffffffffffffffffffffaffff8ac
4fffffffffffffffffffffffffffffffffffffffffffffffffffffffaffff8ad
4fffffffffffffffffffffffffffffffffffffffffffffffffffffffaffff8ae
4fffffffffffffffffffffffffffffffffffffffffffffffffffffffaffff8af
4fffffffffffffffffffffffffffffffffffffffffffffffffffffffaffff8b0
4fffffffffffffffffffffffffffffffffffffffffffffffffffffffaffff8b1
4fffffffffffffffffffffffffffffffffffffffffffffffffffffffaffff8b2
4fffffffffffffffffffffffffffffffffffffffffffffffffffffffaffff8b3
4fffffffffffffffffffffffffffffffffffffffffffffffffffffffaffff8b4
4fffffffffffffffffffffffffffffffffffffffffffffffffffffffaffff8b5
4fffffffffffffffffffffffffffffffffffffffffffffffffffffffaffff8b6
4fffffffffffffffffffffffffffffffffffffffffffffffffffffffaffff8b7
4fffffffffffffffffffffffffffffffffffffffffffffffffffffffaffff8b8
4fffffffffffffffffffffffffffffffffffffffffffffffffffffffaffff8b9
4fffffffffffffffffffffffffffffffffffffffffffffffffffffffaffff8ba
4fffffffffffffffffffffffffffffffffffffffffffffffffffffffaffff8bb
4fffffffffffffffffffffffffffffffffffffffffffffffffffffffaffff8bc
4fffffffffffffffffffffffffffffffffffffffffffffffffffffffaffff8bd
4fffffffffffffffffffffffffffffffffffffffffffffffffffffffaffff8be
4fffffffffffffffffffffffffffffffffffffffffffffffffffffffaffff8bf
4fffffffffffffffffffffffffffffffffffffffffffffffffffffffaffff8c0
4fffffffffffffffffffffffffffffffffffffffffffffffffffffffaffff8c1
4fffffffffffffffffffffffffffffffffffffffffffffffffffffffaffff8c2
4fffffffffffffffffffffffffffffffffffffffffffffffffffffffaffff8c3
4fffffffffffffffffffffffffffffffffffffffffffffffffffffffaffff8c4
4fffffffffffffffffffffffffffffffffffffffffffffffffffffffaffff8c5
4fffffffffffffffffffffffffffffffffffffffffffffffffffffffaffff8c6
4fffffffffffffffffffffffffffffffffffffffffffffffffffffffaffff8c7
4fffffffffffffffffffffffffffffffffffffffffffffffffffffffaffff8c8
4fffffffffffffffffffffffffffffffffffffffffffffffffffffffaffff8c9
4fffffffffffffffffffffffffffffffffffffffffffffffffffffffaffff8ca
4fffffffffffffffffffffffffffffffffffffffffffffffffffffffaffff8cb
4fffffffffffffffffffffffffffffffffffffffffffffffffffffffaffff8cc
4fffffffffffffffffffffffffffffffffffffffffffffffffffffffaffff8cd
4fffffffffffffffffffffffffffffffffffffffffffffffffffffffaffff8ce
4fffffffffffffffffffffffffffffffffffffffffffffffffffffffaffff8cf
4fffffffffffffffffffffffffffffffffffffffffffffffffffffffaffff8d0
4fffffffffffffffffffffffffffffffffffffffffffffffffffffffaffff8d1
4fffffffffffffffffffffffffffffffffffffffffffffffffffffffaffff8d2
4fffffffffffffffffffffffffffffffffffffffffffffffffffffffaffff8d3
4fffffffffffffffffffffffffffffffffffffffffffffffffffffffaffff8d4
4fffffffffffffffffffffffffffffffffffffffffffffffffffffffaffff8d5
4fffffffffffffffffffffffffffffffffffffffffffffffffffffffaffff8d6
4fffffffffffffffffffffffffffffffffffffffffffffffffffffffaffff8d7
4fffffffffffffffffffffffffffffffffffffffffffffffffffffffaffff8d8
4fffffffffffffffffffffffffffffffffffffffffffffffffffffffaffff8d9
4fffffffffffffffffffffffffffffffffffffffffffffffffffffffaffff8da
4fffffffffffffffffffffffffffffffffffffffffffffffffffffffaffff8db
4fffffffffffffffffffffffffffffffffffffffffffffffffffffffaffff8dc
4fffffffffffffffffffffffffffffffffffffffffffffffffffffffaffff8dd
4fffffffffffffffffffffffffffffffffffffffffffffffffffffffaffff8de
4fffffffffffffffffffffffffffffffffffffffffffffffffffffffaffff8df
4fffffffffffffffffffffffffffffffffffffffffffffffffffffffaffff8e0
4fffffffffffffffffffffffffffffffffffffffffffffffffffffffaffff8e1
4fffffffffffffffffffffffffffffffffffffffffffffffffffffffaffff8e2
4fffffffffffffffffffffffffffffffffffffffffffffffffffffffaffff8e3
4fffffffffffffffffffffffffffffffffffffffffffffffffffffffaffff8e4
4fffffffffffffffffffffffffffffffffffffffffffffffffffffffaffff8e5
4fffffffffffffffffffffffffffffffffffffffffffffffffffffffaffff8e6
4fffffffffffffffffffffffffffffffffffffffffffffffffffffffaffff8e7
4fffffffffffffffffffffffffffffffffffffffffffffffffffffffaffff8e8
4fffffffffffffffffffffffffffffffffffffffffffffffffffffffaffff8e9
4fffffffffffffffffffffffffffffffffffffffffffffffffffffffaffff8ea
4fffffffffffffffffffffffffffffffffffffffffffffffffffffffaffff8eb
4fffffffffffffffffffffffffffffffffffffffffffffffffffffffaffff8ec
4fffffffffffffffffffffffffffffffffffffffffffffffffffffffaffff8ed
4fffffffffffffffffffffffffffffffffffffffffffffffffffffffaffff8ee
4fffffffffffffffffffffffffffffffffffffffffffffffffffffffaffff8ef
4fffffffffffffffffffffffffffffffffffffffffffffffffffffffaffff8f0
4fffffffffffffffffffffffffffffffffffffffffffffffffffffffaffff8f1
4fffffffffffffffffffffffffffffffffffffffffffffffffffffffaffff8f2
4fffffffffffffffffffffffffffffffffffffffffffffffffffffffaffff8f3
4fffffffffffffffffffffffffffffffffffffffffffffffffffffffaffff8f4
4fffffffffffffffffffffffffffffffffffffffffffffffffffffffaffff8f5
4fffffffffffffffffffffffffffffffffffffffffffffffffffffffaffff8f6
4fffffffffffffffffffffffffffffffffffffffffffffffffffffffaffff8f7
4fffffffffffffffffffffffffffffffffffffffffffffffffffffffaffff8f8
4fffffffffffffffffffffffffffffffffffffffffffffffffffffffaffff8f9
4fffffffffffffffffffffffffffffffffffffffffffffffffffffffaffff8fa
4fffffffffffffffffffffffffffffffffffffffffffffffffffffffaffff8fb
4fffffffffffffffffffffffffffffffffffffffffffffffffffffffaffff8fc
4fffffffffffffffffffffffffffffffffffffffffffffffffffffffaffff8fd
4fffffffffffffffffffffffffffffffffffffffffffffffffffffffaffff8fe
4fffffffffffffffffffffffffffffffffffffffffffffffffffffffaffff8ff
4fffffffffffffffffffffffffffffffffffffffffffffffffffffffaffff900
4fffffffffffffffffffffffffffffffffffffffffffffffffffffffaffff901
4fffffffffffffffffffffffffffffffffffffffffffffffffffffffaffff902
4fffffffffffffffffffffffffffffffffffffffffffffffffffffffaffff903
4fffffffffffffffffffffffffffffffffffffffffffffffffffffffaffff904
4fffffffffffffffffffffffffffffffffffffffffffffffffffffffaffff905
4fffffffffffffffffffffffffffffffffffffffffffffffffffffffaffff906
4fffffffffffffffffffffffffffffffffffffffffffffffffffffffaffff907
4fffffffffffffffffffffffffffffffffffffffffffffffffffffffaffff908
4fffffffffffffffffffffffffffffffffffffffffffffffffffffffaffff909
4fffffffffffffffffffffffffffffffffffffffffffffffffffffffaffff90a
4fffffffffffffffffffffffffffffffffffffffffffffffffffffffaffff90b
4fffffffffffffffffffffffffffffffffffffffffffffffffffffffaffff90c
4fffffffffffffffffffffffffffffffffffffffffffffffffffffffaffff90d
4fffffffffffffffffffffffffffffffffffffffffffffffffffffffaffff90e
4fffffffffffffffffffffffffffffffffffffffffffffffffffffffaffff90f
4fffffffffffffffffffffffffffffffffffffffffffffffffffffffaffff910
4fffffffffffffffffffffffffffffffffffffffffffffffffffffffaffff911
4fffffffffffffffffffffffffffffffffffffffffffffffffffffffaffff912
4fffffffffffffffffffffffffffffffffffffffffffffffffffffffaffff913
4fffffffffffffffffffffffffffffffffffffffffffffffffffffffaffff914
4fffffffffffffffffffffffffffffffffffffffffffffffffffffffaffff915
4fffffffffffffffffffffffffffffffffffffffffffffffffffffffaffff916
4fffffffffffffffffffffffffffffffffffffffffffffffffffffffaffff917
4fffffffffffffffffffffffffffffffffffffffffffffffffffffffaffff918
4fffffffffffffffffffffffffffffffffffffffffffffffffffffffaffff919
4fffffffffffffffffffffffffffffffffffffffffffffffffffffffaffff91a
4fffffffffffffffffffffffffffffffffffffffffffffffffffffffaffff91b
4fffffffffffffffffffffffffffffffffffffffffffffffffffffffaffff91c
4fffffffffffffffffffffffffffffffffffffffffffffffffffffffaffff91d
4fffffffffffffffffffffffffffffffffffffffffffffffffffffffaffff91e
4fffffffffffffffffffffffffffffffffffffffffffffffffffffffaffff91f
4fffffffffffffffffffffffffffffffffffffffffffffffffffffffaffff920
4fffffffffffffffffffffffffffffffffffffffffffffffffffffffaffff921
4fffffffffffffffffffffffffffffffffffffffffffffffffffffffaffff922
4fffffffffffffffffffffffffffffffffffffffffffffffffffffffaffff923
4fffffffffffffffffffffffffffffffffffffffffffffffffffffffaffff924
4fffffffffffffffffffffffffffffffffffffffffffffffffffffffaffff925
4fffffffffffffffffffffffffffffffffffffffffffffffffffffffaffff926
4fffffffffffffffffffffffffffffffffffffffffffffffffffffffaffff927
4fffffffffffffffffffffffffffffffffffffffffffffffffffffffaffff928
4fffffffffffffffffffffffffffffffffffffffffffffffffffffffaffff929
4fffffffffffffffffffffffffffffffffffffffffffffffffffffffaffff92a
4fffffffffffffffffffffffffffffffffffffffffffffffffffffffaffff92b
4fffffffffffffffffffffffffffffffffffffffffffffffffffffffaffff92c
4fffffffffffffffffffffffffffffffffffffffffffffffffffffffaffff92d
4fffffffffffffffffffffffffffffffffffffffffffffffffffffffaffff92e
4fffffffffffffffffffffffffffffffffffffffffffffffffffffffaffff92f
4fffffffffffffffffffffffffffffffffffffffffffffffffffffffaffff930
4fffffffffffffffffffffffffffffffffffffffffffffffffffffffaffff931
4fffffffffffffffffffffffffffffffffffffffffffffffffffffffaffff932
4fffffffffffffffffffffffffffffffffffffffffffffffffffffffaffff933
4fffffffffffffffffffffffffffffffffffffffffffffffffffffffaffff934
4fffffffffffffffffffffffffffffffffffffffffffffffffffffffaffff935
4fffffffffffffffffffffffffffffffffffffffffffffffffffffffaffff936
4fffffffffffffffffffffffffffffffffffffffffffffffffffffffaffff937
4fffffffffffffffffffffffffffffffffffffffffffffffffffffffaffff938
4fffffffffffffffffffffffffffffffffffffffffffffffffffffffaffff939
4fffffffffffffffffffffffffffffffffffffffffffffffffffffffaffff93a
4fffffffffffffffffffffffffffffffffffffffffffffffffffffffaffff93b
4fffffffffffffffffffffffffffffffffffffffffffffffffffffffaffff93c
4fffffffffffffffffffffffffffffffffffffffffffffffffffffffaffff93d
4fffffffffffffffffffffffffffffffffffffffffffffffffffffffaffff93e
4fffffffffffffffffffffffffffffffffffffffffffffffffffffffaffff93f
4fffffffffffffffffffffffffffffffffffffffffffffffffffffffaffff940
4fffffffffffffffffffffffffffffffffffffffffffffffffffffffaffff941
4fffffffffffffffffffffffffffffffffffffffffffffffffffffffaffff942
4fffffffffffffffffffffffffffffffffffffffffffffffffffffffaffff943
4fffffffffffffffffffffffffffffffffffffffffffffffffffffffaffff944
4fffffffffffffffffffffffffffffffffffffffffffffffffffffffaffff945
4fffffffffffffffffffffffffffffffffffffffffffffffffffffffaffff946
4fffffffffffffffffffffffffffffffffffffffffffffffffffffffaffff947
4fffffffffffffffffffffffffffffffffffffffffffffffffffffffaffff948
4fffffffffffffffffffffffffffffffffffffffffffffffffffffffaffff949
4fffffffffffffffffffffffffffffffffffffffffffffffffffffffaffff94a
4fffffffffffffffffffffffffffffffffffffffffffffffffffffffaffff94b
4fffffffffffffffffffffffffffffffffffffffffffffffffffffffaffff94c
4fffffffffffffffffffffffffffffffffffffffffffffffffffffffaffff94d
4fffffffffffffffffffffffffffffffffffffffffffffffffffffffaffff94e
4fffffffffffffffffffffffffffffffffffffffffffffffffffffffaffff94f
4fffffffffffffffffffffffffffffffffffffffffffffffffffffffaffff950
4fffffffffffffffffffffffffffffffffffffffffffffffffffffffaffff951
4fffffffffffffffffffffffffffffffffffffffffffffffffffffffaffff952
4fffffffffffffffffffffffffffffffffffffffffffffffffffffffaffff953
4fffffffffffffffffffffffffffffffffffffffffffffffffffffffaffff954
4fffffffffffffffffffffffffffffffffffffffffffffffffffffffaffff955
4fffffffffffffffffffffffffffffffffffffffffffffffffffffffaffff956
4fffffffffffffffffffffffffffffffffffffffffffffffffffffffaffff957
4fffffffffffffffffffffffffffffffffffffffffffffffffffffffaffff958
4fffffffffffffffffffffffffffffffffffffffffffffffffffffffaffff959
4fffffffffffffffffffffffffffffffffffffffffffffffffffffffaffff95a
4fffffffffffffffffffffffffffffffffffffffffffffffffffffffaffff95b
4fffffffffffffffffffffffffffffffffffffffffffffffffffffffaffff95c
4fffffffffffffffffffffffffffffffffffffffffffffffffffffffaffff95d
4fffffffffffffffffffffffffffffffffffffffffffffffffffffffaffff95e
4fffffffffffffffffffffffffffffffffffffffffffffffffffffffaffff95f
4fffffffffffffffffffffffffffffffffffffffffffffffffffffffaffff960
4fffffffffffffffffffffffffffffffffffffffffffffffffffffffaffff961
4fffffffffffffffffffffffffffffffffffffffffffffffffffffffaffff962
4fffffffffffffffffffffffffffffffffffffffffffffffffffffffaffff963
4fffffffffffffffffffffffffffffffffffffffffffffffffffffffaffff964
4fffffffffffffffffffffffffffffffffffffffffffffffffffffffaffff965
4fffffffffffffffffffffffffffffffffffffffffffffffffffffffaffff966
4fffffffffffffffffffffffffffffffffffffffffffffffffffffffaffff967
4fffffffffffffffffffffffffffffffffffffffffffffffffffffffaffff968
4fffffffffffffffffffffffffffffffffffffffffffffffffffffffaffff969
4fffffffffffffffffffffffffffffffffffffffffffffffffffffffaffff96a
4fffffffffffffffffffffffffffffffffffffffffffffffffffffffaffff96b
4fffffffffffffffffffffffffffffffffffffffffffffffffffffffaffff96c
4fffffffffffffffffffffffffffffffffffffffffffffffffffffffaffff96d
4fffffffffffffffffffffffffffffffffffffffffffffffffffffffaffff96e
4fffffffffffffffffffffffffffffffffffffffffffffffffffffffaffff96f
4fffffffffffffffffffffffffffffffffffffffffffffffffffffffaffff970
4fffffffffffffffffffffffffffffffffffffffffffffffffffffffaffff971
4fffffffffffffffffffffffffffffffffffffffffffffffffffffffaffff972
4fffffffffffffffffffffffffffffffffffffffffffffffffffffffaffff973
4fffffffffffffffffffffffffffffffffffffffffffffffffffffffaffff974
4fffffffffffffffffffffffffffffffffffffffffffffffffffffffaffff975
4fffffffffffffffffffffffffffffffffffffffffffffffffffffffaffff976
4fffffffffffffffffffffffffffffffffffffffffffffffffffffffaffff977
4fffffffffffffffffffffffffffffffffffffffffffffffffffffffaffff978
4fffffffffffffffffffffffffffffffffffffffffffffffffffffffaffff979
4fffffffffffffffffffffffffffffffffffffffffffffffffffffffaffff97a
4fffffffffffffffffffffffffffffffffffffffffffffffffffffffaffff97b
4fffffffffffffffffffffffffffffffffffffffffffffffffffffffaffff97c
4fffffffffffffffffffffffffffffffffffffffffffffffffffffffaffff97d
4fffffffffffffffffffffffffffffffffffffffffffffffffffffffaffff97e
4fffffffffffffffffffffffffffffffffffffffffffffffffffffffaffff97f
4fffffffffffffffffffffffffffffffffffffffffffffffffffffffaffff980
4fffffffffffffffffffffffffffffffffffffffffffffffffffffffaffff981
4fffffffffffffffffffffffffffffffffffffffffffffffffffffffaffff982
4fffffffffffffffffffffffffffffffffffffffffffffffffffffffaffff983
4fffffffffffffffffffffffffffffffffffffffffffffffffffffffaffff984
4fffffffffffffffffffffffffffffffffffffffffffffffffffffffaffff985
4fffffffffffffffffffffffffffffffffffffffffffffffffffffffaffff986
4fffffffffffffffffffffffffffffffffffffffffffffffffffffffaffff987
4fffffffffffffffffffffffffffffffffffffffffffffffffffffffaffff988
4fffffffffffffffffffffffffffffffffffffffffffffffffffffffaffff989
4fffffffffffffffffffffffffffffffffffffffffffffffffffffffaffff98a
4fffffffffffffffffffffffffffffffffffffffffffffffffffffffaffff98b
4fffffffffffffffffffffffffffffffffffffffffffffffffffffffaffff98c
4fffffffffffffffffffffffffffffffffffffffffffffffffffffffaffff98d
4fffffffffffffffffffffffffffffffffffffffffffffffffffffffaffff98e
4fffffffffffffffffffffffffffffffffffffffffffffffffffffffaffff98f
4fffffffffffffffffffffffffffffffffffffffffffffffffffffffaffff990
4fffffffffffffffffffffffffffffffffffffffffffffffffffffffaffff991
4fffffffffffffffffffffffffffffffffffffffffffffffffffffffaffff992
4fffffffffffffffffffffffffffffffffffffffffffffffffffffffaffff993
4fffffffffffffffffffffffffffffffffffffffffffffffffffffffaffff994
4fffffffffffffffffffffffffffffffffffffffffffffffffffffffaffff995
4fffffffffffffffffffffffffffffffffffffffffffffffffffffffaffff996
4fffffffffffffffffffffffffffffffffffffffffffffffffffffffaffff997
4fffffffffffffffffffffffffffffffffffffffffffffffffffffffaffff998
4fffffffffffffffffffffffffffffffffffffffffffffffffffffffaffff999
4fffffffffffffffffffffffffffffffffffffffffffffffffffffffaffff99a
4fffffffffffffffffffffffffffffffffffffffffffffffffffffffaffff99b
4fffffffffffffffffffffffffffffffffffffffffffffffffffffffaffff99c
4fffffffffffffffffffffffffffffffffffffffffffffffffffffffaffff99d
4fffffffffffffffffffffffffffffffffffffffffffffffffffffffaffff99e
4fffffffffffffffffffffffffffffffffffffffffffffffffffffffaffff99f
4fffffffffffffffffffffffffffffffffffffffffffffffffffffffaffff9a0
4fffffffffffffffffffffffffffffffffffffffffffffffffffffffaffff9a1
4fffffffffffffffffffffffffffffffffffffffffffffffffffffffaffff9a2
4fffffffffffffffffffffffffffffffffffffffffffffffffffffffaffff9a3
4fffffffffffffffffffffffffffffffffffffffffffffffffffffffaffff9a4
4fffffffffffffffffffffffffffffffffffffffffffffffffffffffaffff9a5
4fffffffffffffffffffffffffffffffffffffffffffffffffffffffaffff9a6
4fffffffffffffffffffffffffffffffffffffffffffffffffffffffaffff9a7
4fffffffffffffffffffffffffffffffffffffffffffffffffffffffaffff9a8
4fffffffffffffffffffffffffffffffffffffffffffffffffffffffaffff9a9
4fffffffffffffffffffffffffffffffffffffffffffffffffffffffaffff9aa
4fffffffffffffffffffffffffffffffffffffffffffffffffffffffaffff9ab
4fffffffffffffffffffffffffffffffffffffffffffffffffffffffaffff9ac
4fffffffffffffffffffffffffffffffffffffffffffffffffffffffaffff9ad
4fffffffffffffffffffffffffffffffffffffffffffffffffffffffaffff9ae
4fffffffffffffffffffffffffffffffffffffffffffffffffffffffaffff9af
4fffffffffffffffffffffffffffffffffffffffffffffffffffffffaffff9b0
4fffffffffffffffffffffffffffffffffffffffffffffffffffffffaffff9b1
4fffffffffffffffffffffffffffffffffffffffffffffffffffffffaffff9b2
4fffffffffffffffffffffffffffffffffffffffffffffffffffffffaffff9b3
4fffffffffffffffffffffffffffffffffffffffffffffffffffffffaffff9b4
4fffffffffffffffffffffffffffffffffffffffffffffffffffffffaffff9b5
4fffffffffffffffffffffffffffffffffffffffffffffffffffffffaffff9b6
4fffffffffffffffffffffffffffffffffffffffffffffffffffffffaffff9b7
4fffffffffffffffffffffffffffffffffffffffffffffffffffffffaffff9b8
4fffffffffffffffffffffffffffffffffffffffffffffffffffffffaffff9b9
4fffffffffffffffffffffffffffffffffffffffffffffffffffffffaffff9ba
4fffffffffffffffffffffffffffffffffffffffffffffffffffffffaffff9bb
4fffffffffffffffffffffffffffffffffffffffffffffffffffffffaffff9bc
4fffffffffffffffffffffffffffffffffffffffffffffffffffffffaffff9bd
4fffffffffffffffffffffffffffffffffffffffffffffffffffffffaffff9be
4fffffffffffffffffffffffffffffffffffffffffffffffffffffffaffff9bf
4fffffffffffffffffffffffffffffffffffffffffffffffffffffffaffff9c0
4fffffffffffffffffffffffffffffffffffffffffffffffffffffffaffff9c1
4fffffffffffffffffffffffffffffffffffffffffffffffffffffffaffff9c2
4fffffffffffffffffffffffffffffffffffffffffffffffffffffffaffff9c3
4fffffffffffffffffffffffffffffffffffffffffffffffffffffffaffff9c4
4fffffffffffffffffffffffffffffffffffffffffffffffffffffffaffff9c5
4fffffffffffffffffffffffffffffffffffffffffffffffffffffffaffff9c6
4fffffffffffffffffffffffffffffffffffffffffffffffffffffffaffff9c7
4fffffffffffffffffffffffffffffffffffffffffffffffffffffffaffff9c8
4fffffffffffffffffffffffffffffffffffffffffffffffffffffffaffff9c9
4fffffffffffffffffffffffffffffffffffffffffffffffffffffffaffff9ca
4fffffffffffffffffffffffffffffffffffffffffffffffffffffffaffff9cb
4fffffffffffffffffffffffffffffffffffffffffffffffffffffffaffff9cc
4fffffffffffffffffffffffffffffffffffffffffffffffffffffffaffff9cd
4fffffffffffffffffffffffffffffffffffffffffffffffffffffffaffff9ce
4fffffffffffffffffffffffffffffffffffffffffffffffffffffffaffff9cf
4fffffffffffffffffffffffffffffffffffffffffffffffffffffffaffff9d0
4fffffffffffffffffffffffffffffffffffffffffffffffffffffffaffff9d1
4fffffffffffffffffffffffffffffffffffffffffffffffffffffffaffff9d2
4fffffffffffffffffffffffffffffffffffffffffffffffffffffffaffff9d3
4fffffffffffffffffffffffffffffffffffffffffffffffffffffffaffff9d4
4fffffffffffffffffffffffffffffffffffffffffffffffffffffffaffff9d5
4fffffffffffffffffffffffffffffffffffffffffffffffffffffffaffff9d6
4fffffffffffffffffffffffffffffffffffffffffffffffffffffffaffff9d7
4fffffffffffffffffffffffffffffffffffffffffffffffffffffffaffff9d8
4fffffffffffffffffffffffffffffffffffffffffffffffffffffffaffff9d9
4fffffffffffffffffffffffffffffffffffffffffffffffffffffffaffff9da
4fffffffffffffffffffffffffffffffffffffffffffffffffffffffaffff9db
4fffffffffffffffffffffffffffffffffffffffffffffffffffffffaffff9dc
4fffffffffffffffffffffffffffffffffffffffffffffffffffffffaffff9dd
4fffffffffffffffffffffffffffffffffffffffffffffffffffffffaffff9de
4fffffffffffffffffffffffffffffffffffffffffffffffffffffffaffff9df
4fffffffffffffffffffffffffffffffffffffffffffffffffffffffaffff9e0
4fffffffffffffffffffffffffffffffffffffffffffffffffffffffaffff9e1
4fffffffffffffffffffffffffffffffffffffffffffffffffffffffaffff9e2
4fffffffffffffffffffffffffffffffffffffffffffffffffffffffaffff9e3
4fffffffffffffffffffffffffffffffffffffffffffffffffffffffaffff9e4
4fffffffffffffffffffffffffffffffffffffffffffffffffffffffaffff9e5
4fffffffffffffffffffffffffffffffffffffffffffffffffffffffaffff9e6
4fffffffffffffffffffffffffffffffffffffffffffffffffffffffaffff9e7
4fffffffffffffffffffffffffffffffffffffffffffffffffffffffaffff9e8
4fffffffffffffffffffffffffffffffffffffffffffffffffffffffaffff9e9
4fffffffffffffffffffffffffffffffffffffffffffffffffffffffaffff9ea
4fffffffffffffffffffffffffffffffffffffffffffffffffffffffaffff9eb
4fffffffffffffffffffffffffffffffffffffffffffffffffffffffaffff9ec
4fffffffffffffffffffffffffffffffffffffffffffffffffffffffaffff9ed
4fffffffffffffffffffffffffffffffffffffffffffffffffffffffaffff9ee
4fffffffffffffffffffffffffffffffffffffffffffffffffffffffaffff9ef
4fffffffffffffffffffffffffffffffffffffffffffffffffffffffaffff9f0
4fffffffffffffffffffffffffffffffffffffffffffffffffffffffaffff9f1
4fffffffffffffffffffffffffffffffffffffffffffffffffffffffaffff9f2
4fffffffffffffffffffffffffffffffffffffffffffffffffffffffaffff9f3
4fffffffffffffffffffffffffffffffffffffffffffffffffffffffaffff9f4
4fffffffffffffffffffffffffffffffffffffffffffffffffffffffaffff9f5
4fffffffffffffffffffffffffffffffffffffffffffffffffffffffaffff9f6
4fffffffffffffffffffffffffffffffffffffffffffffffffffffffaffff9f7
4fffffffffffffffffffffffffffffffffffffffffffffffffffffffaffff9f8
4fffffffffffffffffffffffffffffffffffffffffffffffffffffffaffff9f9
4fffffffffffffffffffffffffffffffffffffffffffffffffffffffaffff9fa
4fffffffffffffffffffffffffffffffffffffffffffffffffffffffaffff9fb
4fffffffffffffffffffffffffffffffffffffffffffffffffffffffaffff9fc
4fffffffffffffffffffffffffffffffffffffffffffffffffffffffaffff9fd
4fffffffffffffffffffffffffffffffffffffffffffffffffffffffaffff9fe
4fffffffffffffffffffffffffffffffffffffffffffffffffffffffaffff9ff
5fffffffffffffffffffffffffffffffffffffffffffffffffffffff9ffffa00
5fffffffffffffffffffffffffffffffffffffffffffffffffffffff9ffffa01
5fffffffffffffffffffffffffffffffffffffffffffffffffffffff9ffffa02
5fffffffffffffffffffffffffffffffffffffffffffffffffffffff9ffffa03
5fffffffffffffffffffffffffffffffffffffffffffffffffffffff9ffffa04
5fffffffffffffffffffffffffffffffffffffffffffffffffffffff9ffffa05
5fffffffffffffffffffffffffffffffffffffffffffffffffffffff9ffffa06
5fffffffffffffffffffffffffffffffffffffffffffffffffffffff9ffffa07
5fffffffffffffffffffffffffffffffffffffffffffffffffffffff9ffffa08
5fffffffffffffffffffffffffffffffffffffffffffffffffffffff9ffffa09
5fffffffffffffffffffffffffffffffffffffffffffffffffffffff9ffffa0a
5fffffffffffffffffffffffffffffffffffffffffffffffffffffff9ffffa0b
5fffffffffffffffffffffffffffffffffffffffffffffffffffffff9ffffa0c
5fffffffffffffffffffffffffffffffffffffffffffffffffffffff9ffffa0d
5fffffffffffffffffffffffffffffffffffffffffffffffffffffff9ffffa0e
5fffffffffffffffffffffffffffffffffffffffffffffffffffffff9ffffa0f
5fffffffffffffffffffffffffffffffffffffffffffffffffffffff9ffffa10
5fffffffffffffffffffffffffffffffffffffffffffffffffffffff9ffffa11
5fffffffffffffffffffffffffffffffffffffffffffffffffffffff9ffffa12
5fffffffffffffffffffffffffffffffffffffffffffffffffffffff9ffffa13
5fffffffffffffffffffffffffffffffffffffffffffffffffffffff9ffffa14
5fffffffffffffffffffffffffffffffffffffffffffffffffffffff9ffffa15
5fffffffffffffffffffffffffffffffffffffffffffffffffffffff9ffffa16
5fffffffffffffffffffffffffffffffffffffffffffffffffffffff9ffffa17
5fffffffffffffffffffffffffffffffffffffffffffffffffffffff9ffffa18
5fffffffffffffffffffffffffffffffffffffffffffffffffffffff9ffffa19
5fffffffffffffffffffffffffffffffffffffffffffffffffffffff9ffffa1a
5fffffffffffffffffffffffffffffffffffffffffffffffffffffff9ffffa1b
5fffffffffffffffffffffffffffffffffffffffffffffffffffffff9ffffa1c
5fffffffffffffffffffffffffffffffffffffffffffffffffffffff9ffffa1d
5fffffffffffffffffffffffffffffffffffffffffffffffffffffff9ffffa1e
5fffffffffffffffffffffffffffffffffffffffffffffffffffffff9ffffa1f
5fffffffffffffffffffffffffffffffffffffffffffffffffffffff9ffffa20
5fffffffffffffffffffffffffffffffffffffffffffffffffffffff9ffffa21
5fffffffffffffffffffffffffffffffffffffffffffffffffffffff9ffffa22
5fffffffffffffffffffffffffffffffffffffffffffffffffffffff9ffffa23
5fffffffffffffffffffffffffffffffffffffffffffffffffffffff9ffffa24
5fffffffffffffffffffffffffffffffffffffffffffffffffffffff9ffffa25
5fffffffffffffffffffffffffffffffffffffffffffffffffffffff9ffffa26
5fffffffffffffffffffffffffffffffffffffffffffffffffffffff9ffffa27
5fffffffffffffffffffffffffffffffffffffffffffffffffffffff9ffffa28
5fffffffffffffffffffffffffffffffffffffffffffffffffffffff9ffffa29
5fffffffffffffffffffffffffffffffffffffffffffffffffffffff9ffffa2a
5fffffffffffffffffffffffffffffffffffffffffffffffffffffff9ffffa2b
5fffffffffffffffffffffffffffffffffffffffffffffffffffffff9ffffa2c
5fffffffffffffffffffffffffffffffffffffffffffffffffffffff9ffffa2d
5fffffffffffffffffffffffffffffffffffffffffffffffffffffff9ffffa2e
5fffffffffffffffffffffffffffffffffffffffffffffffffffffff9ffffa2f
5fffffffffffffffffffffffffffffffffffffffffffffffffffffff9ffffa30
5fffffffffffffffffffffffffffffffffffffffffffffffffffffff9ffffa31
5fffffffffffffffffffffffffffffffffffffffffffffffffffffff9ffffa32
5fffffffffffffffffffffffffffffffffffffffffffffffffffffff9ffffa33
5fffffffffffffffffffffffffffffffffffffffffffffffffffffff9ffffa34
5fffffffffffffffffffffffffffffffffffffffffffffffffffffff9ffffa35
5fffffffffffffffffffffffffffffffffffffffffffffffffffffff9ffffa36
5fffffffffffffffffffffffffffffffffffffffffffffffffffffff9ffffa37
5fffffffffffffffffffffffffffffffffffffffffffffffffffffff9ffffa38
5fffffffffffffffffffffffffffffffffffffffffffffffffffffff9ffffa39
5fffffffffffffffffffffffffffffffffffffffffffffffffffffff9ffffa3a
5fffffffffffffffffffffffffffffffffffffffffffffffffffffff9ffffa3b
5fffffffffffffffffffffffffffffffffffffffffffffffffffffff9ffffa3c
5fffffffffffffffffffffffffffffffffffffffffffffffffffffff9ffffa3d
5fffffffffffffffffffffffffffffffffffffffffffffffffffffff9ffffa3e
5fffffffffffffffffffffffffffffffffffffffffffffffffffffff9ffffa3f
5fffffffffffffffffffffffffffffffffffffffffffffffffffffff9ffffa40
5fffffffffffffffffffffffffffffffffffffffffffffffffffffff9ffffa41
5fffffffffffffffffffffffffffffffffffffffffffffffffffffff9ffffa42
5fffffffffffffffffffffffffffffffffffffffffffffffffffffff9ffffa43
5fffffffffffffffffffffffffffffffffffffffffffffffffffffff9ffffa44
5fffffffffffffffffffffffffffffffffffffffffffffffffffffff9ffffa45
5fffffffffffffffffffffffffffffffffffffffffffffffffffffff9ffffa46
5fffffffffffffffffffffffffffffffffffffffffffffffffffffff9ffffa47
5fffffffffffffffffffffffffffffffffffffffffffffffffffffff9ffffa48
5fffffffffffffffffffffffffffffffffffffffffffffffffffffff9ffffa49
5fffffffffffffffffffffffffffffffffffffffffffffffffffffff9ffffa4a
5fffffffffffffffffffffffffffffffffffffffffffffffffffffff9ffffa4b
5fffffffffffffffffffffffffffffffffffffffffffffffffffffff9ffffa4c
5fffffffffffffffffffffffffffffffffffffffffffffffffffffff9ffffa4d
5fffffffffffffffffffffffffffffffffffffffffffffffffffffff9ffffa4e
5fffffffffffffffffffffffffffffffffffffffffffffffffffffff9ffffa4f
5fffffffffffffffffffffffffffffffffffffffffffffffffffffff9ffffa50
5fffffffffffffffffffffffffffffffffffffffffffffffffffffff9ffffa51
5fffffffffffffffffffffffffffffffffffffffffffffffffffffff9ffffa52
5fffffffffffffffffffffffffffffffffffffffffffffffffffffff9ffffa53
5fffffffffffffffffffffffffffffffffffffffffffffffffffffff9ffffa54
5fffffffffffffffffffffffffffffffffffffffffffffffffffffff9ffffa55
5fffffffffffffffffffffffffffffffffffffffffffffffffffffff9ffffa56
5fffffffffffffffffffffffffffffffffffffffffffffffffffffff9ffffa57
5fffffffffffffffffffffffffffffffffffffffffffffffffffffff9ffffa58
5fffffffffffffffffffffffffffffffffffffffffffffffffffffff9ffffa59
5fffffffffffffffffffffffffffffffffffffffffffffffffffffff9ffffa5a
5fffffffffffffffffffffffffffffffffffffffffffffffffffffff9ffffa5b
5fffffffffffffffffffffffffffffffffffffffffffffffffffffff9ffffa5c
5fffffffffffffffffffffffffffffffffffffffffffffffffffffff9ffffa5d
5fffffffffffffffffffffffffffffffffffffffffffffffffffffff9ffffa5e
5fffffffffffffffffffffffffffffffffffffffffffffffffffffff9ffffa5f
5fffffffffffffffffffffffffffffffffffffffffffffffffffffff9ffffa60
5fffffffffffffffffffffffffffffffffffffffffffffffffffffff9ffffa61
5fffffffffffffffffffffffffffffffffffffffffffffffffffffff9ffffa62
5fffffffffffffffffffffffffffffffffffffffffffffffffffffff9ffffa63
5fffffffffffffffffffffffffffffffffffffffffffffffffffffff9ffffa64
5fffffffffffffffffffffffffffffffffffffffffffffffffffffff9ffffa65
5fffffffffffffffffffffffffffffffffffffffffffffffffffffff9ffffa66
5fffffffffffffffffffffffffffffffffffffffffffffffffffffff9ffffa67
5fffffffffffffffffffffffffffffffffffffffffffffffffffffff9ffffa68
5fffffffffffffffffffffffffffffffffffffffffffffffffffffff9ffffa69
5fffffffffffffffffffffffffffffffffffffffffffffffffffffff9ffffa6a
5fffffffffffffffffffffffffffffffffffffffffffffffffffffff9ffffa6b
5fffffffffffffffffffffffffffffffffffffffffffffffffffffff9ffffa6c
5fffffffffffffffffffffffffffffffffffffffffffffffffffffff9ffffa6d
5fffffffffffffffffffffffffffffffffffffffffffffffffffffff9ffffa6e
5fffffffffffffffffffffffffffffffffffffffffffffffffffffff9ffffa6f
5fffffffffffffffffffffffffffffffffffffffffffffffffffffff9ffffa70
5fffffffffffffffffffffffffffffffffffffffffffffffffffffff9ffffa71
5fffffffffffffffffffffffffffffffffffffffffffffffffffffff9ffffa72
5fffffffffffffffffffffffffffffffffffffffffffffffffffffff9ffffa73
5fffffffffffffffffffffffffffffffffffffffffffffffffffffff9ffffa74
5fffffffffffffffffffffffffffffffffffffffffffffffffffffff9ffffa75
5fffffffffffffffffffffffffffffffffffffffffffffffffffffff9ffffa76
5fffffffffffffffffffffffffffffffffffffffffffffffffffffff9ffffa77
5fffffffffffffffffffffffffffffffffffffffffffffffffffffff9ffffa78
5fffffffffffffffffffffffffffffffffffffffffffffffffffffff9ffffa79
5fffffffffffffffffffffffffffffffffffffffffffffffffffffff9ffffa7a
5fffffffffffffffffffffffffffffffffffffffffffffffffffffff9ffffa7b
5fffffffffffffffffffffffffffffffffffffffffffffffffffffff9ffffa7c
5fffffffffffffffffffffffffffffffffffffffffffffffffffffff9ffffa7d
5fffffffffffffffffffffffffffffffffffffffffffffffffffffff9ffffa7e
5fffffffffffffffffffffffffffffffffffffffffffffffffffffff9ffffa7f
5fffffffffffffffffffffffffffffffffffffffffffffffffffffff9ffffa80
5fffffffffffffffffffffffffffffffffffffffffffffffffffffff9ffffa81
5fffffffffffffffffffffffffffffffffffffffffffffffffffffff9ffffa82
5fffffffffffffffffffffffffffffffffffffffffffffffffffffff9ffffa83
5fffffffffffffffffffffffffffffffffffffffffffffffffffffff9ffffa84
5fffffffffffffffffffffffffffffffffffffffffffffffffffffff9ffffa85
5fffffffffffffffffffffffffffffffffffffffffffffffffffffff9ffffa86
5fffffffffffffffffffffffffffffffffffffffffffffffffffffff9ffffa87
5fffffffffffffffffffffffffffffffffffffffffffffffffffffff9ffffa88
5fffffffffffffffffffffffffffffffffffffffffffffffffffffff9ffffa89
5fffffffffffffffffffffffffffffffffffffffffffffffffffffff9ffffa8a
5fffffffffffffffffffffffffffffffffffffffffffffffffffffff9ffffa8b
5fffffffffffffffffffffffffffffffffffffffffffffffffffffff9ffffa8c
5fffffffffffffffffffffffffffffffffffffffffffffffffffffff9ffffa8d
5fffffffffffffffffffffffffffffffffffffffffffffffffffffff9ffffa8e
5fffffffffffffffffffffffffffffffffffffffffffffffffffffff9ffffa8f
5fffffffffffffffffffffffffffffffffffffffffffffffffffffff9ffffa90
5fffffffffffffffffffffffffffffffffffffffffffffffffffffff9ffffa91
5fffffffffffffffffffffffffffffffffffffffffffffffffffffff9ffffa92
5fffffffffffffffffffffffffffffffffffffffffffffffffffffff9ffffa93
5fffffffffffffffffffffffffffffffffffffffffffffffffffffff9ffffa94
5fffffffffffffffffffffffffffffffffffffffffffffffffffffff9ffffa95
5fffffffffffffffffffffffffffffffffffffffffffffffffffffff9ffffa96
5fffffffffffffffffffffffffffffffffffffffffffffffffffffff9ffffa97
5fffffffffffffffffffffffffffffffffffffffffffffffffffffff9ffffa98
5fffffffffffffffffffffffffffffffffffffffffffffffffffffff9ffffa99
5fffffffffffffffffffffffffffffffffffffffffffffffffffffff9ffffa9a
5fffffffffffffffffffffffffffffffffffffffffffffffffffffff9ffffa9b
5fffffffffffffffffffffffffffffffffffffffffffffffffffffff9ffffa9c
5fffffffffffffffffffffffffffffffffffffffffffffffffffffff9ffffa9d
5fffffffffffffffffffffffffffffffffffffffffffffffffffffff9ffffa9e
5fffffffffffffffffffffffffffffffffffffffffffffffffffffff9ffffa9f
5fffffffffffffffffffffffffffffffffffffffffffffffffffffff9ffffaa0
5fffffffffffffffffffffffffffffffffffffffffffffffffffffff9ffffaa1
5fffffffffffffffffffffffffffffffffffffffffffffffffffffff9ffffaa2
5fffffffffffffffffffffffffffffffffffffffffffffffffffffff9ffffaa3
5fffffffffffffffffffffffffffffffffffffffffffffffffffffff9ffffaa4
5fffffffffffffffffffffffffffffffffffffffffffffffffffffff9ffffaa5
5fffffffffffffffffffffffffffffffffffffffffffffffffffffff9ffffaa6
5fffffffffffffffffffffffffffffffffffffffffffffffffffffff9ffffaa7
5fffffffffffffffffffffffffffffffffffffffffffffffffffffff9ffffaa8
5fffffffffffffffffffffffffffffffffffffffffffffffffffffff9ffffaa9
5fffffffffffffffffffffffffffffffffffffffffffffffffffffff9ffffaaa
5fffffffffffffffffffffffffffffffffffffffffffffffffffffff9ffffaab
5fffffffffffffffffffffffffffffffffffffffffffffffffffffff9ffffaac
5fffffffffffffffffffffffffffffffffffffffffffffffffffffff9ffffaad
5fffffffffffffffffffffffffffffffffffffffffffffffffffffff9ffffaae
5fffffffffffffffffffffffffffffffffffffffffffffffffffffff9ffffaaf
5fffffffffffffffffffffffffffffffffffffffffffffffffffffff9ffffab0
5fffffffffffffffffffffffffffffffffffffffffffffffffffffff9ffffab1
5fffffffffffffffffffffffffffffffffffffffffffffffffffffff9ffffab2
5fffffffffffffffffffffffffffffffffffffffffffffffffffffff9ffffab3
5fffffffffffffffffffffffffffffffffffffffffffffffffffffff9ffffab4
5fffffffffffffffffffffffffffffffffffffffffffffffffffffff9ffffab5
5fffffffffffffffffffffffffffffffffffffffffffffffffffffff9ffffab6
5fffffffffffffffffffffffffffffffffffffffffffffffffffffff9ffffab7
5fffffffffffffffffffffffffffffffffffffffffffffffffffffff9ffffab8
5fffffffffffffffffffffffffffffffffffffffffffffffffffffff9ffffab9
5fffffffffffffffffffffffffffffffffffffffffffffffffffffff9ffffaba
5fffffffffffffffffffffffffffffffffffffffffffffffffffffff9ffffabb
5fffffffffffffffffffffffffffffffffffffffffffffffffffffff9ffffabc
5fffffffffffffffffffffffffffffffffffffffffffffffffffffff9ffffabd
5fffffffffffffffffffffffffffffffffffffffffffffffffffffff9ffffabe
5fffffffffffffffffffffffffffffffffffffffffffffffffffffff9ffffabf
5fffffffffffffffffffffffffffffffffffffffffffffffffffffff9ffffac0
5fffffffffffffffffffffffffffffffffffffffffffffffffffffff9ffffac1
5fffffffffffffffffffffffffffffffffffffffffffffffffffffff9ffffac2
5fffffffffffffffffffffffffffffffffffffffffffffffffffffff9ffffac3
5fffffffffffffffffffffffffffffffffffffffffffffffffffffff9ffffac4
5fffffffffffffffffffffffffffffffffffffffffffffffffffffff9ffffac5
5fffffffffffffffffffffffffffffffffffffffffffffffffffffff9ffffac6
5fffffffffffffffffffffffffffffffffffffffffffffffffffffff9ffffac7
5fffffffffffffffffffffffffffffffffffffffffffffffffffffff9ffffac8
5fffffffffffffffffffffffffffffffffffffffffffffffffffffff9ffffac9
5fffffffffffffffffffffffffffffffffffffffffffffffffffffff9ffffaca
5fffffffffffffffffffffffffffffffffffffffffffffffffffffff9ffffacb
5fffffffffffffffffffffffffffffffffffffffffffffffffffffff9ffffacc
5fffffffffffffffffffffffffffffffffffffffffffffffffffffff9ffffacd
5fffffffffffffffffffffffffffffffffffffffffffffffffffffff9fffface
5fffffffffffffffffffffffffffffffffffffffffffffffffffffff9ffffacf
5fffffffffffffffffffffffffffffffffffffffffffffffffffffff9ffffad0
5fffffffffffffffffffffffffffffffffffffffffffffffffffffff9ffffad1
5fffffffffffffffffffffffffffffffffffffffffffffffffffffff9ffffad2
5fffffffffffffffffffffffffffffffffffffffffffffffffffffff9ffffad3
5fffffffffffffffffffffffffffffffffffffffffffffffffffffff9ffffad4
5fffffffffffffffffffffffffffffffffffffffffffffffffffffff9ffffad5
5fffffffffffffffffffffffffffffffffffffffffffffffffffffff9ffffad6
5fffffffffffffffffffffffffffffffffffffffffffffffffffffff9ffffad7
5fffffffffffffffffffffffffffffffffffffffffffffffffffffff9ffffad8
5fffffffffffffffffffffffffffffffffffffffffffffffffffffff9ffffad9
5fffffffffffffffffffffffffffffffffffffffffffffffffffffff9ffffada
5fffffffffffffffffffffffffffffffffffffffffffffffffffffff9ffffadb
5fffffffffffffffffffffffffffffffffffffffffffffffffffffff9ffffadc
5fffffffffffffffffffffffffffffffffffffffffffffffffffffff9ffffadd
5fffffffffffffffffffffffffffffffffffffffffffffffffffffff9ffffade
5fffffffffffffffffffffffffffffffffffffffffffffffffffffff9ffffadf
5fffffffffffffffffffffffffffffffffffffffffffffffffffffff9ffffae0
5fffffffffffffffffffffffffffffffffffffffffffffffffffffff9ffffae1
5fffffffffffffffffffffffffffffffffffffffffffffffffffffff9ffffae2
5fffffffffffffffffffffffffffffffffffffffffffffffffffffff9ffffae3
5fffffffffffffffffffffffffffffffffffffffffffffffffffffff9ffffae4
5fffffffffffffffffffffffffffffffffffffffffffffffffffffff9ffffae5
5fffffffffffffffffffffffffffffffffffffffffffffffffffffff9ffffae6
5fffffffffffffffffffffffffffffffffffffffffffffffffffffff9ffffae7
5fffffffffffffffffffffffffffffffffffffffffffffffffffffff9ffffae8
5fffffffffffffffffffffffffffffffffffffffffffffffffffffff9ffffae9
5fffffffffffffffffffffffffffffffffffffffffffffffffffffff9ffffaea
5fffffffffffffffffffffffffffffffffffffffffffffffffffffff9ffffaeb
5fffffffffffffffffffffffffffffffffffffffffffffffffffffff9ffffaec
5fffffffffffffffffffffffffffffffffffffffffffffffffffffff9ffffaed
5fffffffffffffffffffffffffffffffffffffffffffffffffffffff9ffffaee
5fffffffffffffffffffffffffffffffffffffffffffffffffffffff9ffffaef
5fffffffffffffffffffffffffffffffffffffffffffffffffffffff9ffffaf0
5fffffffffffffffffffffffffffffffffffffffffffffffffffffff9ffffaf1
5fffffffffffffffffffffffffffffffffffffffffffffffffffffff9ffffaf2
5fffffffffffffffffffffffffffffffffffffffffffffffffffffff9ffffaf3
5fffffffffffffffffffffffffffffffffffffffffffffffffffffff9ffffaf4
5fffffffffffffffffffffffffffffffffffffffffffffffffffffff9ffffaf5
5fffffffffffffffffffffffffffffffffffffffffffffffffffffff9ffffaf6
5fffffffffffffffffffffffffffffffffffffffffffffffffffffff9ffffaf7
5fffffffffffffffffffffffffffffffffffffffffffffffffffffff9ffffaf8
5fffffffffffffffffffffffffffffffffffffffffffffffffffffff9ffffaf9
5fffffffffffffffffffffffffffffffffffffffffffffffffffffff9ffffafa
5fffffffffffffffffffffffffffffffffffffffffffffffffffffff9ffffafb
5fffffffffffffffffffffffffffffffffffffffffffffffffffffff9ffffafc
5fffffffffffffffffffffffffffffffffffffffffffffffffffffff9ffffafd
5fffffffffffffffffffffffffffffffffffffffffffffffffffffff9ffffafe
5fffffffffffffffffffffffffffffffffffffffffffffffffffffff9ffffaff
5fffffffffffffffffffffffffffffffffffffffffffffffffffffff9ffffb00
5fffffffffffffffffffffffffffffffffffffffffffffffffffffff9ffffb01
5fffffffffffffffffffffffffffffffffffffffffffffffffffffff9ffffb02
5fffffffffffffffffffffffffffffffffffffffffffffffffffffff9ffffb03
5fffffffffffffffffffffffffffffffffffffffffffffffffffffff9ffffb04
5fffffffffffffffffffffffffffffffffffffffffffffffffffffff9ffffb05
5fffffffffffffffffffffffffffffffffffffffffffffffffffffff9ffffb06
5fffffffffffffffffffffffffffffffffffffffffffffffffffffff9ffffb07
5fffffffffffffffffffffffffffffffffffffffffffffffffffffff9ffffb08
5fffffffffffffffffffffffffffffffffffffffffffffffffffffff9ffffb09
5fffffffffffffffffffffffffffffffffffffffffffffffffffffff9ffffb0a
5fffffffffffffffffffffffffffffffffffffffffffffffffffffff9ffffb0b
5fffffffffffffffffffffffffffffffffffffffffffffffffffffff9ffffb0c
5fffffffffffffffffffffffffffffffffffffffffffffffffffffff9ffffb0d
5fffffffffffffffffffffffffffffffffffffffffffffffffffffff9ffffb0e
5fffffffffffffffffffffffffffffffffffffffffffffffffffffff9ffffb0f
5fffffffffffffffffffffffffffffffffffffffffffffffffffffff9ffffb10
5fffffffffffffffffffffffffffffffffffffffffffffffffffffff9ffffb11
5fffffffffffffffffffffffffffffffffffffffffffffffffffffff9ffffb12
5fffffffffffffffffffffffffffffffffffffffffffffffffffffff9ffffb13
5fffffffffffffffffffffffffffffffffffffffffffffffffffffff9ffffb14
5fffffffffffffffffffffffffffffffffffffffffffffffffffffff9ffffb15
5fffffffffffffffffffffffffffffffffffffffffffffffffffffff9ffffb16
5fffffffffffffffffffffffffffffffffffffffffffffffffffffff9ffffb17
5fffffffffffffffffffffffffffffffffffffffffffffffffffffff9ffffb18
5fffffffffffffffffffffffffffffffffffffffffffffffffffffff9ffffb19
5fffffffffffffffffffffffffffffffffffffffffffffffffffffff9ffffb1a
5fffffffffffffffffffffffffffffffffffffffffffffffffffffff9ffffb1b
5fffffffffffffffffffffffffffffffffffffffffffffffffffffff9ffffb1c
5fffffffffffffffffffffffffffffffffffffffffffffffffffffff9ffffb1d
5fffffffffffffffffffffffffffffffffffffffffffffffffffffff9ffffb1e
5fffffffffffffffffffffffffffffffffffffffffffffffffffffff9ffffb1f
5fffffffffffffffffffffffffffffffffffffffffffffffffffffff9ffffb20
5fffffffffffffffffffffffffffffffffffffffffffffffffffffff9ffffb21
5fffffffffffffffffffffffffffffffffffffffffffffffffffffff9ffffb22
5fffffffffffffffffffffffffffffffffffffffffffffffffffffff9ffffb23
5fffffffffffffffffffffffffffffffffffffffffffffffffffffff9ffffb24
5fffffffffffffffffffffffffffffffffffffffffffffffffffffff9ffffb25
5fffffffffffffffffffffffffffffffffffffffffffffffffffffff9ffffb26
5fffffffffffffffffffffffffffffffffffffffffffffffffffffff9ffffb27
5fffffffffffffffffffffffffffffffffffffffffffffffffffffff9ffffb28
5fffffffffffffffffffffffffffffffffffffffffffffffffffffff9ffffb29
5fffffffffffffffffffffffffffffffffffffffffffffffffffffff9ffffb2a
5fffffffffffffffffffffffffffffffffffffffffffffffffffffff9ffffb2b
5fffffffffffffffffffffffffffffffffffffffffffffffffffffff9ffffb2c
5fffffffffffffffffffffffffffffffffffffffffffffffffffffff9ffffb2d
5fffffffffffffffffffffffffffffffffffffffffffffffffffffff9ffffb2e
5fffffffffffffffffffffffffffffffffffffffffffffffffffffff9ffffb2f
5fffffffffffffffffffffffffffffffffffffffffffffffffffffff9ffffb30
5fffffffffffffffffffffffffffffffffffffffffffffffffffffff9ffffb31
5fffffffffffffffffffffffffffffffffffffffffffffffffffffff9ffffb32
5fffffffffffffffffffffffffffffffffffffffffffffffffffffff9ffffb33
5fffffffffffffffffffffffffffffffffffffffffffffffffffffff9ffffb34
5fffffffffffffffffffffffffffffffffffffffffffffffffffffff9ffffb35
5fffffffffffffffffffffffffffffffffffffffffffffffffffffff9ffffb36
5fffffffffffffffffffffffffffffffffffffffffffffffffffffff9ffffb37
5fffffffffffffffffffffffffffffffffffffffffffffffffffffff9ffffb38
5fffffffffffffffffffffffffffffffffffffffffffffffffffffff9ffffb39
5fffffffffffffffffffffffffffffffffffffffffffffffffffffff9ffffb3a
5fffffffffffffffffffffffffffffffffffffffffffffffffffffff9ffffb3b
5fffffffffffffffffffffffffffffffffffffffffffffffffffffff9ffffb3c
5fffffffffffffffffffffffffffffffffffffffffffffffffffffff9ffffb3d
5fffffffffffffffffffffffffffffffffffffffffffffffffffffff9ffffb3e
5fffffffffffffffffffffffffffffffffffffffffffffffffffffff9ffffb3f
5fffffffffffffffffffffffffffffffffffffffffffffffffffffff9ffffb40
5fffffffffffffffffffffffffffffffffffffffffffffffffffffff9ffffb41
5fffffffffffffffffffffffffffffffffffffffffffffffffffffff9ffffb42
5fffffffffffffffffffffffffffffffffffffffffffffffffffffff9ffffb43
5fffffffffffffffffffffffffffffffffffffffffffffffffffffff9ffffb44
5fffffffffffffffffffffffffffffffffffffffffffffffffffffff9ffffb45
5fffffffffffffffffffffffffffffffffffffffffffffffffffffff9ffffb46
5fffffffffffffffffffffffffffffffffffffffffffffffffffffff9ffffb47
5fffffffffffffffffffffffffffffffffffffffffffffffffffffff9ffffb48
5fffffffffffffffffffffffffffffffffffffffffffffffffffffff9ffffb49
5fffffffffffffffffffffffffffffffffffffffffffffffffffffff9ffffb4a
5fffffffffffffffffffffffffffffffffffffffffffffffffffffff9ffffb4b
5fffffffffffffffffffffffffffffffffffffffffffffffffffffff9ffffb4c
5fffffffffffffffffffffffffffffffffffffffffffffffffffffff9ffffb4d
5fffffffffffffffffffffffffffffffffffffffffffffffffffffff9ffffb4e
5fffffffffffffffffffffffffffffffffffffffffffffffffffffff9ffffb4f
5fffffffffffffffffffffffffffffffffffffffffffffffffffffff9ffffb50
5fffffffffffffffffffffffffffffffffffffffffffffffffffffff9ffffb51
5fffffffffffffffffffffffffffffffffffffffffffffffffffffff9ffffb52
5fffffffffffffffffffffffffffffffffffffffffffffffffffffff9ffffb53
5fffffffffffffffffffffffffffffffffffffffffffffffffffffff9ffffb54
5fffffffffffffffffffffffffffffffffffffffffffffffffffffff9ffffb55
5fffffffffffffffffffffffffffffffffffffffffffffffffffffff9ffffb56
5fffffffffffffffffffffffffffffffffffffffffffffffffffffff9ffffb57
5fffffffffffffffffffffffffffffffffffffffffffffffffffffff9ffffb58
5fffffffffffffffffffffffffffffffffffffffffffffffffffffff9ffffb59
5fffffffffffffffffffffffffffffffffffffffffffffffffffffff9ffffb5a
5fffffffffffffffffffffffffffffffffffffffffffffffffffffff9ffffb5b
5fffffffffffffffffffffffffffffffffffffffffffffffffffffff9ffffb5c
5fffffffffffffffffffffffffffffffffffffffffffffffffffffff9ffffb5d
5fffffffffffffffffffffffffffffffffffffffffffffffffffffff9ffffb5e
5fffffffffffffffffffffffffffffffffffffffffffffffffffffff9ffffb5f
5fffffffffffffffffffffffffffffffffffffffffffffffffffffff9ffffb60
5fffffffffffffffffffffffffffffffffffffffffffffffffffffff9ffffb61
5fffffffffffffffffffffffffffffffffffffffffffffffffffffff9ffffb62
5fffffffffffffffffffffffffffffffffffffffffffffffffffffff9ffffb63
5fffffffffffffffffffffffffffffffffffffffffffffffffffffff9ffffb64
5fffffffffffffffffffffffffffffffffffffffffffffffffffffff9ffffb65
5fffffffffffffffffffffffffffffffffffffffffffffffffffffff9ffffb66
5fffffffffffffffffffffffffffffffffffffffffffffffffffffff9ffffb67
5fffffffffffffffffffffffffffffffffffffffffffffffffffffff9ffffb68
5fffffffffffffffffffffffffffffffffffffffffffffffffffffff9ffffb69
5fffffffffffffffffffffffffffffffffffffffffffffffffffffff9ffffb6a
5fffffffffffffffffffffffffffffffffffffffffffffffffffffff9ffffb6b
5fffffffffffffffffffffffffffffffffffffffffffffffffffffff9ffffb6c
5fffffffffffffffffffffffffffffffffffffffffffffffffffffff9ffffb6d
5fffffffffffffffffffffffffffffffffffffffffffffffffffffff9ffffb6e
5fffffffffffffffffffffffffffffffffffffffffffffffffffffff9ffffb6f
5fffffffffffffffffffffffffffffffffffffffffffffffffffffff9ffffb70
5fffffffffffffffffffffffffffffffffffffffffffffffffffffff9ffffb71
5fffffffffffffffffffffffffffffffffffffffffffffffffffffff9ffffb72
5fffffffffffffffffffffffffffffffffffffffffffffffffffffff9ffffb73
5fffffffffffffffffffffffffffffffffffffffffffffffffffffff9ffffb74
5fffffffffffffffffffffffffffffffffffffffffffffffffffffff9ffffb75
5fffffffffffffffffffffffffffffffffffffffffffffffffffffff9ffffb76
5fffffffffffffffffffffffffffffffffffffffffffffffffffffff9ffffb77
5fffffffffffffffffffffffffffffffffffffffffffffffffffffff9ffffb78
5fffffffffffffffffffffffffffffffffffffffffffffffffffffff9ffffb79
5fffffffffffffffffffffffffffffffffffffffffffffffffffffff9ffffb7a
5fffffffffffffffffffffffffffffffffffffffffffffffffffffff9ffffb7b
5fffffffffffffffffffffffffffffffffffffffffffffffffffffff9ffffb7c
5fffffffffffffffffffffffffffffffffffffffffffffffffffffff9ffffb7d
5fffffffffffffffffffffffffffffffffffffffffffffffffffffff9ffffb7e
5fffffffffffffffffffffffffffffffffffffffffffffffffffffff9ffffb7f
5fffffffffffffffffffffffffffffffffffffffffffffffffffffff9ffffb80
5fffffffffffffffffffffffffffffffffffffffffffffffffffffff9ffffb81
5fffffffffffffffffffffffffffffffffffffffffffffffffffffff9ffffb82
5fffffffffffffffffffffffffffffffffffffffffffffffffffffff9ffffb83
5fffffffffffffffffffffffffffffffffffffffffffffffffffffff9ffffb84
5fffffffffffffffffffffffffffffffffffffffffffffffffffffff9ffffb85
5fffffffffffffffffffffffffffffffffffffffffffffffffffffff9ffffb86
5fffffffffffffffffffffffffffffffffffffffffffffffffffffff9ffffb87
5fffffffffffffffffffffffffffffffffffffffffffffffffffffff9ffffb88
5fffffffffffffffffffffffffffffffffffffffffffffffffffffff9ffffb89
5fffffffffffffffffffffffffffffffffffffffffffffffffffffff9ffffb8a
5fffffffffffffffffffffffffffffffffffffffffffffffffffffff9ffffb8b
5fffffffffffffffffffffffffffffffffffffffffffffffffffffff9ffffb8c
5fffffffffffffffffffffffffffffffffffffffffffffffffffffff9ffffb8d
5fffffffffffffffffffffffffffffffffffffffffffffffffffffff9ffffb8e
5fffffffffffffffffffffffffffffffffffffffffffffffffffffff9ffffb8f
5fffffffffffffffffffffffffffffffffffffffffffffffffffffff9ffffb90
5fffffffffffffffffffffffffffffffffffffffffffffffffffffff9ffffb91
5fffffffffffffffffffffffffffffffffffffffffffffffffffffff9ffffb92
5fffffffffffffffffffffffffffffffffffffffffffffffffffffff9ffffb93
5fffffffffffffffffffffffffffffffffffffffffffffffffffffff9ffffb94
5fffffffffffffffffffffffffffffffffffffffffffffffffffffff9ffffb95
5fffffffffffffffffffffffffffffffffffffffffffffffffffffff9ffffb96
5fffffffffffffffffffffffffffffffffffffffffffffffffffffff9ffffb97
5fffffffffffffffffffffffffffffffffffffffffffffffffffffff9ffffb98
5fffffffffffffffffffffffffffffffffffffffffffffffffffffff9ffffb99
5fffffffffffffffffffffffffffffffffffffffffffffffffffffff9ffffb9a
5fffffffffffffffffffffffffffffffffffffffffffffffffffffff9ffffb9b
5fffffffffffffffffffffffffffffffffffffffffffffffffffffff9ffffb9c
5fffffffffffffffffffffffffffffffffffffffffffffffffffffff9ffffb9d
5fffffffffffffffffffffffffffffffffffffffffffffffffffffff9ffffb9e
5fffffffffffffffffffffffffffffffffffffffffffffffffffffff9ffffb9f
5fffffffffffffffffffffffffffffffffffffffffffffffffffffff9ffffba0
5fffffffffffffffffffffffffffffffffffffffffffffffffffffff9ffffba1
5fffffffffffffffffffffffffffffffffffffffffffffffffffffff9ffffba2
5fffffffffffffffffffffffffffffffffffffffffffffffffffffff9ffffba3
5fffffffffffffffffffffffffffffffffffffffffffffffffffffff9ffffba4
5fffffffffffffffffffffffffffffffffffffffffffffffffffffff9ffffba5
5fffffffffffffffffffffffffffffffffffffffffffffffffffffff9ffffba6
5fffffffffffffffffffffffffffffffffffffffffffffffffffffff9ffffba7
5fffffffffffffffffffffffffffffffffffffffffffffffffffffff9ffffba8
5fffffffffffffffffffffffffffffffffffffffffffffffffffffff9ffffba9
5fffffffffffffffffffffffffffffffffffffffffffffffffffffff9ffffbaa
5fffffffffffffffffffffffffffffffffffffffffffffffffffffff9ffffbab
5fffffffffffffffffffffffffffffffffffffffffffffffffffffff9ffffbac
5fffffffffffffffffffffffffffffffffffffffffffffffffffffff9ffffbad
5fffffffffffffffffffffffffffffffffffffffffffffffffffffff9ffffbae
5fffffffffffffffffffffffffffffffffffffffffffffffffffffff9ffffbaf
5fffffffffffffffffffffffffffffffffffffffffffffffffffffff9ffffbb0
5fffffffffffffffffffffffffffffffffffffffffffffffffffffff9ffffbb1
5fffffffffffffffffffffffffffffffffffffffffffffffffffffff9ffffbb2
5fffffffffffffffffffffffffffffffffffffffffffffffffffffff9ffffbb3
5fffffffffffffffffffffffffffffffffffffffffffffffffffffff9ffffbb4
5fffffffffffffffffffffffffffffffffffffffffffffffffffffff9ffffbb5
5fffffffffffffffffffffffffffffffffffffffffffffffffffffff9ffffbb6
5fffffffffffffffffffffffffffffffffffffffffffffffffffffff9ffffbb7
5fffffffffffffffffffffffffffffffffffffffffffffffffffffff9ffffbb8
5fffffffffffffffffffffffffffffffffffffffffffffffffffffff9ffffbb9
5fffffffffffffffffffffffffffffffffffffffffffffffffffffff9ffffbba
5fffffffffffffffffffffffffffffffffffffffffffffffffffffff9ffffbbb
5fffffffffffffffffffffffffffffffffffffffffffffffffffffff9ffffbbc
5fffffffffffffffffffffffffffffffffffffffffffffffffffffff9ffffbbd
5fffffffffffffffffffffffffffffffffffffffffffffffffffffff9ffffbbe
5fffffffffffffffffffffffffffffffffffffffffffffffffffffff9ffffbbf
5fffffffffffffffffffffffffffffffffffffffffffffffffffffff9ffffbc0
5fffffffffffffffffffffffffffffffffffffffffffffffffffffff9ffffbc1
5fffffffffffffffffffffffffffffffffffffffffffffffffffffff9ffffbc2
5fffffffffffffffffffffffffffffffffffffffffffffffffffffff9ffffbc3
5fffffffffffffffffffffffffffffffffffffffffffffffffffffff9ffffbc4
5fffffffffffffffffffffffffffffffffffffffffffffffffffffff9ffffbc5
5fffffffffffffffffffffffffffffffffffffffffffffffffffffff9ffffbc6
5fffffffffffffffffffffffffffffffffffffffffffffffffffffff9ffffbc7
5fffffffffffffffffffffffffffffffffffffffffffffffffffffff9ffffbc8
5fffffffffffffffffffffffffffffffffffffffffffffffffffffff9ffffbc9
5fffffffffffffffffffffffffffffffffffffffffffffffffffffff9ffffbca
5fffffffffffffffffffffffffffffffffffffffffffffffffffffff9ffffbcb
5fffffffffffffffffffffffffffffffffffffffffffffffffffffff9ffffbcc
5fffffffffffffffffffffffffffffffffffffffffffffffffffffff9ffffbcd
5fffffffffffffffffffffffffffffffffffffffffffffffffffffff9ffffbce
5fffffffffffffffffffffffffffffffffffffffffffffffffffffff9ffffbcf
5fffffffffffffffffffffffffffffffffffffffffffffffffffffff9ffffbd0
5fffffffffffffffffffffffffffffffffffffffffffffffffffffff9ffffbd1
5fffffffffffffffffffffffffffffffffffffffffffffffffffffff9ffffbd2
5fffffffffffffffffffffffffffffffffffffffffffffffffffffff9ffffbd3
5fffffffffffffffffffffffffffffffffffffffffffffffffffffff9ffffbd4
5fffffffffffffffffffffffffffffffffffffffffffffffffffffff9ffffbd5
5fffffffffffffffffffffffffffffffffffffffffffffffffffffff9ffffbd6
5fffffffffffffffffffffffffffffffffffffffffffffffffffffff9ffffbd7
5fffffffffffffffffffffffffffffffffffffffffffffffffffffff9ffffbd8
5fffffffffffffffffffffffffffffffffffffffffffffffffffffff9ffffbd9
5fffffffffffffffffffffffffffffffffffffffffffffffffffffff9ffffbda
5fffffffffffffffffffffffffffffffffffffffffffffffffffffff9ffffbdb
5fffffffffffffffffffffffffffffffffffffffffffffffffffffff9ffffbdc
5fffffffffffffffffffffffffffffffffffffffffffffffffffffff9ffffbdd
5fffffffffffffffffffffffffffffffffffffffffffffffffffffff9ffffbde
5fffffffffffffffffffffffffffffffffffffffffffffffffffffff9ffffbdf
5fffffffffffffffffffffffffffffffffffffffffffffffffffffff9ffffbe0
5fffffffffffffffffffffffffffffffffffffffffffffffffffffff9ffffbe1
5fffffffffffffffffffffffffffffffffffffffffffffffffffffff9ffffbe2
5fffffffffffffffffffffffffffffffffffffffffffffffffffffff9ffffbe3
5fffffffffffffffffffffffffffffffffffffffffffffffffffffff9ffffbe4
5fffffffffffffffffffffffffffffffffffffffffffffffffffffff9ffffbe5
5fffffffffffffffffffffffffffffffffffffffffffffffffffffff9ffffbe6
5fffffffffffffffffffffffffffffffffffffffffffffffffffffff9ffffbe7
5fffffffffffffffffffffffffffffffffffffffffffffffffffffff9ffffbe8
5fffffffffffffffffffffffffffffffffffffffffffffffffffffff9ffffbe9
5fffffffffffffffffffffffffffffffffffffffffffffffffffffff9ffffbea
5fffffffffffffffffffffffffffffffffffffffffffffffffffffff9ffffbeb
5fffffffffffffffffffffffffffffffffffffffffffffffffffffff9ffffbec
5fffffffffffffffffffffffffffffffffffffffffffffffffffffff9ffffbed
5fffffffffffffffffffffffffffffffffffffffffffffffffffffff9ffffbee
5fffffffffffffffffffffffffffffffffffffffffffffffffffffff9ffffbef
5fffffffffffffffffffffffffffffffffffffffffffffffffffffff9ffffbf0
5fffffffffffffffffffffffffffffffffffffffffffffffffffffff9ffffbf1
5fffffffffffffffffffffffffffffffffffffffffffffffffffffff9ffffbf2
5fffffffffffffffffffffffffffffffffffffffffffffffffffffff9ffffbf3
5fffffffffffffffffffffffffffffffffffffffffffffffffffffff9ffffbf4
5fffffffffffffffffffffffffffffffffffffffffffffffffffffff9ffffbf5
5fffffffffffffffffffffffffffffffffffffffffffffffffffffff9ffffbf6
5fffffffffffffffffffffffffffffffffffffffffffffffffffffff9ffffbf7
5fffffffffffffffffffffffffffffffffffffffffffffffffffffff9ffffbf8
5fffffffffffffffffffffffffffffffffffffffffffffffffffffff9ffffbf9
5fffffffffffffffffffffffffffffffffffffffffffffffffffffff9ffffbfa
5fffffffffffffffffffffffffffffffffffffffffffffffffffffff9ffffbfb
5fffffffffffffffffffffffffffffffffffffffffffffffffffffff9ffffbfc
5fffffffffffffffffffffffffffffffffffffffffffffffffffffff9ffffbfd
5fffffffffffffffffffffffffffffffffffffffffffffffffffffff9ffffbfe
5fffffffffffffffffffffffffffffffffffffffffffffffffffffff9ffffbff
6fffffffffffffffffffffffffffffffffffffffffffffffffffffff8ffffc00
6fffffffffffffffffffffffffffffffffffffffffffffffffffffff8ffffc01
6fffffffffffffffffffffffffffffffffffffffffffffffffffffff8ffffc02
6fffffffffffffffffffffffffffffffffffffffffffffffffffffff8ffffc03
6fffffffffffffffffffffffffffffffffffffffffffffffffffffff8ffffc04
6fffffffffffffffffffffffffffffffffffffffffffffffffffffff8ffffc05
6fffffffffffffffffffffffffffffffffffffffffffffffffffffff8ffffc06
6fffffffffffffffffffffffffffffffffffffffffffffffffffffff8ffffc07
6fffffffffffffffffffffffffffffffffffffffffffffffffffffff8ffffc08
6fffffffffffffffffffffffffffffffffffffffffffffffffffffff8ffffc09
6fffffffffffffffffffffffffffffffffffffffffffffffffffffff8ffffc0a
6fffffffffffffffffffffffffffffffffffffffffffffffffffffff8ffffc0b
6fffffffffffffffffffffffffffffffffffffffffffffffffffffff8ffffc0c
6fffffffffffffffffffffffffffffffffffffffffffffffffffffff8ffffc0d
6fffffffffffffffffffffffffffffffffffffffffffffffffffffff8ffffc0e
6fffffffffffffffffffffffffffffffffffffffffffffffffffffff8ffffc0f
6fffffffffffffffffffffffffffffffffffffffffffffffffffffff8ffffc10
6fffffffffffffffffffffffffffffffffffffffffffffffffffffff8ffffc11
6fffffffffffffffffffffffffffffffffffffffffffffffffffffff8ffffc12
6fffffffffffffffffffffffffffffffffffffffffffffffffffffff8ffffc13
6fffffffffffffffffffffffffffffffffffffffffffffffffffffff8ffffc14
6fffffffffffffffffffffffffffffffffffffffffffffffffffffff8ffffc15
6fffffffffffffffffffffffffffffffffffffffffffffffffffffff8ffffc16
6fffffffffffffffffffffffffffffffffffffffffffffffffffffff8ffffc17
6fffffffffffffffffffffffffffffffffffffffffffffffffffffff8ffffc18
6fffffffffffffffffffffffffffffffffffffffffffffffffffffff8ffffc19
6fffffffffffffffffffffffffffffffffffffffffffffffffffffff8ffffc1a
6fffffffffffffffffffffffffffffffffffffffffffffffffffffff8ffffc1b
6fffffffffffffffffffffffffffffffffffffffffffffffffffffff8ffffc1c
6fffffffffffffffffffffffffffffffffffffffffffffffffffffff8ffffc1d
6fffffffffffffffffffffffffffffffffffffffffffffffffffffff8ffffc1e
6fffffffffffffffffffffffffffffffffffffffffffffffffffffff8ffffc1f
6fffffffffffffffffffffffffffffffffffffffffffffffffffffff8ffffc20
6fffffffffffffffffffffffffffffffffffffffffffffffffffffff8ffffc21
6fffffffffffffffffffffffffffffffffffffffffffffffffffffff8ffffc22
6fffffffffffffffffffffffffffffffffffffffffffffffffffffff8ffffc23
6fffffffffffffffffffffffffffffffffffffffffffffffffffffff8ffffc24
6fffffffffffffffffffffffffffffffffffffffffffffffffffffff8ffffc25
6fffffffffffffffffffffffffffffffffffffffffffffffffffffff8ffffc26
6fffffffffffffffffffffffffffffffffffffffffffffffffffffff8ffffc27
6fffffffffffffffffffffffffffffffffffffffffffffffffffffff8ffffc28
6fffffffffffffffffffffffffffffffffffffffffffffffffffffff8ffffc29
6fffffffffffffffffffffffffffffffffffffffffffffffffffffff8ffffc2a
6fffffffffffffffffffffffffffffffffffffffffffffffffffffff8ffffc2b
6fffffffffffffffffffffffffffffffffffffffffffffffffffffff8ffffc2c
6fffffffffffffffffffffffffffffffffffffffffffffffffffffff8ffffc2d
6fffffffffffffffffffffffffffffffffffffffffffffffffffffff8ffffc2e
6fffffffffffffffffffffffffffffffffffffffffffffffffffffff8ffffc2f
6fffffffffffffffffffffffffffffffffffffffffffffffffffffff8ffffc30
6fffffffffffffffffffffffffffffffffffffffffffffffffffffff8ffffc31
6fffffffffffffffffffffffffffffffffffffffffffffffffffffff8ffffc32
6fffffffffffffffffffffffffffffffffffffffffffffffffffffff8ffffc33
6fffffffffffffffffffffffffffffffffffffffffffffffffffffff8ffffc34
6fffffffffffffffffffffffffffffffffffffffffffffffffffffff8ffffc35
6fffffffffffffffffffffffffffffffffffffffffffffffffffffff8ffffc36
6fffffffffffffffffffffffffffffffffffffffffffffffffffffff8ffffc37
6fffffffffffffffffffffffffffffffffffffffffffffffffffffff8ffffc38
6fffffffffffffffffffffffffffffffffffffffffffffffffffffff8ffffc39
6fffffffffffffffffffffffffffffffffffffffffffffffffffffff8ffffc3a
6fffffffffffffffffffffffffffffffffffffffffffffffffffffff8ffffc3b
6fffffffffffffffffffffffffffffffffffffffffffffffffffffff8ffffc3c
6fffffffffffffffffffffffffffffffffffffffffffffffffffffff8ffffc3d
6fffffffffffffffffffffffffffffffffffffffffffffffffffffff8ffffc3e
6fffffffffffffffffffffffffffffffffffffffffffffffffffffff8ffffc3f
6fffffffffffffffffffffffffffffffffffffffffffffffffffffff8ffffc40
6fffffffffffffffffffffffffffffffffffffffffffffffffffffff8ffffc41
6fffffffffffffffffffffffffffffffffffffffffffffffffffffff8ffffc42
6fffffffffffffffffffffffffffffffffffffffffffffffffffffff8ffffc43
6fffffffffffffffffffffffffffffffffffffffffffffffffffffff8ffffc44
6fffffffffffffffffffffffffffffffffffffffffffffffffffffff8ffffc45
6fffffffffffffffffffffffffffffffffffffffffffffffffffffff8ffffc46
6fffffffffffffffffffffffffffffffffffffffffffffffffffffff8ffffc47
6fffffffffffffffffffffffffffffffffffffffffffffffffffffff8ffffc48
6fffffffffffffffffffffffffffffffffffffffffffffffffffffff8ffffc49
6fffffffffffffffffffffffffffffffffffffffffffffffffffffff8ffffc4a
6fffffffffffffffffffffffffffffffffffffffffffffffffffffff8ffffc4b
6fffffffffffffffffffffffffffffffffffffffffffffffffffffff8ffffc4c
6fffffffffffffffffffffffffffffffffffffffffffffffffffffff8ffffc4d
6fffffffffffffffffffffffffffffffffffffffffffffffffffffff8ffffc4e
6fffffffffffffffffffffffffffffffffffffffffffffffffffffff8ffffc4f
6fffffffffffffffffffffffffffffffffffffffffffffffffffffff8ffffc50
6fffffffffffffffffffffffffffffffffffffffffffffffffffffff8ffffc51
6fffffffffffffffffffffffffffffffffffffffffffffffffffffff8ffffc52
6fffffffffffffffffffffffffffffffffffffffffffffffffffffff8ffffc53
6fffffffffffffffffffffffffffffffffffffffffffffffffffffff8ffffc54
6fffffffffffffffffffffffffffffffffffffffffffffffffffffff8ffffc55
6fffffffffffffffffffffffffffffffffffffffffffffffffffffff8ffffc56
6fffffffffffffffffffffffffffffffffffffffffffffffffffffff8ffffc57
6fffffffffffffffffffffffffffffffffffffffffffffffffffffff8ffffc58
6fffffffffffffffffffffffffffffffffffffffffffffffffffffff8ffffc59
6fffffffffffffffffffffffffffffffffffffffffffffffffffffff8ffffc5a
6fffffffffffffffffffffffffffffffffffffffffffffffffffffff8ffffc5b
6fffffffffffffffffffffffffffffffffffffffffffffffffffffff8ffffc5c
6fffffffffffffffffffffffffffffffffffffffffffffffffffffff8ffffc5d
6fffffffffffffffffffffffffffffffffffffffffffffffffffffff8ffffc5e
6fffffffffffffffffffffffffffffffffffffffffffffffffffffff8ffffc5f
6fffffffffffffffffffffffffffffffffffffffffffffffffffffff8ffffc60
6fffffffffffffffffffffffffffffffffffffffffffffffffffffff8ffffc61
6fffffffffffffffffffffffffffffffffffffffffffffffffffffff8ffffc62
6fffffffffffffffffffffffffffffffffffffffffffffffffffffff8ffffc63
6fffffffffffffffffffffffffffffffffffffffffffffffffffffff8ffffc64
6fffffffffffffffffffffffffffffffffffffffffffffffffffffff8ffffc65
6fffffffffffffffffffffffffffffffffffffffffffffffffffffff8ffffc66
6fffffffffffffffffffffffffffffffffffffffffffffffffffffff8ffffc67
6fffffffffffffffffffffffffffffffffffffffffffffffffffffff8ffffc68
6fffffffffffffffffffffffffffffffffffffffffffffffffffffff8ffffc69
6fffffffffffffffffffffffffffffffffffffffffffffffffffffff8ffffc6a
6fffffffffffffffffffffffffffffffffffffffffffffffffffffff8ffffc6b
6fffffffffffffffffffffffffffffffffffffffffffffffffffffff8ffffc6c
6fffffffffffffffffffffffffffffffffffffffffffffffffffffff8ffffc6d
6fffffffffffffffffffffffffffffffffffffffffffffffffffffff8ffffc6e
6fffffffffffffffffffffffffffffffffffffffffffffffffffffff8ffffc6f
6fffffffffffffffffffffffffffffffffffffffffffffffffffffff8ffffc70
6fffffffffffffffffffffffffffffffffffffffffffffffffffffff8ffffc71
6fffffffffffffffffffffffffffffffffffffffffffffffffffffff8ffffc72
6fffffffffffffffffffffffffffffffffffffffffffffffffffffff8ffffc73
6fffffffffffffffffffffffffffffffffffffffffffffffffffffff8ffffc74
6fffffffffffffffffffffffffffffffffffffffffffffffffffffff8ffffc75
6fffffffffffffffffffffffffffffffffffffffffffffffffffffff8ffffc76
6fffffffffffffffffffffffffffffffffffffffffffffffffffffff8ffffc77
6fffffffffffffffffffffffffffffffffffffffffffffffffffffff8ffffc78
6fffffffffffffffffffffffffffffffffffffffffffffffffffffff8ffffc79
6fffffffffffffffffffffffffffffffffffffffffffffffffffffff8ffffc7a
6fffffffffffffffffffffffffffffffffffffffffffffffffffffff8ffffc7b
6fffffffffffffffffffffffffffffffffffffffffffffffffffffff8ffffc7c
6fffffffffffffffffffffffffffffffffffffffffffffffffffffff8ffffc7d
6fffffffffffffffffffffffffffffffffffffffffffffffffffffff8ffffc7e
6fffffffffffffffffffffffffffffffffffffffffffffffffffffff8ffffc7f
6fffffffffffffffffffffffffffffffffffffffffffffffffffffff8ffffc80
6fffffffffffffffffffffffffffffffffffffffffffffffffffffff8ffffc81
6fffffffffffffffffffffffffffffffffffffffffffffffffffffff8ffffc82
6fffffffffffffffffffffffffffffffffffffffffffffffffffffff8ffffc83
6fffffffffffffffffffffffffffffffffffffffffffffffffffffff8ffffc84
6fffffffffffffffffffffffffffffffffffffffffffffffffffffff8ffffc85
6fffffffffffffffffffffffffffffffffffffffffffffffffffffff8ffffc86
6fffffffffffffffffffffffffffffffffffffffffffffffffffffff8ffffc87
6fffffffffffffffffffffffffffffffffffffffffffffffffffffff8ffffc88
6fffffffffffffffffffffffffffffffffffffffffffffffffffffff8ffffc89
6fffffffffffffffffffffffffffffffffffffffffffffffffffffff8ffffc8a
6fffffffffffffffffffffffffffffffffffffffffffffffffffffff8ffffc8b
6fffffffffffffffffffffffffffffffffffffffffffffffffffffff8ffffc8c
6fffffffffffffffffffffffffffffffffffffffffffffffffffffff8ffffc8d
6fffffffffffffffffffffffffffffffffffffffffffffffffffffff8ffffc8e
6fffffffffffffffffffffffffffffffffffffffffffffffffffffff8ffffc8f
6fffffffffffffffffffffffffffffffffffffffffffffffffffffff8ffffc90
6fffffffffffffffffffffffffffffffffffffffffffffffffffffff8ffffc91
6fffffffffffffffffffffffffffffffffffffffffffffffffffffff8ffffc92
6fffffffffffffffffffffffffffffffffffffffffffffffffffffff8ffffc93
6fffffffffffffffffffffffffffffffffffffffffffffffffffffff8ffffc94
6fffffffffffffffffffffffffffffffffffffffffffffffffffffff8ffffc95
6fffffffffffffffffffffffffffffffffffffffffffffffffffffff8ffffc96
6fffffffffffffffffffffffffffffffffffffffffffffffffffffff8ffffc97
6fffffffffffffffffffffffffffffffffffffffffffffffffffffff8ffffc98
6fffffffffffffffffffffffffffffffffffffffffffffffffffffff8ffffc99
6fffffffffffffffffffffffffffffffffffffffffffffffffffffff8ffffc9a
6fffffffffffffffffffffffffffffffffffffffffffffffffffffff8ffffc9b
6fffffffffffffffffffffffffffffffffffffffffffffffffffffff8ffffc9c
6fffffffffffffffffffffffffffffffffffffffffffffffffffffff8ffffc9d
6fffffffffffffffffffffffffffffffffffffffffffffffffffffff8ffffc9e
6fffffffffffffffffffffffffffffffffffffffffffffffffffffff8ffffc9f
6fffffffffffffffffffffffffffffffffffffffffffffffffffffff8ffffca0
6fffffffffffffffffffffffffffffffffffffffffffffffffffffff8ffffca1
6fffffffffffffffffffffffffffffffffffffffffffffffffffffff8ffffca2
6fffffffffffffffffffffffffffffffffffffffffffffffffffffff8ffffca3
6fffffffffffffffffffffffffffffffffffffffffffffffffffffff8ffffca4
6fffffffffffffffffffffffffffffffffffffffffffffffffffffff8ffffca5
6fffffffffffffffffffffffffffffffffffffffffffffffffffffff8ffffca6
6fffffffffffffffffffffffffffffffffffffffffffffffffffffff8ffffca7
6fffffffffffffffffffffffffffffffffffffffffffffffffffffff8ffffca8
6fffffffffffffffffffffffffffffffffffffffffffffffffffffff8ffffca9
6fffffffffffffffffffffffffffffffffffffffffffffffffffffff8ffffcaa
6fffffffffffffffffffffffffffffffffffffffffffffffffffffff8ffffcab
6fffffffffffffffffffffffffffffffffffffffffffffffffffffff8ffffcac
6fffffffffffffffffffffffffffffffffffffffffffffffffffffff8ffffcad
6fffffffffffffffffffffffffffffffffffffffffffffffffffffff8ffffcae
6fffffffffffffffffffffffffffffffffffffffffffffffffffffff8ffffcaf
6fffffffffffffffffffffffffffffffffffffffffffffffffffffff8ffffcb0
6fffffffffffffffffffffffffffffffffffffffffffffffffffffff8ffffcb1
6fffffffffffffffffffffffffffffffffffffffffffffffffffffff8ffffcb2
6fffffffffffffffffffffffffffffffffffffffffffffffffffffff8ffffcb3
6fffffffffffffffffffffffffffffffffffffffffffffffffffffff8ffffcb4
6fffffffffffffffffffffffffffffffffffffffffffffffffffffff8ffffcb5
6fffffffffffffffffffffffffffffffffffffffffffffffffffffff8ffffcb6
6fffffffffffffffffffffffffffffffffffffffffffffffffffffff8ffffcb7
6fffffffffffffffffffffffffffffffffffffffffffffffffffffff8ffffcb8
6fffffffffffffffffffffffffffffffffffffffffffffffffffffff8ffffcb9
6fffffffffffffffffffffffffffffffffffffffffffffffffffffff8ffffcba
6fffffffffffffffffffffffffffffffffffffffffffffffffffffff8ffffcbb
6fffffffffffffffffffffffffffffffffffffffffffffffffffffff8ffffcbc
6fffffffffffffffffffffffffffffffffffffffffffffffffffffff8ffffcbd
6fffffffffffffffffffffffffffffffffffffffffffffffffffffff8ffffcbe
6fffffffffffffffffffffffffffffffffffffffffffffffffffffff8ffffcbf
6fffffffffffffffffffffffffffffffffffffffffffffffffffffff8ffffcc0
6fffffffffffffffffffffffffffffffffffffffffffffffffffffff8ffffcc1
6fffffffffffffffffffffffffffffffffffffffffffffffffffffff8ffffcc2
6fffffffffffffffffffffffffffffffffffffffffffffffffffffff8ffffcc3
6fffffffffffffffffffffffffffffffffffffffffffffffffffffff8ffffcc4
6fffffffffffffffffffffffffffffffffffffffffffffffffffffff8ffffcc5
6fffffffffffffffffffffffffffffffffffffffffffffffffffffff8ffffcc6
6fffffffffffffffffffffffffffffffffffffffffffffffffffffff8ffffcc7
6fffffffffffffffffffffffffffffffffffffffffffffffffffffff8ffffcc8
6fffffffffffffffffffffffffffffffffffffffffffffffffffffff8ffffcc9
6fffffffffffffffffffffffffffffffffffffffffffffffffffffff8ffffcca
6fffffffffffffffffffffffffffffffffffffffffffffffffffffff8ffffccb
6fffffffffffffffffffffffffffffffffffffffffffffffffffffff8ffffccc
6fffffffffffffffffffffffffffffffffffffffffffffffffffffff8ffffccd
6fffffffffffffffffffffffffffffffffffffffffffffffffffffff8ffffcce
6fffffffffffffffffffffffffffffffffffffffffffffffffffffff8ffffccf
6fffffffffffffffffffffffffffffffffffffffffffffffffffffff8ffffcd0
6fffffffffffffffffffffffffffffffffffffffffffffffffffffff8ffffcd1
6fffffffffffffffffffffffffffffffffffffffffffffffffffffff8ffffcd2
6fffffffffffffffffffffffffffffffffffffffffffffffffffffff8ffffcd3
6fffffffffffffffffffffffffffffffffffffffffffffffffffffff8ffffcd4
6fffffffffffffffffffffffffffffffffffffffffffffffffffffff8ffffcd5
6fffffffffffffffffffffffffffffffffffffffffffffffffffffff8ffffcd6
6fffffffffffffffffffffffffffffffffffffffffffffffffffffff8ffffcd7
6fffffffffffffffffffffffffffffffffffffffffffffffffffffff8ffffcd8
6fffffffffffffffffffffffffffffffffffffffffffffffffffffff8ffffcd9
6fffffffffffffffffffffffffffffffffffffffffffffffffffffff8ffffcda
6fffffffffffffffffffffffffffffffffffffffffffffffffffffff8ffffcdb
6fffffffffffffffffffffffffffffffffffffffffffffffffffffff8ffffcdc
6fffffffffffffffffffffffffffffffffffffffffffffffffffffff8ffffcdd
6fffffffffffffffffffffffffffffffffffffffffffffffffffffff8ffffcde
6fffffffffffffffffffffffffffffffffffffffffffffffffffffff8ffffcdf
6fffffffffffffffffffffffffffffffffffffffffffffffffffffff8ffffce0
6fffffffffffffffffffffffffffffffffffffffffffffffffffffff8ffffce1
6fffffffffffffffffffffffffffffffffffffffffffffffffffffff8ffffce2
6fffffffffffffffffffffffffffffffffffffffffffffffffffffff8ffffce3
6fffffffffffffffffffffffffffffffffffffffffffffffffffffff8ffffce4
6fffffffffffffffffffffffffffffffffffffffffffffffffffffff8ffffce5
6fffffffffffffffffffffffffffffffffffffffffffffffffffffff8ffffce6
6fffffffffffffffffffffffffffffffffffffffffffffffffffffff8ffffce7
6fffffffffffffffffffffffffffffffffffffffffffffffffffffff8ffffce8
6fffffffffffffffffffffffffffffffffffffffffffffffffffffff8ffffce9
6fffffffffffffffffffffffffffffffffffffffffffffffffffffff8ffffcea
6fffffffffffffffffffffffffffffffffffffffffffffffffffffff8ffffceb
6fffffffffffffffffffffffffffffffffffffffffffffffffffffff8ffffcec
6fffffffffffffffffffffffffffffffffffffffffffffffffffffff8ffffced
6fffffffffffffffffffffffffffffffffffffffffffffffffffffff8ffffcee
6fffffffffffffffffffffffffffffffffffffffffffffffffffffff8ffffcef
6fffffffffffffffffffffffffffffffffffffffffffffffffffffff8ffffcf0
6fffffffffffffffffffffffffffffffffffffffffffffffffffffff8ffffcf1
6fffffffffffffffffffffffffffffffffffffffffffffffffffffff8ffffcf2
6fffffffffffffffffffffffffffffffffffffffffffffffffffffff8ffffcf3
6fffffffffffffffffffffffffffffffffffffffffffffffffffffff8ffffcf4
6fffffffffffffffffffffffffffffffffffffffffffffffffffffff8ffffcf5
6fffffffffffffffffffffffffffffffffffffffffffffffffffffff8ffffcf6
6fffffffffffffffffffffffffffffffffffffffffffffffffffffff8ffffcf7
6fffffffffffffffffffffffffffffffffffffffffffffffffffffff8ffffcf8
6fffffffffffffffffffffffffffffffffffffffffffffffffffffff8ffffcf9
6fffffffffffffffffffffffffffffffffffffffffffffffffffffff8ffffcfa
6fffffffffffffffffffffffffffffffffffffffffffffffffffffff8ffffcfb
6fffffffffffffffffffffffffffffffffffffffffffffffffffffff8ffffcfc
6fffffffffffffffffffffffffffffffffffffffffffffffffffffff8ffffcfd
6fffffffffffffffffffffffffffffffffffffffffffffffffffffff8ffffcfe
6fffffffffffffffffffffffffffffffffffffffffffffffffffffff8ffffcff
6fffffffffffffffffffffffffffffffffffffffffffffffffffffff8ffffd00
6fffffffffffffffffffffffffffffffffffffffffffffffffffffff8ffffd01
6fffffffffffffffffffffffffffffffffffffffffffffffffffffff8ffffd02
6fffffffffffffffffffffffffffffffffffffffffffffffffffffff8ffffd03
6fffffffffffffffffffffffffffffffffffffffffffffffffffffff8ffffd04
6fffffffffffffffffffffffffffffffffffffffffffffffffffffff8ffffd05
6fffffffffffffffffffffffffffffffffffffffffffffffffffffff8ffffd06
6fffffffffffffffffffffffffffffffffffffffffffffffffffffff8ffffd07
6fffffffffffffffffffffffffffffffffffffffffffffffffffffff8ffffd08
6fffffffffffffffffffffffffffffffffffffffffffffffffffffff8ffffd09
6fffffffffffffffffffffffffffffffffffffffffffffffffffffff8ffffd0a
6fffffffffffffffffffffffffffffffffffffffffffffffffffffff8ffffd0b
6fffffffffffffffffffffffffffffffffffffffffffffffffffffff8ffffd0c
6fffffffffffffffffffffffffffffffffffffffffffffffffffffff8ffffd0d
6fffffffffffffffffffffffffffffffffffffffffffffffffffffff8ffffd0e
6fffffffffffffffffffffffffffffffffffffffffffffffffffffff8ffffd0f
6fffffffffffffffffffffffffffffffffffffffffffffffffffffff8ffffd10
6fffffffffffffffffffffffffffffffffffffffffffffffffffffff8ffffd11
6fffffffffffffffffffffffffffffffffffffffffffffffffffffff8ffffd12
6fffffffffffffffffffffffffffffffffffffffffffffffffffffff8ffffd13
6fffffffffffffffffffffffffffffffffffffffffffffffffffffff8ffffd14
6fffffffffffffffffffffffffffffffffffffffffffffffffffffff8ffffd15
6fffffffffffffffffffffffffffffffffffffffffffffffffffffff8ffffd16
6fffffffffffffffffffffffffffffffffffffffffffffffffffffff8ffffd17
6fffffffffffffffffffffffffffffffffffffffffffffffffffffff8ffffd18
6fffffffffffffffffffffffffffffffffffffffffffffffffffffff8ffffd19
6fffffffffffffffffffffffffffffffffffffffffffffffffffffff8ffffd1a
6fffffffffffffffffffffffffffffffffffffffffffffffffffffff8ffffd1b
6fffffffffffffffffffffffffffffffffffffffffffffffffffffff8ffffd1c
6fffffffffffffffffffffffffffffffffffffffffffffffffffffff8ffffd1d
6fffffffffffffffffffffffffffffffffffffffffffffffffffffff8ffffd1e
6fffffffffffffffffffffffffffffffffffffffffffffffffffffff8ffffd1f
6fffffffffffffffffffffffffffffffffffffffffffffffffffffff8ffffd20
6fffffffffffffffffffffffffffffffffffffffffffffffffffffff8ffffd21
6fffffffffffffffffffffffffffffffffffffffffffffffffffffff8ffffd22
6fffffffffffffffffffffffffffffffffffffffffffffffffffffff8ffffd23
6fffffffffffffffffffffffffffffffffffffffffffffffffffffff8ffffd24
6fffffffffffffffffffffffffffffffffffffffffffffffffffffff8ffffd25
6fffffffffffffffffffffffffffffffffffffffffffffffffffffff8ffffd26
6fffffffffffffffffffffffffffffffffffffffffffffffffffffff8ffffd27
6fffffffffffffffffffffffffffffffffffffffffffffffffffffff8ffffd28
6fffffffffffffffffffffffffffffffffffffffffffffffffffffff8ffffd29
6fffffffffffffffffffffffffffffffffffffffffffffffffffffff8ffffd2a
6fffffffffffffffffffffffffffffffffffffffffffffffffffffff8ffffd2b
6fffffffffffffffffffffffffffffffffffffffffffffffffffffff8ffffd2c
6fffffffffffffffffffffffffffffffffffffffffffffffffffffff8ffffd2d
6fffffffffffffffffffffffffffffffffffffffffffffffffffffff8ffffd2e
6fffffffffffffffffffffffffffffffffffffffffffffffffffffff8ffffd2f
6fffffffffffffffffffffffffffffffffffffffffffffffffffffff8ffffd30
6fffffffffffffffffffffffffffffffffffffffffffffffffffffff8ffffd31
6fffffffffffffffffffffffffffffffffffffffffffffffffffffff8ffffd32
6fffffffffffffffffffffffffffffffffffffffffffffffffffffff8ffffd33
6fffffffffffffffffffffffffffffffffffffffffffffffffffffff8ffffd34
6fffffffffffffffffffffffffffffffffffffffffffffffffffffff8ffffd35
6fffffffffffffffffffffffffffffffffffffffffffffffffffffff8ffffd36
6fffffffffffffffffffffffffffffffffffffffffffffffffffffff8ffffd37
6fffffffffffffffffffffffffffffffffffffffffffffffffffffff8ffffd38
6fffffffffffffffffffffffffffffffffffffffffffffffffffffff8ffffd39
6fffffffffffffffffffffffffffffffffffffffffffffffffffffff8ffffd3a
6fffffffffffffffffffffffffffffffffffffffffffffffffffffff8ffffd3b
6fffffffffffffffffffffffffffffffffffffffffffffffffffffff8ffffd3c
6fffffffffffffffffffffffffffffffffffffffffffffffffffffff8ffffd3d
6fffffffffffffffffffffffffffffffffffffffffffffffffffffff8ffffd3e
6fffffffffffffffffffffffffffffffffffffffffffffffffffffff8ffffd3f
6fffffffffffffffffffffffffffffffffffffffffffffffffffffff8ffffd40
6fffffffffffffffffffffffffffffffffffffffffffffffffffffff8ffffd41
6fffffffffffffffffffffffffffffffffffffffffffffffffffffff8ffffd42
6fffffffffffffffffffffffffffffffffffffffffffffffffffffff8ffffd43
6fffffffffffffffffffffffffffffffffffffffffffffffffffffff8ffffd44
6fffffffffffffffffffffffffffffffffffffffffffffffffffffff8ffffd45
6fffffffffffffffffffffffffffffffffffffffffffffffffffffff8ffffd46
6fffffffffffffffffffffffffffffffffffffffffffffffffffffff8ffffd47
6fffffffffffffffffffffffffffffffffffffffffffffffffffffff8ffffd48
6fffffffffffffffffffffffffffffffffffffffffffffffffffffff8ffffd49
6fffffffffffffffffffffffffffffffffffffffffffffffffffffff8ffffd4a
6fffffffffffffffffffffffffffffffffffffffffffffffffffffff8ffffd4b
6fffffffffffffffffffffffffffffffffffffffffffffffffffffff8ffffd4c
6fffffffffffffffffffffffffffffffffffffffffffffffffffffff8ffffd4d
6fffffffffffffffffffffffffffffffffffffffffffffffffffffff8ffffd4e
6fffffffffffffffffffffffffffffffffffffffffffffffffffffff8ffffd4f
6fffffffffffffffffffffffffffffffffffffffffffffffffffffff8ffffd50
6fffffffffffffffffffffffffffffffffffffffffffffffffffffff8ffffd51
6fffffffffffffffffffffffffffffffffffffffffffffffffffffff8ffffd52
6fffffffffffffffffffffffffffffffffffffffffffffffffffffff8ffffd53
6fffffffffffffffffffffffffffffffffffffffffffffffffffffff8ffffd54
6fffffffffffffffffffffffffffffffffffffffffffffffffffffff8ffffd55
6fffffffffffffffffffffffffffffffffffffffffffffffffffffff8ffffd56
6fffffffffffffffffffffffffffffffffffffffffffffffffffffff8ffffd57
6fffffffffffffffffffffffffffffffffffffffffffffffffffffff8ffffd58
6fffffffffffffffffffffffffffffffffffffffffffffffffffffff8ffffd59
6fffffffffffffffffffffffffffffffffffffffffffffffffffffff8ffffd5a
6fffffffffffffffffffffffffffffffffffffffffffffffffffffff8ffffd5b
6fffffffffffffffffffffffffffffffffffffffffffffffffffffff8ffffd5c
6fffffffffffffffffffffffffffffffffffffffffffffffffffffff8ffffd5d
6fffffffffffffffffffffffffffffffffffffffffffffffffffffff8ffffd5e
6fffffffffffffffffffffffffffffffffffffffffffffffffffffff8ffffd5f
6fffffffffffffffffffffffffffffffffffffffffffffffffffffff8ffffd60
6fffffffffffffffffffffffffffffffffffffffffffffffffffffff8ffffd61
6fffffffffffffffffffffffffffffffffffffffffffffffffffffff8ffffd62
6fffffffffffffffffffffffffffffffffffffffffffffffffffffff8ffffd63
6fffffffffffffffffffffffffffffffffffffffffffffffffffffff8ffffd64
6fffffffffffffffffffffffffffffffffffffffffffffffffffffff8ffffd65
6fffffffffffffffffffffffffffffffffffffffffffffffffffffff8ffffd66
6fffffffffffffffffffffffffffffffffffffffffffffffffffffff8ffffd67
6fffffffffffffffffffffffffffffffffffffffffffffffffffffff8ffffd68
6fffffffffffffffffffffffffffffffffffffffffffffffffffffff8ffffd69
6fffffffffffffffffffffffffffffffffffffffffffffffffffffff8ffffd6a
6fffffffffffffffffffffffffffffffffffffffffffffffffffffff8ffffd6b
6fffffffffffffffffffffffffffffffffffffffffffffffffffffff8ffffd6c
6fffffffffffffffffffffffffffffffffffffffffffffffffffffff8ffffd6d
6fffffffffffffffffffffffffffffffffffffffffffffffffffffff8ffffd6e
6fffffffffffffffffffffffffffffffffffffffffffffffffffffff8ffffd6f
6fffffffffffffffffffffffffffffffffffffffffffffffffffffff8ffffd70
6fffffffffffffffffffffffffffffffffffffffffffffffffffffff8ffffd71
6fffffffffffffffffffffffffffffffffffffffffffffffffffffff8ffffd72
6fffffffffffffffffffffffffffffffffffffffffffffffffffffff8ffffd73
6fffffffffffffffffffffffffffffffffffffffffffffffffffffff8ffffd74
6fffffffffffffffffffffffffffffffffffffffffffffffffffffff8ffffd75
6fffffffffffffffffffffffffffffffffffffffffffffffffffffff8ffffd76
6fffffffffffffffffffffffffffffffffffffffffffffffffffffff8ffffd77
6fffffffffffffffffffffffffffffffffffffffffffffffffffffff8ffffd78
6fffffffffffffffffffffffffffffffffffffffffffffffffffffff8ffffd79
6fffffffffffffffffffffffffffffffffffffffffffffffffffffff8ffffd7a
6fffffffffffffffffffffffffffffffffffffffffffffffffffffff8ffffd7b
6fffffffffffffffffffffffffffffffffffffffffffffffffffffff8ffffd7c
6fffffffffffffffffffffffffffffffffffffffffffffffffffffff8ffffd7d
6fffffffffffffffffffffffffffffffffffffffffffffffffffffff8ffffd7e
6fffffffffffffffffffffffffffffffffffffffffffffffffffffff8ffffd7f
6fffffffffffffffffffffffffffffffffffffffffffffffffffffff8ffffd80
6fffffffffffffffffffffffffffffffffffffffffffffffffffffff8ffffd81
6fffffffffffffffffffffffffffffffffffffffffffffffffffffff8ffffd82
6fffffffffffffffffffffffffffffffffffffffffffffffffffffff8ffffd83
6fffffffffffffffffffffffffffffffffffffffffffffffffffffff8ffffd84
6fffffffffffffffffffffffffffffffffffffffffffffffffffffff8ffffd85
6fffffffffffffffffffffffffffffffffffffffffffffffffffffff8ffffd86
6fffffffffffffffffffffffffffffffffffffffffffffffffffffff8ffffd87
6fffffffffffffffffffffffffffffffffffffffffffffffffffffff8ffffd88
6fffffffffffffffffffffffffffffffffffffffffffffffffffffff8ffffd89
6fffffffffffffffffffffffffffffffffffffffffffffffffffffff8ffffd8a
6fffffffffffffffffffffffffffffffffffffffffffffffffffffff8ffffd8b
6fffffffffffffffffffffffffffffffffffffffffffffffffffffff8ffffd8c
6fffffffffffffffffffffffffffffffffffffffffffffffffffffff8ffffd8d
6fffffffffffffffffffffffffffffffffffffffffffffffffffffff8ffffd8e
6fffffffffffffffffffffffffffffffffffffffffffffffffffffff8ffffd8f
6fffffffffffffffffffffffffffffffffffffffffffffffffffffff8ffffd90
6fffffffffffffffffffffffffffffffffffffffffffffffffffffff8ffffd91
6fffffffffffffffffffffffffffffffffffffffffffffffffffffff8ffffd92
6fffffffffffffffffffffffffffffffffffffffffffffffffffffff8ffffd93
6fffffffffffffffffffffffffffffffffffffffffffffffffffffff8ffffd94
6fffffffffffffffffffffffffffffffffffffffffffffffffffffff8ffffd95
6fffffffffffffffffffffffffffffffffffffffffffffffffffffff8ffffd96
6fffffffffffffffffffffffffffffffffffffffffffffffffffffff8ffffd97
6fffffffffffffffffffffffffffffffffffffffffffffffffffffff8ffffd98
6fffffffffffffffffffffffffffffffffffffffffffffffffffffff8ffffd99
6fffffffffffffffffffffffffffffffffffffffffffffffffffffff8ffffd9a
6fffffffffffffffffffffffffffffffffffffffffffffffffffffff8ffffd9b
6fffffffffffffffffffffffffffffffffffffffffffffffffffffff8ffffd9c
6fffffffffffffffffffffffffffffffffffffffffffffffffffffff8ffffd9d
6fffffffffffffffffffffffffffffffffffffffffffffffffffffff8ffffd9e
6fffffffffffffffffffffffffffffffffffffffffffffffffffffff8ffffd9f
6fffffffffffffffffffffffffffffffffffffffffffffffffffffff8ffffda0
6fffffffffffffffffffffffffffffffffffffffffffffffffffffff8ffffda1
6fffffffffffffffffffffffffffffffffffffffffffffffffffffff8ffffda2
6fffffffffffffffffffffffffffffffffffffffffffffffffffffff8ffffda3
6fffffffffffffffffffffffffffffffffffffffffffffffffffffff8ffffda4
6fffffffffffffffffffffffffffffffffffffffffffffffffffffff8ffffda5
6fffffffffffffffffffffffffffffffffffffffffffffffffffffff8ffffda6
6fffffffffffffffffffffffffffffffffffffffffffffffffffffff8ffffda7
6fffffffffffffffffffffffffffffffffffffffffffffffffffffff8ffffda8
6fffffffffffffffffffffffffffffffffffffffffffffffffffffff8ffffda9
6fffffffffffffffffffffffffffffffffffffffffffffffffffffff8ffffdaa
6fffffffffffffffffffffffffffffffffffffffffffffffffffffff8ffffdab
6fffffffffffffffffffffffffffffffffffffffffffffffffffffff8ffffdac
6fffffffffffffffffffffffffffffffffffffffffffffffffffffff8ffffdad
6fffffffffffffffffffffffffffffffffffffffffffffffffffffff8ffffdae
6fffffffffffffffffffffffffffffffffffffffffffffffffffffff8ffffdaf
6fffffffffffffffffffffffffffffffffffffffffffffffffffffff8ffffdb0
6fffffffffffffffffffffffffffffffffffffffffffffffffffffff8ffffdb1
6fffffffffffffffffffffffffffffffffffffffffffffffffffffff8ffffdb2
6fffffffffffffffffffffffffffffffffffffffffffffffffffffff8ffffdb3
6fffffffffffffffffffffffffffffffffffffffffffffffffffffff8ffffdb4
6fffffffffffffffffffffffffffffffffffffffffffffffffffffff8ffffdb5
6fffffffffffffffffffffffffffffffffffffffffffffffffffffff8ffffdb6
6fffffffffffffffffffffffffffffffffffffffffffffffffffffff8ffffdb7
6fffffffffffffffffffffffffffffffffffffffffffffffffffffff8ffffdb8
6fffffffffffffffffffffffffffffffffffffffffffffffffffffff8ffffdb9
6fffffffffffffffffffffffffffffffffffffffffffffffffffffff8ffffdba
6fffffffffffffffffffffffffffffffffffffffffffffffffffffff8ffffdbb
6fffffffffffffffffffffffffffffffffffffffffffffffffffffff8ffffdbc
6fffffffffffffffffffffffffffffffffffffffffffffffffffffff8ffffdbd
6fffffffffffffffffffffffffffffffffffffffffffffffffffffff8ffffdbe
6fffffffffffffffffffffffffffffffffffffffffffffffffffffff8ffffdbf
6fffffffffffffffffffffffffffffffffffffffffffffffffffffff8ffffdc0
6fffffffffffffffffffffffffffffffffffffffffffffffffffffff8ffffdc1
6fffffffffffffffffffffffffffffffffffffffffffffffffffffff8ffffdc2
6fffffffffffffffffffffffffffffffffffffffffffffffffffffff8ffffdc3
6fffffffffffffffffffffffffffffffffffffffffffffffffffffff8ffffdc4
6fffffffffffffffffffffffffffffffffffffffffffffffffffffff8ffffdc5
6fffffffffffffffffffffffffffffffffffffffffffffffffffffff8ffffdc6
6fffffffffffffffffffffffffffffffffffffffffffffffffffffff8ffffdc7
6fffffffffffffffffffffffffffffffffffffffffffffffffffffff8ffffdc8
6fffffffffffffffffffffffffffffffffffffffffffffffffffffff8ffffdc9
6fffffffffffffffffffffffffffffffffffffffffffffffffffffff8ffffdca
6fffffffffffffffffffffffffffffffffffffffffffffffffffffff8ffffdcb
6fffffffffffffffffffffffffffffffffffffffffffffffffffffff8ffffdcc
6fffffffffffffffffffffffffffffffffffffffffffffffffffffff8ffffdcd
6fffffffffffffffffffffffffffffffffffffffffffffffffffffff8ffffdce
6fffffffffffffffffffffffffffffffffffffffffffffffffffffff8ffffdcf
6fffffffffffffffffffffffffffffffffffffffffffffffffffffff8ffffdd0
6fffffffffffffffffffffffffffffffffffffffffffffffffffffff8ffffdd1
6fffffffffffffffffffffffffffffffffffffffffffffffffffffff8ffffdd2
6fffffffffffffffffffffffffffffffffffffffffffffffffffffff8ffffdd3
6fffffffffffffffffffffffffffffffffffffffffffffffffffffff8ffffdd4
6fffffffffffffffffffffffffffffffffffffffffffffffffffffff8ffffdd5
6fffffffffffffffffffffffffffffffffffffffffffffffffffffff8ffffdd6
6fffffffffffffffffffffffffffffffffffffffffffffffffffffff8ffffdd7
6fffffffffffffffffffffffffffffffffffffffffffffffffffffff8ffffdd8
6fffffffffffffffffffffffffffffffffffffffffffffffffffffff8ffffdd9
6fffffffffffffffffffffffffffffffffffffffffffffffffffffff8ffffdda
6fffffffffffffffffffffffffffffffffffffffffffffffffffffff8ffffddb
6fffffffffffffffffffffffffffffffffffffffffffffffffffffff8ffffddc
6fffffffffffffffffffffffffffffffffffffffffffffffffffffff8ffffddd
6fffffffffffffffffffffffffffffffffffffffffffffffffffffff8ffffdde
6fffffffffffffffffffffffffffffffffffffffffffffffffffffff8ffffddf
6fffffffffffffffffffffffffffffffffffffffffffffffffffffff8ffffde0
6fffffffffffffffffffffffffffffffffffffffffffffffffffffff8ffffde1
6fffffffffffffffffffffffffffffffffffffffffffffffffffffff8ffffde2
6fffffffffffffffffffffffffffffffffffffffffffffffffffffff8ffffde3
6fffffffffffffffffffffffffffffffffffffffffffffffffffffff8ffffde4
6fffffffffffffffffffffffffffffffffffffffffffffffffffffff8ffffde5
6fffffffffffffffffffffffffffffffffffffffffffffffffffffff8ffffde6
6fffffffffffffffffffffffffffffffffffffffffffffffffffffff8ffffde7
6fffffffffffffffffffffffffffffffffffffffffffffffffffffff8ffffde8
6fffffffffffffffffffffffffffffffffffffffffffffffffffffff8ffffde9
6fffffffffffffffffffffffffffffffffffffffffffffffffffffff8ffffdea
6fffffffffffffffffffffffffffffffffffffffffffffffffffffff8ffffdeb
6fffffffffffffffffffffffffffffffffffffffffffffffffffffff8ffffdec
6fffffffffffffffffffffffffffffffffffffffffffffffffffffff8ffffded
6fffffffffffffffffffffffffffffffffffffffffffffffffffffff8ffffdee
6fffffffffffffffffffffffffffffffffffffffffffffffffffffff8ffffdef
6fffffffffffffffffffffffffffffffffffffffffffffffffffffff8ffffdf0
6fffffffffffffffffffffffffffffffffffffffffffffffffffffff8ffffdf1
6fffffffffffffffffffffffffffffffffffffffffffffffffffffff8ffffdf2
6fffffffffffffffffffffffffffffffffffffffffffffffffffffff8ffffdf3
6fffffffffffffffffffffffffffffffffffffffffffffffffffffff8ffffdf4
6fffffffffffffffffffffffffffffffffffffffffffffffffffffff8ffffdf5
6fffffffffffffffffffffffffffffffffffffffffffffffffffffff8ffffdf6
6fffffffffffffffffffffffffffffffffffffffffffffffffffffff8ffffdf7
6fffffffffffffffffffffffffffffffffffffffffffffffffffffff8ffffdf8
6fffffffffffffffffffffffffffffffffffffffffffffffffffffff8ffffdf9
6fffffffffffffffffffffffffffffffffffffffffffffffffffffff8ffffdfa
6fffffffffffffffffffffffffffffffffffffffffffffffffffffff8ffffdfb
6fffffffffffffffffffffffffffffffffffffffffffffffffffffff8ffffdfc
6fffffffffffffffffffffffffffffffffffffffffffffffffffffff8ffffdfd
6fffffffffffffffffffffffffffffffffffffffffffffffffffffff8ffffdfe
6fffffffffffffffffffffffffffffffffffffffffffffffffffffff8ffffdff
7fffffffffffffffffffffffffffffffffffffffffffffffffffffff7ffffe00
7fffffffffffffffffffffffffffffffffffffffffffffffffffffff7ffffe01
7fffffffffffffffffffffffffffffffffffffffffffffffffffffff7ffffe02
7fffffffffffffffffffffffffffffffffffffffffffffffffffffff7ffffe03
7fffffffffffffffffffffffffffffffffffffffffffffffffffffff7ffffe04
7fffffffffffffffffffffffffffffffffffffffffffffffffffffff7ffffe05
7fffffffffffffffffffffffffffffffffffffffffffffffffffffff7ffffe06
7fffffffffffffffffffffffffffffffffffffffffffffffffffffff7ffffe07
7fffffffffffffffffffffffffffffffffffffffffffffffffffffff7ffffe08
7fffffffffffffffffffffffffffffffffffffffffffffffffffffff7ffffe09
7fffffffffffffffffffffffffffffffffffffffffffffffffffffff7ffffe0a
7fffffffffffffffffffffffffffffffffffffffffffffffffffffff7ffffe0b
7fffffffffffffffffffffffffffffffffffffffffffffffffffffff7ffffe0c
7fffffffffffffffffffffffffffffffffffffffffffffffffffffff7ffffe0d
7fffffffffffffffffffffffffffffffffffffffffffffffffffffff7ffffe0e
7fffffffffffffffffffffffffffffffffffffffffffffffffffffff7ffffe0f
7fffffffffffffffffffffffffffffffffffffffffffffffffffffff7ffffe10
7fffffffffffffffffffffffffffffffffffffffffffffffffffffff7ffffe11
7fffffffffffffffffffffffffffffffffffffffffffffffffffffff7ffffe12
7fffffffffffffffffffffffffffffffffffffffffffffffffffffff7ffffe13
7fffffffffffffffffffffffffffffffffffffffffffffffffffffff7ffffe14
7fffffffffffffffffffffffffffffffffffffffffffffffffffffff7ffffe15
7fffffffffffffffffffffffffffffffffffffffffffffffffffffff7ffffe16
7fffffffffffffffffffffffffffffffffffffffffffffffffffffff7ffffe17
7fffffffffffffffffffffffffffffffffffffffffffffffffffffff7ffffe18
7fffffffffffffffffffffffffffffffffffffffffffffffffffffff7ffffe19
7fffffffffffffffffffffffffffffffffffffffffffffffffffffff7ffffe1a
7fffffffffffffffffffffffffffffffffffffffffffffffffffffff7ffffe1b
7fffffffffffffffffffffffffffffffffffffffffffffffffffffff7ffffe1c
7fffffffffffffffffffffffffffffffffffffffffffffffffffffff7ffffe1d
7fffffffffffffffffffffffffffffffffffffffffffffffffffffff7ffffe1e
7fffffffffffffffffffffffffffffffffffffffffffffffffffffff7ffffe1f
7fffffffffffffffffffffffffffffffffffffffffffffffffffffff7ffffe20
7fffffffffffffffffffffffffffffffffffffffffffffffffffffff7ffffe21
7fffffffffffffffffffffffffffffffffffffffffffffffffffffff7ffffe22
7fffffffffffffffffffffffffffffffffffffffffffffffffffffff7ffffe23
7fffffffffffffffffffffffffffffffffffffffffffffffffffffff7ffffe24
7fffffffffffffffffffffffffffffffffffffffffffffffffffffff7ffffe25
7fffffffffffffffffffffffffffffffffffffffffffffffffffffff7ffffe26
7fffffffffffffffffffffffffffffffffffffffffffffffffffffff7ffffe27
7fffffffffffffffffffffffffffffffffffffffffffffffffffffff7ffffe28
7fffffffffffffffffffffffffffffffffffffffffffffffffffffff7ffffe29
7fffffffffffffffffffffffffffffffffffffffffffffffffffffff7ffffe2a
7fffffffffffffffffffffffffffffffffffffffffffffffffffffff7ffffe2b
7fffffffffffffffffffffffffffffffffffffffffffffffffffffff7ffffe2c
7fffffffffffffffffffffffffffffffffffffffffffffffffffffff7ffffe2d
7fffffffffffffffffffffffffffffffffffffffffffffffffffffff7ffffe2e
7fffffffffffffffffffffffffffffffffffffffffffffffffffffff7ffffe2f
7fffffffffffffffffffffffffffffffffffffffffffffffffffffff7ffffe30
7fffffffffffffffffffffffffffffffffffffffffffffffffffffff7ffffe31
7fffffffffffffffffffffffffffffffffffffffffffffffffffffff7ffffe32
7fffffffffffffffffffffffffffffffffffffffffffffffffffffff7ffffe33
7fffffffffffffffffffffffffffffffffffffffffffffffffffffff7ffffe34
7fffffffffffffffffffffffffffffffffffffffffffffffffffffff7ffffe35
7fffffffffffffffffffffffffffffffffffffffffffffffffffffff7ffffe36
7fffffffffffffffffffffffffffffffffffffffffffffffffffffff7ffffe37
7fffffffffffffffffffffffffffffffffffffffffffffffffffffff7ffffe38
7fffffffffffffffffffffffffffffffffffffffffffffffffffffff7ffffe39
7fffffffffffffffffffffffffffffffffffffffffffffffffffffff7ffffe3a
7fffffffffffffffffffffffffffffffffffffffffffffffffffffff7ffffe3b
7fffffffffffffffffffffffffffffffffffffffffffffffffffffff7ffffe3c
7fffffffffffffffffffffffffffffffffffffffffffffffffffffff7ffffe3d
7fffffffffffffffffffffffffffffffffffffffffffffffffffffff7ffffe3e
7fffffffffffffffffffffffffffffffffffffffffffffffffffffff7ffffe3f
7fffffffffffffffffffffffffffffffffffffffffffffffffffffff7ffffe40
7fffffffffffffffffffffffffffffffffffffffffffffffffffffff7ffffe41
7fffffffffffffffffffffffffffffffffffffffffffffffffffffff7ffffe42
7fffffffffffffffffffffffffffffffffffffffffffffffffffffff7ffffe43
7fffffffffffffffffffffffffffffffffffffffffffffffffffffff7ffffe44
7fffffffffffffffffffffffffffffffffffffffffffffffffffffff7ffffe45
7fffffffffffffffffffffffffffffffffffffffffffffffffffffff7ffffe46
7fffffffffffffffffffffffffffffffffffffffffffffffffffffff7ffffe47
7fffffffffffffffffffffffffffffffffffffffffffffffffffffff7ffffe48
7fffffffffffffffffffffffffffffffffffffffffffffffffffffff7ffffe49
7fffffffffffffffffffffffffffffffffffffffffffffffffffffff7ffffe4a
7fffffffffffffffffffffffffffffffffffffffffffffffffffffff7ffffe4b
7fffffffffffffffffffffffffffffffffffffffffffffffffffffff7ffffe4c
7fffffffffffffffffffffffffffffffffffffffffffffffffffffff7ffffe4d
7fffffffffffffffffffffffffffffffffffffffffffffffffffffff7ffffe4e
7fffffffffffffffffffffffffffffffffffffffffffffffffffffff7ffffe4f
7fffffffffffffffffffffffffffffffffffffffffffffffffffffff7ffffe50
7fffffffffffffffffffffffffffffffffffffffffffffffffffffff7ffffe51
7fffffffffffffffffffffffffffffffffffffffffffffffffffffff7ffffe52
7fffffffffffffffffffffffffffffffffffffffffffffffffffffff7ffffe53
7fffffffffffffffffffffffffffffffffffffffffffffffffffffff7ffffe54
7fffffffffffffffffffffffffffffffffffffffffffffffffffffff7ffffe55
7fffffffffffffffffffffffffffffffffffffffffffffffffffffff7ffffe56
7fffffffffffffffffffffffffffffffffffffffffffffffffffffff7ffffe57
7fffffffffffffffffffffffffffffffffffffffffffffffffffffff7ffffe58
7fffffffffffffffffffffffffffffffffffffffffffffffffffffff7ffffe59
7fffffffffffffffffffffffffffffffffffffffffffffffffffffff7ffffe5a
7fffffffffffffffffffffffffffffffffffffffffffffffffffffff7ffffe5b
7fffffffffffffffffffffffffffffffffffffffffffffffffffffff7ffffe5c
7fffffffffffffffffffffffffffffffffffffffffffffffffffffff7ffffe5d
7fffffffffffffffffffffffffffffffffffffffffffffffffffffff7ffffe5e
7fffffffffffffffffffffffffffffffffffffffffffffffffffffff7ffffe5f
7fffffffffffffffffffffffffffffffffffffffffffffffffffffff7ffffe60
7fffffffffffffffffffffffffffffffffffffffffffffffffffffff7ffffe61
7fffffffffffffffffffffffffffffffffffffffffffffffffffffff7ffffe62
7fffffffffffffffffffffffffffffffffffffffffffffffffffffff7ffffe63
7fffffffffffffffffffffffffffffffffffffffffffffffffffffff7ffffe64
7fffffffffffffffffffffffffffffffffffffffffffffffffffffff7ffffe65
7fffffffffffffffffffffffffffffffffffffffffffffffffffffff7ffffe66
7fffffffffffffffffffffffffffffffffffffffffffffffffffffff7ffffe67
7fffffffffffffffffffffffffffffffffffffffffffffffffffffff7ffffe68
7fffffffffffffffffffffffffffffffffffffffffffffffffffffff7ffffe69
7fffffffffffffffffffffffffffffffffffffffffffffffffffffff7ffffe6a
7fffffffffffffffffffffffffffffffffffffffffffffffffffffff7ffffe6b
7fffffffffffffffffffffffffffffffffffffffffffffffffffffff7ffffe6c
7fffffffffffffffffffffffffffffffffffffffffffffffffffffff7ffffe6d
7fffffffffffffffffffffffffffffffffffffffffffffffffffffff7ffffe6e
7fffffffffffffffffffffffffffffffffffffffffffffffffffffff7ffffe6f
7fffffffffffffffffffffffffffffffffffffffffffffffffffffff7ffffe70
7fffffffffffffffffffffffffffffffffffffffffffffffffffffff7ffffe71
7fffffffffffffffffffffffffffffffffffffffffffffffffffffff7ffffe72
7fffffffffffffffffffffffffffffffffffffffffffffffffffffff7ffffe73
7fffffffffffffffffffffffffffffffffffffffffffffffffffffff7ffffe74
7fffffffffffffffffffffffffffffffffffffffffffffffffffffff7ffffe75
7fffffffffffffffffffffffffffffffffffffffffffffffffffffff7ffffe76
7fffffffffffffffffffffffffffffffffffffffffffffffffffffff7ffffe77
7fffffffffffffffffffffffffffffffffffffffffffffffffffffff7ffffe78
7fffffffffffffffffffffffffffffffffffffffffffffffffffffff7ffffe79
7fffffffffffffffffffffffffffffffffffffffffffffffffffffff7ffffe7a
7fffffffffffffffffffffffffffffffffffffffffffffffffffffff7ffffe7b
7fffffffffffffffffffffffffffffffffffffffffffffffffffffff7ffffe7c
7fffffffffffffffffffffffffffffffffffffffffffffffffffffff7ffffe7d
7fffffffffffffffffffffffffffffffffffffffffffffffffffffff7ffffe7e
7fffffffffffffffffffffffffffffffffffffffffffffffffffffff7ffffe7f
7fffffffffffffffffffffffffffffffffffffffffffffffffffffff7ffffe80
7fffffffffffffffffffffffffffffffffffffffffffffffffffffff7ffffe81
7fffffffffffffffffffffffffffffffffffffffffffffffffffffff7ffffe82
7fffffffffffffffffffffffffffffffffffffffffffffffffffffff7ffffe83
7fffffffffffffffffffffffffffffffffffffffffffffffffffffff7ffffe84
7fffffffffffffffffffffffffffffffffffffffffffffffffffffff7ffffe85
7fffffffffffffffffffffffffffffffffffffffffffffffffffffff7ffffe86
7fffffffffffffffffffffffffffffffffffffffffffffffffffffff7ffffe87
7fffffffffffffffffffffffffffffffffffffffffffffffffffffff7ffffe88
7fffffffffffffffffffffffffffffffffffffffffffffffffffffff7ffffe89
7fffffffffffffffffffffffffffffffffffffffffffffffffffffff7ffffe8a
7fffffffffffffffffffffffffffffffffffffffffffffffffffffff7ffffe8b
7fffffffffffffffffffffffffffffffffffffffffffffffffffffff7ffffe8c
7fffffffffffffffffffffffffffffffffffffffffffffffffffffff7ffffe8d
7fffffffffffffffffffffffffffffffffffffffffffffffffffffff7ffffe8e
7fffffffffffffffffffffffffffffffffffffffffffffffffffffff7ffffe8f
7fffffffffffffffffffffffffffffffffffffffffffffffffffffff7ffffe90
7fffffffffffffffffffffffffffffffffffffffffffffffffffffff7ffffe91
7fffffffffffffffffffffffffffffffffffffffffffffffffffffff7ffffe92
7fffffffffffffffffffffffffffffffffffffffffffffffffffffff7ffffe93
7fffffffffffffffffffffffffffffffffffffffffffffffffffffff7ffffe94
7fffffffffffffffffffffffffffffffffffffffffffffffffffffff7ffffe95
7fffffffffffffffffffffffffffffffffffffffffffffffffffffff7ffffe96
7fffffffffffffffffffffffffffffffffffffffffffffffffffffff7ffffe97
7fffffffffffffffffffffffffffffffffffffffffffffffffffffff7ffffe98
7fffffffffffffffffffffffffffffffffffffffffffffffffffffff7ffffe99
7fffffffffffffffffffffffffffffffffffffffffffffffffffffff7ffffe9a
7fffffffffffffffffffffffffffffffffffffffffffffffffffffff7ffffe9b
7fffffffffffffffffffffffffffffffffffffffffffffffffffffff7ffffe9c
7fffffffffffffffffffffffffffffffffffffffffffffffffffffff7ffffe9d
7fffffffffffffffffffffffffffffffffffffffffffffffffffffff7ffffe9e
7fffffffffffffffffffffffffffffffffffffffffffffffffffffff7ffffe9f
7fffffffffffffffffffffffffffffffffffffffffffffffffffffff7ffffea0
7fffffffffffffffffffffffffffffffffffffffffffffffffffffff7ffffea1
7fffffffffffffffffffffffffffffffffffffffffffffffffffffff7ffffea2
7fffffffffffffffffffffffffffffffffffffffffffffffffffffff7ffffea3
7fffffffffffffffffffffffffffffffffffffffffffffffffffffff7ffffea4
7fffffffffffffffffffffffffffffffffffffffffffffffffffffff7ffffea5
7fffffffffffffffffffffffffffffffffffffffffffffffffffffff7ffffea6
7fffffffffffffffffffffffffffffffffffffffffffffffffffffff7ffffea7
7fffffffffffffffffffffffffffffffffffffffffffffffffffffff7ffffea8
7fffffffffffffffffffffffffffffffffffffffffffffffffffffff7ffffea9
7fffffffffffffffffffffffffffffffffffffffffffffffffffffff7ffffeaa
7fffffffffffffffffffffffffffffffffffffffffffffffffffffff7ffffeab
7fffffffffffffffffffffffffffffffffffffffffffffffffffffff7ffffeac
7fffffffffffffffffffffffffffffffffffffffffffffffffffffff7ffffead
7fffffffffffffffffffffffffffffffffffffffffffffffffffffff7ffffeae
7fffffffffffffffffffffffffffffffffffffffffffffffffffffff7ffffeaf
7fffffffffffffffffffffffffffffffffffffffffffffffffffffff7ffffeb0
7fffffffffffffffffffffffffffffffffffffffffffffffffffffff7ffffeb1
7fffffffffffffffffffffffffffffffffffffffffffffffffffffff7ffffeb2
7fffffffffffffffffffffffffffffffffffffffffffffffffffffff7ffffeb3
7fffffffffffffffffffffffffffffffffffffffffffffffffffffff7ffffeb4
7fffffffffffffffffffffffffffffffffffffffffffffffffffffff7ffffeb5
7fffffffffffffffffffffffffffffffffffffffffffffffffffffff7ffffeb6
7fffffffffffffffffffffffffffffffffffffffffffffffffffffff7ffffeb7
7fffffffffffffffffffffffffffffffffffffffffffffffffffffff7ffffeb8
7fffffffffffffffffffffffffffffffffffffffffffffffffffffff7ffffeb9
7fffffffffffffffffffffffffffffffffffffffffffffffffffffff7ffffeba
7fffffffffffffffffffffffffffffffffffffffffffffffffffffff7ffffebb
7fffffffffffffffffffffffffffffffffffffffffffffffffffffff7ffffebc
7fffffffffffffffffffffffffffffffffffffffffffffffffffffff7ffffebd
7fffffffffffffffffffffffffffffffffffffffffffffffffffffff7ffffebe
7fffffffffffffffffffffffffffffffffffffffffffffffffffffff7ffffebf
7fffffffffffffffffffffffffffffffffffffffffffffffffffffff7ffffec0
7fffffffffffffffffffffffffffffffffffffffffffffffffffffff7ffffec1
7fffffffffffffffffffffffffffffffffffffffffffffffffffffff7ffffec2
7fffffffffffffffffffffffffffffffffffffffffffffffffffffff7ffffec3
7fffffffffffffffffffffffffffffffffffffffffffffffffffffff7ffffec4
7fffffffffffffffffffffffffffffffffffffffffffffffffffffff7ffffec5
7fffffffffffffffffffffffffffffffffffffffffffffffffffffff7ffffec6
7fffffffffffffffffffffffffffffffffffffffffffffffffffffff7ffffec7
7fffffffffffffffffffffffffffffffffffffffffffffffffffffff7ffffec8
7fffffffffffffffffffffffffffffffffffffffffffffffffffffff7ffffec9
7fffffffffffffffffffffffffffffffffffffffffffffffffffffff7ffffeca
7fffffffffffffffffffffffffffffffffffffffffffffffffffffff7ffffecb
7fffffffffffffffffffffffffffffffffffffffffffffffffffffff7ffffecc
7fffffffffffffffffffffffffffffffffffffffffffffffffffffff7ffffecd
7fffffffffffffffffffffffffffffffffffffffffffffffffffffff7ffffece
7fffffffffffffffffffffffffffffffffffffffffffffffffffffff7ffffecf
7fffffffffffffffffffffffffffffffffffffffffffffffffffffff7ffffed0
7fffffffffffffffffffffffffffffffffffffffffffffffffffffff7ffffed1
7fffffffffffffffffffffffffffffffffffffffffffffffffffffff7ffffed2
7fffffffffffffffffffffffffffffffffffffffffffffffffffffff7ffffed3
7fffffffffffffffffffffffffffffffffffffffffffffffffffffff7ffffed4
7fffffffffffffffffffffffffffffffffffffffffffffffffffffff7ffffed5
7fffffffffffffffffffffffffffffffffffffffffffffffffffffff7ffffed6
7fffffffffffffffffffffffffffffffffffffffffffffffffffffff7ffffed7
7fffffffffffffffffffffffffffffffffffffffffffffffffffffff7ffffed8
7fffffffffffffffffffffffffffffffffffffffffffffffffffffff7ffffed9
7fffffffffffffffffffffffffffffffffffffffffffffffffffffff7ffffeda
7fffffffffffffffffffffffffffffffffffffffffffffffffffffff7ffffedb
7fffffffffffffffffffffffffffffffffffffffffffffffffffffff7ffffedc
7fffffffffffffffffffffffffffffffffffffffffffffffffffffff7ffffedd
7fffffffffffffffffffffffffffffffffffffffffffffffffffffff7ffffede
7fffffffffffffffffffffffffffffffffffffffffffffffffffffff7ffffedf
7fffffffffffffffffffffffffffffffffffffffffffffffffffffff7ffffee0
7fffffffffffffffffffffffffffffffffffffffffffffffffffffff7ffffee1
7fffffffffffffffffffffffffffffffffffffffffffffffffffffff7ffffee2
7fffffffffffffffffffffffffffffffffffffffffffffffffffffff7ffffee3
7fffffffffffffffffffffffffffffffffffffffffffffffffffffff7ffffee4
7fffffffffffffffffffffffffffffffffffffffffffffffffffffff7ffffee5
7fffffffffffffffffffffffffffffffffffffffffffffffffffffff7ffffee6
7fffffffffffffffffffffffffffffffffffffffffffffffffffffff7ffffee7
7fffffffffffffffffffffffffffffffffffffffffffffffffffffff7ffffee8
7fffffffffffffffffffffffffffffffffffffffffffffffffffffff7ffffee9
7fffffffffffffffffffffffffffffffffffffffffffffffffffffff7ffffeea
7fffffffffffffffffffffffffffffffffffffffffffffffffffffff7ffffeeb
7fffffffffffffffffffffffffffffffffffffffffffffffffffffff7ffffeec
7fffffffffffffffffffffffffffffffffffffffffffffffffffffff7ffffeed
7fffffffffffffffffffffffffffffffffffffffffffffffffffffff7ffffeee
7fffffffffffffffffffffffffffffffffffffffffffffffffffffff7ffffeef
7fffffffffffffffffffffffffffffffffffffffffffffffffffffff7ffffef0
7fffffffffffffffffffffffffffffffffffffffffffffffffffffff7ffffef1
7fffffffffffffffffffffffffffffffffffffffffffffffffffffff7ffffef2
7fffffffffffffffffffffffffffffffffffffffffffffffffffffff7ffffef3
7fffffffffffffffffffffffffffffffffffffffffffffffffffffff7ffffef4
7fffffffffffffffffffffffffffffffffffffffffffffffffffffff7ffffef5
7fffffffffffffffffffffffffffffffffffffffffffffffffffffff7ffffef6
7fffffffffffffffffffffffffffffffffffffffffffffffffffffff7ffffef7
7fffffffffffffffffffffffffffffffffffffffffffffffffffffff7ffffef8
7fffffffffffffffffffffffffffffffffffffffffffffffffffffff7ffffef9
7fffffffffffffffffffffffffffffffffffffffffffffffffffffff7ffffefa
7fffffffffffffffffffffffffffffffffffffffffffffffffffffff7ffffefb
7fffffffffffffffffffffffffffffffffffffffffffffffffffffff7ffffefc
7fffffffffffffffffffffffffffffffffffffffffffffffffffffff7ffffefd
7fffffffffffffffffffffffffffffffffffffffffffffffffffffff7ffffefe
7fffffffffffffffffffffffffffffffffffffffffffffffffffffff7ffffeff
7fffffffffffffffffffffffffffffffffffffffffffffffffffffff7fffff00
7fffffffffffffffffffffffffffffffffffffffffffffffffffffff7fffff01
7fffffffffffffffffffffffffffffffffffffffffffffffffffffff7fffff02
7fffffffffffffffffffffffffffffffffffffffffffffffffffffff7fffff03
7fffffffffffffffffffffffffffffffffffffffffffffffffffffff7fffff04
7fffffffffffffffffffffffffffffffffffffffffffffffffffffff7fffff05
7fffffffffffffffffffffffffffffffffffffffffffffffffffffff7fffff06
7fffffffffffffffffffffffffffffffffffffffffffffffffffffff7fffff07
7fffffffffffffffffffffffffffffffffffffffffffffffffffffff7fffff08
7fffffffffffffffffffffffffffffffffffffffffffffffffffffff7fffff09
7fffffffffffffffffffffffffffffffffffffffffffffffffffffff7fffff0a
7fffffffffffffffffffffffffffffffffffffffffffffffffffffff7fffff0b
7fffffffffffffffffffffffffffffffffffffffffffffffffffffff7fffff0c
7fffffffffffffffffffffffffffffffffffffffffffffffffffffff7fffff0d
7fffffffffffffffffffffffffffffffffffffffffffffffffffffff7fffff0e
7fffffffffffffffffffffffffffffffffffffffffffffffffffffff7fffff0f
7fffffffffffffffffffffffffffffffffffffffffffffffffffffff7fffff10
7fffffffffffffffffffffffffffffffffffffffffffffffffffffff7fffff11
7fffffffffffffffffffffffffffffffffffffffffffffffffffffff7fffff12
7fffffffffffffffffffffffffffffffffffffffffffffffffffffff7fffff13
7fffffffffffffffffffffffffffffffffffffffffffffffffffffff7fffff14
7fffffffffffffffffffffffffffffffffffffffffffffffffffffff7fffff15
7fffffffffffffffffffffffffffffffffffffffffffffffffffffff7fffff16
7fffffffffffffffffffffffffffffffffffffffffffffffffffffff7fffff17
7fffffffffffffffffffffffffffffffffffffffffffffffffffffff7fffff18
7fffffffffffffffffffffffffffffffffffffffffffffffffffffff7fffff19
7fffffffffffffffffffffffffffffffffffffffffffffffffffffff7fffff1a
7fffffffffffffffffffffffffffffffffffffffffffffffffffffff7fffff1b
7fffffffffffffffffffffffffffffffffffffffffffffffffffffff7fffff1c
7fffffffffffffffffffffffffffffffffffffffffffffffffffffff7fffff1d
7fffffffffffffffffffffffffffffffffffffffffffffffffffffff7fffff1e
7fffffffffffffffffffffffffffffffffffffffffffffffffffffff7fffff1f
7fffffffffffffffffffffffffffffffffffffffffffffffffffffff7fffff20
7fffffffffffffffffffffffffffffffffffffffffffffffffffffff7fffff21
7fffffffffffffffffffffffffffffffffffffffffffffffffffffff7fffff22
7fffffffffffffffffffffffffffffffffffffffffffffffffffffff7fffff23
7fffffffffffffffffffffffffffffffffffffffffffffffffffffff7fffff24
7fffffffffffffffffffffffffffffffffffffffffffffffffffffff7fffff25
7fffffffffffffffffffffffffffffffffffffffffffffffffffffff7fffff26
7fffffffffffffffffffffffffffffffffffffffffffffffffffffff7fffff27
7fffffffffffffffffffffffffffffffffffffffffffffffffffffff7fffff28
7fffffffffffffffffffffffffffffffffffffffffffffffffffffff7fffff29
7fffffffffffffffffffffffffffffffffffffffffffffffffffffff7fffff2a
7fffffffffffffffffffffffffffffffffffffffffffffffffffffff7fffff2b
7fffffffffffffffffffffffffffffffffffffffffffffffffffffff7fffff2c
7fffffffffffffffffffffffffffffffffffffffffffffffffffffff7fffff2d
7fffffffffffffffffffffffffffffffffffffffffffffffffffffff7fffff2e
7fffffffffffffffffffffffffffffffffffffffffffffffffffffff7fffff2f
7fffffffffffffffffffffffffffffffffffffffffffffffffffffff7fffff30
7fffffffffffffffffffffffffffffffffffffffffffffffffffffff7fffff31
7fffffffffffffffffffffffffffffffffffffffffffffffffffffff7fffff32
7fffffffffffffffffffffffffffffffffffffffffffffffffffffff7fffff33
7fffffffffffffffffffffffffffffffffffffffffffffffffffffff7fffff34
7fffffffffffffffffffffffffffffffffffffffffffffffffffffff7fffff35
7fffffffffffffffffffffffffffffffffffffffffffffffffffffff7fffff36
7fffffffffffffffffffffffffffffffffffffffffffffffffffffff7fffff37
7fffffffffffffffffffffffffffffffffffffffffffffffffffffff7fffff38
7fffffffffffffffffffffffffffffffffffffffffffffffffffffff7fffff39
7fffffffffffffffffffffffffffffffffffffffffffffffffffffff7fffff3a
7fffffffffffffffffffffffffffffffffffffffffffffffffffffff7fffff3b
7fffffffffffffffffffffffffffffffffffffffffffffffffffffff7fffff3c
7fffffffffffffffffffffffffffffffffffffffffffffffffffffff7fffff3d
7fffffffffffffffffffffffffffffffffffffffffffffffffffffff7fffff3e
7fffffffffffffffffffffffffffffffffffffffffffffffffffffff7fffff3f
7fffffffffffffffffffffffffffffffffffffffffffffffffffffff7fffff40
7fffffffffffffffffffffffffffffffffffffffffffffffffffffff7fffff41
7fffffffffffffffffffffffffffffffffffffffffffffffffffffff7fffff42
7fffffffffffffffffffffffffffffffffffffffffffffffffffffff7fffff43
7fffffffffffffffffffffffffffffffffffffffffffffffffffffff7fffff44
7fffffffffffffffffffffffffffffffffffffffffffffffffffffff7fffff45
7fffffffffffffffffffffffffffffffffffffffffffffffffffffff7fffff46
7fffffffffffffffffffffffffffffffffffffffffffffffffffffff7fffff47
7fffffffffffffffffffffffffffffffffffffffffffffffffffffff7fffff48
7fffffffffffffffffffffffffffffffffffffffffffffffffffffff7fffff49
7fffffffffffffffffffffffffffffffffffffffffffffffffffffff7fffff4a
7fffffffffffffffffffffffffffffffffffffffffffffffffffffff7fffff4b
7fffffffffffffffffffffffffffffffffffffffffffffffffffffff7fffff4c
7fffffffffffffffffffffffffffffffffffffffffffffffffffffff7fffff4d
7fffffffffffffffffffffffffffffffffffffffffffffffffffffff7fffff4e
7fffffffffffffffffffffffffffffffffffffffffffffffffffffff7fffff4f
7fffffffffffffffffffffffffffffffffffffffffffffffffffffff7fffff50
7fffffffffffffffffffffffffffffffffffffffffffffffffffffff7fffff51
7fffffffffffffffffffffffffffffffffffffffffffffffffffffff7fffff52
7fffffffffffffffffffffffffffffffffffffffffffffffffffffff7fffff53
7fffffffffffffffffffffffffffffffffffffffffffffffffffffff7fffff54
7fffffffffffffffffffffffffffffffffffffffffffffffffffffff7fffff55
7fffffffffffffffffffffffffffffffffffffffffffffffffffffff7fffff56
7fffffffffffffffffffffffffffffffffffffffffffffffffffffff7fffff57
7fffffffffffffffffffffffffffffffffffffffffffffffffffffff7fffff58
7fffffffffffffffffffffffffffffffffffffffffffffffffffffff7fffff59
7fffffffffffffffffffffffffffffffffffffffffffffffffffffff7fffff5a
7fffffffffffffffffffffffffffffffffffffffffffffffffffffff7fffff5b
7fffffffffffffffffffffffffffffffffffffffffffffffffffffff7fffff5c
7fffffffffffffffffffffffffffffffffffffffffffffffffffffff7fffff5d
7fffffffffffffffffffffffffffffffffffffffffffffffffffffff7fffff5e
7fffffffffffffffffffffffffffffffffffffffffffffffffffffff7fffff5f
7fffffffffffffffffffffffffffffffffffffffffffffffffffffff7fffff60
7fffffffffffffffffffffffffffffffffffffffffffffffffffffff7fffff61
7fffffffffffffffffffffffffffffffffffffffffffffffffffffff7fffff62
7fffffffffffffffffffffffffffffffffffffffffffffffffffffff7fffff63
7fffffffffffffffffffffffffffffffffffffffffffffffffffffff7fffff64
7fffffffffffffffffffffffffffffffffffffffffffffffffffffff7fffff65
7fffffffffffffffffffffffffffffffffffffffffffffffffffffff7fffff66
7fffffffffffffffffffffffffffffffffffffffffffffffffffffff7fffff67
7fffffffffffffffffffffffffffffffffffffffffffffffffffffff7fffff68
7fffffffffffffffffffffffffffffffffffffffffffffffffffffff7fffff69
7fffffffffffffffffffffffffffffffffffffffffffffffffffffff7fffff6a
7fffffffffffffffffffffffffffffffffffffffffffffffffffffff7fffff6b
7fffffffffffffffffffffffffffffffffffffffffffffffffffffff7fffff6c
7fffffffffffffffffffffffffffffffffffffffffffffffffffffff7fffff6d
7fffffffffffffffffffffffffffffffffffffffffffffffffffffff7fffff6e
7fffffffffffffffffffffffffffffffffffffffffffffffffffffff7fffff6f
7fffffffffffffffffffffffffffffffffffffffffffffffffffffff7fffff70
7fffffffffffffffffffffffffffffffffffffffffffffffffffffff7fffff71
7fffffffffffffffffffffffffffffffffffffffffffffffffffffff7fffff72
7fffffffffffffffffffffffffffffffffffffffffffffffffffffff7fffff73
7fffffffffffffffffffffffffffffffffffffffffffffffffffffff7fffff74
7fffffffffffffffffffffffffffffffffffffffffffffffffffffff7fffff75
7fffffffffffffffffffffffffffffffffffffffffffffffffffffff7fffff76
7fffffffffffffffffffffffffffffffffffffffffffffffffffffff7fffff77
7fffffffffffffffffffffffffffffffffffffffffffffffffffffff7fffff78
7fffffffffffffffffffffffffffffffffffffffffffffffffffffff7fffff79
7fffffffffffffffffffffffffffffffffffffffffffffffffffffff7fffff7a
7fffffffffffffffffffffffffffffffffffffffffffffffffffffff7fffff7b
7fffffffffffffffffffffffffffffffffffffffffffffffffffffff7fffff7c
7fffffffffffffffffffffffffffffffffffffffffffffffffffffff7fffff7d
7fffffffffffffffffffffffffffffffffffffffffffffffffffffff7fffff7e
7fffffffffffffffffffffffffffffffffffffffffffffffffffffff7fffff7f
7fffffffffffffffffffffffffffffffffffffffffffffffffffffff7fffff80
7fffffffffffffffffffffffffffffffffffffffffffffffffffffff7fffff81
7fffffffffffffffffffffffffffffffffffffffffffffffffffffff7fffff82
7fffffffffffffffffffffffffffffffffffffffffffffffffffffff7fffff83
7fffffffffffffffffffffffffffffffffffffffffffffffffffffff7fffff84
7fffffffffffffffffffffffffffffffffffffffffffffffffffffff7fffff85
7fffffffffffffffffffffffffffffffffffffffffffffffffffffff7fffff86
7fffffffffffffffffffffffffffffffffffffffffffffffffffffff7fffff87
7fffffffffffffffffffffffffffffffffffffffffffffffffffffff7fffff88
7fffffffffffffffffffffffffffffffffffffffffffffffffffffff7fffff89
7fffffffffffffffffffffffffffffffffffffffffffffffffffffff7fffff8a
7fffffffffffffffffffffffffffffffffffffffffffffffffffffff7fffff8b
7fffffffffffffffffffffffffffffffffffffffffffffffffffffff7fffff8c
7fffffffffffffffffffffffffffffffffffffffffffffffffffffff7fffff8d
7fffffffffffffffffffffffffffffffffffffffffffffffffffffff7fffff8e
7fffffffffffffffffffffffffffffffffffffffffffffffffffffff7fffff8f
7fffffffffffffffffffffffffffffffffffffffffffffffffffffff7fffff90
7fffffffffffffffffffffffffffffffffffffffffffffffffffffff7fffff91
7fffffffffffffffffffffffffffffffffffffffffffffffffffffff7fffff92
7fffffffffffffffffffffffffffffffffffffffffffffffffffffff7fffff93
7fffffffffffffffffffffffffffffffffffffffffffffffffffffff7fffff94
7fffffffffffffffffffffffffffffffffffffffffffffffffffffff7fffff95
7fffffffffffffffffffffffffffffffffffffffffffffffffffffff7fffff96
7fffffffffffffffffffffffffffffffffffffffffffffffffffffff7fffff97
7fffffffffffffffffffffffffffffffffffffffffffffffffffffff7fffff98
7fffffffffffffffffffffffffffffffffffffffffffffffffffffff7fffff99
7fffffffffffffffffffffffffffffffffffffffffffffffffffffff7fffff9a
7fffffffffffffffffffffffffffffffffffffffffffffffffffffff7fffff9b
7fffffffffffffffffffffffffffffffffffffffffffffffffffffff7fffff9c
7fffffffffffffffffffffffffffffffffffffffffffffffffffffff7fffff9d
7fffffffffffffffffffffffffffffffffffffffffffffffffffffff7fffff9e
7fffffffffffffffffffffffffffffffffffffffffffffffffffffff7fffff9f
7fffffffffffffffffffffffffffffffffffffffffffffffffffffff7fffffa0
7fffffffffffffffffffffffffffffffffffffffffffffffffffffff7fffffa1
7fffffffffffffffffffffffffffffffffffffffffffffffffffffff7fffffa2
7fffffffffffffffffffffffffffffffffffffffffffffffffffffff7fffffa3
7fffffffffffffffffffffffffffffffffffffffffffffffffffffff7fffffa4
7fffffffffffffffffffffffffffffffffffffffffffffffffffffff7fffffa5
7fffffffffffffffffffffffffffffffffffffffffffffffffffffff7fffffa6
7fffffffffffffffffffffffffffffffffffffffffffffffffffffff7fffffa7
7fffffffffffffffffffffffffffffffffffffffffffffffffffffff7fffffa8
7fffffffffffffffffffffffffffffffffffffffffffffffffffffff7fffffa9
7fffffffffffffffffffffffffffffffffffffffffffffffffffffff7fffffaa
7fffffffffffffffffffffffffffffffffffffffffffffffffffffff7fffffab
7fffffffffffffffffffffffffffffffffffffffffffffffffffffff7fffffac
7fffffffffffffffffffffffffffffffffffffffffffffffffffffff7fffffad
7fffffffffffffffffffffffffffffffffffffffffffffffffffffff7fffffae
7fffffffffffffffffffffffffffffffffffffffffffffffffffffff7fffffaf
7fffffffffffffffffffffffffffffffffffffffffffffffffffffff7fffffb0
7fffffffffffffffffffffffffffffffffffffffffffffffffffffff7fffffb1
7fffffffffffffffffffffffffffffffffffffffffffffffffffffff7fffffb2
7fffffffffffffffffffffffffffffffffffffffffffffffffffffff7fffffb3
7fffffffffffffffffffffffffffffffffffffffffffffffffffffff7fffffb4
7fffffffffffffffffffffffffffffffffffffffffffffffffffffff7fffffb5
7fffffffffffffffffffffffffffffffffffffffffffffffffffffff7fffffb6
7fffffffffffffffffffffffffffffffffffffffffffffffffffffff7fffffb7
7fffffffffffffffffffffffffffffffffffffffffffffffffffffff7fffffb8
7fffffffffffffffffffffffffffffffffffffffffffffffffffffff7fffffb9
7fffffffffffffffffffffffffffffffffffffffffffffffffffffff7fffffba
7fffffffffffffffffffffffffffffffffffffffffffffffffffffff7fffffbb
7fffffffffffffffffffffffffffffffffffffffffffffffffffffff7fffffbc
7fffffffffffffffffffffffffffffffffffffffffffffffffffffff7fffffbd
7fffffffffffffffffffffffffffffffffffffffffffffffffffffff7fffffbe
7fffffffffffffffffffffffffffffffffffffffffffffffffffffff7fffffbf
7fffffffffffffffffffffffffffffffffffffffffffffffffffffff7fffffc0
7fffffffffffffffffffffffffffffffffffffffffffffffffffffff7fffffc1
7fffffffffffffffffffffffffffffffffffffffffffffffffffffff7fffffc2
7fffffffffffffffffffffffffffffffffffffffffffffffffffffff7fffffc3
7fffffffffffffffffffffffffffffffffffffffffffffffffffffff7fffffc4
7fffffffffffffffffffffffffffffffffffffffffffffffffffffff7fffffc5
7fffffffffffffffffffffffffffffffffffffffffffffffffffffff7fffffc6
7fffffffffffffffffffffffffffffffffffffffffffffffffffffff7fffffc7
7fffffffffffffffffffffffffffffffffffffffffffffffffffffff7fffffc8
7fffffffffffffffffffffffffffffffffffffffffffffffffffffff7fffffc9
7fffffffffffffffffffffffffffffffffffffffffffffffffffffff7fffffca
7fffffffffffffffffffffffffffffffffffffffffffffffffffffff7fffffcb
7fffffffffffffffffffffffffffffffffffffffffffffffffffffff7fffffcc
7fffffffffffffffffffffffffffffffffffffffffffffffffffffff7fffffcd
7fffffffffffffffffffffffffffffffffffffffffffffffffffffff7fffffce
7fffffffffffffffffffffffffffffffffffffffffffffffffffffff7fffffcf
7fffffffffffffffffffffffffffffffffffffffffffffffffffffff7fffffd0
7fffffffffffffffffffffffffffffffffffffffffffffffffffffff7fffffd1
7fffffffffffffffffffffffffffffffffffffffffffffffffffffff7fffffd2
7fffffffffffffffffffffffffffffffffffffffffffffffffffffff7fffffd3
7fffffffffffffffffffffffffffffffffffffffffffffffffffffff7fffffd4
7fffffffffffffffffffffffffffffffffffffffffffffffffffffff7fffffd5
7fffffffffffffffffffffffffffffffffffffffffffffffffffffff7fffffd6
7fffffffffffffffffffffffffffffffffffffffffffffffffffffff7fffffd7
7fffffffffffffffffffffffffffffffffffffffffffffffffffffff7fffffd8
7fffffffffffffffffffffffffffffffffffffffffffffffffffffff7fffffd9
7fffffffffffffffffffffffffffffffffffffffffffffffffffffff7fffffda
7fffffffffffffffffffffffffffffffffffffffffffffffffffffff7fffffdb
7fffffffffffffffffffffffffffffffffffffffffffffffffffffff7fffffdc
7fffffffffffffffffffffffffffffffffffffffffffffffffffffff7fffffdd
7fffffffffffffffffffffffffffffffffffffffffffffffffffffff7fffffde
7fffffffffffffffffffffffffffffffffffffffffffffffffffffff7fffffdf
7fffffffffffffffffffffffffffffffffffffffffffffffffffffff7fffffe0
7fffffffffffffffffffffffffffffffffffffffffffffffffffffff7fffffe1
7fffffffffffffffffffffffffffffffffffffffffffffffffffffff7fffffe2
7fffffffffffffffffffffffffffffffffffffffffffffffffffffff7fffffe3
7fffffffffffffffffffffffffffffffffffffffffffffffffffffff7fffffe4
7fffffffffffffffffffffffffffffffffffffffffffffffffffffff7fffffe5
7fffffffffffffffffffffffffffffffffffffffffffffffffffffff7fffffe6
7fffffffffffffffffffffffffffffffffffffffffffffffffffffff7fffffe7
7fffffffffffffffffffffffffffffffffffffffffffffffffffffff7fffffe8
7fffffffffffffffffffffffffffffffffffffffffffffffffffffff7fffffe9
7fffffffffffffffffffffffffffffffffffffffffffffffffffffff7fffffea
7fffffffffffffffffffffffffffffffffffffffffffffffffffffff7fffffeb
7fffffffffffffffffffffffffffffffffffffffffffffffffffffff7fffffec
7fffffffffffffffffffffffffffffffffffffffffffffffffffffff7fffffed
7fffffffffffffffffffffffffffffffffffffffffffffffffffffff7fffffee
7fffffffffffffffffffffffffffffffffffffffffffffffffffffff7fffffef
7fffffffffffffffffffffffffffffffffffffffffffffffffffffff7ffffff0
7fffffffffffffffffffffffffffffffffffffffffffffffffffffff7ffffff1
7fffffffffffffffffffffffffffffffffffffffffffffffffffffff7ffffff2
7fffffffffffffffffffffffffffffffffffffffffffffffffffffff7ffffff3
7fffffffffffffffffffffffffffffffffffffffffffffffffffffff7ffffff4
7fffffffffffffffffffffffffffffffffffffffffffffffffffffff7ffffff5
7fffffffffffffffffffffffffffffffffffffffffffffffffffffff7ffffff6
7fffffffffffffffffffffffffffffffffffffffffffffffffffffff7ffffff7
7fffffffffffffffffffffffffffffffffffffffffffffffffffffff7ffffff8
7fffffffffffffffffffffffffffffffffffffffffffffffffffffff7ffffff9
7fffffffffffffffffffffffffffffffffffffffffffffffffffffff7ffffffa
7fffffffffffffffffffffffffffffffffffffffffffffffffffffff7ffffffb
7fffffffffffffffffffffffffffffffffffffffffffffffffffffff7ffffffc
7fffffffffffffffffffffffffffffffffffffffffffffffffffffff7ffffffd
7fffffffffffffffffffffffffffffffffffffffffffffffffffffff7ffffffe
7fffffffffffffffffffffffffffffffffffffffffffffffffffffff7fffffff
