4760	drop_q2
4763	delete
11368	delete
11371	delete
16278	drop_q1
16397	delete
16489	delete
16493	delete
16497	delete
16505	delete
16509	delete
16513	delete
16517	delete
16521	delete
16525	delete
16529	delete
16533	delete
16537	delete
16541	delete
16545	delete
16549	delete
16553	delete
16557	delete
16561	delete
16565	delete
16569	delete
16573	delete
16577	delete
16581	delete
16585	delete
16589	delete
16593	delete
16597	delete
16601	delete
16605	delete
16609	delete
16613	delete
16617	delete
16621	delete
16625	delete
16629	delete
16633	delete
16637	delete
16641	delete
16645	delete
16649	delete
16653	delete
16657	delete
16661	delete
16665	delete
16669	delete
16673	delete
16677	delete
16681	delete
16685	delete
16689	delete
16693	delete
16697	delete
16701	delete
16705	delete
16709	delete
16713	delete
16717	delete
16721	delete
16725	delete
16729	delete
16733	delete
16737	delete
16741	delete
16745	delete
16749	delete
16753	delete
16755	delete
16763	drop_q2
16772	drop_q2
16781	drop_q2
16790	drop_q2
16799	drop_q2
16808	drop_q2
16817	drop_q2
16826	drop_q2
16835	drop_q2
16844	drop_q2
16853	drop_q2
16862	drop_q2
16871	drop_q2
16880	drop_q2
16889	drop_q2
16898	drop_q2
16907	drop_q2
16916	drop_q2
16925	drop_q2
16934	drop_q2
16943	drop_q2
16952	drop_q2
16961	drop_q2
16970	drop_q2
16979	drop_q2
16988	drop_q2
16997	drop_q2
17006	drop_q2
17015	drop_q2
17024	drop_q2
17033	drop_q2
17042	drop_q2
17051	drop_q2
17060	drop_q2
17069	drop_q2
17078	drop_q2
17087	drop_q2
17096	drop_q2
17105	drop_q2
17114	drop_q2
17123	drop_q2
17132	drop_q2
17141	drop_q2
17150	drop_q2
17159	drop_q2
17168	drop_q2
17177	drop_q2
17186	drop_q2
17195	drop_q2
17204	drop_q2
17213	drop_q2
17222	drop_q2
17231	drop_q2
17240	drop_q2
17249	drop_q2
17258	drop_q2
17267	drop_q2
17276	drop_q2
17285	drop_q2
17294	drop_q2
17303	drop_q2
17312	drop_q2
17321	drop_q2
17330	drop_q2
17339	drop_q2
17348	drop_q2
17357	drop_q2
17366	drop_q2
17564	drop_q2
17573	drop_q2
17582	drop_q2
17835	drop_q1
17911	delete
17915	delete
17919	delete
17923	delete
17927	delete
17931	delete
17935	delete
17939	delete
17943	delete
17947	delete
17951	delete
17955	delete
17959	delete
17963	delete
17967	delete
17971	delete
17975	delete
17979	delete
17983	delete
17987	delete
17991	delete
17995	delete
17999	delete
18003	delete
18007	delete
18011	delete
18015	delete
18019	delete
18023	delete
18027	delete
18031	delete
18035	delete
18039	delete
18043	delete
18047	delete
18051	delete
18055	delete
18059	delete
18063	delete
18067	delete
18071	delete
18075	delete
18079	delete
18083	delete
18087	delete
18091	delete
18095	delete
18099	delete
18103	delete
18107	delete
18111	delete
18115	delete
18119	delete
18123	delete
18127	delete
18131	delete
18135	delete
18139	delete
18143	delete
18147	delete
18151	delete
18155	delete
18159	delete
18163	delete
18167	delete
18171	delete
18175	delete
18179	delete
18183	delete
18187	delete
18191	delete
18195	delete
18199	delete
18203	delete
18207	delete
18211	delete
18215	delete
18219	delete
18223	delete
18227	delete
18231	delete
18235	delete
18239	delete
18243	delete
18247	delete
18251	delete
18255	delete
18259	delete
18263	delete
18267	delete
18271	delete
18275	delete
18279	delete
18283	delete
18287	delete
18291	delete
18295	delete
18299	delete
18303	delete
18307	delete
18309	delete
18317	drop_q2
18326	drop_q2
18335	drop_q2
18344	drop_q2
18353	drop_q2
18362	drop_q2
18371	drop_q2
18380	drop_q2
18389	drop_q2
18398	drop_q2
18407	drop_q2
18416	drop_q2
18425	drop_q2
18434	drop_q2
18443	drop_q2
18452	drop_q2
18461	drop_q2
18470	drop_q2
18479	drop_q2
18488	drop_q2
18497	drop_q2
18506	drop_q2
18515	drop_q2
18524	drop_q2
18533	drop_q2
18542	drop_q2
18551	drop_q2
18560	drop_q2
18569	drop_q2
18578	drop_q2
18587	drop_q2
18596	drop_q2
18605	drop_q2
18614	drop_q2
18623	drop_q2
18632	drop_q2
18641	drop_q2
18650	drop_q2
18659	drop_q2
18668	drop_q2
18677	drop_q2
18686	drop_q2
18695	drop_q2
18704	drop_q2
18713	drop_q2
18722	drop_q2
18731	drop_q2
18740	drop_q2
18749	drop_q2
18758	drop_q2
18767	drop_q2
18776	drop_q2
18785	drop_q2
18794	drop_q2
18803	drop_q2
18812	drop_q2
18821	drop_q2
18830	drop_q2
18839	drop_q2
18848	drop_q2
18857	drop_q2
18866	drop_q2
18875	drop_q2
18884	drop_q2
18893	drop_q2
18902	drop_q2
18911	drop_q2
18920	drop_q2
18929	drop_q2
18938	drop_q2
18947	drop_q2
18956	drop_q2
18965	drop_q2
18974	drop_q2
18983	drop_q2
18992	drop_q2
19001	drop_q2
19010	drop_q2
19019	drop_q2
19028	drop_q2
19037	drop_q2
19046	drop_q2
19055	drop_q2
19064	drop_q2
19073	drop_q2
19082	drop_q2
19091	drop_q2
19100	drop_q2
19109	drop_q2
19118	drop_q2
19127	drop_q2
19136	drop_q2
19145	drop_q2
19154	drop_q2
19163	drop_q2
19172	drop_q2
19181	drop_q2
19190	drop_q2
19199	drop_q2
19208	drop_q2
19383	drop_q1
19439	drop_q1
19442	drop_q2
19676	delete
19682	delete
19966	delete
20458	delete
20460	delete
20463	delete
20466	delete
20554	delete
20560	drop_q2
20638	delete
20641	delete
20654	drop_q1
21887	delete
21889	delete
21892	delete
21895	delete
21986	drop_q2
21989	delete
22052	delete
22067	delete
22070	delete
22083	drop_q1
24286	drop_q2
24365	delete
24377	delete
24385	delete
24389	delete
24393	delete
24397	delete
24401	delete
24405	delete
24409	delete
24413	delete
24417	delete
24421	delete
24425	delete
24429	delete
24433	delete
24437	delete
24441	delete
24445	delete
24449	delete
24453	delete
24457	delete
24461	delete
24465	delete
24469	delete
24473	delete
24477	delete
24481	delete
24485	delete
24489	delete
24493	delete
24497	delete
24501	delete
24505	delete
24509	delete
24513	delete
24517	delete
24521	delete
24525	delete
24529	delete
24533	delete
24537	delete
24541	delete
24545	delete
24549	delete
24553	delete
24555	drop_q1
24563	drop_q2
24572	drop_q2
24581	drop_q2
24590	drop_q2
24599	drop_q2
24608	drop_q2
24617	drop_q2
24626	drop_q2
24635	drop_q2
24644	drop_q2
24653	drop_q2
24662	drop_q2
24671	drop_q2
24680	drop_q2
24689	drop_q2
24698	drop_q2
24707	drop_q2
24716	drop_q2
24725	drop_q2
24734	drop_q2
24743	drop_q2
24752	drop_q2
24761	drop_q2
24770	drop_q2
24779	drop_q2
24788	drop_q2
24797	drop_q2
24806	drop_q2
24815	drop_q2
24824	drop_q2
24833	drop_q2
24842	drop_q2
24851	drop_q2
24860	drop_q2
24869	drop_q2
24878	drop_q2
24887	drop_q2
24896	drop_q2
24905	drop_q2
24914	drop_q2
24923	drop_q2
24932	drop_q2
24941	drop_q2
24950	drop_q2
24959	drop_q2
24968	drop_q2
24977	drop_q2
24986	drop_q2
24995	drop_q2
25004	drop_q2
25013	drop_q2
25022	drop_q2
25031	drop_q2
25040	drop_q2
25049	drop_q2
25058	drop_q2
25067	drop_q2
25076	drop_q2
25085	drop_q2
25094	drop_q2
25103	drop_q2
25112	drop_q2
25121	drop_q2
25130	drop_q2
25139	drop_q2
25148	drop_q2
25157	drop_q2
25164	drop_q2
25167	delete
25171	delete
25175	delete
25179	delete
25183	delete
25187	delete
25191	delete
25195	delete
25199	delete
25203	delete
25207	delete
25211	delete
25215	delete
25219	delete
25223	delete
25227	delete
25231	delete
25235	delete
25239	delete
25243	delete
25247	delete
25251	delete
25255	delete
25259	delete
25263	delete
25267	delete
25271	delete
25275	delete
25279	delete
25283	delete
25287	delete
25291	delete
25295	delete
25299	delete
25303	delete
25307	delete
25311	delete
25315	delete
25319	delete
25323	delete
25327	delete
25331	delete
25335	delete
25339	delete
25343	delete
25347	delete
25351	delete
25355	delete
25359	delete
25363	delete
25367	delete
25371	delete
25375	delete
25379	delete
25383	delete
25387	delete
25391	delete
25395	delete
25399	delete
25403	delete
25407	delete
25411	delete
25415	delete
25419	delete
25423	delete
25427	delete
25431	delete
25433	drop_q1
25441	drop_q2
25450	drop_q2
25459	drop_q2
25468	drop_q2
25477	drop_q2
25486	drop_q2
25495	drop_q2
25504	drop_q2
25513	drop_q2
25522	drop_q2
25531	drop_q2
25540	drop_q2
25549	drop_q2
25558	drop_q2
25567	drop_q2
25576	drop_q2
25585	drop_q2
25594	drop_q2
25603	drop_q2
25612	drop_q2
25621	drop_q2
25630	drop_q2
25639	drop_q2
25648	drop_q2
25657	drop_q2
25666	drop_q2
25675	drop_q2
25684	drop_q2
25693	drop_q2
25702	drop_q2
25711	drop_q2
25720	drop_q2
25729	drop_q2
25738	drop_q2
25747	drop_q2
25756	drop_q2
25765	drop_q2
25774	drop_q2
25783	drop_q2
25792	drop_q2
25801	drop_q2
25810	drop_q2
25819	drop_q2
25828	drop_q2
25837	drop_q2
25846	drop_q2
25855	drop_q2
25864	drop_q2
25873	drop_q2
25882	drop_q2
25891	drop_q2
25900	drop_q2
25909	drop_q2
25918	drop_q2
25927	drop_q2
25936	drop_q2
25945	drop_q2
25954	drop_q2
25963	drop_q2
25972	drop_q2
25981	drop_q2
25990	drop_q2
25999	drop_q2
26008	drop_q2
26017	drop_q2
26026	drop_q2
26035	drop_q2
26039	delete
26043	delete
26047	delete
26051	delete
26055	delete
26059	delete
26063	delete
26067	delete
26071	delete
26075	delete
26079	delete
26083	delete
26087	delete
26091	delete
26095	delete
26099	delete
26103	delete
26107	delete
26111	delete
26115	delete
26119	delete
26123	delete
26127	delete
26131	delete
26135	delete
26139	delete
26143	delete
26147	delete
26151	delete
26155	delete
26159	delete
26163	delete
26167	delete
26171	delete
26175	delete
26179	delete
26183	delete
26187	delete
26191	delete
26195	delete
26199	delete
26203	delete
26207	delete
26211	delete
26215	delete
26219	delete
26223	delete
26227	delete
26231	delete
26235	delete
26239	delete
26243	delete
26247	delete
26251	delete
26255	delete
26259	delete
26263	delete
26267	delete
26271	delete
26275	delete
26279	delete
26283	delete
26287	delete
26291	delete
26295	delete
26299	delete
26303	delete
26307	delete
26311	delete
26315	delete
26319	delete
26323	delete
26327	delete
26331	delete
26335	delete
26339	delete
26343	delete
26347	delete
26351	delete
26355	delete
26359	delete
26363	delete
26367	delete
26371	delete
26375	delete
26379	delete
26383	delete
26387	delete
26391	delete
26395	delete
26399	delete
26403	delete
26407	delete
26411	delete
26415	delete
26419	delete
26423	delete
26427	delete
26431	delete
26435	delete
26439	delete
26443	delete
26447	delete
26451	delete
26455	delete
26459	delete
26463	delete
26467	delete
26471	delete
26475	delete
26479	delete
26483	delete
26487	delete
26491	delete
26495	delete
26499	delete
26503	delete
26507	delete
26511	delete
26515	delete
26519	delete
26521	drop_q1
26529	drop_q2
26538	drop_q2
26547	drop_q2
26556	drop_q2
26565	drop_q2
26574	drop_q2
26583	drop_q2
26592	drop_q2
26601	drop_q2
26610	drop_q2
26619	drop_q2
26628	drop_q2
26637	drop_q2
26646	drop_q2
26655	drop_q2
26664	drop_q2
26673	drop_q2
26682	drop_q2
26691	drop_q2
26700	drop_q2
26709	drop_q2
26718	drop_q2
26727	drop_q2
26736	drop_q2
26745	drop_q2
26754	drop_q2
26763	drop_q2
26772	drop_q2
26781	drop_q2
26790	drop_q2
26799	drop_q2
26808	drop_q2
26817	drop_q2
26826	drop_q2
26835	drop_q2
26844	drop_q2
26853	drop_q2
26862	drop_q2
26871	drop_q2
26880	drop_q2
26889	drop_q2
26898	drop_q2
26907	drop_q2
26916	drop_q2
26925	drop_q2
26934	drop_q2
26943	drop_q2
26952	drop_q2
26961	drop_q2
26970	drop_q2
26979	drop_q2
26988	drop_q2
26997	drop_q2
27006	drop_q2
27015	drop_q2
27024	drop_q2
27033	drop_q2
27042	drop_q2
27051	drop_q2
27060	drop_q2
27069	drop_q2
27078	drop_q2
27087	drop_q2
27096	drop_q2
27105	drop_q2
27114	drop_q2
27123	drop_q2
27132	drop_q2
27141	drop_q2
27150	drop_q2
27159	drop_q2
27168	drop_q2
27177	drop_q2
27186	drop_q2
27195	drop_q2
27204	drop_q2
27213	drop_q2
27222	drop_q2
27231	drop_q2
27240	drop_q2
27249	drop_q2
27258	drop_q2
27267	drop_q2
27276	drop_q2
27285	drop_q2
27294	drop_q2
27303	drop_q2
27312	drop_q2
27321	drop_q2
27330	drop_q2
27339	drop_q2
27348	drop_q2
27357	drop_q2
27366	drop_q2
27375	drop_q2
27384	drop_q2
27393	drop_q2
27402	drop_q2
27411	drop_q2
27420	drop_q2
27429	drop_q2
27438	drop_q2
27447	drop_q2
27456	drop_q2
27465	drop_q2
27474	drop_q2
27483	drop_q2
27492	drop_q2
27501	drop_q2
27510	drop_q2
27519	drop_q2
27528	drop_q2
27537	drop_q2
27546	drop_q2
27555	drop_q2
27564	drop_q2
27573	drop_q2
27582	drop_q2
27591	drop_q2
27600	drop_q2
27609	drop_q2
27618	delete
27623	delete
27628	delete
27633	delete
27638	delete
27643	delete
27648	delete
27653	delete
27658	delete
27663	delete
27668	delete
27673	delete
27678	delete
27683	delete
27688	delete
27693	delete
27698	delete
27703	delete
27708	delete
27713	delete
27718	delete
27723	delete
27728	delete
27733	delete
27738	delete
27743	delete
27748	delete
27753	delete
27758	delete
27763	delete
27768	delete
27773	delete
27778	delete
27783	delete
27788	delete
27793	delete
27798	delete
27803	delete
27808	delete
27813	delete
27818	delete
27823	delete
27828	delete
27833	delete
27838	delete
27843	delete
27848	delete
27853	delete
27858	delete
27863	delete
27868	delete
27873	delete
27878	delete
27883	delete
27888	delete
27893	delete
27898	delete
27903	delete
27908	delete
27913	delete
27918	delete
27923	delete
27928	delete
27933	delete
27938	delete
27943	delete
27949	delete
28559	drop_q2
28659	delete
28669	delete
28674	delete
28679	delete
28684	delete
28689	delete
28694	delete
28699	delete
28704	delete
28709	delete
28714	delete
28719	delete
28724	delete
28729	delete
28734	delete
28739	delete
28744	delete
28749	delete
28754	delete
28759	delete
28764	delete
28769	delete
28774	delete
28779	delete
28784	delete
28789	delete
28794	delete
28799	delete
28804	delete
28809	delete
28814	delete
28819	delete
28824	delete
28829	delete
28834	delete
28839	delete
28844	delete
28849	delete
28854	delete
28859	delete
28864	delete
28869	delete
28874	delete
28879	delete
28884	delete
28889	delete
28895	delete
30539	delete
37311	delete
37316	delete
37319	delete
37438	delete
37441	delete
45648	delete
45651	delete
45745	drop_q1
53037	delete
53042	delete
53045	delete
53167	drop_q2
61413	delete
61416	delete
61497	drop_q2
61500	delete
61513	drop_q1
68819	delete
68824	delete
68827	delete
68946	delete
68949	drop_q2
69014	drop_q2
77240	drop_q2
77243	delete
84821	delete
84826	delete
84829	delete
84945	drop_q2
84948	delete
84951	delete
93253	drop_q2
93256	delete
93259	delete
93340	drop_q2
100701	delete
100706	delete
100709	delete
100831	delete
109181	drop_q2
109262	delete
111158	delete
115326	delete
116623	delete
116628	delete
116631	delete
116753	delete
125136	delete
125139	drop_q2
125142	delete
125145	delete
125223	delete
125239	drop_q1
127291	delete
131450	delete
132765	delete
132770	delete
132773	delete
132895	drop_q2
141298	drop_q2
141301	delete
141382	delete
143288	delete
143293	delete
147413	delete
147416	delete
147425	delete
148785	delete
148790	delete
148793	delete
148915	delete
159345	delete
159350	delete
159355	delete
163417	delete
163421	delete
164847	delete
164852	delete
164855	delete
164977	delete
173464	drop_q2
173467	delete
173548	delete
175623	delete
175628	delete
175633	delete
176691	drop_q2
179695	delete
179699	delete
179702	delete
179711	delete
179720	delete
181143	delete
181148	delete
181151	delete
189771	drop_q2
189774	delete
189777	delete
189855	drop_q2
189858	delete
191762	delete
191767	delete
191772	delete
191777	delete
192832	drop_q2
195809	delete
195813	delete
195817	delete
195820	delete
195829	delete
195838	delete
195847	delete
197269	delete
197274	delete
197277	delete
197396	drop_q2
197399	delete
205911	drop_q2
205914	delete
205917	delete
206011	drop_q1
207898	delete
207903	delete
207908	delete
207913	delete
208965	drop_q2
211919	delete
211923	delete
211927	delete
211930	delete
211939	delete
211948	delete
211957	delete
213387	delete
213392	delete
213395	delete
213514	drop_q2
213517	delete
220423	drop_q2
220426	delete
222567	delete
222572	delete
222577	delete
222582	delete
226598	delete
226602	delete
226606	delete
228038	delete
228043	delete
228046	delete
228168	drop_q2
235071	drop_q2
235074	delete
235077	delete
237055	delete
237060	delete
237065	delete
238111	drop_q2
241059	delete
241063	delete
241066	delete
241075	delete
241084	delete
242503	delete
242508	delete
242511	delete
249533	drop_q2
249536	delete
249539	delete
249542	delete
251521	delete
251526	delete
255498	delete
256946	delete
256951	delete
256954	delete
263982	drop_q2
263985	delete
264063	drop_q2
264066	delete
266119	delete
266124	delete
266129	delete
266134	delete
270117	delete
270121	delete
270125	delete
270128	delete
270137	delete
270146	delete
270155	delete
271545	delete
271550	delete
271553	delete
278581	drop_q2
278584	delete
278678	drop_q1
280550	delete
280555	delete
280560	delete
280565	delete
281611	drop_q2
284522	delete
284526	delete
284530	delete
285958	delete
285963	delete
285966	delete
286085	delete
292991	drop_q2
292994	delete
292997	delete
294959	delete
294964	delete
294969	delete
296003	delete
298895	delete
298899	delete
298902	delete
298911	delete
298920	delete
300335	delete
300340	delete
300343	delete
307371	drop_q2
307374	delete
309501	delete
309506	delete
309511	delete
310551	drop_q2
313456	delete
313460	delete
313463	delete
313472	delete
313481	delete
313490	delete
314868	delete
314873	delete
314876	delete
314995	drop_q2
314998	delete
321901	delete
321904	drop_q2
321907	delete
323866	delete
323871	delete
323876	delete
324913	drop_q2
327795	delete
327799	delete
329215	delete
329220	delete
329223	delete
329342	delete
329345	delete
336251	delete
336254	drop_q2
336332	delete
336348	drop_q1
338209	delete
338214	delete
338219	delete
342112	delete
342116	delete
342119	delete
342128	delete
342137	delete
343540	delete
343545	delete
343548	delete
343670	drop_q2
350573	delete
350576	delete
350579	delete
350660	delete
350673	drop_q1
352689	delete
352694	delete
352699	delete
353721	drop_q2
356593	delete
356597	delete
357993	delete
357998	delete
358001	delete
358123	delete
365113	drop_q2
366984	delete
366989	delete
366994	delete
368031	drop_q2
370880	delete
370884	delete
370887	delete
370896	delete
370905	delete
372288	delete
372293	delete
372296	delete
379321	delete
379324	delete
381270	delete
381280	delete
381285	delete
382319	drop_q2
385141	delete
385149	delete
385152	delete
385161	delete
386561	delete
386566	delete
386569	delete
386691	delete
393597	drop_q2
393600	delete
395708	delete
395713	delete
396735	drop_q2
399578	delete
400962	delete
400967	delete
400970	delete
401089	delete
408001	delete
409946	delete
413788	delete
415177	delete
415182	delete
415185	delete
415304	drop_q2
415307	delete
422210	delete
422216	drop_q2
422297	drop_q2
424152	delete
424157	delete
424162	delete
425187	delete
427980	delete
427984	delete
427987	delete
427996	delete
428005	delete
429384	delete
429389	delete
429392	delete
436420	delete
438524	delete
442350	delete
443719	delete
443724	delete
443727	delete
443849	delete
450752	drop_q2
450755	delete
450758	delete
450839	delete
450852	drop_q1
452686	delete
452691	delete
456488	delete
456491	delete
456500	delete
457868	delete
457873	delete
457876	delete
457995	delete
457998	delete
464901	drop_q2
464904	delete
464907	delete
466836	delete
466841	delete
466846	delete
470631	delete
470635	delete
470638	delete
470647	delete
470656	delete
472023	delete
472028	delete
472031	delete
479059	drop_q2
479062	delete
479143	drop_q2
481141	delete
481146	delete
481151	delete
484928	delete
484932	delete
486292	delete
486297	delete
486300	delete
486419	drop_q2
486422	delete
493328	delete
493412	delete
495257	delete
499024	delete
500389	delete
500394	delete
500397	delete
500513	delete
500516	delete
507425	delete
507428	drop_q2
509340	delete
509345	delete
509350	delete
513084	delete
513088	delete
513091	delete
513100	delete
513109	delete
514464	delete
514469	delete
514472	delete
514594	drop_q2
521500	delete
521503	drop_q2
523580	delete
523585	delete
527333	delete
528681	delete
528686	delete
528689	delete
528811	delete
535717	delete
535720	delete
535801	drop_q2
537629	delete
537634	delete
541356	delete
542712	delete
542717	delete
542720	delete
542839	drop_q2
542842	delete
549751	drop_q2
549832	delete
551661	delete
551666	delete
555371	delete
555374	delete
555383	delete
556735	delete
556740	delete
556743	delete
556865	drop_q2
563768	drop_q2
563771	delete
563774	delete
563855	drop_q2
563868	drop_q1
565839	delete
565844	delete
569550	delete
570886	delete
570891	delete
570894	delete
577919	delete
577925	delete
578003	delete
578019	drop_q1
579827	delete
579832	delete
583521	delete
583524	delete
583533	delete
584865	delete
584870	delete
584873	delete
584989	drop_q2
584992	delete
584995	delete
591898	delete
591904	drop_q2
593802	delete
593807	delete
597470	delete
598822	delete
598827	delete
598830	delete
598949	drop_q2
598952	delete
605855	drop_q2
605858	delete
605861	delete
605939	drop_q2
605942	delete
607919	delete
607924	delete
611597	delete
611600	delete
611609	delete
612921	delete
612926	delete
612929	delete
619954	delete
619960	drop_q2
621840	delete
621845	delete
621850	delete
625484	delete
625488	delete
625491	delete
625500	delete
625509	delete
626820	delete
626825	delete
626828	delete
626944	delete
633856	delete
633953	drop_q1
635745	delete
635750	delete
639371	delete
640711	delete
640716	delete
640719	delete
640841	drop_q2
647747	delete
647750	drop_q2
647831	drop_q2
647844	drop_q1
649796	delete
649801	delete
653432	delete
653435	delete
653444	delete
654744	delete
654749	delete
654752	delete
654868	delete
654871	drop_q2
654874	delete
661777	drop_q2
661780	delete
661783	delete
661861	drop_q2
661864	delete
663661	delete
663666	delete
667271	delete
668591	delete
668596	delete
668599	delete
675624	drop_q2
675627	delete
675630	delete
677504	delete
677509	delete
678489	drop_q2
681088	delete
682416	delete
682421	delete
682424	delete
682543	delete
682546	drop_q2
682611	delete
689762	drop_q2
689765	delete
689768	delete
691807	delete
691812	delete
695410	delete
695413	delete
695422	delete
696710	delete
696715	delete
696718	delete
696837	delete
703740	delete
703743	delete
703746	delete
703830	delete
705615	delete
705620	delete
709183	delete
710491	delete
710496	delete
710499	delete
717837	drop_q2
717840	delete
717843	delete
717924	drop_q2
719715	delete
723264	delete
724577	delete
724582	delete
724585	delete
724707	drop_q2
731926	delete
731929	drop_q2
733951	delete
733956	delete
737503	delete
738791	delete
738796	delete
738799	delete
746137	drop_q2
746140	delete
746143	delete
746224	drop_q2
748002	delete
748007	delete
751537	delete
751540	delete
751549	delete
752833	delete
752838	delete
752841	delete
752960	drop_q2
752963	delete
760182	drop_q2
760185	delete
760266	delete
762045	delete
763016	drop_q2
765552	delete
766853	delete
766858	delete
766861	delete
766983	drop_q2
774202	drop_q2
774205	delete
774299	drop_q1
776220	delete
776225	delete
777193	drop_q2
779739	delete
781015	delete
781020	delete
781023	delete
781145	delete
788364	delete
788367	drop_q2
790214	delete
790219	delete
793707	delete
793710	delete
793719	delete
794991	delete
794996	delete
794999	delete
795121	drop_q2
802343	drop_q2
802424	drop_q2
804191	delete
807656	delete
808945	delete
808950	delete
808953	delete
809075	drop_q2
818300	delete
818305	delete
821777	delete
821780	delete
821789	delete
823041	delete
823046	delete
823049	delete
823171	drop_q2
830387	drop_q2
830390	delete
830393	delete
830474	delete
832238	delete
835696	delete
836965	delete
836970	delete
836973	delete
837095	delete
844311	delete
844314	drop_q2
844317	delete
844398	drop_q2
846158	delete
849590	delete
849599	delete
850867	delete
850872	delete
850875	delete
858219	drop_q2
858313	drop_q1
860220	delete
861179	drop_q2
863662	delete
864911	delete
864916	delete
864919	delete
865041	drop_q2
872260	drop_q2
872263	delete
872344	delete
874096	delete
878769	delete
878774	delete
878777	delete
886118	delete
886121	delete
887945	delete
887950	delete
891337	delete
891340	delete
891349	delete
892605	delete
892610	delete
892613	delete
892729	drop_q2
892732	delete
892735	delete
899951	delete
899957	drop_q2
901946	delete
905346	delete
905355	delete
906583	delete
906588	delete
906591	delete
906713	delete
906778	drop_q2
913929	drop_q2
913932	delete
913935	delete
914016	drop_q2
915756	delete
919130	delete
920375	delete
920380	delete
920383	delete
920502	drop_q2
920505	delete
927718	drop_q2
927721	delete
927724	delete
927727	delete
927808	drop_q2
927821	drop_q1
929539	delete
929544	delete
930488	drop_q2
932889	delete
932892	delete
932901	delete
934145	delete
934150	delete
934153	delete
941494	delete
941497	drop_q2
941591	drop_q1
943469	delete
943474	delete
944415	drop_q2
946829	delete
948057	delete
948062	delete
948065	delete
948184	delete
955400	delete
955409	drop_q2
955490	drop_q2
957218	delete
960550	delete
961783	delete
961788	delete
961791	delete
961913	drop_q2
969129	delete
969132	delete
969135	drop_q2
969213	drop_q2
969216	delete
970940	delete
975487	delete
975492	delete
975495	delete
975617	drop_q2
982833	drop_q2
982836	delete
982839	delete
982933	drop_q1
984799	delete
984804	delete
988117	delete
988120	delete
988129	delete
989333	delete
989338	delete
989341	delete
989460	delete
996682	delete
996685	drop_q2
996766	delete
998487	delete
1001786	delete
1003007	delete
1003012	delete
1003015	delete
1010353	drop_q2
1010356	delete
1010359	delete
1010453	drop_q1
1012157	delete
1015430	delete
1016659	delete
1016664	delete
1016667	delete
1016789	drop_q2
1024011	drop_q2
1024092	drop_q2
1025969	delete
1030453	delete
1030458	delete
1030461	delete
1030580	drop_q2
1030583	delete
1037796	drop_q2
1037799	delete
1037802	delete
1037805	delete
1037886	drop_q2
1039590	delete
1039595	delete
1042849	delete
1042852	delete
1042861	delete
1044061	delete
1044066	delete
1044069	delete
1044188	drop_q2
1044191	delete
1051407	drop_q2
1051410	delete
1051413	delete
1051494	drop_q2
1053199	delete
1056430	delete
1057647	delete
1057652	delete
1057655	delete
1057777	delete
1064993	delete
1064996	drop_q2
1064999	delete
1066945	delete
1067868	drop_q2
1070186	delete
1071375	delete
1071380	delete
1071383	delete
1071505	delete
1078727	delete
1080505	delete
1080510	delete
1083731	delete
1083734	delete
1083743	delete
1084931	delete
1084936	delete
1084939	delete
1085061	drop_q2
1085126	drop_q2
1092274	delete
1092283	delete
1094062	delete
1094988	drop_q2
1097260	delete
1098465	delete
1098470	delete
1098473	delete
1098592	drop_q2
1098595	delete
1105817	drop_q2
1105880	drop_q2
1105895	delete
1105898	delete
1105911	drop_q1
1107761	delete
1110978	delete
1112155	delete
1112160	delete
1112163	delete
1119504	delete
1121278	delete
1124460	delete
1125645	delete
1125650	delete
1125653	delete
1125772	drop_q2
1125775	delete
1132994	delete
1132997	drop_q2
1133078	drop_q2
1134759	delete
1139099	delete
1139104	delete
1139107	delete
1146448	drop_q2
1146451	delete
1146532	delete
1148378	delete
1151544	delete
1152709	delete
1152714	delete
1152717	delete
1152836	delete
1160061	delete
1161820	delete
1164960	delete
1166133	delete
1166138	delete
1166141	delete
1166260	drop_q2
1166263	delete
1173476	delete
1173482	drop_q2
1173485	delete
1173566	delete
1173579	drop_q1
1175245	delete
1178368	delete
1179549	delete
1179554	delete
1179557	delete
1179679	delete
1186898	delete
1188821	delete
1189735	drop_q2
1191954	delete
1193107	delete
1193112	delete
1193115	delete
1193231	delete
1200456	delete
1200459	delete
1202211	delete
1202216	delete
1205329	delete
1205332	delete
1205341	delete
1206493	delete
1206498	delete
1206501	delete
1206623	drop_q2
1213845	drop_q2
1215588	delete
1216487	drop_q2
1218660	delete
1219829	delete
1219834	delete
1219837	delete
1227175	drop_q2
1227178	delete
1227181	delete
1227262	delete
1227275	drop_q1
1229079	delete
1229084	delete
1232163	delete
1232166	delete
1232175	delete
1233307	delete
1233312	delete
1233315	delete
1233437	drop_q2
1233502	drop_q2
1240650	drop_q2
1240653	delete
1240656	delete
1240659	delete
1240740	delete
1242394	delete
1242399	delete
1245461	delete
1245464	delete
1245473	delete
1246613	delete
1246618	delete
1246621	delete
1246743	drop_q2
1253962	drop_q2
1253965	delete
1255701	delete
1258740	delete
1259897	delete
1259902	delete
1259905	delete
1260024	delete
1267243	delete
1267246	drop_q2
1267249	delete
1267330	delete
1269140	delete
1269145	delete
1272191	delete
1273323	delete
1273328	delete
1273331	delete
1280669	drop_q2
1280672	delete
1280675	delete
1280756	delete
1282403	delete
1286563	delete
1286568	delete
1286571	delete
1293915	drop_q2
1293993	drop_q2
1293996	delete
1294009	drop_q1
1295634	delete
1295639	delete
1298633	delete
1298636	delete
1298645	delete
1299781	delete
1299786	delete
1299789	delete
1299908	delete
1307127	drop_q2
1307130	delete
1307133	delete
1307214	delete
1307227	drop_q1
1309017	delete
1312024	delete
1313141	delete
1313146	delete
1313149	delete
1320490	drop_q2
1320493	delete
1320574	drop_q2
1322214	delete
1326329	delete
1326334	delete
1326337	delete
1326456	drop_q2
1326459	delete
1333672	drop_q2
1333675	delete
1333678	delete
1333681	delete
1335393	delete
1339481	delete
1339486	delete
1339489	delete
1339611	delete
1346827	drop_q2
1346830	delete
1346833	delete
1346914	drop_q2
1348712	delete
1348717	delete
1349616	drop_q2
1351669	delete
1351672	delete
1351681	delete
1352823	delete
1352828	delete
1352831	delete
1360169	delete
1360172	delete
1360175	drop_q2
1361883	delete
1361888	delete
1362775	delete
1364805	delete
1364808	delete
1364817	delete
1365967	delete
1365972	delete
1365975	delete
1366097	delete
1373313	delete
1373316	delete
1373319	drop_q2
1375021	delete
1377934	delete
1379055	delete
1379060	delete
1379063	delete
1379182	drop_q2
1379185	delete
1386404	delete
1386407	delete
1386488	drop_q2
1388267	delete
1392283	delete
1392288	delete
1392291	delete
1392410	drop_q2
1392413	delete
1399632	drop_q2
1399635	delete
1401337	delete
1404252	delete
1405353	delete
1405358	delete
1405361	delete
1412705	delete
1412786	delete
1418387	delete
1418392	delete
1418395	delete
1418517	delete
1418582	drop_q2
1425733	delete
1425736	delete
1425739	delete
1425820	delete
1425833	drop_q1
1431563	delete
1431568	delete
1431571	delete
1438912	delete
1438915	delete
1439009	drop_q1
1444519	delete
1444524	delete
1444527	delete
1451865	drop_q2
1451868	delete
1451871	delete
1457465	delete
1457470	delete
1457473	delete
1457592	delete
1464811	drop_q2
1464814	delete
1464817	delete
1464895	drop_q2
1464898	delete
1464911	drop_q1
1470553	delete
1470558	delete
1470561	delete
1470683	delete
1477899	drop_q2
1477902	delete
1477905	delete
1479569	delete
1483441	delete
1483446	delete
1483449	delete
1483568	delete
1490790	drop_q2
1490793	delete
1496321	delete
1496326	delete
1496329	delete
1496451	delete
1503661	delete
1503664	drop_q2
1503667	delete
1503670	delete
1503673	delete
1509343	delete
1509348	delete
1509351	delete
1509470	drop_q2
1509473	delete
1516695	delete
1522179	delete
1522184	delete
1522187	delete
1522374	drop_q2
1529528	delete
1529531	delete
1529612	delete
1534993	delete
1534998	delete
1535001	delete
1535123	drop_q2
1542342	delete
1542345	drop_q2
1544158	delete
1546950	delete
1547949	delete
1547954	delete
1547957	delete
1548079	delete
1555298	delete
1555382	delete
1555395	drop_q1
1560733	delete
1560738	delete
1560741	delete
1568076	drop_q2
1568079	delete
1568082	delete
1568085	delete
1568179	drop_q1
1569726	delete
1573481	delete
1573486	delete
1573489	delete
1573611	drop_q2
1580827	drop_q2
1580830	delete
1580833	delete
1580914	delete
1586385	delete
1586390	delete
1586393	delete
1593728	drop_q2
1593731	delete
1593734	delete
1593737	delete
1593818	drop_q2
1595375	delete
1598108	delete
1599103	delete
1599108	delete
1599111	delete
1606449	delete
1606452	delete
1606455	delete
1611799	delete
1611804	delete
1611807	delete
1619461	delete
1621258	delete
1624950	delete
1624955	delete
1624958	delete
1625080	drop_q2
1632293	delete
1632296	delete
1632299	drop_q2
1632302	delete
1637602	delete
1637607	delete
1637610	delete
1645261	delete
1645264	delete
1645348	drop_q2
1646889	delete
1649554	delete
1650545	delete
1650550	delete
1650553	delete
1658207	drop_q2
1658210	delete
1658273	drop_q2
1658288	delete
1658291	delete
1658304	drop_q1
1663630	delete
1663635	delete
1663638	delete
1672914	delete
1675572	delete
1676543	delete
1676548	delete
1676551	delete
1676667	drop_q2
1676670	delete
1676673	delete
1684199	delete
1684205	delete
1684208	drop_q2
1689420	delete
1689425	delete
1689428	delete
1689547	drop_q2
1689550	delete
1689615	drop_q2
1697079	delete
1697082	delete
1697085	delete
1698860	delete
1701502	delete
1702453	delete
1702458	delete
1702461	delete
1702580	delete
1702583	delete
1710115	drop_q2
1710118	delete
1711725	delete
1714341	delete
1715300	delete
1715305	delete
1715308	delete
1722962	drop_q2
1722965	delete
1723046	drop_q2
1724563	delete
1727144	delete
1728111	delete
1728116	delete
1728119	delete
1728241	drop_q2
1735776	drop_q2
1737534	delete
1740125	delete
1741064	delete
1741069	delete
1741072	delete
1741194	drop_q2
1748723	drop_q2
1748726	delete
1748729	delete
1748823	drop_q1
1750324	delete
1753845	delete
1753850	delete
1753853	delete
1753972	drop_q2
1753975	delete
1761504	delete
1761588	drop_q2
1761591	delete
1761604	drop_q1
1766590	delete
1766595	delete
1766598	delete
1766717	drop_q2
1766720	delete
1779477	delete
1779482	delete
1779485	delete
1779607	delete
1787136	drop_q2
1787139	delete
1787142	delete
1788720	delete
1791243	delete
1792178	delete
1792183	delete
1792186	delete
1792308	drop_q2
1799837	delete
1799921	delete
1799937	drop_q1
1801417	delete
1804857	delete
1804862	delete
1804865	delete
1812516	drop_q2
1812519	delete
1812522	delete
1812603	drop_q2
1814261	delete
1816777	delete
1817692	delete
1817697	delete
1817700	delete
1817822	drop_q2
1825348	drop_q2
1825351	delete
1825354	delete
1825357	delete
1825438	drop_q2
1825451	drop_q1
1830341	delete
1830346	delete
1830349	delete
1830468	delete
1830471	drop_q2
1838003	drop_q2
1838006	delete
1839573	delete
1842037	delete
1842968	delete
1842973	delete
1842976	delete
1843098	delete
1850627	drop_q2
1850630	delete
1850633	delete
1850714	drop_q2
1852360	delete
1855737	delete
1855742	delete
1855745	delete
1863393	delete
1863396	drop_q2
1863399	delete
1863402	delete
1863496	drop_q1
1864956	delete
1868306	delete
1868311	delete
1868314	delete
1875968	drop_q2
1875971	delete
1880881	delete
1880886	delete
1880889	delete
1881008	delete
1881011	drop_q2
1881076	drop_q2
1888546	delete
1888624	delete
1888640	drop_q1
1890266	delete
1892707	delete
1893598	delete
1893603	delete
1893606	delete
1901263	drop_q2
1902810	delete
1905216	delete
1906115	delete
1906120	delete
1906123	delete
1913774	drop_q2
1913777	delete
1913780	delete
1913861	delete
1915323	delete
1918610	delete
1918615	delete
1918618	delete
1918740	drop_q2
1926275	drop_q2
1931227	delete
1931232	delete
1931235	delete
1931357	drop_q2
1938886	drop_q2
1938889	delete
1938892	delete
1938973	delete
1940425	delete
1942789	delete
1943676	delete
1943681	delete
1943684	delete
1943803	drop_q2
1943806	delete
1951335	delete
1951338	drop_q2
1951341	delete
1956119	delete
1956124	delete
1956127	delete
1956246	delete
1956249	drop_q2
1963781	delete
1963784	delete
1963878	drop_q1
1965475	delete
1968690	delete
1968695	delete
1968698	delete
1976349	drop_q2
1976352	delete
1976355	delete
1977883	delete
1980214	delete
1981089	delete
1981094	delete
1981097	delete
1981216	delete
1988751	delete
1988754	drop_q2
1988835	drop_q2
1991039	drop_q2
1993466	delete
1993471	delete
1993474	delete
1993596	delete
2001125	drop_q2
2001128	delete
2001131	delete
2001209	drop_q2
2001212	delete
2002815	delete
2005985	delete
2005990	delete
2005993	delete
2006115	drop_q2
2013644	drop_q2
2013647	delete
2013650	delete
2015166	delete
2018318	delete
2018323	delete
2018326	delete
2018445	drop_q2
2018448	delete
2025977	delete
2025980	drop_q2
2025983	delete
2026061	delete
2026077	drop_q1
2028247	drop_q2
2030629	delete
2030634	delete
2030637	delete
2030759	drop_q2
2038596	drop_q2
2038599	delete
2040270	delete
2043395	delete
2043400	delete
2043403	delete
2043519	delete
2051051	drop_q2
2051054	delete
2051057	delete
2051060	delete
2051141	delete
2052564	delete
2053310	drop_q2
2055662	delete
2055667	delete
2055670	delete
2063629	delete
2068186	delete
2068191	delete
2068194	delete
2068313	delete
2068316	delete
2075848	delete
2075851	drop_q2
2075932	drop_q2
2080551	delete
2080556	delete
2080559	delete
2088207	drop_q2
2088210	delete
2088213	delete
2088216	delete
2088310	drop_q1
2092716	delete
2092721	delete
2092724	delete
2092846	drop_q2
2100378	delete
2100381	delete
2104873	delete
2104878	delete
2104881	delete
2105000	delete
2112840	delete
2112843	delete
2112927	drop_q2
2112930	delete
2114481	delete
2116698	delete
2117471	delete
2117476	delete
2117479	delete
2117601	delete
2125136	drop_q2
2125214	drop_q2
2125217	delete
2126612	delete
2129584	delete
2129589	delete
2129592	delete
2129711	delete
2129714	drop_q2
2137545	delete
2137551	drop_q2
2137554	delete
2139027	delete
2141173	delete
2142008	delete
2142013	delete
2142016	delete
2142132	drop_q2
2142135	delete
2142138	delete
2149966	drop_q2
2149969	delete
2154575	delete
2154580	delete
2154583	delete
2162539	drop_q2
2162542	delete
2162545	delete
2166969	delete
2166974	delete
2166977	delete
2167093	delete
2174927	drop_q2
2174930	delete
2179342	delete
2179347	delete
2179350	delete
2179472	drop_q2
2187301	delete
2187304	delete
2188944	delete
2191826	delete
2191831	delete
2191834	delete
2191953	drop_q2
2191956	delete
2199789	drop_q2
2199792	delete
2199879	drop_q2
2201274	delete
2204156	delete
2204161	delete
2204164	delete
2204286	drop_q2
2212115	delete
2212118	delete
2216446	delete
2216451	delete
2216454	delete
2216573	delete
2216576	delete
2224404	drop_q2
2224407	delete
2224494	drop_q2
2228877	delete
2228882	delete
2228885	delete
2229007	drop_q2
2236830	delete
2236833	drop_q2
2236836	delete
2236839	delete
2238304	delete
2240375	drop_q2
2240378	delete
2241123	delete
2241128	delete
2241131	delete
2249081	delete
2249084	delete
2249171	delete
2249193	drop_q1
2250545	delete
2253346	delete
2253351	delete
2253354	delete
2261297	drop_q2
2261300	delete
2261303	delete
2265422	delete
2265427	delete
2265430	delete
2265552	drop_q2
2273374	drop_q2
2273377	delete
2273380	delete
2273383	delete
2274841	delete
2276987	drop_q1
2277615	delete
2277620	delete
2277623	delete
2285566	delete
2285569	drop_q2
2285572	delete
2285678	drop_q1
2285681	drop_q1
2289768	delete
2289773	delete
2289776	delete
2289898	drop_q2
2297715	drop_q2
2297718	delete
2297721	delete
2299330	delete
2301774	delete
2301779	delete
2301782	delete
2309731	drop_q2
2309818	delete
2311177	delete
2313612	delete
2313617	delete
2313620	delete
2321562	delete
2321565	delete
2321671	drop_q1
2323007	delete
2325085	drop_q1
2325709	delete
2325714	delete
2325717	delete
2325839	drop_q2
2333656	delete
2333659	drop_q2
2333662	delete
2337663	delete
2337668	delete
2337671	delete
2337793	drop_q2
2345610	drop_q2
2345613	delete
2345616	delete
2345703	delete
2347055	delete
2349445	delete
2349450	delete
2349453	delete
2349575	delete
2357392	drop_q2
2357395	delete
2357398	delete
2357482	delete
2357485	delete
2357507	drop_q1
2361191	delete
2361196	delete
2361199	delete
2361321	drop_q2
2369137	drop_q2
2369140	delete
2369227	delete
2369252	drop_q1
2372271	delete
2373081	delete
2373086	delete
2373089	delete
2381028	drop_q2
2381031	delete
2381034	delete
2382460	delete
2383982	delete
2384791	delete
2384796	delete
2384799	delete
2384918	delete
2392734	drop_q2
2392737	delete
2392740	delete
2392830	drop_q2
2394163	delete
2395659	delete
2396467	delete
2396472	delete
2396475	delete
2396597	drop_q2
2404725	delete
2404809	drop_q2
2404812	delete
2404827	delete
2408600	delete
2408605	delete
2408608	delete
2408730	drop_q2
2416543	drop_q2
2416546	delete
2416549	delete
2417968	delete
2420240	delete
2420245	delete
2420248	delete
2420364	delete
2428492	delete
2428495	drop_q2
2428498	delete
2429912	delete
2432161	delete
2432166	delete
2432169	delete
2432288	drop_q2
2432291	delete
2440410	drop_q2
2440413	delete
2440416	delete
2440530	drop_q2
2442011	delete
2443479	delete
2444247	delete
2444252	delete
2444255	delete
2444377	delete
2452505	drop_q2
2453911	delete
2455357	delete
2456124	delete
2456129	delete
2456132	delete
2464376	drop_q2
2464379	delete
2464493	drop_q2
2467990	delete
2467995	delete
2467998	delete
2468120	delete
2476241	drop_q2
2476352	drop_q2
2476355	delete
2477823	delete
2480000	delete
2480005	delete
2480008	delete
2488252	delete
2488388	drop_q1
2489668	delete
2491076	delete
2491822	delete
2491827	delete
2491830	delete
2491952	drop_q2
2500073	drop_q2
2501485	delete
2502875	delete
2503620	delete
2503625	delete
2503628	delete
2503750	drop_q2
2511864	delete
2511981	delete
2512000	drop_q1
2513470	delete
2514870	delete
2515596	delete
2515601	delete
2515604	delete
2515726	delete
2523844	drop_q2
2523847	delete
2526625	delete
2527350	delete
2527355	delete
2527358	delete
2527480	delete
2535588	delete
2535597	delete
2535733	drop_q1
2537022	delete
2539098	delete
2539103	delete
2539106	delete
2539222	drop_q2
2539225	delete
2539228	delete
2547332	drop_q2
2547335	delete
2547338	delete
2547341	delete
2547467	drop_q2
2548943	delete
2551006	delete
2551011	delete
2551014	delete
2551133	drop_q2
2551136	delete
2559253	drop_q2
2559389	drop_q1
2562710	delete
2562715	delete
2562718	delete
2570947	drop_q2
2570950	delete
2570953	delete
2571076	delete
2571079	delete
2571092	drop_q1
2572381	delete
2573695	delete
2574398	delete
2574403	delete
2574406	delete
2574528	drop_q2
2582944	drop_q2
2582947	delete
2582950	delete
2584553	delete
2586557	delete
2586562	delete
2586565	delete
2594794	delete
2594797	drop_q2
2594800	delete
2598209	delete
2598214	delete
2598217	delete
2598339	drop_q2
2608190	delete
2610147	delete
2610151	delete
2610154	delete
2610427	drop_q2
2610430	delete
2610433	delete
2610618	delete
2610947	drop_q2
2610952	delete
2611383	delete
2611388	delete
2611393	delete
2619482	drop_q2
2619485	delete
2619629	delete
2621075	delete
2622357	delete
2623020	delete
2623025	delete
2623028	delete
2623147	drop_q2
2623150	delete
2631572	drop_q2
2631698	delete
2632993	delete
2634142	delete
2634949	delete
2634953	delete
2634956	delete
2635232	delete
2635754	delete
2636185	delete
2636190	delete
2636195	delete
2644281	drop_q2
2644284	delete
2644287	delete
2644431	drop_q2
2644450	drop_q1
2645711	delete
2646301	drop_q2
2646957	delete
2647617	delete
2647621	delete
2647624	delete
2647903	drop_q2
2648412	delete
2648853	delete
2648858	delete
2648863	delete
2656949	delete
2656952	delete
2656955	delete
2658556	delete
2660480	delete
2660484	delete
2660487	delete
2660766	drop_q2
2661716	delete
2661721	delete
2661726	delete
2669818	delete
2669941	drop_q2
2669962	delete
2673147	delete
2673151	delete
2673154	delete
2673618	drop_q2
2674383	delete
2674388	delete
2674393	delete
2682479	delete
2682485	delete
2682648	drop_q1
2683919	delete
2683924	delete
2685051	delete
2685054	delete
2685063	delete
2685822	delete
2685826	delete
2685829	delete
2686627	delete
2687058	delete
2687063	delete
2687068	delete
2695467	delete
2695479	drop_q2
2695636	delete
2695778	drop_q1
2697071	delete
2697646	delete
2698952	delete
2698956	delete
2698959	delete
2699238	drop_q2
2700188	delete
2700193	delete
2700198	delete
2708597	delete
2708600	delete
2708603	delete
2708921	drop_q1
2710048	delete
2711119	delete
2711888	delete
2711892	delete
2711895	delete
2712171	delete
2712359	drop_q2
2712688	drop_q2
2712693	delete
2713124	delete
2713129	delete
2713134	delete
2721223	drop_q2
2721226	delete
2721379	delete
2724461	delete
2724465	delete
2724468	delete
2724744	delete
2725261	drop_q2
2725266	delete
2725697	delete
2725702	delete
2725707	delete
2734106	drop_q2
2734109	delete
2734112	delete
2734433	drop_q1
2735717	delete
2736754	delete
2737493	delete
2737497	delete
2737500	delete
2737779	drop_q2
2738729	delete
2738734	delete
2738739	delete
2748249	delete
2749273	delete
2750002	delete
2750006	delete
2750009	delete
2750288	drop_q2
2750807	drop_q2
2751238	delete
2751243	delete
2751248	delete
2759653	drop_q2
2759974	drop_q1
2761084	delete
2762095	delete
2762814	delete
2762818	delete
2762821	delete
2763100	delete
2763285	delete
2763619	drop_q2
2764050	delete
2764055	delete
2764060	delete
2772459	delete
2772474	drop_q2
2772628	drop_q2
2772631	delete
2772770	drop_q1
2772773	drop_q1
2774044	delete
2774049	delete
2774604	drop_q2
2775065	delete
2775068	delete
2775077	delete
2775792	delete
2775796	delete
2775799	delete
2776078	drop_q2
2776597	delete
2777028	delete
2777033	delete
2777038	delete
2785735	delete
2785747	delete
2785750	delete
2785907	delete
2786088	drop_q1
2786091	drop_q1
2788856	delete
2788860	delete
2788863	delete
2789327	delete
2789656	delete
2789661	delete
2790092	delete
2790097	delete
2790102	delete
2798504	drop_q2
2798516	delete
2798812	drop_q1
2798815	drop_q1
2801556	delete
2801560	delete
2801563	delete
2802792	delete
2802797	delete
2802802	delete
2811505	drop_q2
2811508	delete
2811511	delete
2811858	drop_q1
2811861	drop_q1
2811864	drop_q1
2814696	delete
2814700	delete
2814703	delete
2815167	drop_q2
2815932	delete
2815937	delete
2815942	delete
2824344	delete
2824356	drop_q2
2824655	drop_q1
2825737	delete
2827308	delete
2827312	delete
2827315	delete
2827594	delete
2828108	drop_q2
2828113	delete
2828544	delete
2828549	delete
2828554	delete
2837257	drop_q2
2837260	delete
2837263	delete
2837610	drop_q1
2837613	drop_q1
2837616	drop_q1
2840212	delete
2840216	delete
2840219	delete
2840495	drop_q2
2840498	delete
2841017	drop_q2
2841448	delete
2841453	delete
2841458	delete
2850178	delete
2850184	drop_q2
2850528	drop_q1
2850531	drop_q1
2850534	drop_q1
2850537	drop_q1
2851749	delete
2853248	delete
2853252	delete
2853255	delete
2853719	drop_q2
2854484	delete
2854489	delete
2854494	delete
2863197	drop_q2
2863200	delete
2863203	delete
2863357	delete
2863378	drop_q2
2863550	drop_q1
2863553	drop_q1
2863556	drop_q1
2866064	delete
2866068	delete
2866071	delete
2866350	delete
2866535	drop_q2
2866869	delete
2867300	delete
2867305	delete
2867310	delete
2876030	drop_q2
2876033	delete
2876036	delete
2876230	drop_q1
2876380	drop_q1
2876383	drop_q1
2876386	drop_q1
2876389	drop_q1
2877419	delete
2878864	delete
2878868	delete
2878871	delete
2879335	delete
2880100	delete
2880105	delete
2880110	delete
2889053	delete
2889062	drop_q2
2889237	drop_q2
2889447	drop_q1
2889453	drop_q1
2889456	drop_q1
2889459	drop_q1
2890625	delete
2891113	drop_q2
2892025	delete
2892029	delete
2892032	delete
2892311	drop_q2
2892496	drop_q2
2892825	drop_q2
2892830	delete
2893261	delete
2893266	delete
2893271	delete
2901991	drop_q2
2901994	delete
2901997	delete
2902172	delete
2902344	drop_q1
2902347	drop_q1
2902350	drop_q1
2903364	delete
2904737	delete
2904741	delete
2904744	delete
2905023	delete
2905537	delete
2905542	drop_q2
2905973	delete
2905978	delete
2905983	delete
2914932	delete
2914935	delete
2915132	drop_q1
2915326	drop_q1
2915329	drop_q1
2915332	drop_q1
2916788	drop_q2
2917670	delete
2917674	delete
2917677	delete
2918906	delete
2918911	delete
2918916	delete
2928144	drop_q2
2928537	drop_q1
2929684	delete
2930150	drop_q2
2930450	delete
2930989	delete
2930993	delete
2930996	delete
2931275	delete
2931789	drop_q2
2931794	delete
2932225	delete
2932230	delete
2932235	delete
2941181	delete
2941184	delete
2941187	delete
2941362	delete
2941575	drop_q1
2941578	drop_q1
2941581	drop_q1
2942556	delete
2943305	delete
2943834	delete
2943838	delete
2943841	delete
2945070	delete
2945075	delete
2945080	delete
2954305	delete
2954701	drop_q1
2954704	drop_q1
2955666	delete
2956108	drop_q2
2956398	delete
2956917	delete
2956921	delete
2956924	delete
2957200	delete
2957388	drop_q2
2957722	delete
2958153	delete
2958158	delete
2958163	delete
2967417	drop_q2
2967420	delete
2967423	delete
2967426	delete
2967613	delete
2967774	drop_q1
2967838	drop_q1
2967844	drop_q1
2967847	drop_q1
2968962	delete
2969402	drop_q2
2969669	delete
2970168	delete
2970172	delete
2970175	delete
2970451	drop_q2
2970454	delete
2970968	drop_q2
2970973	delete
2971404	delete
2971409	delete
2971414	delete
2980630	delete
2980639	drop_q2
2980642	delete
2980841	drop_q1
2981029	drop_q1
2981038	drop_q1
2981041	drop_q1
2981984	delete
2982412	drop_q2
2982674	delete
2983163	delete
2983167	delete
2983170	delete
2983449	drop_q2
2984399	delete
2984404	delete
2984409	delete
2993666	drop_q2
2993669	delete
2993868	delete
2994001	drop_q1
2994087	drop_q1
2995018	delete
2995434	drop_q2
2995691	delete
2996170	delete
2996174	delete
2996177	delete
2996620	delete
2997406	delete
2997411	delete
2997416	delete
3006738	delete
3006786	drop_q2
3007082	drop_q1
3007085	drop_q1
3007168	drop_q1
3008250	delete
3008898	delete
3009357	delete
3009361	delete
3009364	delete
3009640	drop_q2
3009643	delete
3010157	drop_q2
3010162	delete
3010593	delete
3010598	delete
3010603	delete
3019860	delete
3019863	drop_q2
3020195	drop_q1
3020281	drop_q1
3021196	delete
3021827	delete
3022276	delete
3022280	delete
3022283	delete
3023076	delete
3023081	delete
3023512	delete
3023517	delete
3023522	delete
3032844	drop_q2
3032847	delete
3032892	delete
3033188	drop_q1
3033191	drop_q1
3034174	delete
3034788	delete
3035227	delete
3035231	delete
3035234	delete
3035513	delete
3036027	delete
3036032	drop_q2
3036463	delete
3036468	delete
3036473	delete
3045776	delete
3045933	delete
3046072	drop_q1
3046158	drop_q1
3047218	delete
3047606	drop_q2
3047807	delete
3048226	delete
3048230	delete
3048233	delete
3048512	delete
3049462	delete
3049467	delete
3049472	delete
3058797	drop_q2
3058842	delete
3058999	drop_q2
3059138	drop_q1
3059141	drop_q1
3059224	drop_q1
3060108	delete
3060680	delete
3061089	delete
3061093	delete
3061096	delete
3061375	drop_q2
3061595	delete
3061894	delete
3062325	delete
3062330	delete
3062335	delete
3071587	drop_q2
3071590	delete
3071593	delete
3071638	delete
3071934	drop_q1
3071937	drop_q1
3072020	drop_q1
3073852	delete
3073856	delete
3073859	delete
3074652	delete
3075088	delete
3075093	delete
3075098	delete
3084436	delete
3084481	drop_q2
3084484	delete
3084825	drop_q1
3084828	drop_q1
3086827	delete
3086831	delete
3086834	delete
3087298	delete
3087632	drop_q2
3088063	delete
3088068	delete
3088073	delete
3097328	delete
3097376	delete
3097672	drop_q1
3097675	drop_q1
3097758	drop_q1
3098620	delete
3098970	drop_q2
3099123	delete
3099483	delete
3099487	delete
3099490	delete
3099766	delete
3099933	drop_q2
3099954	delete
3100288	delete
3100719	delete
3100724	delete
3100729	delete
3110067	drop_q2
3110112	delete
3110115	delete
3110453	drop_q1
3110456	drop_q1
3110459	drop_q1
3110539	drop_q1
3111386	delete
3111724	drop_q2
3111872	delete
3112222	delete
3112226	delete
3112229	delete
3112505	drop_q2
3112508	delete
3113022	drop_q2
3113027	delete
3113458	delete
3113463	delete
3113468	delete
3122918	drop_q2
3122921	delete
3122924	delete
3123099	delete
3123280	drop_q1
3123283	drop_q1
3123286	drop_q1
3124349	delete
3124828	delete
3125168	delete
3125172	delete
3125175	delete
3125454	delete
3125973	drop_q2
3126404	delete
3126409	delete
3126414	delete
3135749	delete
3135800	drop_q2
3135988	drop_q1
3136138	drop_q1
3136141	drop_q1
3136144	drop_q1
3136224	drop_q1
3137055	delete
3137517	delete
3137847	delete
3137851	delete
3137854	delete
3138130	drop_q2
3138133	delete
3138652	drop_q2
3139083	delete
3139088	delete
3139093	delete
3148549	delete
3148899	drop_q1
3148908	drop_q1
3149792	delete
3150237	delete
3150557	delete
3150561	delete
3150564	delete
3151793	delete
3151798	delete
3151803	delete
3161318	drop_q2
3161515	drop_q1
3161706	drop_q1
3161712	drop_q1
3161715	drop_q1
3162621	drop_q1
3163466	delete
3163470	delete
3163473	delete
3163752	drop_q2
3164271	delete
3164702	delete
3164707	delete
3164712	delete
3174012	delete
3174350	drop_q1
3174353	drop_q1
3174356	drop_q1
3175119	drop_q1
3175234	delete
3175642	delete
3175932	delete
3175936	delete
3175939	delete
3176382	delete
3176732	drop_q2
3176737	delete
3177168	delete
3177173	delete
3177178	delete
3186558	delete
3186561	drop_q2
3186905	drop_q1
3186908	drop_q1
3186911	drop_q1
3186914	drop_q1
3186991	drop_q1
3187664	drop_q1
3188165	delete
3188445	delete
3188449	delete
3188452	delete
3188731	delete
3188951	delete
3189245	delete
3189250	delete
3189681	delete
3189686	delete
3189691	delete
3199144	delete
3199147	drop_q2
3199497	drop_q1
3199503	drop_q1
3199509	drop_q1
3199580	drop_q1
3200410	drop_q1
3201159	delete
3201163	delete
3201166	delete
3201442	drop_q2
3201445	delete
3201959	drop_q2
3201964	delete
3202395	delete
3202400	delete
3202405	delete
3211737	delete
3211788	delete
3211963	delete
3211982	drop_q1
3212132	drop_q1
3212138	drop_q1
3212218	drop_q1
3212883	drop_q1
3213600	delete
3213604	delete
3213607	delete
3213883	drop_q2
3213886	delete
3214395	drop_q2
3214400	delete
3214405	delete
3214836	delete
3214841	delete
3214846	delete
3224248	delete
3224296	drop_q2
3224299	delete
3224302	delete
3224477	delete
3224658	drop_q1
3224661	drop_q1
3224664	drop_q1
3225391	drop_q1
3226044	delete
3226048	delete
3226051	delete
3226327	delete
3226330	drop_q2
3226515	delete
3226849	delete
3227280	delete
3227285	delete
3227290	delete
3236664	delete
3236667	delete
3236670	delete
3236845	delete
3237023	drop_q1
3237026	drop_q1
3237029	drop_q1
3237032	drop_q1
3237922	drop_q1
3238012	delete
3238335	delete
3238575	delete
3238579	delete
3238582	delete
3238858	delete
3238861	drop_q2
3239046	delete
3239081	delete
3239375	drop_q2
3239380	delete
3239811	delete
3239816	delete
3239821	delete
3249220	delete
3249223	delete
3249268	delete
3249271	delete
3249274	delete
3249277	delete
3249425	delete
3249452	delete
3249477	drop_q1
3249627	drop_q1
3249630	drop_q1
3249633	drop_q1
3249636	drop_q1
3249639	drop_q1
3249713	drop_q1
3250362	drop_q1
3250452	delete
3250682	drop_q2
3250775	delete
3251015	delete
3251019	delete
3251022	delete
3251295	delete
3251298	delete
3251301	drop_q2
3251465	delete
3251486	delete
3251815	delete
3251820	delete
3252251	delete
3252256	delete
3252261	delete
3261842	drop_q2
3261845	delete
3261848	delete
3261851	delete
3261854	delete
3261857	delete
3261860	delete
3262208	drop_q1
3262269	drop_q1
3262272	drop_q1
3262275	drop_q1
3262278	drop_q1
3262281	drop_q1
3262985	drop_q1
3263065	delete
3263070	delete
3263288	delete
3263373	delete
3263376	delete
3263385	delete
3263606	delete
3263610	delete
3263613	delete
3263862	drop_q2
3263883	delete
3263886	delete
3263889	delete
3263892	delete
3264056	delete
3264077	delete
3264102	delete
3264401	delete
3264406	delete
3264411	delete
3264469	drop_q2
3264842	delete
3264847	delete
3264852	delete
3274415	drop_q2
3274418	delete
3274421	delete
3274424	delete
3274427	delete
3274623	delete
3274759	drop_q1
3274827	drop_q1
3274833	drop_q1
3274836	drop_q1
3274839	drop_q1
3274842	drop_q1
3274845	drop_q1
3275714	drop_q1
3275789	delete
3275794	delete
3276080	delete
3276083	delete
3276092	delete
3276303	delete
3276307	delete
3276310	delete
3276580	delete
3276583	delete
3276586	drop_q2
3276589	delete
3276750	delete
3276753	delete
3276774	delete
3276809	delete
3277098	delete
3277103	delete
3277108	drop_q2
3277161	drop_q2
3277166	delete
3277539	delete
3277544	delete
3277549	delete
3287142	delete
3287145	delete
3287148	delete
3287151	delete
3287154	delete
3287319	delete
3287322	delete
3287349	delete
3287365	drop_q1
3287371	drop_q1
3287551	drop_q1
3287554	drop_q1
3287557	drop_q1
3287560	drop_q1
3287563	drop_q1
3287566	drop_q1
3288271	drop_q1
3288341	delete
3288346	delete
3288540	drop_q2
3288615	delete
3288618	delete
3288627	delete
3288828	delete
3288832	delete
3288835	delete
3289084	delete
3289105	drop_q2
3289108	delete
3289111	delete
3289114	delete
3289278	delete
3289299	delete
3289324	delete
3289334	delete
3289623	drop_q2
3289628	delete
3289633	delete
3289686	drop_q2
3289691	delete
3290064	delete
3290069	delete
3290074	delete
3299631	delete
3299634	delete
3299637	drop_q2
3299640	delete
3299643	delete
3299646	delete
3299649	delete
3299812	delete
3299815	delete
3299818	delete
3299845	delete
3299848	delete
3299873	drop_q1
3299876	drop_q1
3299981	drop_q1
3300049	drop_q1
3300052	drop_q1
3300055	drop_q1
3300061	drop_q1
3300064	drop_q1
3300067	drop_q1
3300764	drop_q1
3300834	delete
3301013	delete
3301016	delete
3301089	delete
3301289	delete
3301293	delete
3301296	delete
3301542	drop_q2
3301545	delete
3301566	delete
3301569	delete
3301572	delete
3301575	delete
3301736	delete
3301739	delete
3301760	delete
3301795	delete
3302084	delete
3302089	delete
3302094	delete
3302147	drop_q2
3302152	delete
3302525	delete
3302530	delete
3302535	delete
3311645	drop_q2
3311648	delete
3311651	delete
3311654	delete
3311657	delete
3311660	delete
3311663	delete
3311708	delete
3311832	delete
3311859	delete
3311862	delete
3311865	delete
3311893	drop_q1
3311899	drop_q1
3312004	drop_q1
3312007	drop_q1
3312078	drop_q1
3312081	drop_q1
3312084	drop_q1
3312087	drop_q1
3312090	drop_q1
3312936	delete
3312943	drop_q1
3313003	delete
3313008	delete
3313013	delete
3313195	delete
3313261	delete
3313265	delete
3313268	delete
3313277	delete
3313286	delete
3313468	delete
3313472	delete
3313475	delete
3313715	delete
3313718	drop_q2
3313721	delete
3313724	delete
3313745	delete
3313748	delete
3313751	delete
3313754	delete
3313918	delete
3313939	delete
3313964	delete
3313974	delete
3314263	delete
3314268	delete
3314273	delete
3314321	delete
3314326	delete
3314331	delete
3314704	delete
3314709	delete
3314714	delete
3323400	drop_q2
3323403	delete
3323406	delete
3323409	delete
3323412	delete
3323457	delete
3323460	delete
3323463	delete
3323581	drop_q2
3323608	delete
3323611	delete
3323614	delete
3323617	delete
3323638	delete
3323651	drop_q1
3323654	drop_q1
3323657	drop_q1
3323807	drop_q1
3323810	drop_q1
3323813	drop_q1
3323816	drop_q1
3323878	drop_q1
3323887	drop_q1
3323890	drop_q1
3323893	drop_q1
3324568	drop_q1
3324623	delete
3324628	delete
3324633	delete
3324803	delete
3324864	delete
3324868	delete
3324871	delete
3324880	delete
3324889	delete
3325061	delete
3325065	delete
3325068	delete
3325308	drop_q2
3325311	delete
3325314	delete
3325317	delete
3325338	delete
3325341	delete
3325344	delete
3325347	delete
3325502	delete
3325508	delete
3325511	delete
3325532	delete
3325557	delete
3325562	delete
3325567	delete
3325856	delete
3325861	delete
3325866	delete
3325914	delete
3325919	delete
3325924	delete
3326297	delete
3326302	delete
3326307	delete
3334583	delete
3334592	delete
3334595	delete
3334598	drop_q2
3334601	delete
3334646	delete
3334649	delete
3334652	delete
3334767	delete
3334800	delete
3334803	delete
3334806	delete
3334827	delete
3334843	drop_q1
3334846	drop_q1
3334891	drop_q1
3334996	drop_q1
3334999	drop_q1
3335002	drop_q1
3335005	drop_q1
3335067	drop_q1
3335070	drop_q1
3335073	drop_q1
3335076	drop_q1
3335079	drop_q1
3335082	drop_q1
3335748	delete
3335755	drop_q1
3335810	delete
3335815	delete
3335820	delete
3335984	drop_q2
3335990	drop_q2
3336051	delete
3336055	delete
3336058	delete
3336067	delete
3336076	delete
3336241	delete
3336245	delete
3336248	delete
3336517	delete
3336526	drop_q2
3336535	delete
3336544	delete
3336553	delete
3336562	delete
3336571	delete
3336739	delete
3336748	delete
3344467	delete
3344473	delete
3344518	delete
3344521	delete
3344524	delete
3344527	delete
3344530	delete
3344533	delete
3344668	delete
3344674	delete
3344695	delete
3344698	delete
3344701	delete
3344716	delete
3344729	drop_q1
3344732	drop_q1
3344764	drop_q1
3344917	drop_q1
3344920	drop_q1
3344923	drop_q1
3344926	drop_q1
3344929	drop_q1
3344932	drop_q1
3344999	drop_q1
3345002	drop_q1
3345804	drop_q1
3345854	delete
3345859	delete
3345864	delete
3345869	delete
3346033	delete
3346036	delete
3346039	delete
3346096	delete
3346100	delete
3346104	delete
3346107	delete
3346116	delete
3346125	delete
3346134	delete
3346290	delete
3346294	delete
3346297	delete
3346554	drop_q2
3346563	delete
3346572	delete
3346581	delete
3346590	delete
3346599	delete
3346608	delete
3346617	delete
3346626	delete
3346767	delete
3346776	delete
3346794	delete
3346803	delete
3346812	delete
3354210	drop_q2
3354213	delete
3354216	delete
3354219	delete
3354222	delete
3354273	delete
3354276	delete
3354279	delete
3354282	delete
3354285	delete
3354288	delete
3354418	delete
3354451	delete
3354454	delete
3354457	delete
3354460	delete
3354463	delete
3354494	drop_q1
3354497	drop_q1
3354500	drop_q1
3354503	drop_q1
3354552	drop_q1
3354555	drop_q1
3354558	drop_q1
3354680	drop_q1
3354683	drop_q1
3354686	drop_q1
3354689	drop_q1
3354692	drop_q1
3354695	drop_q1
3354698	drop_q1
3354770	drop_q1
3354773	drop_q1
3354776	drop_q1
3354779	drop_q1
3355393	drop_q1
3355438	delete
3355443	delete
3355448	delete
3355591	delete
3355594	delete
3355641	delete
3355645	delete
3355649	delete
3355652	delete
3355661	delete
3355670	delete
3355679	delete
3355815	delete
3355819	delete
3355822	delete
3356091	delete
3356100	delete
3356109	delete
3356118	delete
3356127	delete
3356136	delete
3356145	delete
3356277	delete
3356286	delete
3356295	delete
3356304	delete
3356313	delete
3356322	delete
3364029	delete
3364041	drop_q2
3364044	delete
3364047	delete
3364092	delete
3364095	delete
3364098	delete
3364101	delete
3364104	delete
3364107	delete
3364239	delete
3364242	delete
3364245	delete
3364248	delete
3364269	delete
3364272	delete
3364275	delete
3364290	delete
3364303	drop_q1
3364306	drop_q1
3364335	drop_q1
3364338	drop_q1
3364341	drop_q1
3364383	drop_q1
3364491	drop_q1
3364494	drop_q1
3364497	drop_q1
3364500	drop_q1
3364503	drop_q1
3364506	drop_q1
3364564	drop_q1
3364567	drop_q1
3364579	drop_q1
3365196	delete
3365199	delete
3365206	drop_q1
3365246	delete
3365251	delete
3365256	delete
3365261	delete
3365398	delete
3365401	delete
3365404	delete
3365407	delete
3365450	delete
3365454	delete
3365458	delete
3365462	delete
3365465	delete
3365474	delete
3365483	delete
3365492	delete
3365501	delete
3365628	delete
3365632	delete
3365635	delete
3365873	drop_q2
3365882	delete
3365891	delete
3365900	delete
3365909	delete
3365918	delete
3365927	delete
3365936	delete
3365945	delete
3365954	delete
3366095	delete
3366104	delete
3366113	delete
3366122	delete
3366131	delete
3366140	delete
3373020	drop_q2
3373023	delete
3373026	delete
3373029	delete
3373032	delete
3373035	delete
3373086	delete
3373089	delete
3373092	delete
3373095	delete
3373098	delete
3373101	delete
3373104	delete
3373107	delete
3373152	delete
3373225	drop_q2
3373228	delete
3373231	delete
3373264	delete
3373267	delete
3373270	delete
3373273	delete
3373276	delete
3373303	delete
3373306	delete
3373309	delete
3373334	drop_q1
3373337	drop_q1
3373340	drop_q1
3373343	drop_q1
3373392	drop_q1
3373398	drop_q1
3373448	drop_q1
3373451	drop_q1
3373516	drop_q1
3373519	drop_q1
3373522	drop_q1
3373525	drop_q1
3373528	drop_q1
3373531	drop_q1
3373534	drop_q1
3373610	drop_q1
3373613	drop_q1
3373616	drop_q1
3373619	drop_q1
3374343	drop_q1
3374378	delete
3374383	delete
3374388	delete
3374504	delete
3374507	delete
3374510	delete
3374551	delete
3374555	delete
3374558	delete
3374567	delete
3374576	delete
3374585	delete
3374701	delete
3374705	delete
3374708	delete
3374959	delete
3374977	delete
3374986	delete
3374995	drop_q2
3375004	delete
3375013	delete
3375022	delete
3375031	delete
3375145	delete
3375163	delete
3375172	delete
3375190	delete
3375208	delete
3375217	delete
3382915	delete
3382918	delete
3382921	delete
3382924	drop_q2
3382927	delete
3382930	delete
3382933	delete
3382978	delete
3382981	delete
3382984	delete
3382987	delete
3382990	delete
3382993	delete
3383089	drop_q2
3383092	delete
3383095	delete
3383098	delete
3383125	delete
3383128	delete
3383131	delete
3383134	delete
3383155	delete
3383158	delete
3383161	delete
3383176	delete
3383189	drop_q1
3383192	drop_q1
3383221	drop_q1
3383224	drop_q1
3383227	drop_q1
3383269	drop_q1
3383272	drop_q1
3383377	drop_q1
3383380	drop_q1
3383383	drop_q1
3383386	drop_q1
3383389	drop_q1
3383392	drop_q1
3383450	drop_q1
3383453	drop_q1
3383456	drop_q1
3383459	drop_q1
3383462	drop_q1
3383465	drop_q1
3384075	delete
3384082	drop_q1
3384112	delete
3384117	delete
3384122	delete
3384226	delete
3384229	delete
3384232	delete
3384272	delete
3384275	delete
3384284	delete
3384293	delete
3384408	delete
3384412	delete
3384415	delete
3384655	delete
3384664	delete
3384673	delete
3384682	delete
3384691	delete
3384709	delete
3384718	delete
3384727	delete
3384736	delete
3384868	delete
3384886	delete
3384895	delete
3384904	delete
3384913	delete
3384922	delete
3391696	delete
3391699	delete
3391702	drop_q2
3391705	delete
3391708	delete
3391711	delete
3391714	delete
3391759	delete
3391762	delete
3391765	delete
3391768	delete
3391771	delete
3391774	delete
3391777	delete
3391880	drop_q2
3391883	delete
3391910	delete
3391913	delete
3391916	delete
3391919	delete
3391940	delete
3391943	delete
3391946	delete
3391961	delete
3391964	delete
3391977	drop_q1
3391999	drop_q1
3392002	drop_q1
3392031	drop_q1
3392034	drop_q1
3392037	drop_q1
3392079	drop_q1
3392125	drop_q1
3392183	drop_q1
3392186	drop_q1
3392189	drop_q1
3392192	drop_q1
3392195	drop_q1
3392198	drop_q1
3392258	drop_q1
3392261	drop_q1
3392267	drop_q1
3392270	drop_q1
3392273	drop_q1
3392858	delete
3392861	delete
3392868	drop_q1
3392888	delete
3392893	delete
3392898	delete
3392903	delete
3392908	delete
3393009	delete
3393012	delete
3393015	delete
3393018	delete
3393050	delete
3393058	delete
3393061	delete
3393070	delete
3393079	delete
3393088	delete
3393097	delete
3393333	drop_q2
3393336	delete
3393339	delete
3393390	delete
3393393	delete
3393396	delete
3393399	delete
3393402	delete
3393405	delete
3393408	delete
3393411	delete
3393456	delete
3393459	delete
3393535	delete
3393568	delete
3393571	delete
3393574	delete
3393577	delete
3393580	delete
3393607	delete
3393610	delete
3393613	delete
3393616	delete
3393641	drop_q1
3393644	drop_q1
3393647	drop_q1
3393683	drop_q1
3393686	drop_q1
3393689	drop_q1
3393692	drop_q1
3393747	drop_q1
3393797	drop_q1
3393800	drop_q1
3393803	drop_q1
3393865	drop_q1
3393868	drop_q1
3393871	drop_q1
3393874	drop_q1
3393877	drop_q1
3393880	drop_q1
3393883	drop_q1
3393965	drop_q1
3393968	drop_q1
3394039	drop_q1
3394042	drop_q1
3395163	drop_q1
3395168	delete
3395173	delete
3395178	delete
3395183	delete
3395188	delete
3395193	delete
3395198	delete
3395203	delete
3395294	delete
3395297	delete
3395300	delete
3395303	delete
3395306	delete
3395309	delete
3395333	delete
3395337	delete
3395341	delete
3395345	delete
3395349	delete
3395353	delete
3395357	delete
3395360	delete
3395369	delete
3395378	delete
3395387	delete
3395396	delete
3395405	delete
3395414	delete
3395423	delete
3395435	delete
3395438	delete
3395441	delete
3395444	delete
3395447	delete
3395450	delete
3395458	drop_q1
3395473	delete
3395478	delete
3395483	delete
3395488	delete
3395493	delete
3395498	delete
3395589	delete
3395592	delete
3395595	delete
3395598	delete
3395636	drop_q2
3395640	delete
3395644	delete
3395648	delete
3395652	delete
3395656	delete
3395659	delete
3395668	delete
3395677	delete
3395686	delete
3395695	delete
3395704	delete
3395749	delete
3395752	delete
3395755	delete
3395758	delete
3395761	delete
3395769	drop_q1
3395794	delete
3395799	delete
3395804	delete
3395809	delete
3395814	delete
3395914	delete
3395917	delete
3395920	delete
3396132	drop_q2
3396136	delete
3396140	delete
3396144	delete
3396148	delete
3396152	delete
3396155	delete
3396164	delete
3396173	delete
3396182	delete
3396191	delete
3396200	delete
3396269	delete
3396272	delete
3396275	delete
3396278	delete
3396281	delete
3396289	drop_q1
3396324	delete
3396329	delete
3396334	delete
3396339	delete
3396344	delete
3396462	delete
3396465	delete
3396468	delete
3396537	delete
3396541	delete
3396545	delete
3396549	delete
3396552	delete
3396561	delete
3396570	delete
3396579	delete
3396588	delete
3396669	drop_q2
3396672	delete
3396675	delete
3396678	delete
3396686	drop_q1
3396721	delete
3396731	delete
3396736	delete
3396741	delete
3396859	delete
3396862	delete
3396865	delete
3396938	delete
3396942	delete
3396946	delete
3396950	delete
3396954	delete
3396957	delete
3396966	delete
3396975	delete
3396984	delete
3396993	delete
3397002	delete
3397095	delete
3397098	delete
3397101	delete
3397104	delete
3397107	delete
3397115	drop_q1
3397155	delete
3397160	delete
3397165	delete
3397170	delete
3397175	delete
3397180	delete
3397316	delete
3397319	delete
3397322	delete
3397566	delete
3397570	delete
3397574	delete
3397578	delete
3397581	delete
3397590	delete
3397599	delete
3397608	delete
3397617	delete
3397722	drop_q2
3397725	delete
3397728	delete
3397731	delete
3397739	drop_q1
3397784	delete
3397789	delete
3397794	delete
3397799	delete
3397804	delete
3397940	delete
3397943	delete
3397946	delete
3398035	delete
3398039	delete
3398043	delete
3398046	delete
3398055	delete
3398064	delete
3398073	delete
3398190	delete
3398193	delete
3398196	delete
3398204	drop_q1
3398254	delete
3398259	delete
3398264	delete
3398269	delete
3398405	delete
3398504	delete
3398508	delete
3398512	delete
3398515	delete
3398524	delete
3398533	delete
3398542	delete
3398671	drop_q2
3398674	delete
3398677	delete
3398685	drop_q1
3398740	delete
3398745	delete
3398750	delete
3398755	delete
3398900	delete
3399170	delete
3399173	delete
3399182	delete
3399332	delete
3399335	delete
3399343	drop_q1
3399408	delete
3399413	delete
3399669	drop_q2
3399673	delete
3399676	delete
3399685	delete
3399694	drop_q2
3399847	drop_q2
3399850	delete
3399858	drop_q1
3399928	delete
3399933	delete
3400210	delete
3400213	delete
3400222	delete
3400399	delete
3400407	drop_q1
3400482	delete
3400487	delete
3400940	delete
3400943	delete
3400952	delete
3401141	delete
3401149	drop_q1
3401224	delete
3401229	delete
3401234	delete
3401541	delete
3401545	delete
3401548	delete
3401557	delete
3401566	delete
3401758	delete
3401766	drop_q1
3401846	delete
3401851	delete
3401856	delete
3402180	delete
3402183	delete
3402192	delete
3402393	drop_q2
3402401	drop_q1
3402486	delete
3402491	delete
3403195	drop_q1
3403617	drop_q1
3403620	delete
3403629	drop_q2
3403854	delete
3403862	drop_q1
3403962	delete
3404324	drop_q2
3404327	delete
3404336	drop_q2
3404573	delete
3404581	drop_q1
3404686	delete
3405224	drop_q2
3405227	delete
3405485	delete
3405493	drop_q1
3405603	delete
3405999	drop_q2
3406002	delete
3406272	delete
3406280	drop_q1
3406395	delete
3406808	drop_q2
3406811	delete
3407093	delete
3407101	drop_q1
3407221	delete
3407810	drop_q2
3407814	delete
3407817	delete
3407826	delete
3407835	drop_q2
3408120	delete
3408123	delete
3408251	delete
3408256	delete
3408707	drop_q2
3408711	delete
3408714	delete
3408723	delete
3409029	delete
3409032	delete
3409165	delete
3409170	delete
3409638	drop_q2
3409642	delete
3409645	delete
3409654	delete
3409975	delete
3410113	delete
3410118	delete
3410766	delete
3410769	delete
3410778	delete
3411111	delete
3411254	delete
3411259	delete
3411765	delete
3411768	delete
3411777	delete
3412122	delete
3412270	delete
3412275	delete
3412801	drop_q2
3413167	drop_q2
3413320	delete
3413325	delete
3414024	delete
3414027	delete
3414036	delete
3414405	delete
3414563	delete
3414568	delete
3415125	delete
3415128	delete
3415137	delete
3415518	delete
3415681	delete
3415686	delete
3416260	delete
3416263	delete
3416272	delete
3416665	delete
3416833	delete
3416838	delete
3417588	drop_q2
3417591	delete
3417600	drop_q2
3418005	delete
3418183	delete
3418791	drop_q2
3418794	delete
3419220	delete
3419398	delete
3419403	delete
3420028	drop_q2
3420031	delete
3420040	drop_q2
3420469	delete
3420657	delete
3421458	drop_q2
3421461	delete
3421470	drop_q2
3421911	delete
3422104	delete
3422763	delete
3422766	delete
3422775	delete
3423228	delete
3423421	delete
3423426	delete
3424102	drop_q2
3424105	delete
3424114	drop_q2
3424579	delete
3424777	delete
3424782	delete
3425634	drop_q2
3425637	delete
3425646	drop_q2
3426123	delete
3426331	delete
3427041	drop_q2
3427044	delete
3427053	drop_q2
3427542	delete
3427750	delete
3427755	delete
3428482	drop_q2
3428485	delete
3428995	delete
3429208	delete
3429213	delete
3430116	drop_q2
3430119	delete
3430641	delete
3430864	delete
3431628	drop_q2
3432162	delete
3432380	delete
3432385	delete
3433157	drop_q2
3433703	delete
3433931	delete
3434879	drop_q2
3435437	delete
3435665	delete
3435670	delete
3436476	drop_q2
3437284	delete
3438107	drop_q2
3438689	delete
3438932	delete
3439928	drop_q2
3439931	delete
3440525	delete
3440773	delete
3441627	drop_q2
3441630	delete
3442236	delete
3442489	delete
3443363	drop_q2
3443981	drop_q2
3444234	delete
3444239	delete
3445919	delete
3447090	drop_q2
3448912	delete
3448915	delete
3448924	delete
3449578	delete
3449581	delete
3449844	delete
3449849	delete
3450942	drop_q2
3450945	delete
3450954	drop_q2
3451874	delete
3452806	delete
3453484	delete
3453747	delete
3454687	drop_q2
3455377	delete
3456744	drop_q2
3456747	delete
3457449	delete
3457707	delete
3458651	drop_q2
3458654	delete
3459368	delete
3459631	delete
3460596	drop_q1
3460599	delete
3460608	drop_q2
3461337	delete
3461595	delete
3462064	delete
3462722	delete
3462725	delete
3462734	delete
3463475	delete
3463733	delete
3463738	delete
3464722	drop_q2
3466709	drop_q2
3467471	delete
3467719	delete
3468847	drop_q2
3470860	delete
3471646	delete
3471889	delete
3472865	drop_q2
3473663	delete
3473906	delete
3475049	drop_q2
3475859	delete
3476102	delete
3477094	drop_q2
3477916	delete
3479173	drop_q2
3480007	delete
3480250	delete
3481414	drop_q2
3481417	delete
3482263	delete
3482506	delete
3483522	drop_q2
3484380	drop_q2
3484623	delete
3486517	delete
3486760	delete
3487951	drop_q2
3488833	delete
3489076	delete
3490116	drop_q2
3491010	drop_q2
3491253	delete
3492301	delete
3493207	delete
3493455	delete
3494679	drop_q2
3499135	drop_q2
3500077	delete
3501545	drop_q2
3502499	delete
3503816	drop_q2
3504782	drop_q2
3506107	drop_q2
3507085	drop_q2
3507318	delete
3508577	drop_q2
3509567	delete
3509805	delete
3510908	drop_q2
3513259	drop_q2
3515775	drop_q2
3516801	drop_q2
3517034	delete
3518152	delete
3519190	delete
3519428	delete
3520560	drop_q2
3520563	delete
3521613	delete
3521846	delete
3523139	drop_q2
3524201	drop_q2
3525576	drop_q2
3528047	delete
3529133	delete
3529366	delete
3530683	drop_q2
3531781	delete
3532014	delete
3533180	drop_q2
3534290	delete
3534523	delete
3535697	drop_q2
3536819	delete
3538379	drop_q2
3538388	drop_q2
3539741	delete
3540922	drop_q2
3542068	delete
3542301	delete
3543499	drop_q2
3544885	delete
3546241	drop_q2
3548844	delete
3550026	delete
3550254	delete
3551467	drop_q2
3552661	drop_q2
3552889	delete
3554269	delete
3555475	delete
3555703	delete
3556932	drop_q2
3558150	delete
3558383	delete
3559629	drop_q2
3560859	delete
3561082	delete
3562474	drop_q2
3562477	delete
3563719	delete
3563947	delete
3565201	drop_q1
3565204	delete
3565213	drop_q2
3566467	drop_q2
3566470	delete
3566698	delete
3566703	delete
3567977	delete
3569243	drop_q2
3569466	delete
3570886	delete
3570889	delete
3570898	delete
3572176	delete
3572179	delete
3572402	delete
3572407	delete
3573688	drop_q2
3575201	delete
3577779	delete
3578002	delete
3579442	drop_q2
3579445	delete
3580759	delete
3580982	delete
3582274	drop_q2
3588137	drop_q2
3589710	delete
3591027	drop_q1
3591030	delete
3592404	delete
3592627	delete
3593959	drop_q2
3593968	drop_q2
3595345	delete
3595568	delete
3595573	delete
3597078	drop_q2
3597081	delete
3597090	drop_q2
3598479	delete
3598702	delete
3600047	delete
3600050	drop_q2
3600059	drop_q2
3601460	delete
3601678	delete
3601683	delete
3603036	delete
3603039	drop_q2
3603048	drop_q2
3604461	delete
3604679	delete
3604684	delete
3606204	drop_q2
3606207	delete
3606216	drop_q2
3607641	delete
3607864	delete
3609233	drop_q2
3609236	delete
3610682	delete
3610905	delete
3612285	drop_q2
3612294	drop_q2
3613743	delete
3613956	delete
3613961	delete
3615499	drop_q2
3616969	delete
3617192	delete
3618585	drop_q2
3618588	delete
3618597	drop_q2
3620070	delete
3620288	delete
3621679	drop_q2
3623379	delete
3624934	drop_q1
3624937	delete
3626443	delete
3626661	delete
3628069	drop_q2
3628072	delete
3628081	drop_q2
3629590	delete
3629808	delete
3631224	drop_q2
3631227	delete
3631236	drop_q2
3632757	delete
3632980	delete
3634572	drop_q2
3634575	delete
3636117	delete
3636335	delete
3636340	delete
3637784	drop_q2
3637793	drop_q2
3639338	delete
3639551	delete
3640985	drop_q2
3642551	delete
3642764	delete
3642769	delete
3644379	drop_q2
3645957	drop_q2
3646175	delete
3647631	drop_q2
3647634	delete
3649224	delete
3649437	delete
3649442	delete
3650909	drop_q2
3652511	drop_q2
3652729	delete
3654363	drop_q2
3655977	delete
3656190	delete
3657664	drop_q2
3657673	drop_q2
3659290	delete
3659503	delete
3660982	drop_q2
3660985	delete
3662623	delete
3662836	delete
3664485	drop_q2
3666135	delete
3666348	delete
3667846	drop_q2
3669508	delete
3671241	drop_q2
3672915	drop_q2
3674801	drop_q2
3676487	drop_q2
3678222	drop_q2
3679920	drop_q2
3680138	delete
3681677	delete
3683387	delete
3683605	delete
3688792	drop_q2
3690526	drop_q2
3692307	delete
3692316	drop_q2
3694053	delete
3694266	delete
3695987	drop_q2
3697745	drop_q2
3699528	delete
3701298	delete
3701511	delete
3703089	drop_q2
3704871	delete
3705084	delete
3708623	drop_q2
3712236	drop_q2
3712449	delete
3714051	drop_q2
3715869	delete
3716082	delete
3717851	drop_q2
3717860	drop_q2
3719889	delete
3721498	delete
3723340	delete
3723553	delete
3725179	drop_q2
3727033	drop_q2
3727241	delete
3732732	drop_q2
3734610	drop_q2
3736459	delete
3738349	delete
3738557	delete
3740362	drop_q2
3740365	delete
3742267	delete
3742475	delete
3744132	drop_q2
3746046	delete
3746249	delete
3747905	drop_q2
3750039	delete
3751871	delete
3753809	delete
3754017	delete
3755698	drop_q2
3757648	drop_q2
3759532	drop_q1
3759535	delete
3761509	delete
3761717	delete
3763578	delete
3763581	delete
3763590	delete
3765567	delete
3765770	delete
3765775	delete
3767485	drop_q2
3767488	delete
3767497	drop_q2
3769486	delete
3769699	delete
3771426	delete
3771429	drop_q2
3771438	drop_q2
3773439	delete
3773637	delete
3773642	delete
3775518	drop_q2
3775521	delete
3777543	delete
3777746	delete
3779475	drop_q1
3779478	delete
3779487	drop_q2
3779496	drop_q2
3781521	drop_q2
3781524	delete
3781727	delete
3781732	delete
3783482	delete
3783485	delete
3783494	delete
3785543	delete
3785751	delete
3785756	delete
3787681	drop_q2
3789942	delete
3791694	delete
3793764	delete
3793967	delete
3793972	delete
3795738	drop_q2
3795741	delete
3797823	delete
3798026	delete
3799953	drop_q2
3802047	drop_q2
3802250	delete
3804026	drop_q2
3806132	delete
3806335	delete
3808119	drop_q2
3808128	drop_q2
3810237	delete
3812388	drop_q2
3812391	delete
3814521	delete
3814724	delete
3816521	drop_q2
3816524	delete
3818666	delete
3818869	delete
3820674	drop_q2
3820677	delete
3822831	delete
3823024	delete
3823029	delete
3824995	drop_q2
3827161	drop_q2
3829174	delete
3831352	delete
3831560	delete
3833398	drop_q2
3833401	delete
3835591	delete
3835794	delete
3837793	drop_q2
3839995	drop_q2
3840198	delete
3842046	drop_q2
3844260	drop_q2
3846305	delete
3848531	delete
3848729	delete
3850743	drop_q2
3855028	drop_q2
3859344	drop_q2
3859347	drop_q2
3861609	drop_q2
3861812	delete
3868218	drop_q2
3870504	drop_q2
3872597	drop_q2
3872606	drop_q2
3877141	delete
3879451	delete
3879639	delete
3879644	delete
3881546	drop_q2
3881555	drop_q2
3883868	delete
3884061	delete
3885971	drop_q2
3888498	delete
3892921	delete
3893114	delete
3895040	drop_q2
3895049	drop_q2
3899525	drop_q2
3901895	delete
3902083	delete
3904175	drop_q2
3908686	drop_q2
3908695	drop_q2
3913217	drop_q2
3915623	delete
3917924	drop_q2
3917927	delete
3920345	delete
3920533	delete
3922498	drop_q2
3922507	drop_q2
3927089	drop_q2
3929531	drop_q2
3934313	drop_q2
3934501	delete
3936490	drop_q2
3936499	drop_q2
3938956	drop_q2
3943802	delete
3945971	delete
3948461	delete
3948649	delete
3950662	drop_q2
3953164	delete
3953352	delete
3957887	delete
3960246	drop_q2
3960249	delete
3962775	delete
3962958	delete
3964986	delete
3967524	delete
3967707	delete
3969743	drop_q2
3972293	delete
3972476	delete
3974676	drop_q2
3974679	delete
3977241	delete
3977424	delete
3979476	drop_q2
3979485	drop_q2
3984293	delete
3986879	delete
3987057	delete
3989275	delete
3991873	delete
3992056	delete
3994132	drop_q2
3994141	drop_q2
3998995	delete
4001617	delete
4001800	delete
4004051	drop_q2
4006858	delete
4011600	delete
4013874	drop_q2
4013877	delete
4016535	delete
4016713	delete
4018979	drop_q2
4021649	delete
4021827	delete
4023939	drop_q2
4023942	delete
4026624	delete
4026797	delete
4028911	drop_q2
4031605	drop_q2
4031783	delete
4034073	drop_q2
4034082	drop_q2
4036779	delete
4036957	delete
4039096	drop_q2
4041814	drop_q2
4049347	drop_q2
4052089	drop_q2
4054430	drop_q2
4054439	drop_q2
4059519	drop_q2
4059528	drop_q2
4062285	delete
4062458	delete
4064787	drop_q2
4067565	drop_q2
4075065	drop_q2
4080379	drop_q2
4080388	drop_q2
4083193	delete
4088408	delete
4088571	delete
4088576	delete
4090777	drop_q2
4093615	drop_q2
4096151	delete
4099001	delete
4099169	delete
4099174	delete
4101397	drop_q2
4101400	delete
4104262	delete
4104430	delete
4109529	delete
4109687	delete
4109697	delete
4112089	drop_q2
4114975	delete
4117398	drop_q2
4122727	drop_q2
4125637	delete
4125800	delete
4128207	drop_q2
4131129	delete
4131297	delete
4133562	drop_q2
4138937	drop_q2
4141883	drop_q2
4144491	delete
4147449	delete
4147612	delete
4149889	drop_q2
4149892	delete
4149901	drop_q2
4152862	delete
4153030	delete
4155324	drop_q2
4155327	delete
4158309	delete
4158477	delete
4160938	drop_q2
4160941	delete
4163935	delete
4164098	delete
4166402	drop_q2
4171883	drop_q2
4171892	drop_q2
4174901	delete
4175064	delete
4177543	drop_q2
4180573	drop_q2
4180736	delete
4183064	drop_q2
4186106	delete
4186269	delete
4188605	delete
4191659	delete
4191822	delete
4288497	delete
4292514	drop_q1
4292518	drop_q2
4292522	drop_q1
4292526	drop_q1
4292530	drop_q1
4292534	drop_q1
4292538	drop_q1
4292542	drop_q1
4292546	drop_q1
4292550	drop_q1
4292554	drop_q1
4292558	drop_q1
4292562	drop_q1
4292566	drop_q1
4292570	drop_q1
4292574	drop_q1
4292578	drop_q1
4292582	drop_q1
4292586	drop_q1
4292590	drop_q1
4292594	drop_q1
4292598	drop_q1
4292602	drop_q1
4292606	drop_q1
4292610	drop_q1
4292614	drop_q1
4292618	drop_q1
4292622	drop_q1
4292626	drop_q1
4292630	drop_q1
4292634	drop_q1
4292638	drop_q1
4292642	drop_q1
4292646	drop_q1
4292650	drop_q1
4292654	drop_q1
4292658	drop_q1
4292662	drop_q1
4292666	drop_q1
4292670	drop_q1
4292674	drop_q1
4292678	drop_q1
4292682	drop_q1
4292686	drop_q1
4292690	drop_q1
4292694	drop_q1
4292698	drop_q1
4292702	drop_q1
4292706	drop_q1
4292710	drop_q1
4292714	drop_q1
4292718	drop_q1
4292722	drop_q1
4292726	drop_q1
4292730	drop_q1
4292734	drop_q1
4292738	drop_q1
4292742	drop_q1
4292746	drop_q1
4292750	drop_q1
4292754	drop_q1
4292758	drop_q1
4292762	drop_q1
4292766	drop_q1
4292770	drop_q1
4292774	drop_q1
4292778	drop_q1
4292782	drop_q1
4292786	drop_q1
4292790	drop_q1
4292794	drop_q1
4292798	drop_q1
4292802	drop_q1
4292806	drop_q1
4292810	drop_q1
4292814	drop_q1
4292818	drop_q1
4292822	drop_q1
4292826	drop_q1
4292830	drop_q1
4292834	drop_q1
4292838	drop_q1
4292842	drop_q1
4292846	drop_q1
4292850	drop_q1
4292854	drop_q1
4292858	drop_q1
4292862	drop_q1
4292866	drop_q1
4292870	drop_q1
4292874	drop_q1
4292878	drop_q1
4292882	drop_q1
4292886	drop_q1
4292890	drop_q1
4292894	drop_q1
4292898	drop_q1
4292902	drop_q1
4292906	drop_q1
4292910	drop_q1
4292914	drop_q1
4292918	drop_q1
4292922	drop_q1
4292926	drop_q1
4292930	drop_q1
4292934	drop_q1
4326045	delete
4327170	delete
4328284	delete
4329387	delete
4330479	delete
4331560	delete
4332630	delete
4333689	delete
4334737	delete
4335774	delete
4336800	delete
4337815	delete
4338819	delete
4339812	delete
4340794	delete
4341765	delete
4342725	delete
4343674	delete
4344612	delete
4345539	delete
4346455	delete
4347360	delete
4348254	delete
4349137	delete
4350009	delete
4350870	delete
4351720	delete
4352559	delete
4353387	delete
4354204	delete
4355010	delete
4355805	delete
4356589	delete
4357362	delete
4358124	delete
4358875	delete
4359615	delete
4360344	delete
4361062	delete
4361769	delete
4362465	delete
4363150	delete
4363824	delete
4364487	delete
4365139	delete
4365780	delete
4366410	delete
4367029	delete
4367637	delete
4368234	delete
4368820	delete
4369395	delete
4369959	delete
4370512	delete
4371054	delete
4371585	delete
4372105	delete
4372614	delete
4373112	delete
4373599	delete
4374075	delete
4374540	delete
4374994	delete
4375437	delete
4375869	delete
4376290	delete
4376700	delete
4377099	delete
4377487	delete
4377864	delete
4378230	delete
4378585	delete
4378929	delete
4379262	delete
4379584	delete
4379895	delete
4380484	delete
4384903	delete
4386255	delete
4386258	delete
4386261	delete
4386264	delete
4386267	delete
4386270	delete
4386273	delete
4386276	delete
4386279	delete
4386282	delete
4386285	delete
4386288	delete
4386291	delete
4386294	delete
4386297	delete
4386300	delete
4386303	delete
4386306	delete
4386309	delete
4386312	delete
4386315	delete
4386318	delete
4386321	delete
4386324	delete
4386327	delete
4386330	delete
4386333	delete
4386336	delete
4386339	delete
4386342	delete
4386345	delete
4386348	delete
4386351	delete
4386354	delete
4386357	delete
4386360	delete
4386363	delete
4386366	delete
4386369	delete
4386372	delete
4386375	delete
4386378	delete
4386381	delete
4386384	delete
4386387	delete
4386390	delete
4386393	delete
4386396	delete
4386399	delete
4386402	delete
4386405	delete
4386408	delete
4386411	delete
4386414	delete
4386417	delete
4386420	delete
4386423	delete
4386426	delete
4386429	delete
4386432	delete
4386435	delete
4386438	delete
4386441	delete
4386444	delete
4386447	delete
4386450	delete
4386453	delete
4386456	delete
4386459	delete
4386462	delete
4386465	delete
4386468	delete
4386471	delete
4386474	delete
4386477	delete
4386480	delete
4386483	delete
4386486	delete
4386489	delete
4386492	delete
4386495	delete
4386498	delete
4386501	delete
4386504	delete
4386507	delete
4386510	delete
4386513	delete
4386516	delete
4386519	delete
4386522	delete
4386525	delete
4386528	delete
4386531	delete
4386534	delete
4386537	delete
4386540	delete
4386543	delete
4386546	delete
4386549	delete
4386552	delete
4386555	delete
4386558	delete
4386561	delete
4386564	delete
4386567	delete
4386570	delete
4386573	delete
4386576	delete
4390232	delete
4392139	drop_q2
4392140	delete
4392141	delete
4392142	delete
4392143	delete
4392144	delete
4392145	delete
4392146	delete
4392147	delete
4392148	delete
4392149	delete
4392150	delete
4392151	delete
4392152	delete
4392153	delete
4392154	delete
4392155	delete
4392156	delete
4392157	delete
4392158	delete
4392159	delete
4392160	delete
4392161	delete
4392162	delete
4392163	delete
4392164	delete
4392165	delete
4392166	delete
4392167	delete
4392168	delete
4392169	delete
4392170	delete
4392171	delete
4392172	delete
4392173	delete
4392174	delete
4392175	delete
4392176	delete
4392177	delete
4392178	delete
4392179	delete
4392180	delete
4392181	delete
4392182	delete
4392183	delete
4392184	delete
4392185	delete
4392186	delete
4392187	delete
4392188	delete
4392189	delete
4392190	delete
4392191	delete
4392192	delete
4392193	delete
4392194	delete
4392195	delete
4392196	delete
4392197	delete
4392198	delete
4392199	delete
4392200	delete
4392201	delete
4392202	delete
4392203	delete
4392204	delete
4392205	delete
4392206	delete
4392207	delete
4392208	delete
4392209	delete
4392210	delete
4392211	delete
4392212	delete
4392213	delete
4392214	delete
4392215	delete
4392216	delete
4392217	delete
4392218	delete
4392219	delete
4392220	delete
4392221	delete
4392222	delete
4392223	delete
4392224	delete
4392225	delete
4392226	delete
4392227	delete
4392228	delete
4392229	delete
4392230	delete
4392231	delete
4392232	delete
4392233	delete
4392234	delete
4392235	delete
4392236	delete
4392237	delete
4392238	delete
4392239	delete
4392240	delete
4392241	delete
4392242	delete
4392243	delete
4392245	delete
4392247	delete
4392249	delete
4392251	delete
4392253	delete
4392255	delete
4392257	delete
4392259	delete
4392261	delete
4392263	delete
4392265	delete
4392267	delete
4392269	delete
4392271	delete
4392273	delete
4392275	delete
4392277	delete
4392279	delete
4392281	delete
4392283	delete
4392285	delete
4392287	delete
4392289	delete
4392291	delete
4392293	delete
4392295	delete
4392297	delete
4392299	delete
4392301	delete
4392303	delete
4392305	delete
4392307	delete
4392309	delete
4392311	delete
4392313	delete
4392315	delete
4392317	delete
4392319	delete
4392321	delete
4392323	delete
4392325	delete
4392327	delete
4392329	delete
4392331	delete
4392333	delete
4392335	delete
4392337	delete
4392339	delete
4392341	delete
4392343	delete
4392345	delete
4392347	delete
4392349	delete
4392351	delete
4392353	delete
4392355	delete
4392357	delete
4392359	delete
4392361	delete
4392363	delete
4392365	delete
4392367	delete
4392369	delete
4392371	delete
4392373	delete
4392375	delete
4392377	delete
4392379	delete
4392381	delete
4392383	delete
4392385	delete
4392387	delete
4392389	delete
4392391	delete
4392393	delete
4392395	delete
4392397	delete
4392399	delete
4392401	delete
4392403	delete
4392405	delete
4392407	delete
4392409	delete
4392411	delete
4392413	delete
4392415	delete
4392417	delete
4392419	delete
4392421	delete
4392423	delete
4392425	delete
4392427	delete
4392429	delete
4392431	delete
4392433	delete
4392435	delete
4392437	delete
4392439	delete
4392441	delete
4392443	delete
4392445	delete
4392447	delete
4392449	delete
4392451	delete
4392453	delete
4392455	drop_q2
4394188	delete
4394190	delete
4394193	delete
4394196	delete
4394200	delete
4394204	delete
4394208	delete
4394213	delete
4394218	delete
4394223	delete
4394227	delete
4394230	delete
4394233	delete
4394236	delete
4394239	delete
4394242	delete
4394245	delete
4394248	delete
4394251	delete
4394254	delete
4394257	delete
4394260	delete
4394263	delete
4394266	delete
4394269	delete
4394272	delete
4394275	delete
4394278	delete
4394281	delete
4394284	delete
4394287	delete
4394290	delete
4394294	delete
4394298	delete
4394301	delete
4394304	delete
4394307	delete
4394310	delete
4394313	delete
4394316	delete
4394319	delete
4394322	delete
4394325	delete
4394328	delete
4394331	delete
4394334	delete
4394337	delete
4394347	delete
4394350	delete
4394353	delete
4394368	delete
4394371	delete
4394384	drop_q1
4394388	delete
4394406	drop_q1
4394409	drop_q1
4394413	delete
4394819	delete
4394824	delete
4394829	delete
4394834	delete
4394839	delete
4394844	delete
4394849	delete
4394854	delete
4394859	delete
4394864	delete
4394869	delete
4394874	delete
4394879	delete
4394884	delete
4394889	delete
4394894	delete
4394899	delete
4394904	delete
4394909	delete
4396268	drop_q2
4396270	drop_q2
4396271	drop_q2
4396272	drop_q2
4396273	delete
4396274	delete
4396275	delete
4396276	delete
4396277	delete
4396278	delete
4396279	delete
4396280	delete
4396281	delete
4396282	delete
4396283	delete
4396284	delete
4396285	delete
4396286	delete
4396287	delete
4396288	delete
4396289	delete
4396290	delete
4396291	delete
4396292	delete
4396293	delete
4396294	delete
4396295	delete
4396296	delete
4396297	delete
4396298	delete
4396299	delete
4396300	delete
4396301	delete
4396302	delete
4396303	delete
4396304	delete
4396305	delete
4396306	delete
4396307	delete
4396308	delete
4396309	delete
4396310	delete
4396311	delete
4396312	delete
4396313	delete
4396314	delete
4396315	delete
4396316	delete
4396317	delete
4396318	delete
4396319	delete
4396320	delete
4396321	delete
4396322	delete
4396323	delete
4396324	delete
4396325	delete
4396326	delete
4396327	delete
4396328	delete
4396329	delete
4396330	delete
4396331	delete
4396332	delete
4396333	delete
4396334	delete
4396335	delete
4396336	delete
4396337	delete
4396338	delete
4396339	delete
4396340	delete
4396341	delete
4396342	delete
4396343	delete
4396344	delete
4396345	delete
4396346	delete
4396347	delete
4396348	delete
4396349	delete
4396350	delete
4396351	delete
4396352	delete
4396353	delete
4396354	delete
4396355	delete
4396356	delete
4396357	delete
4396358	delete
4396359	delete
4396360	delete
4396361	delete
4396362	delete
4396363	delete
4396364	delete
4396365	delete
4396366	delete
4396367	delete
4396368	delete
4396370	delete
4396372	delete
4396374	delete
4396376	delete
4396378	delete
4396380	delete
4396382	delete
4396384	delete
4396386	delete
4396388	delete
4396390	delete
4396392	delete
4396394	delete
4396396	delete
4396398	delete
4396400	delete
4396402	delete
4396404	delete
4396406	delete
4396408	delete
4396410	delete
4396412	delete
4396414	delete
4396416	delete
4396418	delete
4396420	delete
4396422	delete
4396424	delete
4396426	delete
4396428	delete
4396430	delete
4396432	delete
4396434	delete
4396436	delete
4396438	delete
4396440	delete
4396442	delete
4396444	delete
4396446	delete
4396448	delete
4396450	delete
4396452	delete
4396454	delete
4396456	delete
4396458	delete
4396460	delete
4396462	delete
4396464	delete
4396466	delete
4396468	delete
4396470	delete
4396472	delete
4396474	delete
4396476	delete
4396478	delete
4396480	delete
4396482	delete
4396484	delete
4396486	delete
4396488	delete
4396490	delete
4396492	delete
4396494	delete
4396496	delete
4396498	delete
4396500	delete
4396502	delete
4396504	delete
4396506	delete
4396508	delete
4396510	delete
4396512	delete
4396514	delete
4396516	delete
4396518	delete
4396520	delete
4396522	delete
4396524	delete
4396526	delete
4396528	delete
4396530	delete
4396532	delete
4396534	delete
4396536	delete
4396538	delete
4396540	delete
4396542	delete
4396544	delete
4396546	delete
4396548	delete
4396550	delete
4396552	delete
4396554	delete
4396556	delete
4396558	delete
4396560	delete
4396562	delete
4396564	drop_q2
4396566	drop_q2
4396568	drop_q2
4396572	drop_q2
4398313	delete
4398315	delete
4398318	delete
4398321	delete
4398325	delete
4398329	delete
4398333	delete
4398338	delete
4398343	delete
4398348	delete
4398352	delete
4398355	delete
4398358	delete
4398361	delete
4398364	delete
4398367	delete
4398370	delete
4398373	delete
4398376	delete
4398379	delete
4398382	delete
4398385	delete
4398388	delete
4398391	delete
4398394	delete
4398397	delete
4398400	delete
4398403	delete
4398406	delete
4398409	delete
4398412	delete
4398415	delete
4398419	delete
4398423	delete
4398426	delete
4398429	delete
4398432	delete
4398435	delete
4398438	delete
4398441	delete
4398444	delete
4398447	delete
4398450	delete
4398453	delete
4398456	delete
4398459	delete
4398462	delete
4398472	delete
4398475	delete
4398478	delete
4398493	delete
4398496	delete
4398509	drop_q1
4398513	delete
4398531	drop_q1
4398534	drop_q1
4398538	delete
4398944	delete
4398949	delete
4398954	delete
4398959	delete
4398964	delete
4398969	delete
4398974	delete
4398979	delete
4398984	delete
4398989	delete
4398994	delete
4398999	delete
4399004	delete
4399009	delete
4399014	delete
4399019	delete
4399024	delete
4399029	delete
4399034	delete
4400135	drop_q2
4400136	drop_q2
4400137	drop_q2
4400138	delete
4400139	delete
4400140	delete
4400141	delete
4400142	delete
4400143	delete
4400144	delete
4400145	delete
4400146	delete
4400147	delete
4400148	delete
4400149	delete
4400150	delete
4400151	delete
4400152	delete
4400153	delete
4400154	delete
4400155	delete
4400156	delete
4400157	delete
4400158	delete
4400159	delete
4400160	delete
4400161	delete
4400162	delete
4400163	delete
4400164	delete
4400165	delete
4400166	delete
4400167	delete
4400168	delete
4400169	delete
4400170	delete
4400171	delete
4400172	delete
4400173	delete
4400174	delete
4400175	delete
4400176	delete
4400177	delete
4400178	delete
4400179	delete
4400180	delete
4400181	delete
4400182	delete
4400183	delete
4400184	delete
4400185	delete
4400186	delete
4400187	delete
4400188	delete
4400189	delete
4400190	delete
4400191	delete
4400192	delete
4400193	delete
4400194	delete
4400195	delete
4400196	delete
4400197	delete
4400198	delete
4400199	delete
4400200	delete
4400201	delete
4400202	delete
4400203	delete
4400204	delete
4400205	delete
4400206	delete
4400207	delete
4400208	delete
4400209	delete
4400210	delete
4400211	delete
4400212	delete
4400213	delete
4400214	delete
4400215	delete
4400216	delete
4400217	delete
4400218	delete
4400219	delete
4400220	delete
4400221	delete
4400222	delete
4400223	delete
4400224	delete
4400225	delete
4400226	delete
4400227	delete
4400228	delete
4400229	delete
4400230	delete
4400231	delete
4400232	delete
4400233	delete
4400235	delete
4400237	delete
4400239	delete
4400241	delete
4400243	delete
4400245	delete
4400247	delete
4400249	delete
4400251	delete
4400253	delete
4400255	delete
4400257	delete
4400259	delete
4400261	delete
4400263	delete
4400265	delete
4400267	delete
4400269	delete
4400271	delete
4400273	delete
4400275	delete
4400277	delete
4400279	delete
4400281	delete
4400283	delete
4400285	delete
4400287	delete
4400289	delete
4400291	delete
4400293	delete
4400295	delete
4400297	delete
4400299	delete
4400301	delete
4400303	delete
4400305	delete
4400307	delete
4400309	delete
4400311	delete
4400313	delete
4400315	delete
4400317	delete
4400319	delete
4400321	delete
4400323	delete
4400325	delete
4400327	delete
4400329	delete
4400331	delete
4400333	delete
4400335	delete
4400337	delete
4400339	delete
4400341	delete
4400343	delete
4400345	delete
4400347	delete
4400349	delete
4400351	delete
4400353	delete
4400355	delete
4400357	delete
4400359	delete
4400361	delete
4400363	delete
4400365	delete
4400367	delete
4400369	delete
4400371	delete
4400373	delete
4400375	delete
4400377	delete
4400379	delete
4400381	delete
4400383	delete
4400385	delete
4400387	delete
4400389	delete
4400391	delete
4400393	delete
4400395	delete
4400397	delete
4400399	delete
4400401	delete
4400403	delete
4400405	delete
4400407	delete
4400409	delete
4400411	delete
4400413	delete
4400415	delete
4400417	delete
4400419	delete
4400421	delete
4400423	delete
4400425	delete
4400427	delete
4400429	drop_q2
4400431	drop_q2
4400433	drop_q2
4401875	delete
4401877	delete
4401880	delete
4401883	delete
4401887	delete
4401891	delete
4401895	delete
4401900	delete
4401905	delete
4401910	delete
4401914	delete
4401917	delete
4401920	delete
4401923	delete
4401926	delete
4401929	delete
4401932	delete
4401935	delete
4401938	delete
4401941	delete
4401944	delete
4401947	delete
4401950	delete
4401953	delete
4401956	delete
4401959	delete
4401962	delete
4401965	delete
4401968	delete
4401971	delete
4401974	delete
4401977	delete
4401981	delete
4401985	delete
4401988	delete
4401991	delete
4401994	delete
4401997	delete
4402000	delete
4402003	delete
4402006	delete
4402009	delete
4402012	delete
4402015	delete
4402018	delete
4402021	delete
4402024	delete
4402034	delete
4402037	delete
4402040	delete
4402055	delete
4402058	delete
4402071	drop_q1
4402075	delete
4402093	drop_q1
4402096	drop_q1
4402100	delete
4402435	delete
4402440	delete
4402445	delete
4402450	delete
4402455	delete
4402460	delete
4402465	delete
4402470	delete
4402475	delete
4402480	delete
4402485	delete
4402490	delete
4402495	delete
4402500	delete
4402505	delete
4402510	delete
4402515	delete
4402520	delete
4402525	delete
4403845	delete
4403846	delete
4403847	delete
4403848	delete
4403849	delete
4403850	delete
4403851	delete
4403852	delete
4403853	delete
4403854	delete
4403855	delete
4403856	delete
4403857	delete
4403858	delete
4403859	delete
4403860	delete
4403861	delete
4403862	delete
4403863	delete
4403864	delete
4403865	delete
4403866	delete
4403867	delete
4403868	delete
4403869	delete
4403870	delete
4403871	delete
4403872	delete
4403873	delete
4403874	delete
4403875	delete
4403876	delete
4403877	delete
4403878	delete
4403879	delete
4403880	delete
4403881	delete
4403882	delete
4403883	delete
4403884	delete
4403885	delete
4403886	delete
4403887	delete
4403888	delete
4403889	delete
4403890	delete
4403891	delete
4403892	delete
4403893	delete
4403894	delete
4403895	delete
4403896	delete
4403897	delete
4403898	delete
4403899	delete
4403900	delete
4403901	delete
4403902	delete
4403903	delete
4403904	delete
4403905	delete
4403906	delete
4403907	delete
4403908	delete
4403909	delete
4403910	delete
4403911	delete
4403912	delete
4403913	delete
4403914	delete
4403915	delete
4403916	delete
4403917	delete
4403918	delete
4403919	delete
4403920	delete
4403921	delete
4403922	delete
4403923	delete
4403924	delete
4403925	delete
4403926	delete
4403927	delete
4403928	delete
4403929	delete
4403930	delete
4403931	delete
4403932	delete
4403933	delete
4403934	delete
4403935	delete
4403936	delete
4403937	delete
4403938	delete
4403939	delete
4403940	delete
4403942	delete
4403944	delete
4403946	delete
4403948	delete
4403950	delete
4403952	delete
4403954	delete
4403956	delete
4403958	delete
4403960	delete
4403962	delete
4403964	delete
4403966	delete
4403968	delete
4403970	delete
4403972	delete
4403974	delete
4403976	delete
4403978	delete
4403980	delete
4403982	delete
4403984	delete
4403986	delete
4403988	delete
4403990	delete
4403992	delete
4403994	delete
4403996	delete
4403998	delete
4404000	delete
4404002	delete
4404004	delete
4404006	delete
4404008	delete
4404010	delete
4404012	delete
4404014	delete
4404016	delete
4404018	delete
4404020	delete
4404022	delete
4404024	delete
4404026	delete
4404028	delete
4404030	delete
4404032	delete
4404034	delete
4404036	delete
4404038	delete
4404040	delete
4404042	delete
4404044	delete
4404046	delete
4404048	delete
4404050	delete
4404052	delete
4404054	delete
4404056	delete
4404058	delete
4404060	delete
4404062	delete
4404064	delete
4404066	delete
4404068	delete
4404070	delete
4404072	delete
4404074	delete
4404076	delete
4404078	delete
4404080	delete
4404082	delete
4404084	delete
4404086	delete
4404088	delete
4404090	delete
4404092	delete
4404094	delete
4404096	delete
4404098	delete
4404100	delete
4404102	delete
4404104	delete
4404106	delete
4404108	delete
4404110	delete
4404112	delete
4404114	delete
4404116	delete
4404118	delete
4404120	delete
4404122	delete
4404124	delete
4404126	delete
4404128	delete
4404130	delete
4404132	delete
4404134	delete
4405885	delete
4405887	delete
4405890	delete
4405893	delete
4405897	delete
4405901	delete
4405905	delete
4405910	delete
4405915	delete
4405920	delete
4405924	delete
4405927	delete
4405930	delete
4405933	delete
4405936	delete
4405939	delete
4405942	delete
4405945	delete
4405948	delete
4405951	delete
4405954	delete
4405957	delete
4405960	delete
4405963	delete
4405966	delete
4405969	delete
4405972	delete
4405975	delete
4405978	delete
4405981	delete
4405984	delete
4405987	delete
4405991	delete
4405995	delete
4405998	delete
4406001	delete
4406004	delete
4406007	delete
4406010	delete
4406013	delete
4406016	delete
4406019	delete
4406022	delete
4406025	delete
4406028	delete
4406031	delete
4406034	delete
4406044	delete
4406047	delete
4406050	delete
4406065	delete
4406068	delete
4406081	drop_q1
4406085	delete
4406103	drop_q1
4406106	drop_q1
4406110	delete
4406516	delete
4406521	delete
4406526	delete
4406531	delete
4406536	delete
4406541	delete
4406546	delete
4406551	delete
4406556	delete
4406561	delete
4406566	delete
4406571	delete
4406576	delete
4406581	delete
4406586	delete
4406591	delete
4406596	delete
4406601	delete
4406606	delete
4407897	delete
4407899	delete
4407901	delete
4407903	delete
4407904	delete
4407905	delete
4407906	delete
4407907	delete
4407908	delete
4407909	delete
4407910	delete
4407911	delete
4407912	delete
4407913	delete
4407914	delete
4407915	delete
4407916	delete
4407917	delete
4407918	delete
4407919	delete
4407920	delete
4407921	delete
4407922	delete
4407923	delete
4407924	delete
4407925	delete
4407926	delete
4407927	delete
4407928	delete
4407929	delete
4407930	delete
4407931	delete
4407932	delete
4407933	delete
4407934	delete
4407935	delete
4407936	delete
4407937	delete
4407938	delete
4407939	delete
4407940	delete
4407941	delete
4407942	delete
4407943	delete
4407944	delete
4407945	delete
4407946	delete
4407947	delete
4407948	delete
4407949	delete
4407950	delete
4407951	delete
4407952	delete
4407953	delete
4407954	delete
4407955	delete
4407956	delete
4407957	delete
4407958	delete
4407959	delete
4407960	delete
4407961	delete
4407962	delete
4407963	delete
4407964	delete
4407965	delete
4407966	delete
4407967	delete
4407968	delete
4407969	delete
4407970	delete
4407971	delete
4407973	delete
4407975	delete
4407977	delete
4407979	delete
4407981	delete
4407983	delete
4407985	delete
4407987	delete
4407989	delete
4407991	delete
4407993	delete
4407995	delete
4407997	delete
4407999	delete
4408001	delete
4408003	delete
4408005	delete
4408007	delete
4408009	delete
4408011	delete
4408013	delete
4408015	delete
4408017	delete
4408019	delete
4408021	delete
4408023	delete
4408025	delete
4408027	delete
4408029	delete
4408031	delete
4408033	delete
4408035	delete
4408037	delete
4408039	delete
4408041	delete
4408043	delete
4408045	delete
4408047	delete
4408049	delete
4408051	delete
4408053	delete
4408055	delete
4408057	delete
4408059	delete
4408061	delete
4408063	delete
4408065	delete
4408067	delete
4408069	delete
4408071	delete
4408073	delete
4408075	delete
4408077	delete
4408079	delete
4408081	delete
4408083	delete
4408085	delete
4408087	delete
4408089	delete
4408091	delete
4408093	delete
4408095	delete
4408097	delete
4408099	delete
4408101	delete
4408103	delete
4408105	delete
4408107	delete
4408109	delete
4408111	delete
4409916	delete
4409918	delete
4409921	delete
4409924	delete
4409928	delete
4409932	delete
4409936	delete
4409941	delete
4409946	delete
4409951	delete
4409955	delete
4409958	delete
4409961	delete
4409964	delete
4409967	delete
4409970	delete
4409973	delete
4409976	delete
4409979	delete
4409982	delete
4409985	delete
4409988	delete
4409991	delete
4409994	delete
4409997	delete
4410000	delete
4410003	delete
4410006	delete
4410009	delete
4410012	delete
4410015	delete
4410018	delete
4410022	delete
4410026	delete
4410029	delete
4410032	delete
4410035	delete
4410038	delete
4410041	delete
4410044	delete
4410047	delete
4410050	delete
4410053	delete
4410056	delete
4410059	delete
4410062	delete
4410065	delete
4410075	delete
4410078	delete
4410081	delete
4410096	delete
4410099	delete
4410112	drop_q1
4410116	delete
4410134	drop_q1
4410137	drop_q1
4410141	delete
4410547	delete
4410552	delete
4410557	delete
4410562	delete
4410567	delete
4410572	delete
4410577	delete
4410582	delete
4410587	delete
4410592	delete
4410597	delete
4410602	delete
4410607	delete
4410612	delete
4410617	delete
4410622	delete
4410627	delete
4410632	delete
4410637	delete
4411709	delete
4412156	delete
4412159	delete
4412162	delete
4412165	delete
4412168	delete
4412171	delete
4412174	delete
4412177	delete
4412180	delete
4412183	delete
4412186	delete
4412189	delete
4412192	delete
4412195	delete
4412198	delete
4412201	delete
4412204	delete
4412207	delete
4412210	delete
4412213	delete
4412216	delete
4412219	delete
4412222	delete
4412225	delete
4412228	delete
4412231	delete
4412234	delete
4412237	delete
4412240	delete
4412243	delete
4412246	delete
4412249	delete
4412252	delete
4412255	delete
4412258	delete
4412261	delete
4412264	delete
4412267	delete
4412270	delete
4412273	delete
4412276	delete
4412279	delete
4412282	delete
4412285	delete
4412288	delete
4412291	delete
4412294	delete
4412297	delete
4412300	delete
4412303	delete
4412306	delete
4412309	delete
4412312	delete
4412315	delete
4412318	delete
4412321	delete
4412324	delete
4412327	delete
4412330	delete
4412333	delete
4412336	delete
4412339	delete
4412342	delete
4412345	delete
4412348	delete
4412351	delete
4412354	delete
4412357	delete
4412360	delete
4412363	delete
4412366	delete
4412369	delete
4412372	delete
4412375	delete
4412378	delete
4412381	delete
4412384	delete
4412387	delete
4412390	delete
4412393	delete
4412396	delete
4412399	delete
4412402	delete
4412405	delete
4412408	delete
4412411	delete
4412414	delete
4412417	delete
4412420	delete
4412423	delete
4412426	delete
4412429	delete
4412432	delete
4412435	delete
4412438	delete
4412441	delete
4412444	delete
4412447	delete
4412450	delete
4412453	delete
4412456	delete
4412459	delete
4412462	delete
4412465	delete
4412468	delete
4412471	delete
4412474	delete
4412477	delete
4413248	delete
4414150	delete
4418542	delete
4419129	delete
4419439	delete
4419760	delete
4420092	delete
4420435	delete
4420789	delete
4421154	delete
4421530	delete
4421917	delete
4422315	delete
4422724	delete
4423144	delete
4423575	delete
4424017	delete
4424470	delete
4424934	delete
4425409	delete
4425895	delete
4426392	delete
4426900	delete
4427419	delete
4427949	delete
4428490	delete
4429042	delete
4429605	delete
4430179	delete
4430764	delete
4431360	delete
4431967	delete
4432585	delete
4433214	delete
4433854	delete
4434505	delete
4435167	delete
4435840	delete
4436524	delete
4437219	delete
4437925	delete
4438642	delete
4439370	delete
4440109	delete
4440859	delete
4441620	delete
4442392	delete
4443175	delete
4443969	delete
4444774	delete
4445590	delete
4446417	delete
4447255	delete
4448104	delete
4448964	delete
4449835	delete
4450717	delete
4451610	delete
4452514	delete
4453429	delete
4454355	delete
4455292	delete
4456240	delete
4457199	delete
4458169	delete
4459150	delete
4460142	delete
4461145	delete
4462159	delete
4463184	delete
4464220	delete
4465267	delete
4466325	delete
4467394	delete
4468474	delete
4469565	delete
4470667	delete
4471780	delete
4472904	delete
4505569	drop_q1
4505573	drop_q2
4505577	drop_q1
4505581	drop_q1
4505585	drop_q1
4505589	drop_q1
4505593	drop_q1
4505597	drop_q1
4505601	drop_q1
4505605	drop_q1
4505609	drop_q1
4505613	drop_q1
4505617	drop_q1
4505621	drop_q1
4505625	drop_q1
4505629	drop_q1
4505633	drop_q1
4505637	drop_q1
4505641	drop_q1
4505645	drop_q1
4505649	drop_q1
4505653	drop_q1
4505657	drop_q1
4505661	drop_q1
4505665	drop_q1
4505669	drop_q1
4505673	drop_q1
4505677	drop_q1
4505681	drop_q1
4505685	drop_q1
4505689	drop_q1
4505693	drop_q1
4505697	drop_q1
4505701	drop_q1
4505705	drop_q1
4505709	drop_q1
4505713	drop_q1
4505717	drop_q1
4505721	drop_q1
4505725	drop_q1
4505729	drop_q1
4505733	drop_q1
4505737	drop_q1
4505741	drop_q1
4505745	drop_q1
4505749	drop_q1
4505753	drop_q1
4505757	drop_q1
4505761	drop_q1
4505765	drop_q1
4505769	drop_q1
4505773	drop_q1
4505777	drop_q1
4505781	drop_q1
4505785	drop_q1
4505789	drop_q1
4505793	drop_q1
4505797	drop_q1
4505801	drop_q1
4505805	drop_q1
4505809	drop_q1
4505813	drop_q1
4505817	drop_q1
4505821	drop_q1
4505825	drop_q1
4505829	drop_q1
4505833	drop_q1
4505837	drop_q1
4505841	drop_q1
4505845	drop_q1
4505849	drop_q1
4505853	drop_q1
4505857	drop_q1
4505861	drop_q1
4505865	drop_q1
4505869	drop_q1
4505873	drop_q1
4505877	drop_q1
4505881	drop_q1
4505885	drop_q1
4505889	drop_q1
4505893	drop_q1
4505897	drop_q1
4505901	drop_q1
4505905	drop_q1
4505909	drop_q1
4505913	drop_q1
4505917	drop_q1
4505921	drop_q1
4505925	drop_q1
4505929	drop_q1
4505933	drop_q1
4505937	drop_q1
4505941	drop_q1
4505945	drop_q1
4505949	drop_q1
4505953	drop_q1
4505957	drop_q1
4505961	drop_q1
4505965	drop_q1
4505969	drop_q1
4505973	drop_q1
4505977	drop_q1
4505981	drop_q1
4505985	drop_q1
4505989	drop_q1
4507238	drop_q2
4507242	drop_q1
4507246	drop_q1
4507250	drop_q1
4507254	drop_q1
4507258	drop_q1
4507262	drop_q1
4507266	drop_q1
4507270	drop_q1
4507274	drop_q1
4507278	drop_q1
4507282	drop_q1
4507286	drop_q1
4507290	drop_q1
4507294	drop_q1
4507298	drop_q1
4507302	drop_q1
4507306	drop_q1
4507310	drop_q1
4507314	drop_q1
4507318	drop_q1
4507322	drop_q1
4507326	drop_q1
4507330	drop_q1
4507334	drop_q1
4507338	drop_q1
4507342	drop_q1
4507346	drop_q1
4507350	drop_q1
4507354	drop_q1
4507358	drop_q1
4507362	drop_q1
4507366	drop_q1
4507370	drop_q1
4507374	drop_q1
4507378	drop_q1
4507382	drop_q1
4507386	drop_q1
4507390	drop_q1
4507394	drop_q1
4507398	drop_q1
4507402	drop_q1
4507406	drop_q1
4507410	drop_q1
4507414	drop_q1
4507418	drop_q1
4507422	drop_q1
4507426	drop_q1
4507430	drop_q1
4507434	drop_q1
4507438	drop_q1
4507442	drop_q1
4507446	drop_q1
4507450	drop_q1
4507454	drop_q1
4507458	drop_q1
4507462	drop_q1
4507466	drop_q1
4507470	drop_q1
4507474	drop_q1
4507478	drop_q1
4507482	drop_q1
4507486	drop_q1
4507490	drop_q1
4507494	drop_q1
4507498	drop_q1
4507502	drop_q1
4507506	drop_q1
4507510	drop_q1
4507514	drop_q1
4507518	drop_q1
4507522	drop_q1
4507526	drop_q1
4507530	drop_q1
4507534	drop_q1
4507538	drop_q1
4507542	drop_q1
4507546	drop_q1
4507550	drop_q1
4507554	drop_q1
4507558	drop_q1
4507562	drop_q1
4507566	drop_q1
4507570	drop_q1
4507574	drop_q1
4507578	drop_q1
4507582	drop_q1
4507586	drop_q1
4507590	drop_q1
4507594	drop_q1
4507598	drop_q1
4507602	drop_q1
4507606	drop_q1
4507610	drop_q1
4507614	drop_q1
4507618	drop_q1
4507622	drop_q1
4507626	drop_q1
4507630	drop_q1
4507634	drop_q1
4507638	drop_q1
4507642	drop_q1
4507646	drop_q1
4507650	drop_q1
4507654	drop_q1
4507658	drop_q1
4538222	delete
4539358	delete
4540483	delete
4541597	delete
4542700	delete
4543792	delete
4544873	delete
4545943	delete
4547002	delete
4548050	delete
4549087	delete
4550113	delete
4551128	delete
4552132	delete
4553125	delete
4554107	delete
4555078	delete
4556038	delete
4556987	delete
4557925	delete
4558852	delete
4559768	delete
4560673	delete
4561567	delete
4562450	delete
4563322	delete
4564183	delete
4565033	delete
4565872	delete
4566700	delete
4567517	delete
4568323	delete
4569118	delete
4569902	delete
4570675	delete
4571437	delete
4572188	delete
4572928	delete
4573657	delete
4574375	delete
4575082	delete
4575778	delete
4576463	delete
4577137	delete
4577800	delete
4578452	delete
4579093	delete
4579723	delete
4580342	delete
4580950	delete
4581547	delete
4582133	delete
4582708	delete
4583272	delete
4583825	delete
4584367	delete
4584898	delete
4585418	delete
4585927	delete
4586425	delete
4586912	delete
4587388	delete
4587853	delete
4588307	delete
4588750	delete
4589182	delete
4589603	delete
4590013	delete
4590412	delete
4590800	delete
4591177	delete
4591543	delete
4591898	delete
4592242	delete
4592575	delete
4592897	delete
4593208	delete
4593508	delete
4594342	delete
4598210	delete
4599555	drop_q1
4599558	drop_q1
4599561	delete
4599564	delete
4599567	delete
4599570	delete
4599573	delete
4599576	delete
4599579	delete
4599582	delete
4599585	delete
4599588	delete
4599591	delete
4599594	delete
4599597	delete
4599600	delete
4599603	delete
4599606	delete
4599609	delete
4599612	delete
4599615	delete
4599618	delete
4599621	delete
4599624	delete
4599627	delete
4599630	delete
4599633	delete
4599636	delete
4599639	delete
4599642	delete
4599645	delete
4599648	delete
4599651	delete
4599654	delete
4599657	delete
4599660	delete
4599663	delete
4599666	delete
4599669	delete
4599672	delete
4599675	delete
4599678	delete
4599681	delete
4599684	delete
4599687	delete
4599690	delete
4599693	delete
4599696	delete
4599699	delete
4599702	delete
4599705	delete
4599708	delete
4599711	delete
4599714	delete
4599717	delete
4599720	delete
4599723	delete
4599726	delete
4599729	delete
4599732	delete
4599735	delete
4599738	delete
4599741	delete
4599744	delete
4599747	delete
4599750	delete
4599753	delete
4599756	delete
4599759	delete
4599762	delete
4599765	delete
4599768	delete
4599771	delete
4599774	delete
4599777	delete
4599780	delete
4599783	delete
4599786	delete
4599789	delete
4599792	delete
4599795	delete
4599798	delete
4599801	delete
4599804	delete
4599807	delete
4599810	delete
4599813	delete
4599816	delete
4599819	delete
4599822	delete
4599825	delete
4599828	delete
4599831	delete
4599834	delete
4599837	delete
4599840	delete
4599843	delete
4599846	delete
4599849	delete
4599852	delete
4599855	delete
4599858	delete
4599861	delete
4599864	delete
4599867	delete
4599870	delete
4605365	drop_q2
4605446	delete
4607915	drop_q2
4607996	delete
4609553	delete
4609554	delete
4609555	delete
4609556	delete
4609557	delete
4609558	delete
4609559	delete
4609560	delete
4609561	delete
4609562	delete
4609563	delete
4609564	delete
4609565	delete
4609566	delete
4609567	delete
4609568	delete
4609569	delete
4609570	delete
4609571	delete
4609572	delete
4609573	delete
4609574	delete
4609575	delete
4609576	delete
4609577	delete
4609578	delete
4609579	delete
4609580	delete
4609581	delete
4609582	delete
4609583	delete
4609584	delete
4609585	delete
4609586	delete
4609587	delete
4609588	delete
4609589	delete
4609590	delete
4609591	delete
4609592	delete
4609593	delete
4609594	delete
4609595	delete
4609596	delete
4609597	delete
4609598	delete
4609599	delete
4609600	delete
4609601	delete
4609602	delete
4609603	delete
4609604	delete
4609605	delete
4609606	delete
4609607	delete
4609608	delete
4609609	delete
4609610	delete
4609611	delete
4609612	delete
4609613	delete
4609614	delete
4609615	delete
4609616	delete
4609617	delete
4609618	delete
4609619	delete
4609620	delete
4609621	delete
4609622	delete
4609623	delete
4609624	delete
4609625	delete
4609626	delete
4609627	delete
4609628	delete
4609629	delete
4609630	delete
4609631	delete
4609632	delete
4609633	delete
4609634	delete
4609635	delete
4609636	delete
4609637	delete
4609638	delete
4609639	delete
4609640	delete
4609641	delete
4609642	delete
4609643	delete
4609644	delete
4609645	delete
4609646	delete
4609647	delete
4609648	delete
4609649	delete
4609650	delete
4609651	delete
4609652	delete
4609653	delete
4609654	delete
4609655	delete
4609656	delete
4609657	delete
4609658	delete
4609659	delete
4609660	delete
4609662	delete
4609664	delete
4609666	delete
4609668	delete
4609670	delete
4609672	delete
4609674	delete
4609676	delete
4609678	delete
4609680	delete
4609682	delete
4609684	delete
4609686	delete
4609688	delete
4609690	delete
4609692	delete
4609694	delete
4609696	delete
4609698	delete
4609700	delete
4609702	delete
4609704	delete
4609706	delete
4609708	delete
4609710	delete
4609712	delete
4609714	delete
4609716	delete
4609718	delete
4609720	delete
4609722	delete
4609724	delete
4609726	delete
4609728	delete
4609730	delete
4609732	delete
4609734	delete
4609736	delete
4609738	delete
4609740	delete
4609742	delete
4609744	delete
4609746	delete
4609748	delete
4609750	delete
4609752	delete
4609754	delete
4609756	delete
4609758	delete
4609760	delete
4609762	delete
4609764	delete
4609766	delete
4609768	delete
4609770	delete
4609772	delete
4609774	delete
4609776	delete
4609778	delete
4609780	delete
4609782	delete
4609784	delete
4609786	delete
4609788	delete
4609790	delete
4609792	delete
4609794	delete
4609796	delete
4609798	delete
4609800	delete
4609802	delete
4609804	delete
4609806	delete
4609808	delete
4609810	delete
4609812	delete
4609814	delete
4609816	delete
4609818	delete
4609820	delete
4609822	delete
4609824	delete
4609826	delete
4609828	delete
4609830	delete
4609832	delete
4609834	delete
4609836	delete
4609838	delete
4609840	delete
4609842	delete
4609844	delete
4609846	delete
4609848	delete
4609850	delete
4609852	delete
4609854	delete
4609856	delete
4609858	delete
4609860	delete
4609862	delete
4609864	delete
4609866	delete
4609868	delete
4609870	delete
4609872	delete
4609874	delete
4609876	delete
4609878	delete
4611296	delete
4611298	delete
4611301	delete
4611304	delete
4611308	delete
4611312	delete
4611316	delete
4611321	delete
4611326	delete
4611331	delete
4611335	delete
4611338	delete
4611341	delete
4611344	delete
4611347	delete
4611350	delete
4611353	delete
4611356	delete
4611359	delete
4611362	delete
4611365	delete
4611368	delete
4611371	delete
4611374	delete
4611377	delete
4611380	delete
4611383	delete
4611386	delete
4611389	delete
4611392	delete
4611395	delete
4611398	delete
4611402	delete
4611406	delete
4611409	delete
4611412	delete
4611415	delete
4611418	delete
4611421	delete
4611424	delete
4611427	delete
4611430	delete
4611433	delete
4611436	delete
4611439	delete
4611442	delete
4611445	delete
4611455	delete
4611458	delete
4611461	delete
4611476	delete
4611479	delete
4611492	drop_q1
4611496	delete
4611514	drop_q1
4611517	drop_q1
4611521	delete
4611856	delete
4611861	delete
4611866	delete
4611871	delete
4611876	delete
4611881	delete
4611886	delete
4611891	delete
4611896	delete
4611901	delete
4611906	delete
4611911	delete
4611916	delete
4611921	delete
4611926	delete
4611931	delete
4611936	delete
4611941	delete
4611946	delete
4613034	drop_q2
4613035	delete
4613036	delete
4613037	delete
4613038	delete
4613039	delete
4613040	delete
4613041	delete
4613042	delete
4613043	delete
4613044	delete
4613045	delete
4613046	delete
4613047	delete
4613048	delete
4613049	delete
4613050	delete
4613051	delete
4613052	delete
4613053	delete
4613054	delete
4613055	delete
4613056	delete
4613057	delete
4613058	delete
4613059	delete
4613060	delete
4613061	delete
4613062	delete
4613063	delete
4613064	delete
4613065	delete
4613066	delete
4613067	delete
4613068	delete
4613069	delete
4613070	delete
4613071	delete
4613072	delete
4613073	delete
4613074	delete
4613075	delete
4613076	delete
4613077	delete
4613078	delete
4613079	delete
4613080	delete
4613081	delete
4613082	delete
4613083	delete
4613084	delete
4613085	delete
4613086	delete
4613087	delete
4613088	delete
4613089	delete
4613090	delete
4613091	delete
4613092	delete
4613093	delete
4613094	delete
4613095	delete
4613096	delete
4613097	delete
4613098	delete
4613099	delete
4613100	delete
4613101	delete
4613102	delete
4613103	delete
4613104	delete
4613105	delete
4613106	delete
4613107	delete
4613108	delete
4613109	delete
4613110	delete
4613111	delete
4613112	delete
4613113	delete
4613114	delete
4613115	delete
4613116	delete
4613117	delete
4613118	delete
4613119	delete
4613120	delete
4613121	delete
4613122	delete
4613123	delete
4613124	delete
4613125	delete
4613126	delete
4613127	delete
4613128	delete
4613129	delete
4613130	delete
4613131	delete
4613132	delete
4613133	delete
4613134	delete
4613135	delete
4613137	delete
4613139	delete
4613141	delete
4613143	delete
4613145	delete
4613147	delete
4613149	delete
4613151	delete
4613153	delete
4613155	delete
4613157	delete
4613159	delete
4613161	delete
4613163	delete
4613165	delete
4613167	delete
4613169	delete
4613171	delete
4613173	delete
4613175	delete
4613177	delete
4613179	delete
4613181	delete
4613183	delete
4613185	delete
4613187	delete
4613189	delete
4613191	delete
4613193	delete
4613195	delete
4613197	delete
4613199	delete
4613201	delete
4613203	delete
4613205	delete
4613207	delete
4613209	delete
4613211	delete
4613213	delete
4613215	delete
4613217	delete
4613219	delete
4613221	delete
4613223	delete
4613225	delete
4613227	delete
4613229	delete
4613231	delete
4613233	delete
4613235	delete
4613237	delete
4613239	delete
4613241	delete
4613243	delete
4613245	delete
4613247	delete
4613249	delete
4613251	delete
4613253	delete
4613255	delete
4613257	delete
4613259	delete
4613261	delete
4613263	delete
4613265	delete
4613267	delete
4613269	delete
4613271	delete
4613273	delete
4613275	delete
4613277	delete
4613279	delete
4613281	delete
4613283	delete
4613285	delete
4613287	delete
4613289	delete
4613291	delete
4613293	delete
4613295	delete
4613297	delete
4613299	delete
4613301	delete
4613303	delete
4613305	delete
4613307	delete
4613309	delete
4613311	delete
4613313	delete
4613315	delete
4613317	delete
4613319	delete
4613321	delete
4613323	delete
4613325	delete
4613327	delete
4613329	delete
4613331	delete
4613333	delete
4613335	delete
4613337	delete
4613339	delete
4613341	drop_q2
4614775	delete
4614777	delete
4614780	delete
4614783	delete
4614787	delete
4614791	delete
4614795	delete
4614800	delete
4614805	delete
4614810	delete
4614814	delete
4614817	delete
4614820	delete
4614823	delete
4614826	delete
4614829	delete
4614832	delete
4614835	delete
4614838	delete
4614841	delete
4614844	delete
4614847	delete
4614850	delete
4614853	delete
4614856	delete
4614859	delete
4614862	delete
4614865	delete
4614868	delete
4614871	delete
4614874	delete
4614877	delete
4614881	delete
4614885	delete
4614888	delete
4614891	delete
4614894	delete
4614897	delete
4614900	delete
4614903	delete
4614906	delete
4614909	delete
4614912	delete
4614915	delete
4614918	delete
4614921	delete
4614924	delete
4614934	delete
4614937	delete
4614940	delete
4614955	delete
4614958	delete
4614971	drop_q1
4614975	delete
4614993	drop_q1
4614996	drop_q1
4615000	delete
4615335	delete
4615340	delete
4615345	delete
4615350	delete
4615355	delete
4615360	delete
4615365	delete
4615370	delete
4615375	delete
4615380	delete
4615385	delete
4615390	delete
4615395	delete
4615400	delete
4615405	delete
4615410	delete
4615415	delete
4615420	delete
4615425	delete
4616756	delete
4616757	delete
4616758	delete
4616759	delete
4616760	delete
4616761	delete
4616762	delete
4616763	delete
4616764	delete
4616765	delete
4616766	delete
4616767	delete
4616768	delete
4616769	delete
4616770	delete
4616771	delete
4616772	delete
4616773	delete
4616774	delete
4616775	delete
4616776	delete
4616777	delete
4616778	delete
4616779	delete
4616780	delete
4616781	delete
4616782	delete
4616783	delete
4616784	delete
4616785	delete
4616786	delete
4616787	delete
4616788	delete
4616789	delete
4616790	delete
4616791	delete
4616792	delete
4616793	delete
4616794	delete
4616795	delete
4616796	delete
4616797	delete
4616798	delete
4616799	delete
4616800	delete
4616801	delete
4616802	delete
4616803	delete
4616804	delete
4616805	delete
4616806	delete
4616807	delete
4616808	delete
4616809	delete
4616810	delete
4616811	delete
4616812	delete
4616813	delete
4616814	delete
4616815	delete
4616816	delete
4616817	delete
4616818	delete
4616819	delete
4616820	delete
4616821	delete
4616822	delete
4616823	delete
4616824	delete
4616825	delete
4616826	delete
4616827	delete
4616828	delete
4616829	delete
4616830	delete
4616831	delete
4616832	delete
4616833	delete
4616834	delete
4616835	delete
4616836	delete
4616837	delete
4616838	delete
4616839	delete
4616840	delete
4616841	delete
4616842	delete
4616843	delete
4616844	delete
4616845	delete
4616846	delete
4616847	delete
4616848	delete
4616849	delete
4616850	delete
4616851	delete
4616852	delete
4616853	delete
4616854	delete
4616855	delete
4616856	delete
4616858	delete
4616860	delete
4616862	delete
4616864	delete
4616866	delete
4616868	delete
4616870	delete
4616872	delete
4616874	delete
4616876	delete
4616878	delete
4616880	delete
4616882	delete
4616884	delete
4616886	delete
4616888	delete
4616890	delete
4616892	delete
4616894	delete
4616896	delete
4616898	delete
4616900	delete
4616902	delete
4616904	delete
4616906	delete
4616908	delete
4616910	delete
4616912	delete
4616914	delete
4616916	delete
4616918	delete
4616920	delete
4616922	delete
4616924	delete
4616926	delete
4616928	delete
4616930	delete
4616932	delete
4616934	delete
4616936	delete
4616938	delete
4616940	delete
4616942	delete
4616944	delete
4616946	delete
4616948	delete
4616950	delete
4616952	delete
4616954	delete
4616956	delete
4616958	delete
4616960	delete
4616962	delete
4616964	delete
4616966	delete
4616968	delete
4616970	delete
4616972	delete
4616974	delete
4616976	delete
4616978	delete
4616980	delete
4616982	delete
4616984	delete
4616986	delete
4616988	delete
4616990	delete
4616992	delete
4616994	delete
4616996	delete
4616998	delete
4617000	delete
4617002	delete
4617004	delete
4617006	delete
4617008	delete
4617010	delete
4617012	delete
4617014	delete
4617016	delete
4617018	delete
4617020	delete
4617022	delete
4617024	delete
4617026	delete
4617028	delete
4617030	delete
4617032	delete
4617034	delete
4617036	delete
4617038	delete
4617040	delete
4617042	delete
4617044	delete
4617046	delete
4617048	delete
4617050	delete
4617052	delete
4617054	delete
4617056	delete
4617058	delete
4617060	delete
4618801	delete
4618803	delete
4618806	delete
4618809	delete
4618813	delete
4618817	delete
4618821	delete
4618826	delete
4618831	delete
4618836	delete
4618840	delete
4618843	delete
4618846	delete
4618849	delete
4618852	delete
4618855	delete
4618858	delete
4618861	delete
4618864	delete
4618867	delete
4618870	delete
4618873	delete
4618876	delete
4618879	delete
4618882	delete
4618885	delete
4618888	delete
4618891	delete
4618894	delete
4618897	delete
4618900	delete
4618903	delete
4618907	delete
4618911	delete
4618914	delete
4618917	delete
4618920	delete
4618923	delete
4618926	delete
4618929	delete
4618932	delete
4618935	delete
4618938	delete
4618941	delete
4618944	delete
4618947	delete
4618950	delete
4618960	delete
4618963	delete
4618966	delete
4618981	delete
4618984	delete
4618997	drop_q1
4619001	delete
4619019	drop_q1
4619022	drop_q1
4619026	delete
4619432	delete
4619437	delete
4619442	delete
4619447	delete
4619452	delete
4619457	delete
4619462	delete
4619467	delete
4619472	delete
4619477	delete
4619482	delete
4619487	delete
4619492	delete
4619497	delete
4619502	delete
4619507	delete
4619512	delete
4619517	delete
4619522	delete
4620616	delete
4620617	delete
4620618	delete
4620619	delete
4620620	delete
4620621	delete
4620622	delete
4620623	delete
4620624	delete
4620625	delete
4620626	delete
4620627	delete
4620628	delete
4620629	delete
4620630	delete
4620631	delete
4620632	delete
4620633	delete
4620634	delete
4620635	delete
4620636	delete
4620637	delete
4620638	delete
4620639	delete
4620640	delete
4620641	delete
4620642	delete
4620643	delete
4620644	delete
4620645	delete
4620646	delete
4620647	delete
4620648	delete
4620649	delete
4620650	delete
4620651	delete
4620652	delete
4620653	delete
4620654	delete
4620655	delete
4620656	delete
4620657	delete
4620658	delete
4620659	delete
4620660	delete
4620661	delete
4620662	delete
4620663	delete
4620664	delete
4620665	delete
4620666	delete
4620667	delete
4620668	delete
4620669	delete
4620670	delete
4620671	delete
4620672	delete
4620673	delete
4620674	delete
4620675	delete
4620676	delete
4620677	delete
4620678	delete
4620679	delete
4620680	delete
4620681	delete
4620682	delete
4620683	delete
4620684	delete
4620685	delete
4620686	delete
4620687	delete
4620688	delete
4620689	delete
4620690	delete
4620691	delete
4620692	delete
4620693	delete
4620694	delete
4620695	delete
4620696	delete
4620697	delete
4620698	delete
4620699	delete
4620700	delete
4620701	delete
4620702	delete
4620703	delete
4620704	delete
4620705	delete
4620706	delete
4620707	delete
4620708	delete
4620709	delete
4620710	delete
4620711	delete
4620712	delete
4620713	delete
4620715	delete
4620717	delete
4620719	delete
4620721	delete
4620723	delete
4620725	delete
4620727	delete
4620729	delete
4620731	delete
4620733	delete
4620735	delete
4620737	delete
4620739	delete
4620741	delete
4620743	delete
4620745	delete
4620747	delete
4620749	delete
4620751	delete
4620753	delete
4620755	delete
4620757	delete
4620759	delete
4620761	delete
4620763	delete
4620765	delete
4620767	delete
4620769	delete
4620771	delete
4620773	delete
4620775	delete
4620777	delete
4620779	delete
4620781	delete
4620783	delete
4620785	delete
4620787	delete
4620789	delete
4620791	delete
4620793	delete
4620795	delete
4620797	delete
4620799	delete
4620801	delete
4620803	delete
4620805	delete
4620807	delete
4620809	delete
4620811	delete
4620813	delete
4620815	delete
4620817	delete
4620819	delete
4620821	delete
4620823	delete
4620825	delete
4620827	delete
4620829	delete
4620831	delete
4620833	delete
4620835	delete
4620837	delete
4620839	delete
4620841	delete
4620843	delete
4620845	delete
4620847	delete
4620849	delete
4620851	delete
4620853	delete
4620855	delete
4620857	delete
4620859	delete
4620861	delete
4620863	delete
4620865	delete
4620867	delete
4620869	delete
4620871	delete
4620873	delete
4620875	delete
4620877	delete
4620879	delete
4620881	delete
4620883	delete
4620885	delete
4620887	delete
4620889	delete
4620891	delete
4620893	delete
4620895	delete
4620897	delete
4620899	delete
4620901	delete
4620903	delete
4620905	delete
4620907	delete
4620909	delete
4620911	delete
4622359	delete
4622361	delete
4622364	delete
4622367	delete
4622371	delete
4622375	delete
4622379	delete
4622384	delete
4622389	delete
4622394	delete
4622398	delete
4622401	delete
4622404	delete
4622407	delete
4622410	delete
4622413	delete
4622416	delete
4622419	delete
4622422	delete
4622425	delete
4622428	delete
4622431	delete
4622434	delete
4622437	delete
4622440	delete
4622443	delete
4622446	delete
4622449	delete
4622452	delete
4622455	delete
4622458	delete
4622461	delete
4622465	delete
4622469	delete
4622472	delete
4622475	delete
4622478	delete
4622481	delete
4622484	delete
4622487	delete
4622490	delete
4622493	delete
4622496	delete
4622499	delete
4622502	delete
4622505	delete
4622508	delete
4622518	delete
4622521	delete
4622524	delete
4622539	delete
4622542	delete
4622555	drop_q1
4622559	delete
4622577	drop_q1
4622580	drop_q1
4622584	delete
4622919	delete
4622924	delete
4622929	delete
4622934	delete
4622939	delete
4622944	delete
4622949	delete
4622954	delete
4622959	delete
4622964	delete
4622969	delete
4622974	delete
4622979	delete
4622984	delete
4622989	delete
4622994	delete
4622999	delete
4623004	delete
4623009	delete
4624050	drop_q2
4624052	drop_q2
4624054	drop_q2
4624056	delete
4624058	delete
4624060	delete
4624062	delete
4624064	delete
4624065	delete
4624066	delete
4624067	delete
4624068	delete
4624069	delete
4624070	delete
4624071	delete
4624072	delete
4624073	delete
4624074	delete
4624075	delete
4624076	delete
4624077	delete
4624078	delete
4624079	delete
4624080	delete
4624081	delete
4624082	delete
4624083	delete
4624084	delete
4624085	delete
4624086	delete
4624087	delete
4624088	delete
4624089	delete
4624090	delete
4624091	delete
4624092	delete
4624093	delete
4624094	delete
4624095	delete
4624096	delete
4624097	delete
4624098	delete
4624099	delete
4624100	delete
4624101	delete
4624102	delete
4624103	delete
4624104	delete
4624105	delete
4624106	delete
4624107	delete
4624108	delete
4624109	delete
4624110	delete
4624111	delete
4624112	delete
4624113	delete
4624114	delete
4624115	delete
4624116	delete
4624117	delete
4624118	delete
4624119	delete
4624120	delete
4624121	delete
4624122	delete
4624123	delete
4624124	delete
4624125	delete
4624126	delete
4624127	delete
4624128	delete
4624129	delete
4624130	delete
4624131	delete
4624132	delete
4624134	delete
4624136	delete
4624138	delete
4624140	delete
4624142	delete
4624144	delete
4624146	delete
4624148	delete
4624150	delete
4624152	delete
4624154	delete
4624156	delete
4624158	delete
4624160	delete
4624162	delete
4624164	delete
4624166	delete
4624168	delete
4624170	delete
4624172	delete
4624174	delete
4624176	delete
4624178	delete
4624180	delete
4624182	delete
4624184	delete
4624186	delete
4624188	delete
4624190	delete
4624192	delete
4624194	delete
4624196	delete
4624198	delete
4624200	delete
4624202	delete
4624204	delete
4624206	delete
4624208	delete
4624210	delete
4624212	delete
4624214	delete
4624216	delete
4624218	delete
4624220	delete
4624222	delete
4624224	delete
4624226	delete
4624228	delete
4624230	delete
4624232	delete
4624234	delete
4624236	delete
4624238	delete
4624240	delete
4624242	delete
4624244	delete
4624246	delete
4624248	delete
4624250	delete
4624252	delete
4624254	delete
4624256	delete
4624258	delete
4624260	delete
4624262	delete
4624264	delete
4624266	delete
4624268	delete
4624270	delete
4624272	delete
4625800	delete
4625802	delete
4625805	delete
4625808	delete
4625812	delete
4625816	delete
4625820	delete
4625825	delete
4625830	delete
4625835	delete
4625839	delete
4625842	delete
4625845	delete
4625848	delete
4625851	delete
4625854	delete
4625857	delete
4625860	delete
4625863	delete
4625866	delete
4625869	delete
4625872	delete
4625875	delete
4625878	delete
4625881	delete
4625884	delete
4625887	delete
4625890	delete
4625893	delete
4625896	delete
4625899	delete
4625902	delete
4625906	delete
4625910	delete
4625913	delete
4625916	delete
4625919	delete
4625922	delete
4625925	delete
4625928	delete
4625931	delete
4625934	delete
4625937	delete
4625940	delete
4625943	delete
4625946	delete
4625949	delete
4625959	delete
4625962	delete
4625965	delete
4625980	delete
4625983	delete
4625996	drop_q1
4626000	delete
4626018	drop_q1
4626021	drop_q1
4626025	delete
4626360	delete
4626365	delete
4626370	delete
4626375	delete
4626380	delete
4626385	delete
4626390	delete
4626395	delete
4626400	delete
4626405	delete
4626410	delete
4626415	delete
4626420	delete
4626425	delete
4626430	delete
4626435	delete
4626440	delete
4626445	delete
4626450	delete
4627498	delete
4627945	drop_q1
4627948	drop_q1
4627951	delete
4627954	delete
4627957	delete
4627960	delete
4627963	delete
4627966	delete
4627969	delete
4627972	delete
4627975	delete
4627978	delete
4627981	delete
4627984	delete
4627987	delete
4627990	delete
4627993	delete
4627996	delete
4627999	delete
4628002	delete
4628005	delete
4628008	delete
4628011	delete
4628014	delete
4628017	delete
4628020	delete
4628023	delete
4628026	delete
4628029	delete
4628032	delete
4628035	delete
4628038	delete
4628041	delete
4628044	delete
4628047	delete
4628050	delete
4628053	delete
4628056	delete
4628059	delete
4628062	delete
4628065	delete
4628068	delete
4628071	delete
4628074	delete
4628077	delete
4628080	delete
4628083	delete
4628086	delete
4628089	delete
4628092	delete
4628095	delete
4628098	delete
4628101	delete
4628104	delete
4628107	delete
4628110	delete
4628113	delete
4628116	delete
4628119	delete
4628122	delete
4628125	delete
4628128	delete
4628131	delete
4628134	delete
4628137	delete
4628140	delete
4628143	delete
4628146	delete
4628149	delete
4628152	delete
4628155	delete
4628158	delete
4628161	delete
4628164	delete
4628167	delete
4628170	delete
4628173	delete
4628176	delete
4628179	delete
4628182	delete
4628185	delete
4628188	delete
4628191	delete
4628194	delete
4628197	delete
4628200	delete
4628203	delete
4628206	delete
4628209	delete
4628212	delete
4628215	delete
4628218	delete
4628221	delete
4628224	delete
4628227	delete
4628230	delete
4628233	delete
4628236	delete
4628239	delete
4628242	delete
4628245	delete
4628248	delete
4628251	delete
4628254	delete
4628257	delete
4628260	delete
4629025	delete
4629920	delete
4633763	delete
4634594	delete
4634893	delete
4635203	delete
4635524	delete
4635856	delete
4636199	delete
4636553	delete
4636918	delete
4637294	delete
4637681	delete
4638079	delete
4638488	delete
4638908	delete
4639339	delete
4639781	delete
4640234	delete
4640698	delete
4641173	delete
4641659	delete
4642156	delete
4642664	delete
4643183	delete
4643713	delete
4644254	delete
4644806	delete
4645369	delete
4645943	delete
4646528	delete
4647124	delete
4647731	delete
4648349	delete
4648978	delete
4649618	delete
4650269	delete
4650931	delete
4651604	delete
4652288	delete
4652983	delete
4653689	delete
4654406	delete
4655134	delete
4655873	delete
4656623	delete
4657384	delete
4658156	delete
4658939	delete
4659733	delete
4660538	delete
4661354	delete
4662181	delete
4663019	delete
4663868	delete
4664728	delete
4665599	delete
4666481	delete
4667374	delete
4668278	delete
4669193	delete
4670119	delete
4671056	delete
4672004	delete
4672963	delete
4673933	delete
4674914	delete
4675906	delete
4676909	delete
4677923	delete
4678948	delete
4679984	delete
4681031	delete
4682089	delete
4683158	delete
4684238	delete
4685329	delete
4686431	delete
4687544	delete
4688668	delete
4689803	delete
4719923	drop_q2
4719927	drop_q1
4719931	drop_q1
4719935	drop_q1
4719939	drop_q1
4719943	drop_q1
4719947	drop_q1
4719951	drop_q1
4719955	drop_q1
4719959	drop_q1
4719963	drop_q1
4719967	drop_q1
4719971	drop_q1
4719975	drop_q1
4719979	drop_q1
4719983	drop_q1
4719987	drop_q1
4719991	drop_q1
4719995	drop_q1
4719999	drop_q1
4720003	drop_q1
4720007	drop_q1
4720011	drop_q1
4720015	drop_q1
4720019	drop_q1
4720023	drop_q1
4720027	drop_q1
4720031	drop_q1
4720035	drop_q1
4720039	drop_q1
4720043	drop_q1
4720047	drop_q1
4720051	drop_q1
4720055	drop_q1
4720059	drop_q1
4720063	drop_q1
4720067	drop_q1
4720071	drop_q1
4720075	drop_q1
4720079	drop_q1
4720083	drop_q1
4720087	drop_q1
4720091	drop_q1
4720095	drop_q1
4720099	drop_q1
4720103	drop_q1
4720107	drop_q1
4720111	drop_q1
4720115	drop_q1
4720119	drop_q1
4720123	drop_q1
4720127	drop_q1
4720131	drop_q1
4720135	drop_q1
4720139	drop_q1
4720143	drop_q1
4720147	drop_q1
4720151	drop_q1
4720155	drop_q1
4720159	drop_q1
4720163	drop_q1
4720167	drop_q1
4720171	drop_q1
4720175	drop_q1
4720179	drop_q1
4720183	drop_q1
4720187	drop_q1
4720191	drop_q1
4720195	drop_q1
4720199	drop_q1
4720203	drop_q1
4720207	drop_q1
4720211	drop_q1
4720215	drop_q1
4720219	drop_q1
4720223	drop_q1
4720227	drop_q1
4720231	drop_q1
4720235	drop_q1
4720239	drop_q1
4720243	drop_q1
4720247	drop_q1
4720251	drop_q1
4720255	drop_q1
4720259	drop_q1
4720263	drop_q1
4720267	drop_q1
4720271	drop_q1
4720275	drop_q1
4720279	drop_q1
4720283	drop_q1
4720287	drop_q1
4720291	drop_q1
4720295	drop_q1
4720299	drop_q1
4720303	drop_q1
4720307	drop_q1
4720311	drop_q1
4720315	drop_q1
4720319	drop_q1
4720323	drop_q1
4720327	drop_q1
4720331	drop_q1
4720335	drop_q1
4720339	drop_q1
4720343	drop_q1
4721572	drop_q1
4721584	drop_q2
4721588	drop_q1
4721592	drop_q1
4721596	drop_q1
4721600	drop_q1
4721604	drop_q1
4721608	drop_q1
4721612	drop_q1
4721616	drop_q1
4721620	drop_q1
4721624	drop_q1
4721628	drop_q1
4721632	drop_q1
4721636	drop_q1
4721640	drop_q1
4721644	drop_q1
4721648	drop_q1
4721652	drop_q1
4721656	drop_q1
4721660	drop_q1
4721664	drop_q1
4721668	drop_q1
4721672	drop_q1
4721676	drop_q1
4721680	drop_q1
4721684	drop_q1
4721688	drop_q1
4721692	drop_q1
4721696	drop_q1
4721700	drop_q1
4721704	drop_q1
4721708	drop_q1
4721712	drop_q1
4721716	drop_q1
4721720	drop_q1
4721724	drop_q1
4721728	drop_q1
4721732	drop_q1
4721736	drop_q1
4721740	drop_q1
4721744	drop_q1
4721748	drop_q1
4721752	drop_q1
4721756	drop_q1
4721760	drop_q1
4721764	drop_q1
4721768	drop_q1
4721772	drop_q1
4721776	drop_q1
4721780	drop_q1
4721784	drop_q1
4721788	drop_q1
4721792	drop_q1
4721796	drop_q1
4721800	drop_q1
4721804	drop_q1
4721808	drop_q1
4721812	drop_q1
4721816	drop_q1
4721820	drop_q1
4721824	drop_q1
4721828	drop_q1
4721832	drop_q1
4721836	drop_q1
4721840	drop_q1
4721844	drop_q1
4721848	drop_q1
4721852	drop_q1
4721856	drop_q1
4721860	drop_q1
4721864	drop_q1
4721868	drop_q1
4721872	drop_q1
4721876	drop_q1
4721880	drop_q1
4721884	drop_q1
4721888	drop_q1
4721892	drop_q1
4721896	drop_q1
4721900	drop_q1
4721904	drop_q1
4721908	drop_q1
4721912	drop_q1
4721916	drop_q1
4721920	drop_q1
4721924	drop_q1
4721928	drop_q1
4721932	drop_q1
4721936	drop_q1
4721940	drop_q1
4721944	drop_q1
4721948	drop_q1
4721952	drop_q1
4721956	drop_q1
4721960	drop_q1
4721964	drop_q1
4721968	drop_q1
4721972	drop_q1
4721976	drop_q1
4721980	drop_q1
4721984	drop_q1
4721988	drop_q1
4721992	drop_q1
4721996	drop_q1
4722000	drop_q1
4722004	drop_q1
4753704	delete
4754829	delete
4755943	delete
4757046	delete
4758138	delete
4759219	delete
4760289	delete
4761348	delete
4762396	delete
4763433	delete
4764459	delete
4765474	delete
4766478	delete
4767471	delete
4768453	delete
4769424	delete
4770384	delete
4771333	delete
4772271	delete
4773198	delete
4774114	delete
4775019	delete
4775913	delete
4776796	delete
4777668	delete
4778529	delete
4779379	delete
4780218	delete
4781046	delete
4781863	delete
4782669	delete
4783464	delete
4784248	delete
4785021	delete
4785783	delete
4786534	delete
4787274	delete
4788003	delete
4788721	delete
4789428	delete
4790124	delete
4790809	delete
4791483	delete
4792146	delete
4792798	delete
4793439	delete
4794069	delete
4794688	delete
4795296	delete
4795893	delete
4796479	delete
4797054	delete
4797618	delete
4798171	delete
4798713	delete
4799244	delete
4799764	delete
4800273	delete
4800771	delete
4801258	delete
4801734	delete
4802199	delete
4802653	delete
4803096	delete
4803528	delete
4803949	delete
4804359	delete
4804758	delete
4805146	delete
4805523	delete
4805889	delete
4806244	delete
4806588	delete
4806921	delete
4807243	delete
4807554	delete
4807854	delete
4808143	delete
4812556	delete
4813898	drop_q1
4813904	delete
4813907	delete
4813910	delete
4813913	delete
4813916	delete
4813919	delete
4813922	delete
4813925	delete
4813928	delete
4813931	delete
4813934	delete
4813937	delete
4813940	delete
4813943	delete
4813946	delete
4813949	delete
4813952	delete
4813955	delete
4813958	delete
4813961	delete
4813964	delete
4813967	delete
4813970	delete
4813973	delete
4813976	delete
4813979	delete
4813982	delete
4813985	delete
4813988	delete
4813991	delete
4813994	delete
4813997	delete
4814000	delete
4814003	delete
4814006	delete
4814009	delete
4814012	delete
4814015	delete
4814018	delete
4814021	delete
4814024	delete
4814027	delete
4814030	delete
4814033	delete
4814036	delete
4814039	delete
4814042	delete
4814045	delete
4814048	delete
4814051	delete
4814054	delete
4814057	delete
4814060	delete
4814063	delete
4814066	delete
4814069	delete
4814072	delete
4814075	delete
4814078	delete
4814081	delete
4814084	delete
4814087	delete
4814090	delete
4814093	delete
4814096	delete
4814099	delete
4814102	delete
4814105	delete
4814108	delete
4814111	delete
4814114	delete
4814117	delete
4814120	delete
4814123	delete
4814126	delete
4814129	delete
4814132	delete
4814135	delete
4814138	delete
4814141	delete
4814144	delete
4814147	delete
4814150	delete
4814153	delete
4814156	delete
4814159	delete
4814162	delete
4814165	delete
4814168	delete
4814171	delete
4814174	delete
4814177	delete
4814180	delete
4814183	delete
4814186	delete
4814189	delete
4814192	delete
4814195	delete
4814198	delete
4814201	delete
4814204	delete
4814207	delete
4814210	delete
4814213	delete
4814216	delete
4817482	drop_q2
4817563	drop_q2
4819120	delete
4819121	delete
4819122	delete
4819123	delete
4819124	delete
4819125	delete
4819126	delete
4819127	delete
4819128	delete
4819129	delete
4819130	delete
4819131	delete
4819132	delete
4819133	delete
4819134	delete
4819135	delete
4819136	delete
4819137	delete
4819138	delete
4819139	delete
4819140	delete
4819141	delete
4819142	delete
4819143	delete
4819144	delete
4819145	delete
4819146	delete
4819147	delete
4819148	delete
4819149	delete
4819150	delete
4819151	delete
4819152	delete
4819153	delete
4819154	delete
4819155	delete
4819156	delete
4819157	delete
4819158	delete
4819159	delete
4819160	delete
4819161	delete
4819162	delete
4819163	delete
4819164	delete
4819165	delete
4819166	delete
4819167	delete
4819168	delete
4819169	delete
4819170	delete
4819171	delete
4819172	delete
4819173	delete
4819174	delete
4819175	delete
4819176	delete
4819177	delete
4819178	delete
4819179	delete
4819180	delete
4819181	delete
4819182	delete
4819183	delete
4819184	delete
4819185	delete
4819186	delete
4819187	delete
4819188	delete
4819189	delete
4819190	delete
4819191	delete
4819192	delete
4819193	delete
4819194	delete
4819195	delete
4819196	delete
4819197	delete
4819198	delete
4819199	delete
4819200	delete
4819201	delete
4819202	delete
4819203	delete
4819204	delete
4819205	delete
4819206	delete
4819207	delete
4819208	delete
4819209	delete
4819210	delete
4819211	delete
4819212	delete
4819213	delete
4819214	delete
4819215	delete
4819216	delete
4819217	delete
4819218	delete
4819219	delete
4819220	delete
4819221	delete
4819222	delete
4819223	delete
4819224	delete
4819225	delete
4819226	delete
4819227	delete
4819229	delete
4819231	delete
4819233	delete
4819235	delete
4819237	delete
4819239	delete
4819241	delete
4819243	delete
4819245	delete
4819247	delete
4819249	delete
4819251	delete
4819253	delete
4819255	delete
4819257	delete
4819259	delete
4819261	delete
4819263	delete
4819265	delete
4819267	delete
4819269	delete
4819271	delete
4819273	delete
4819275	delete
4819277	delete
4819279	delete
4819281	delete
4819283	delete
4819285	delete
4819287	delete
4819289	delete
4819291	delete
4819293	delete
4819295	delete
4819297	delete
4819299	delete
4819301	delete
4819303	delete
4819305	delete
4819307	delete
4819309	delete
4819311	delete
4819313	delete
4819315	delete
4819317	delete
4819319	delete
4819321	delete
4819323	delete
4819325	delete
4819327	delete
4819329	delete
4819331	delete
4819333	delete
4819335	delete
4819337	delete
4819339	delete
4819341	delete
4819343	delete
4819345	delete
4819347	delete
4819349	delete
4819351	delete
4819353	delete
4819355	delete
4819357	delete
4819359	delete
4819361	delete
4819363	delete
4819365	delete
4819367	delete
4819369	delete
4819371	delete
4819373	delete
4819375	delete
4819377	delete
4819379	delete
4819381	delete
4819383	delete
4819385	delete
4819387	delete
4819389	delete
4819391	delete
4819393	delete
4819395	delete
4819397	delete
4819399	delete
4819401	delete
4819403	delete
4819405	delete
4819407	delete
4819409	delete
4819411	delete
4819413	delete
4819415	delete
4819417	delete
4819419	delete
4819421	delete
4819423	delete
4819425	delete
4819427	delete
4819429	delete
4819431	delete
4819433	delete
4819435	delete
4819437	delete
4819439	delete
4819441	delete
4819443	delete
4819445	delete
4820863	delete
4820865	delete
4820868	delete
4820871	delete
4820875	delete
4820879	delete
4820883	delete
4820888	delete
4820893	delete
4820898	delete
4820902	delete
4820905	delete
4820908	delete
4820911	delete
4820914	delete
4820917	delete
4820920	delete
4820923	delete
4820926	delete
4820929	delete
4820932	delete
4820935	delete
4820938	delete
4820941	delete
4820944	delete
4820947	delete
4820950	delete
4820953	delete
4820956	delete
4820959	delete
4820962	delete
4820965	delete
4820969	delete
4820973	delete
4820976	delete
4820979	delete
4820982	delete
4820985	delete
4820988	delete
4820991	delete
4820994	delete
4820997	delete
4821000	delete
4821003	delete
4821006	delete
4821009	delete
4821012	delete
4821022	delete
4821025	delete
4821028	delete
4821043	delete
4821046	delete
4821059	drop_q1
4821063	delete
4821081	drop_q1
4821084	drop_q1
4821088	delete
4821423	delete
4821428	delete
4821433	delete
4821438	delete
4821443	delete
4821448	delete
4821453	delete
4821458	delete
4821463	delete
4821468	delete
4821473	delete
4821478	delete
4821483	delete
4821488	delete
4821493	delete
4821498	delete
4821503	delete
4821508	delete
4821513	delete
4822599	delete
4822600	delete
4822601	delete
4822602	delete
4822603	delete
4822604	delete
4822605	delete
4822606	delete
4822607	delete
4822608	delete
4822609	delete
4822610	delete
4822611	delete
4822612	delete
4822613	delete
4822614	delete
4822615	delete
4822616	delete
4822617	delete
4822618	delete
4822619	delete
4822620	delete
4822621	delete
4822622	delete
4822623	delete
4822624	delete
4822625	delete
4822626	delete
4822627	delete
4822628	delete
4822629	delete
4822630	delete
4822631	delete
4822632	delete
4822633	delete
4822634	delete
4822635	delete
4822636	delete
4822637	delete
4822638	delete
4822639	delete
4822640	delete
4822641	delete
4822642	delete
4822643	delete
4822644	delete
4822645	delete
4822646	delete
4822647	delete
4822648	delete
4822649	delete
4822650	delete
4822651	delete
4822652	delete
4822653	delete
4822654	delete
4822655	delete
4822656	delete
4822657	delete
4822658	delete
4822659	delete
4822660	delete
4822661	delete
4822662	delete
4822663	delete
4822664	delete
4822665	delete
4822666	delete
4822667	delete
4822668	delete
4822669	delete
4822670	delete
4822671	delete
4822672	delete
4822673	delete
4822674	delete
4822675	delete
4822676	delete
4822677	delete
4822678	delete
4822679	delete
4822680	delete
4822681	delete
4822682	delete
4822683	delete
4822684	delete
4822685	delete
4822686	delete
4822687	delete
4822688	delete
4822689	delete
4822690	delete
4822691	delete
4822692	delete
4822693	delete
4822694	delete
4822695	delete
4822696	delete
4822697	delete
4822698	delete
4822699	delete
4822700	delete
4822701	delete
4822702	delete
4822704	delete
4822706	delete
4822708	delete
4822710	delete
4822712	delete
4822714	delete
4822716	delete
4822718	delete
4822720	delete
4822722	delete
4822724	delete
4822726	delete
4822728	delete
4822730	delete
4822732	delete
4822734	delete
4822736	delete
4822738	delete
4822740	delete
4822742	delete
4822744	delete
4822746	delete
4822748	delete
4822750	delete
4822752	delete
4822754	delete
4822756	delete
4822758	delete
4822760	delete
4822762	delete
4822764	delete
4822766	delete
4822768	delete
4822770	delete
4822772	delete
4822774	delete
4822776	delete
4822778	delete
4822780	delete
4822782	delete
4822784	delete
4822786	delete
4822788	delete
4822790	delete
4822792	delete
4822794	delete
4822796	delete
4822798	delete
4822800	delete
4822802	delete
4822804	delete
4822806	delete
4822808	delete
4822810	delete
4822812	delete
4822814	delete
4822816	delete
4822818	delete
4822820	delete
4822822	delete
4822824	delete
4822826	delete
4822828	delete
4822830	delete
4822832	delete
4822834	delete
4822836	delete
4822838	delete
4822840	delete
4822842	delete
4822844	delete
4822846	delete
4822848	delete
4822850	delete
4822852	delete
4822854	delete
4822856	delete
4822858	delete
4822860	delete
4822862	delete
4822864	delete
4822866	delete
4822868	delete
4822870	delete
4822872	delete
4822874	delete
4822876	delete
4822878	delete
4822880	delete
4822882	delete
4822884	delete
4822886	delete
4822888	delete
4822890	delete
4822892	delete
4822894	delete
4822896	delete
4822898	delete
4822900	delete
4822902	delete
4822904	delete
4822906	delete
4822908	delete
4822910	delete
4822912	delete
4824342	delete
4824344	delete
4824347	delete
4824350	delete
4824354	delete
4824358	delete
4824362	delete
4824367	delete
4824372	delete
4824377	delete
4824381	delete
4824384	delete
4824387	delete
4824390	delete
4824393	delete
4824396	delete
4824399	delete
4824402	delete
4824405	delete
4824408	delete
4824411	delete
4824414	delete
4824417	delete
4824420	delete
4824423	delete
4824426	delete
4824429	delete
4824432	delete
4824435	delete
4824438	delete
4824441	delete
4824444	delete
4824448	delete
4824452	delete
4824455	delete
4824458	delete
4824461	delete
4824464	delete
4824467	delete
4824470	delete
4824473	delete
4824476	delete
4824479	delete
4824482	delete
4824485	delete
4824488	delete
4824491	delete
4824501	delete
4824504	delete
4824507	delete
4824522	delete
4824525	delete
4824538	drop_q1
4824542	delete
4824560	drop_q1
4824563	drop_q1
4824567	delete
4824902	delete
4824907	delete
4824912	delete
4824917	delete
4824922	delete
4824927	delete
4824932	delete
4824937	delete
4824942	delete
4824947	delete
4824952	delete
4824957	delete
4824962	delete
4824967	delete
4824972	delete
4824977	delete
4824982	delete
4824987	delete
4824992	delete
4826321	delete
4826322	delete
4826323	delete
4826324	delete
4826325	delete
4826326	delete
4826327	delete
4826328	delete
4826329	delete
4826330	delete
4826331	delete
4826332	delete
4826333	delete
4826334	delete
4826335	delete
4826336	delete
4826337	delete
4826338	delete
4826339	delete
4826340	delete
4826341	delete
4826342	delete
4826343	delete
4826344	delete
4826345	delete
4826346	delete
4826347	delete
4826348	delete
4826349	delete
4826350	delete
4826351	delete
4826352	delete
4826353	delete
4826354	delete
4826355	delete
4826356	delete
4826357	delete
4826358	delete
4826359	delete
4826360	delete
4826361	delete
4826362	delete
4826363	delete
4826364	delete
4826365	delete
4826366	delete
4826367	delete
4826368	delete
4826369	delete
4826370	delete
4826371	delete
4826372	delete
4826373	delete
4826374	delete
4826375	delete
4826376	delete
4826377	delete
4826378	delete
4826379	delete
4826380	delete
4826381	delete
4826382	delete
4826383	delete
4826384	delete
4826385	delete
4826386	delete
4826387	delete
4826388	delete
4826389	delete
4826390	delete
4826391	delete
4826392	delete
4826393	delete
4826394	delete
4826395	delete
4826396	delete
4826397	delete
4826398	delete
4826399	delete
4826400	delete
4826401	delete
4826402	delete
4826403	delete
4826404	delete
4826405	delete
4826406	delete
4826407	delete
4826408	delete
4826409	delete
4826410	delete
4826411	delete
4826412	delete
4826413	delete
4826414	delete
4826415	delete
4826416	delete
4826417	delete
4826418	delete
4826419	delete
4826420	delete
4826421	delete
4826422	delete
4826423	delete
4826425	delete
4826427	delete
4826429	delete
4826431	delete
4826433	delete
4826435	delete
4826437	delete
4826439	delete
4826441	delete
4826443	delete
4826445	delete
4826447	delete
4826449	delete
4826451	delete
4826453	delete
4826455	delete
4826457	delete
4826459	delete
4826461	delete
4826463	delete
4826465	delete
4826467	delete
4826469	delete
4826471	delete
4826473	delete
4826475	delete
4826477	delete
4826479	delete
4826481	delete
4826483	delete
4826485	delete
4826487	delete
4826489	delete
4826491	delete
4826493	delete
4826495	delete
4826497	delete
4826499	delete
4826501	delete
4826503	delete
4826505	delete
4826507	delete
4826509	delete
4826511	delete
4826513	delete
4826515	delete
4826517	delete
4826519	delete
4826521	delete
4826523	delete
4826525	delete
4826527	delete
4826529	delete
4826531	delete
4826533	delete
4826535	delete
4826537	delete
4826539	delete
4826541	delete
4826543	delete
4826545	delete
4826547	delete
4826549	delete
4826551	delete
4826553	delete
4826555	delete
4826557	delete
4826559	delete
4826561	delete
4826563	delete
4826565	delete
4826567	delete
4826569	delete
4826571	delete
4826573	delete
4826575	delete
4826577	delete
4826579	delete
4826581	delete
4826583	delete
4826585	delete
4826587	delete
4826589	delete
4826591	delete
4826593	delete
4826595	delete
4826597	delete
4826599	delete
4826601	delete
4826603	delete
4826605	delete
4826607	delete
4826609	delete
4826611	delete
4826613	delete
4826615	delete
4826617	delete
4826619	delete
4826621	delete
4826623	delete
4826625	delete
4826627	delete
4826629	delete
4826631	delete
4828368	delete
4828370	delete
4828373	delete
4828376	delete
4828380	delete
4828384	delete
4828388	delete
4828393	delete
4828398	delete
4828403	delete
4828407	delete
4828410	delete
4828413	delete
4828416	delete
4828419	delete
4828422	delete
4828425	delete
4828428	delete
4828431	delete
4828434	delete
4828437	delete
4828440	delete
4828443	delete
4828446	delete
4828449	delete
4828452	delete
4828455	delete
4828458	delete
4828461	delete
4828464	delete
4828467	delete
4828470	delete
4828474	delete
4828478	delete
4828481	delete
4828484	delete
4828487	delete
4828490	delete
4828493	delete
4828496	delete
4828499	delete
4828502	delete
4828505	delete
4828508	delete
4828511	delete
4828514	delete
4828517	delete
4828527	delete
4828530	delete
4828533	delete
4828548	delete
4828551	delete
4828564	drop_q1
4828568	delete
4828586	drop_q1
4828589	drop_q1
4828593	delete
4828999	delete
4829004	delete
4829009	delete
4829014	delete
4829019	delete
4829024	delete
4829029	delete
4829034	delete
4829039	delete
4829044	delete
4829049	delete
4829054	delete
4829059	delete
4829064	delete
4829069	delete
4829074	delete
4829079	delete
4829084	delete
4829089	delete
4830184	delete
4830185	delete
4830186	delete
4830187	delete
4830188	delete
4830189	delete
4830190	delete
4830191	delete
4830192	delete
4830193	delete
4830194	delete
4830195	delete
4830196	delete
4830197	delete
4830198	delete
4830199	delete
4830200	delete
4830201	delete
4830202	delete
4830203	delete
4830204	delete
4830205	delete
4830206	delete
4830207	delete
4830208	delete
4830209	delete
4830210	delete
4830211	delete
4830212	delete
4830213	delete
4830214	delete
4830215	delete
4830216	delete
4830217	delete
4830218	delete
4830219	delete
4830220	delete
4830221	delete
4830222	delete
4830223	delete
4830224	delete
4830225	delete
4830226	delete
4830227	delete
4830228	delete
4830229	delete
4830230	delete
4830231	delete
4830232	delete
4830233	delete
4830234	delete
4830235	delete
4830236	delete
4830237	delete
4830238	delete
4830239	delete
4830240	delete
4830241	delete
4830242	delete
4830243	delete
4830244	delete
4830245	delete
4830246	delete
4830247	delete
4830248	delete
4830249	delete
4830250	delete
4830251	delete
4830252	delete
4830253	delete
4830254	delete
4830255	delete
4830256	delete
4830257	delete
4830258	delete
4830259	delete
4830260	delete
4830261	delete
4830262	delete
4830263	delete
4830264	delete
4830265	delete
4830266	delete
4830267	delete
4830268	delete
4830269	delete
4830270	delete
4830271	delete
4830272	delete
4830273	delete
4830274	delete
4830275	delete
4830276	delete
4830277	delete
4830278	delete
4830279	delete
4830280	delete
4830282	delete
4830284	delete
4830286	delete
4830288	delete
4830290	delete
4830292	delete
4830294	delete
4830296	delete
4830298	delete
4830300	delete
4830302	delete
4830304	delete
4830306	delete
4830308	delete
4830310	delete
4830312	delete
4830314	delete
4830316	delete
4830318	delete
4830320	delete
4830322	delete
4830324	delete
4830326	delete
4830328	delete
4830330	delete
4830332	delete
4830334	delete
4830336	delete
4830338	delete
4830340	delete
4830342	delete
4830344	delete
4830346	delete
4830348	delete
4830350	delete
4830352	delete
4830354	delete
4830356	delete
4830358	delete
4830360	delete
4830362	delete
4830364	delete
4830366	delete
4830368	delete
4830370	delete
4830372	delete
4830374	delete
4830376	delete
4830378	delete
4830380	delete
4830382	delete
4830384	delete
4830386	delete
4830388	delete
4830390	delete
4830392	delete
4830394	delete
4830396	delete
4830398	delete
4830400	delete
4830402	delete
4830404	delete
4830406	delete
4830408	delete
4830410	delete
4830412	delete
4830414	delete
4830416	delete
4830418	delete
4830420	delete
4830422	delete
4830424	delete
4830426	delete
4830428	delete
4830430	delete
4830432	delete
4830434	delete
4830436	delete
4830438	delete
4830440	delete
4830442	delete
4830444	delete
4830446	delete
4830448	delete
4830450	delete
4830452	delete
4830454	delete
4830456	delete
4830458	delete
4830460	delete
4830462	delete
4830464	delete
4830466	delete
4830468	delete
4830470	delete
4830472	delete
4830474	delete
4830476	delete
4831926	delete
4831928	delete
4831931	delete
4831934	delete
4831938	delete
4831942	delete
4831946	delete
4831951	delete
4831956	delete
4831961	delete
4831965	delete
4831968	delete
4831971	delete
4831974	delete
4831977	delete
4831980	delete
4831983	delete
4831986	delete
4831989	delete
4831992	delete
4831995	delete
4831998	delete
4832001	delete
4832004	delete
4832007	delete
4832010	delete
4832013	delete
4832016	delete
4832019	delete
4832022	delete
4832025	delete
4832028	delete
4832032	delete
4832036	delete
4832039	delete
4832042	delete
4832045	delete
4832048	delete
4832051	delete
4832054	delete
4832057	delete
4832060	delete
4832063	delete
4832066	delete
4832069	delete
4832072	delete
4832075	delete
4832085	delete
4832088	delete
4832091	delete
4832106	delete
4832109	delete
4832122	drop_q1
4832126	delete
4832144	drop_q1
4832147	drop_q1
4832151	delete
4832486	delete
4832491	delete
4832496	delete
4832501	delete
4832506	delete
4832511	delete
4832516	delete
4832521	delete
4832526	delete
4832531	delete
4832536	delete
4832541	delete
4832546	delete
4832551	delete
4832556	delete
4832561	delete
4832566	delete
4832571	delete
4832576	delete
4833621	delete
4833623	delete
4833625	delete
4833627	delete
4833629	delete
4833631	delete
4833632	delete
4833633	delete
4833634	delete
4833635	delete
4833636	delete
4833637	delete
4833638	delete
4833639	delete
4833640	delete
4833641	delete
4833642	delete
4833643	delete
4833644	delete
4833645	delete
4833646	delete
4833647	delete
4833648	delete
4833649	delete
4833650	delete
4833651	delete
4833652	delete
4833653	delete
4833654	delete
4833655	delete
4833656	delete
4833657	delete
4833658	delete
4833659	delete
4833660	delete
4833661	delete
4833662	delete
4833663	delete
4833664	delete
4833665	delete
4833666	delete
4833667	delete
4833668	delete
4833669	delete
4833670	delete
4833671	delete
4833672	delete
4833673	delete
4833674	delete
4833675	delete
4833676	delete
4833677	delete
4833678	delete
4833679	delete
4833680	delete
4833681	delete
4833682	delete
4833683	delete
4833684	delete
4833685	delete
4833686	delete
4833687	delete
4833688	delete
4833689	delete
4833690	delete
4833691	delete
4833692	delete
4833693	delete
4833694	delete
4833695	delete
4833696	delete
4833697	delete
4833698	delete
4833699	delete
4833701	delete
4833703	delete
4833705	delete
4833707	delete
4833709	delete
4833711	delete
4833713	delete
4833715	delete
4833717	delete
4833719	delete
4833721	delete
4833723	delete
4833725	delete
4833727	delete
4833729	delete
4833731	delete
4833733	delete
4833735	delete
4833737	delete
4833739	delete
4833741	delete
4833743	delete
4833745	delete
4833747	delete
4833749	delete
4833751	delete
4833753	delete
4833755	delete
4833757	delete
4833759	delete
4833761	delete
4833763	delete
4833765	delete
4833767	delete
4833769	delete
4833771	delete
4833773	delete
4833775	delete
4833777	delete
4833779	delete
4833781	delete
4833783	delete
4833785	delete
4833787	delete
4833789	delete
4833791	delete
4833793	delete
4833795	delete
4833797	delete
4833799	delete
4833801	delete
4833803	delete
4833805	delete
4833807	delete
4833809	delete
4833811	delete
4833813	delete
4833815	delete
4833817	delete
4833819	delete
4833821	delete
4833823	delete
4833825	delete
4833827	delete
4833829	delete
4833831	delete
4833833	delete
4833835	delete
4833837	delete
4833839	delete
4835367	delete
4835369	delete
4835372	delete
4835375	delete
4835379	delete
4835383	delete
4835387	delete
4835392	delete
4835397	delete
4835402	delete
4835406	delete
4835409	delete
4835412	delete
4835415	delete
4835418	delete
4835421	delete
4835424	delete
4835427	delete
4835430	delete
4835433	delete
4835436	delete
4835439	delete
4835442	delete
4835445	delete
4835448	delete
4835451	delete
4835454	delete
4835457	delete
4835460	delete
4835463	delete
4835466	delete
4835469	delete
4835473	delete
4835477	delete
4835480	delete
4835483	delete
4835486	delete
4835489	delete
4835492	delete
4835495	delete
4835498	delete
4835501	delete
4835504	delete
4835507	delete
4835510	delete
4835513	delete
4835516	delete
4835526	delete
4835529	delete
4835532	delete
4835547	delete
4835550	delete
4835563	drop_q1
4835567	delete
4835585	drop_q1
4835588	drop_q1
4835592	delete
4835927	delete
4835932	delete
4835937	delete
4835942	delete
4835947	delete
4835952	delete
4835957	delete
4835962	delete
4835967	delete
4835972	delete
4835977	delete
4835982	delete
4835987	delete
4835992	delete
4835997	delete
4836002	delete
4836007	delete
4836012	delete
4836017	delete
4840250	delete
4840253	drop_q2
4840334	delete
4840347	drop_q1
4844990	drop_q2
4844993	delete
4844996	delete
4845090	drop_q1
4845966	delete
4845969	drop_q2
4845972	delete
4846631	delete
4847287	delete
4847290	drop_q2
4847371	delete
4847384	drop_q1
4847943	drop_q2
4847946	delete
4847949	delete
4848027	delete
4848043	drop_q1
4851802	delete
4851805	drop_q2
4851886	delete
4851899	drop_q1
4852634	drop_q2
4852637	delete
4853187	drop_q2
4853190	delete
4853284	drop_q1
4853743	drop_q2
4854290	delete
4854293	delete
4854296	drop_q2
4854843	delete
4854849	drop_q2
4855396	drop_q2
4855399	delete
4855402	delete
4855480	delete
4855483	drop_q2
4855496	drop_q1
4859695	delete
4859698	drop_q2
4860752	delete
4860768	drop_q1
4861327	delete
4861330	delete
4861333	drop_q2
4861983	delete
4861989	delete
4862648	drop_q2
4862651	delete
4862745	drop_q1
4863304	delete
4863310	delete
4863391	delete
4864047	drop_q2
4864050	delete
4864622	drop_q2
4864625	delete
4864628	delete
4864709	delete
4865281	delete
4865284	drop_q2
4865287	delete
4865368	drop_q2
4865943	drop_q2
4865946	delete
4866599	drop_q2
4866602	delete
4866605	delete
4870621	delete
4870624	delete
4870702	delete
4870705	drop_q2
4870718	drop_q1
4871594	drop_q2
4871597	delete
4871600	delete
4872912	delete
4873577	delete
4873658	drop_q2
4874236	delete
4874892	drop_q2
4874895	delete
4875551	delete
4876213	drop_q2
4876866	drop_q2
4876869	delete
4876872	delete
4876953	drop_q2
4877528	delete
4878181	delete
4878184	delete
4878187	drop_q2
4878190	delete
4878843	drop_q2
4878846	delete
4878849	delete
4878943	drop_q1
4879508	delete
4879602	drop_q1
4880161	drop_q2
4880164	delete
4880167	delete
4880826	drop_q2
4881479	delete
4882141	delete
4882800	drop_q2
4882803	delete
4882881	delete
4882897	drop_q1
4883462	drop_q2
4884121	delete
4884774	delete
4884780	drop_q2
4885436	drop_q2
4885439	delete
4886095	drop_q2
4886098	delete
4886754	delete
4886757	drop_q2
4887416	delete
4888075	delete
4888169	drop_q1
4888728	delete
4888734	drop_q2
4889393	delete
4889474	delete
4890052	drop_q2
4890705	drop_q2
4890708	delete
4890711	delete
4891370	drop_q2
4891451	drop_q2
4892026	delete
4892110	delete
4893303	delete
4893747	drop_q1
4893753	delete
4893756	delete
4893759	delete
4893762	delete
4893765	delete
4893768	delete
4893771	delete
4893774	delete
4893777	delete
4893780	delete
4893783	delete
4893786	delete
4893789	delete
4893792	delete
4893795	delete
4893798	delete
4893801	delete
4893804	delete
4893807	delete
4893810	delete
4893813	delete
4893816	delete
4893819	delete
4893822	delete
4893825	delete
4893828	delete
4893831	delete
4893834	delete
4893837	delete
4893840	delete
4893843	delete
4893846	delete
4893849	delete
4893852	delete
4893855	delete
4893858	delete
4893861	delete
4893864	delete
4893867	delete
4893870	delete
4893873	delete
4893876	delete
4893879	delete
4893882	delete
4893885	delete
4893888	delete
4893891	delete
4893894	delete
4893897	delete
4893900	delete
4893903	delete
4893906	delete
4893909	delete
4893912	delete
4893915	delete
4893918	delete
4893921	delete
4893924	delete
4893927	delete
4893930	delete
4893933	delete
4893936	delete
4893939	delete
4893942	delete
4893945	delete
4893948	delete
4893951	delete
4893954	delete
4893957	delete
4893960	delete
4893963	delete
4893966	delete
4893969	delete
4893972	delete
4893975	delete
4893978	delete
4893981	delete
4893984	delete
4893987	delete
4893990	delete
4893993	delete
4893996	delete
4893999	delete
4894002	delete
4894005	delete
4894008	delete
4894011	delete
4894014	delete
4894017	delete
4894020	delete
4894023	delete
4894026	delete
4894029	delete
4894032	delete
4894035	delete
4894038	delete
4894041	delete
4894044	delete
4894047	delete
4894050	delete
4894053	delete
4894056	delete
4894059	delete
4894062	delete
4894065	delete
4894830	delete
4895725	delete
4900111	delete
4900399	delete
4900698	delete
4901008	delete
4901329	delete
4901661	delete
4902004	delete
4902358	delete
4902723	delete
4903099	delete
4903486	delete
4903884	delete
4904293	delete
4904713	delete
4905144	delete
4905586	delete
4906039	delete
4906503	delete
4906978	delete
4907464	delete
4907961	delete
4908469	delete
4908988	delete
4909518	delete
4910059	delete
4910611	delete
4911174	delete
4911748	delete
4912333	delete
4912929	delete
4913536	delete
4914154	delete
4914783	delete
4915423	delete
4916074	delete
4916736	delete
4917409	delete
4918093	delete
4918788	delete
4919494	delete
4920211	delete
4920939	delete
4921678	delete
4922428	delete
4923189	delete
4923961	delete
4924744	delete
4925538	delete
4926343	delete
4927159	delete
4927986	delete
4928824	delete
4929673	delete
4930533	delete
4931404	delete
4932286	delete
4933179	delete
4934083	delete
4934998	delete
4935924	delete
4936861	delete
4937809	delete
4938768	delete
4939738	delete
4940719	delete
4941711	delete
4942714	delete
4943728	delete
4944753	delete
4945789	delete
4946836	delete
4947894	delete
4948963	delete
4950043	delete
4951134	delete
4952236	delete
4953349	delete
4954473	delete
4985716	drop_q1
4985728	drop_q2
4985732	drop_q1
4985736	drop_q1
4985740	drop_q1
4985744	drop_q1
4985748	drop_q1
4985752	drop_q1
4985756	drop_q1
4985760	drop_q1
4985764	drop_q1
4985768	drop_q1
4985772	drop_q1
4985776	drop_q1
4985780	drop_q1
4985784	drop_q1
4985788	drop_q1
4985792	drop_q1
4985796	drop_q1
4985800	drop_q1
4985804	drop_q1
4985808	drop_q1
4985812	drop_q1
4985816	drop_q1
4985820	drop_q1
4985824	drop_q1
4985828	drop_q1
4985832	drop_q1
4985836	drop_q1
4985840	drop_q1
4985844	drop_q1
4985848	drop_q1
4985852	drop_q1
4985856	drop_q1
4985860	drop_q1
4985864	drop_q1
4985868	drop_q1
4985872	drop_q1
4985876	drop_q1
4985880	drop_q1
4985884	drop_q1
4985888	drop_q1
4985892	drop_q1
4985896	drop_q1
4985900	drop_q1
4985904	drop_q1
4985908	drop_q1
4985912	drop_q1
4985916	drop_q1
4985920	drop_q1
4985924	drop_q1
4985928	drop_q1
4985932	drop_q1
4985936	drop_q1
4985940	drop_q1
4985944	drop_q1
4985948	drop_q1
4985952	drop_q1
4985956	drop_q1
4985960	drop_q1
4985964	drop_q1
4985968	drop_q1
4985972	drop_q1
4985976	drop_q1
4985980	drop_q1
4985984	drop_q1
4985988	drop_q1
4985992	drop_q1
4985996	drop_q1
4986000	drop_q1
4986004	drop_q1
4986008	drop_q1
4986012	drop_q1
4986016	drop_q1
4986020	drop_q1
4986024	drop_q1
4986028	drop_q1
4986032	drop_q1
4986036	drop_q1
4986040	drop_q1
4986044	drop_q1
4986048	drop_q1
4986052	drop_q1
4986056	drop_q1
4986060	drop_q1
4986064	drop_q1
4986068	drop_q1
4986072	drop_q1
4986076	drop_q1
4986080	drop_q1
4986084	drop_q1
4986088	drop_q1
4986092	drop_q1
4986096	drop_q1
4986100	drop_q1
4986104	drop_q1
4986108	drop_q1
4986112	drop_q1
4986116	drop_q1
4986120	drop_q1
4986124	drop_q1
4986128	drop_q1
4986132	drop_q1
4986136	drop_q1
4986140	drop_q1
4986144	drop_q1
4986148	drop_q1
4991396	drop_q1
4991516	delete
4991604	delete
4991612	delete
4991616	delete
4991620	delete
4991624	delete
4991628	delete
4991636	delete
4991640	delete
4991644	delete
4991648	delete
4991652	delete
4991656	delete
4991660	delete
4991664	delete
4991668	delete
4991672	delete
4991676	delete
4991680	delete
4991684	delete
4991688	delete
4991692	delete
4991696	delete
4991700	delete
4991704	delete
4991708	delete
4991712	delete
4991716	delete
4991720	delete
4991724	delete
4991728	delete
4991732	delete
4991736	delete
4991740	delete
4991744	delete
4991748	delete
4991752	delete
4991756	delete
4991760	delete
4991764	delete
4991768	delete
4991772	delete
4991776	delete
4991780	delete
4991784	delete
4991788	delete
4991792	delete
4991796	delete
4991800	delete
4991804	delete
4991808	delete
4991812	delete
4991816	delete
4991820	delete
4991824	delete
4991828	delete
4991832	delete
4991836	delete
4991840	delete
4991844	delete
4991848	delete
4991852	delete
4991856	delete
4991860	delete
4991864	delete
4991868	delete
4991872	delete
4991876	delete
4991880	delete
4991884	delete
4991888	delete
4991892	delete
4991896	delete
4991900	delete
4991904	delete
4991908	delete
4991912	delete
4991916	delete
4991920	delete
4991924	delete
4991928	delete
4991932	delete
4991936	delete
4991940	delete
4991944	delete
4991948	delete
4991952	delete
4991956	delete
4991960	delete
4991964	delete
4991968	delete
4991972	delete
4991976	delete
4991980	delete
4991984	delete
4991988	delete
4991992	delete
4991996	delete
4992000	delete
4992004	delete
4992008	delete
4992012	delete
4992016	delete
4992020	delete
4992024	delete
4992028	delete
4992032	delete
4992036	delete
4992040	delete
4992044	delete
4992048	delete
4992052	delete
4992056	delete
4992060	delete
4992064	delete
4992068	delete
4992072	delete
4992076	delete
4992080	delete
4992084	delete
4992088	delete
4992092	delete
4992096	delete
4992100	delete
4992104	delete
4992108	delete
4992112	delete
4992116	delete
4992120	delete
4992124	delete
4992128	delete
4992132	delete
4992136	delete
4992140	delete
4992144	delete
4992148	delete
4992152	delete
4992156	delete
4992160	delete
4992164	delete
4992168	delete
4992172	delete
4992176	delete
4992180	delete
4992184	delete
4992188	delete
4992192	delete
4992196	delete
4992200	delete
4992204	delete
4992208	delete
4992212	delete
4992216	delete
4992220	delete
4992224	delete
4992228	delete
4992232	delete
4992236	delete
4992240	delete
4992244	delete
4992248	delete
4992252	delete
4992256	delete
4992260	delete
4992264	delete
4992268	delete
4992272	delete
4992276	delete
4992280	delete
4992284	delete
4992288	delete
4992292	delete
4992296	delete
4992300	delete
4992304	delete
4992308	delete
4992312	delete
4992316	delete
4992320	delete
4992324	delete
4992328	delete
4992332	delete
4992336	delete
4992340	delete
4992344	delete
4992348	delete
4992352	delete
4992356	delete
4992360	delete
4992364	delete
4992368	delete
4992372	delete
4992376	delete
4992380	delete
4992384	delete
4992388	delete
4992392	delete
4992396	delete
4992400	delete
4992404	delete
4992408	delete
4992411	drop_q2
4992420	drop_q2
4992429	drop_q2
4992438	drop_q2
4992447	drop_q2
4992456	drop_q2
4992465	drop_q2
4992474	drop_q2
4992483	drop_q2
4992492	drop_q2
4992501	drop_q2
4992510	drop_q2
4992519	drop_q2
4992528	drop_q2
4992537	drop_q2
4992546	drop_q2
4992555	drop_q2
4992564	drop_q2
4992573	drop_q2
4992582	drop_q2
4992591	drop_q2
4992600	drop_q2
4992609	drop_q2
4992618	drop_q2
4992627	drop_q2
4992636	drop_q2
4992645	drop_q2
4992654	drop_q2
4992663	drop_q2
4992672	drop_q2
4992681	drop_q2
4992690	drop_q2
4992699	drop_q2
4992708	drop_q2
4992717	drop_q2
4992726	drop_q2
4992735	drop_q2
4992744	drop_q2
4992753	drop_q2
4992762	drop_q2
4992771	drop_q2
4992780	drop_q2
4992789	drop_q2
4992798	drop_q2
4992807	drop_q2
4992816	drop_q2
4992825	drop_q2
4992834	drop_q2
4992843	drop_q2
4992852	drop_q2
4992861	drop_q2
4992870	drop_q2
4992879	drop_q2
4992888	drop_q2
4992897	drop_q2
4992906	drop_q2
4992915	drop_q2
4992924	drop_q2
4992933	drop_q2
4992942	drop_q2
4992951	drop_q2
4992960	drop_q2
4992969	drop_q2
4992978	drop_q2
4992987	drop_q2
4992996	drop_q2
4993005	drop_q2
4993014	drop_q2
4993023	drop_q2
4993032	drop_q2
4993041	drop_q2
4993050	drop_q2
4993059	drop_q2
4993068	drop_q2
4993077	drop_q2
4993086	drop_q2
4993095	drop_q2
4993104	drop_q2
4993113	drop_q2
4993122	drop_q2
4993131	drop_q2
4993140	drop_q2
4993149	drop_q2
4993158	drop_q2
4993167	drop_q2
4993176	drop_q2
4993185	drop_q2
4993194	drop_q2
4993203	drop_q2
4993212	drop_q2
4993221	drop_q2
4993230	drop_q2
4993239	drop_q2
4993248	drop_q2
4993257	drop_q2
4993266	drop_q2
4993275	drop_q2
4993284	drop_q2
4993293	drop_q2
4993302	drop_q2
4993311	drop_q2
4993320	drop_q2
4993329	drop_q2
4993338	drop_q2
4993347	drop_q2
4993356	drop_q2
4993365	drop_q2
4993374	drop_q2
4993383	drop_q2
4993392	drop_q2
4993401	drop_q2
4993410	drop_q2
4993419	drop_q2
4993428	drop_q2
4993437	drop_q2
4993446	drop_q2
4993455	drop_q2
4993464	drop_q2
4993473	drop_q2
4993482	drop_q2
4993491	drop_q2
4993500	drop_q2
4993509	drop_q2
4993518	drop_q2
4993527	drop_q2
4993536	drop_q2
4993545	drop_q2
4993554	drop_q2
4993563	drop_q2
4993572	drop_q2
4993581	drop_q2
4993590	drop_q2
4993599	drop_q2
4993608	drop_q2
4993617	drop_q2
4993626	drop_q2
4993635	drop_q2
4993644	drop_q2
4993653	drop_q2
4993662	drop_q2
4993671	drop_q2
4993680	drop_q2
4993689	drop_q2
4993698	drop_q2
4993707	drop_q2
4993716	drop_q2
4993725	drop_q2
4993734	drop_q2
4993743	drop_q2
4993752	drop_q2
4993761	drop_q2
4993770	drop_q2
4993779	drop_q2
4993788	drop_q2
4993797	drop_q2
4993806	drop_q2
4993815	drop_q2
4993824	drop_q2
4993833	drop_q2
4993842	drop_q2
4993851	drop_q2
4993860	drop_q2
4993869	drop_q2
4993878	drop_q2
4993887	drop_q2
4993896	drop_q2
4993905	drop_q2
4993914	drop_q2
4993923	drop_q2
4993932	drop_q2
4993941	drop_q2
4993950	drop_q2
4993959	drop_q2
4993968	drop_q2
4993977	drop_q2
4993986	drop_q2
4993995	drop_q2
4994004	drop_q2
4994013	drop_q2
4994022	drop_q2
4994031	drop_q2
4994040	drop_q2
4994049	drop_q2
4994058	drop_q2
4994067	drop_q2
4994076	drop_q2
4994085	drop_q2
4994094	drop_q2
4994103	drop_q2
4994112	drop_q2
4994121	drop_q2
4994130	drop_q2
4994139	drop_q2
4994148	drop_q2
4994157	drop_q2
4994166	drop_q2
4994175	drop_q2
4994184	drop_q2
4994193	drop_q2
4994202	drop_q2
4994211	drop_q2
4994220	drop_q2
4994229	drop_q2
4994427	drop_q2
4994436	drop_q2
4994445	drop_q2
5026078	delete
5032237	delete
5032242	delete
5034539	delete
5034542	delete
5034551	delete
5038256	delete
5038261	delete
5040576	delete
5044288	delete
5044293	delete
5044298	delete
5046609	delete
5046613	delete
5046616	delete
5046625	delete
5046634	delete
5050489	delete
5050494	delete
5050499	delete
5050504	delete
5050509	delete
5052830	delete
5052834	delete
5052838	delete
5052842	delete
5052845	delete
5052854	delete
5052863	delete
5052872	delete
5052881	delete
5056562	delete
5056567	delete
5056572	delete
5058893	delete
5058897	delete
5062598	delete
5062603	delete
5062608	delete
5062613	delete
5064922	delete
5064926	delete
5064930	delete
5064933	delete
5064942	delete
5064951	delete
5064960	delete
5068781	delete
5068786	delete
5068791	delete
5068796	delete
5069845	drop_q2
5071097	delete
5071101	delete
5071105	delete
5074778	delete
5074783	delete
5074788	delete
5074793	delete
5077086	delete
5077090	delete
5077094	delete
5077097	delete
5077106	delete
5077115	delete
5077124	delete
5080753	delete
5080758	delete
5080763	delete
5080768	delete
5083053	delete
5083057	delete
5083061	delete
5083064	delete
5083073	delete
5083082	delete
5083091	delete
5086880	delete
5086885	delete
5086890	delete
5089180	delete
5089184	delete
5089187	delete
5089196	delete
5089205	delete
5092820	delete
5092825	delete
5092830	delete
5092835	delete
5093881	drop_q2
5095113	delete
5095117	delete
5095121	delete
5095124	delete
5095133	delete
5095142	delete
5095151	delete
5098743	delete
5098748	delete
5098753	delete
5101018	delete
5101022	delete
5101025	delete
5101034	delete
5101043	delete
5104799	delete
5104804	delete
5104809	delete
5107075	delete
5107079	delete
5107082	delete
5107091	delete
5107100	delete
5110678	delete
5110683	delete
5110688	delete
5111725	drop_q2
5112946	delete
5112950	delete
5112953	delete
5112962	delete
5112971	delete
5116535	delete
5116540	delete
5116545	delete
5117579	drop_q2
5118795	delete
5118799	delete
5118802	delete
5118811	delete
5118820	delete
5122529	delete
5122534	delete
5122539	delete
5123561	drop_q2
5124772	delete
5124776	delete
5124779	delete
5124788	delete
5124797	delete
5128338	delete
5128343	delete
5128348	delete
5129385	drop_q2
5130591	delete
5130595	delete
5130598	delete
5130607	delete
5130616	delete
5134143	delete
5134148	delete
5134153	delete
5135187	delete
5136388	delete
5136392	delete
5136395	delete
5136404	delete
5136413	delete
5140085	delete
5140090	delete
5140095	delete
5141117	drop_q2
5142313	delete
5142317	delete
5145832	delete
5145837	delete
5145842	delete
5146861	drop_q2
5148052	delete
5148056	delete
5151562	delete
5151567	delete
5151572	delete
5153783	delete
5153787	delete
5153790	delete
5153799	delete
5153808	delete
5157438	delete
5157443	delete
5157448	delete
5159642	delete
5159646	delete
5159649	delete
5159658	delete
5159667	delete
5163119	delete
5163124	delete
5163129	delete
5165315	delete
5165319	delete
5165322	delete
5165331	delete
5165340	delete
5168788	delete
5168793	delete
5168798	delete
5169823	drop_q2
5170994	delete
5170998	delete
5171001	delete
5171010	delete
5171019	delete
5174612	delete
5174617	delete
5175621	delete
5176791	delete
5180232	delete
5180237	delete
5181247	drop_q2
5182412	delete
5185834	delete
5185839	delete
5185844	delete
5188007	delete
5188011	delete
5188014	delete
5188023	delete
5188032	delete
5191588	delete
5191593	delete
5193752	delete
5197151	delete
5197156	delete
5199307	delete
5199310	delete
5199319	delete
5202697	delete
5202702	delete
5203709	drop_q2
5204854	delete
5204857	delete
5204866	delete
5208389	delete
5208394	delete
5210529	delete
5210532	delete
5210541	delete
5213896	delete
5214897	delete
5216035	delete
5219380	delete
5219385	delete
5221513	delete
5221516	delete
5221525	delete
5225011	delete
5225016	delete
5227136	delete
5227139	delete
5227148	delete
5230456	delete
5235865	delete
5235870	delete
5237974	delete
5237977	delete
5237986	delete
5241435	delete
5243534	delete
5246809	delete
5246814	delete
5248902	delete
5248905	delete
5248914	delete
5252166	delete
5252171	delete
5254251	delete
5257675	delete
5259759	delete
5262992	delete
5262997	delete
5265061	delete
5265064	delete
5265073	delete
5268288	delete
5268293	delete
5270358	delete
5270361	delete
5270370	delete
5273735	delete
5275786	delete
5278982	delete
5278987	delete
5281036	delete
5281039	delete
5281048	delete
5284221	delete
5284226	delete
5286267	delete
5289607	delete
5294797	delete
5294802	delete
5296827	delete
5296830	delete
5296839	delete
5299970	delete
5299975	delete
5300937	drop_q2
5301992	delete
5305290	delete
5310419	delete
5310424	delete
5312434	delete
5315540	delete
5315545	delete
5317547	delete
5317550	delete
5317559	delete
5320808	delete
5325880	delete
5325885	delete
5327871	delete
5330940	delete
5332921	delete
5336137	delete
5337087	drop_q2
5338110	delete
5341148	delete
5342095	drop_q2
5343113	delete
5346137	delete
5347081	drop_q2
5351268	delete
5353217	delete
5356213	delete
5358154	delete
5361136	delete
5366201	delete
5371080	delete
5371085	delete
5372023	drop_q2
5373008	delete
5373011	delete
5373020	delete
5375956	delete
5380969	delete
5382879	delete
5385796	delete
5387698	delete
5390601	delete
5395548	delete
5397434	delete
5400309	delete
5400314	delete
5402198	delete
5402201	delete
5402210	delete
5405067	delete
5409967	delete
5411847	delete
5414685	delete
5416548	delete
5419367	delete
5421213	delete
5424187	delete
5426034	delete
5428830	delete
5429741	drop_q2
5433456	delete
5438233	delete
5440065	delete
5442829	delete
5443749	drop_q2
5444662	delete
5447402	delete
5449209	delete
5452099	delete
5453898	delete
5456615	delete
5462910	delete
5465763	delete
5467547	delete
5470222	delete
5471998	delete
5474659	delete
5475549	drop_q2
5479238	delete
5480998	delete
5483636	delete
5485397	delete
5488016	delete
5488897	drop_q2
5489760	delete
5492536	delete
5492541	delete
5493437	drop_q2
5493440	delete
5494300	delete
5494303	delete
5494312	delete
5496908	delete
5496913	delete
5497800	delete
5498655	delete
5501247	delete
5505694	delete
5509965	delete
5511687	delete
5515932	delete
5518622	delete
5522824	delete
5524496	delete
5547789	delete
5549422	delete
5557614	delete
5563967	delete
5565568	delete
5568081	delete
5569683	delete
5572018	delete
5573612	delete
5575933	delete
5577519	delete
5579990	delete
5581568	delete
5583861	delete
5587710	delete
5589272	delete
5591701	delete
5593255	delete
5599303	delete
5603233	delete
5606986	delete
5608517	delete
5610712	delete
5612226	delete
5616077	delete
5618249	delete
5619756	delete
5621909	delete
5625702	delete
5632894	delete
5636626	delete
5643714	delete
5645165	delete
5650873	delete
5654336	delete
5655772	delete
5657959	delete
5659387	delete
5664792	delete
5666195	delete
5678496	delete
5679867	delete
5681792	delete
5682556	drop_q2
5683164	delete
5685075	delete
5688500	delete
5689856	delete
5691739	delete
5694956	delete
5698320	delete
5699661	delete
5701502	delete
5723284	delete
5729417	delete
5730687	delete
5741258	delete
5745492	delete
5747114	delete
5749927	delete
5762466	delete
5766704	delete
5767862	delete
5777606	delete
5780196	delete
5782768	delete
5785473	delete
5786575	delete
5790508	delete
5791603	delete
5793161	delete
5794248	delete
5795628	delete
5796707	delete
5799144	delete
5800660	delete
5801723	delete
5805445	delete
5806501	delete
5807985	delete
5809042	delete
5810343	delete
5812670	delete
5819683	delete
5824308	delete
5825309	delete
5826512	delete
5827496	delete
5831000	delete
5831968	delete
5835433	delete
5839649	delete
5839654	delete
5840316	drop_q2
5840631	delete
5841927	delete
5841932	delete
5842892	delete
5842895	delete
5842904	delete
5844018	delete
5844974	delete
5848252	delete
5849192	delete
5850905	drop_q2
5853172	delete
5854379	delete
5855034	drop_q2
5855314	delete
5857264	delete
5858277	delete
5858909	drop_q2
5859177	delete
5860335	delete
5861218	delete
5862801	drop_q2
5864015	delete
5864864	delete
5865965	delete
5866549	drop_q2
5867715	delete
5868287	drop_q2
5869429	delete
5869989	drop_q2
5871271	delete
5872913	delete
5874524	delete
5875280	delete
5876272	delete
5877011	delete
5877820	delete
5878542	delete
5879332	delete
5879829	drop_q2
5880037	delete
5880972	delete
5881457	drop_q2
5881660	delete
5883816	delete
5884470	delete
5885348	delete
5885985	delete
5886680	delete
5887300	delete
5889400	delete
5889986	delete
5890624	delete
5891193	delete
5891807	delete
5891812	delete
5892201	drop_q2
5892361	delete
5892364	delete
5894244	delete
5894609	drop_q2
5894762	delete
5895324	delete
5895825	delete
5896532	delete
5896873	drop_q2
5897016	delete
5897540	delete
5898007	delete
5898512	delete
5898962	delete
5899610	delete
5900035	delete
5900488	delete
5900896	delete
5901721	delete
5902566	drop_q2
5904630	delete
5904953	delete
5905202	delete
5905294	delete
5905299	delete
5905619	delete
5905622	delete
5905631	delete
5905961	delete
5906179	drop_q2
5906267	delete
5906746	delete
5906751	delete
5907037	delete
5907040	delete
5907049	delete
5907341	delete
5907535	delete
5907613	delete
5907895	delete
5908150	delete
5908579	delete
5908584	delete
5908763	delete
5908766	drop_q2
5908832	delete
5908836	delete
5908839	delete
5908848	delete
5908857	delete
5909030	delete
5909097	delete
5909102	delete
5909269	delete
5909272	drop_q2
5909337	delete
5909340	delete
5909349	delete
5909519	delete
5909581	delete
5909586	delete
5909591	delete
5909761	delete
5909822	delete
5909826	delete
5909829	delete
5909838	delete
5909847	delete
5909856	delete
5910169	delete
5910172	delete
5910234	delete
5910239	delete
5910244	delete
5910408	delete
5910411	delete
5910414	delete
5910475	delete
5910479	delete
5910482	delete
5910491	delete
5910500	delete
5910704	delete
5910709	delete
5910714	delete
5910719	delete
5910859	delete
5910862	delete
5910865	delete
5910912	delete
5910916	delete
5910920	delete
5910923	delete
5910932	delete
5910941	delete
5910950	delete
5911071	delete
5911074	delete
5911121	delete
5911126	delete
5911131	delete
5911136	delete
5911276	delete
5911279	delete
5911282	delete
5911329	delete
5911333	delete
5911337	delete
5911340	delete
5911349	delete
5911358	delete
5911367	delete
5911376	delete
5911651	delete
5911693	delete
5911698	delete
5911703	delete
5911819	delete
5911822	delete
5911825	drop_q2
5911862	delete
5911866	delete
5911870	delete
5911873	delete
5911882	delete
5911891	delete
5911991	delete
5911994	delete
5912026	delete
5912036	delete
5912041	delete
5912145	delete
5912148	delete
5912151	delete
5912191	delete
5912194	delete
5912203	delete
5912212	delete
5912221	delete
5912300	delete
5912303	delete
5912335	delete
5912345	delete
5912350	delete
5912448	delete
5912457	delete
5912460	delete
5912496	delete
5912500	delete
5912503	delete
5912512	delete
5912521	delete
5912530	delete
5913878	delete
5913881	delete
5913884	delete
5913887	delete
5913891	delete
5913930	delete
5913933	delete
5913936	delete
5913939	delete
5913942	delete
5913946	delete
5913992	delete
5913993	delete
5913996	delete
5913999	delete
5914002	delete
5914005	delete
5914009	delete
5914060	delete
5914063	delete
5914066	delete
5914069	delete
5914072	delete
5914075	delete
5914078	delete
5914082	delete
5914142	delete
5914145	delete
5914148	delete
5914151	delete
5914154	delete
5914157	delete
5914160	delete
5914163	delete
5914167	delete
5914245	delete
5914367	delete
5914376	delete
5914442	delete
5914445	delete
5914453	drop_q1
5914458	delete
5914463	delete
5914468	delete
5914473	delete
5914478	delete
5914483	delete
5914488	delete
5914493	delete
5914584	delete
5914587	delete
5914590	delete
5914593	delete
5914596	delete
5914599	delete
5914623	delete
5914627	delete
5914631	delete
5914635	delete
5914639	delete
5914643	delete
5914647	delete
5914651	delete
5914655	delete
5914659	delete
5914663	delete
5914667	delete
5914671	delete
5914675	delete
5914679	delete
5914681	delete
5914819	delete
5914823	delete
5914827	delete
5914831	delete
5914835	delete
5914839	delete
5914843	delete
5914847	delete
5914851	delete
5914855	delete
5914859	delete
5914863	delete
5914867	delete
5914871	delete
5914873	delete
5915002	delete
5915006	delete
5915010	delete
5915014	delete
5915018	delete
5915022	delete
5915026	delete
5915030	delete
5915034	delete
5915038	delete
5915042	delete
5915046	delete
5915050	delete
5915052	delete
5915172	delete
5915176	delete
5915180	delete
5915184	delete
5915188	delete
5915192	delete
5915196	delete
5915200	delete
5915204	delete
5915208	delete
5915212	delete
5915216	delete
5915218	delete
5915329	delete
5915333	delete
5915337	delete
5915341	delete
5915345	delete
5915349	delete
5915353	delete
5915357	delete
5915361	delete
5915365	delete
5915369	delete
5915371	delete
5915473	delete
5915477	delete
5915481	delete
5915485	delete
5915489	delete
5915493	delete
5915497	delete
5915501	delete
5915505	delete
5915509	delete
5915511	delete
5915604	delete
5915608	delete
5915612	delete
5915616	delete
5915620	delete
5915624	delete
5915628	delete
5915632	delete
5915636	delete
5915638	delete
5915722	delete
5915726	delete
5915730	delete
5915734	delete
5915738	delete
5915742	delete
5915746	delete
5915750	delete
5915752	delete
5915827	delete
5915831	delete
5915835	delete
5915839	delete
5915843	delete
5915847	delete
5915851	delete
5915853	delete
5915919	delete
5915923	delete
5915927	delete
5915931	delete
5915935	delete
5915939	delete
5915941	delete
5915998	delete
5916002	delete
5916006	delete
5916010	delete
5916014	delete
5916016	delete
5916064	delete
5916068	delete
5916072	delete
5916076	delete
5916078	delete
5916117	delete
5916121	delete
5916125	delete
5916127	delete
5916157	delete
5916161	delete
5916163	delete
5916184	delete
5916186	delete
5916198	delete
5916201	delete
5916204	delete
5916207	delete
5916210	delete
5916213	delete
5916216	delete
5916219	delete
5916222	delete
5916225	delete
5916228	delete
5916231	delete
5916234	delete
5916237	delete
5916240	delete
5916243	delete
5916246	delete
5916249	delete
5916252	delete
5916255	delete
5916258	delete
5916261	delete
5916264	delete
5916267	delete
5916270	delete
5916273	delete
5916276	delete
5916279	delete
5916282	delete
5916285	delete
5916288	delete
5916291	delete
5916294	delete
5916297	delete
5916300	delete
5916303	delete
5916306	delete
5916309	delete
5916312	delete
5916315	delete
5916318	delete
5916321	delete
5916324	delete
5916327	delete
5916330	delete
5916333	delete
5916336	delete
5916339	delete
5916342	delete
5916345	delete
5916348	delete
5916351	delete
5916354	delete
5916357	delete
5916360	delete
5916363	delete
5916366	delete
5916369	delete
5916372	delete
5916375	delete
5916378	delete
5916381	delete
5916384	delete
5916387	delete
5916390	delete
5916393	delete
5916396	delete
5916399	delete
5916402	delete
5916405	delete
5916408	delete
5916411	delete
5916414	delete
5916417	delete
5916420	delete
5916423	delete
5916426	delete
5916429	delete
5916432	delete
5916435	delete
5916438	delete
5916441	delete
5916444	delete
5916447	delete
5916450	delete
5916453	delete
5916456	delete
5916459	delete
5916462	delete
5916465	delete
5916468	delete
5916471	delete
5916474	delete
5916477	delete
5916480	delete
5916483	delete
5916486	delete
5916489	delete
5916492	delete
5916495	delete
5916498	delete
5916501	delete
5916504	delete
5916507	delete
5916510	delete
5916513	delete
5916516	delete
5916519	delete
5916522	delete
5916525	delete
5916528	delete
5916531	delete
5916534	delete
5916537	delete
5916540	delete
5916543	delete
5916546	delete
5916549	delete
5916552	delete
5916555	delete
5916558	delete
5916561	delete
5916564	delete
5916567	delete
5916570	delete
5916573	delete
5916576	delete
5916579	delete
5916582	delete
5916585	delete
5916588	delete
5916591	delete
5916594	delete
5916597	delete
5916600	delete
5916603	delete
5916604	delete
5916605	delete
5916609	delete
5916613	delete
5916617	delete
5916621	delete
5916625	delete
5916629	delete
5916633	delete
5916637	delete
5916641	delete
5916645	delete
5916649	delete
5916653	delete
5916657	delete
5916661	delete
5916665	delete
5916669	delete
5916673	delete
5916677	delete
5916681	delete
5916685	delete
5916689	delete
5916693	delete
5916697	delete
5916701	delete
5916705	delete
5916709	delete
5916713	delete
5916717	delete
5916721	delete
5916725	delete
5916729	delete
5916733	delete
5916737	delete
5916741	delete
5916745	delete
5916749	delete
5916753	delete
5916757	delete
5916761	delete
5916765	delete
5916769	delete
5916773	delete
5916777	delete
5916781	delete
5916785	delete
5916789	delete
5916793	delete
5916797	delete
5916801	delete
5916805	delete
5916809	delete
5916813	delete
5916817	delete
5916821	delete
5916825	delete
5916829	delete
5916833	delete
5916837	delete
5916841	delete
5916845	delete
5916849	delete
5916853	delete
5916857	delete
5916861	delete
5916865	delete
5916869	delete
5916873	delete
5916877	delete
5916881	delete
5916885	delete
5916889	delete
5916893	delete
5916897	delete
5916901	delete
5916905	delete
5916909	delete
5916913	delete
5916917	delete
5916921	delete
5916925	delete
5916929	delete
5916933	delete
5916937	delete
5916941	delete
5916945	delete
5916949	delete
5916953	delete
5916957	delete
5916961	delete
5916965	delete
5916969	delete
5916973	delete
5916977	delete
5916981	delete
5916985	delete
5916989	delete
5916993	delete
5916997	delete
5917001	delete
5917005	delete
5917009	delete
5917013	delete
5917017	delete
5917021	delete
5917025	delete
5917029	delete
5917033	delete
5917037	delete
5917041	delete
5917045	delete
5917049	delete
5917053	delete
5917057	delete
5917061	delete
5917065	delete
5917069	delete
5917073	delete
5917077	delete
5917081	delete
5917085	delete
5917089	delete
5917093	delete
5917097	delete
5917101	delete
5917105	delete
5917109	delete
5917113	delete
5917117	delete
5917121	delete
5917125	delete
5917129	delete
5917133	delete
5917137	delete
5917141	delete
5917145	delete
5917158	delete
5917180	delete
5917216	delete
5917266	delete
5917330	delete
5917408	delete
5917500	delete
5917606	delete
5917726	delete
5917860	delete
5918008	delete
5918170	delete
5918346	delete
5918536	delete
5918740	delete
5918876	delete
5918878	delete
5918881	delete
5918884	delete
5918888	delete
5918892	delete
5918898	delete
5918903	delete
5918908	delete
5918913	delete
5918917	delete
5918920	delete
5918923	delete
5918926	delete
5918929	delete
5918932	delete
5919009	delete
5919012	delete
5919015	delete
5919018	delete
5919021	delete
5919024	delete
5919027	delete
5919030	delete
5919033	delete
5919084	delete
5919087	delete
5919090	delete
5919093	delete
5919096	delete
5919099	delete
5919102	delete
5919106	delete
5919153	delete
5919156	delete
5919159	delete
5919162	delete
5919165	delete
5919168	delete
5919171	delete
5919210	delete
5919213	delete
5919216	delete
5919219	delete
5919222	delete
5919225	delete
5919258	delete
5919261	delete
5919264	delete
5919267	delete
5919270	delete
5919297	delete
5919310	drop_q1
5919313	drop_q1
5919316	drop_q1
5919319	drop_q1
5919323	delete
5919362	drop_q1
5919365	drop_q1
5919368	drop_q1
5919371	drop_q1
5919374	drop_q1
5919378	delete
5919424	drop_q1
5919427	drop_q1
5919430	drop_q1
5919433	drop_q1
5919436	drop_q1
5919439	drop_q1
5919443	delete
5919496	drop_q1
5919499	drop_q1
5919502	drop_q1
5919505	drop_q1
5919508	drop_q1
5919511	drop_q1
5919514	drop_q1
5919518	delete
5919576	drop_q1
5919579	drop_q1
5919582	drop_q1
5919585	drop_q1
5919588	drop_q1
5919591	drop_q1
5919594	drop_q1
5919597	drop_q1
5919601	delete
5919668	drop_q1
5919688	delete
5921077	delete
5921080	delete
5921084	delete
5921087	delete
5921314	delete
5921332	drop_q2
5921341	delete
5921350	delete
5921359	delete
5921368	delete
5921377	delete
5921386	delete
5921395	delete
5921404	delete
5921413	delete
5921422	delete
5921527	delete
5921545	delete
5921554	drop_q2
5921563	delete
5921572	delete
5921581	delete
5921590	delete
5921599	delete
5921608	delete
5922207	delete
5922211	delete
5922215	delete
5922219	delete
5922223	delete
5922227	delete
5922231	delete
5922234	delete
5922243	delete
5922252	delete
5922261	delete
5922270	delete
5922279	delete
5922288	delete
5922297	delete
5922309	delete
5922312	delete
5922315	delete
5922318	delete
5922321	delete
5922324	delete
5922332	drop_q1
5922347	delete
5922352	delete
5922357	delete
5922362	delete
5922367	delete
5922372	delete
5922463	delete
5922466	delete
5922469	delete
5922472	delete
5927220	delete
5927223	delete
5927226	drop_q2
5927229	delete
5927232	delete
5927235	delete
5927286	delete
5927289	delete
5927292	delete
5927295	delete
5927298	delete
5927301	delete
5927416	delete
5927419	drop_q2
5927422	delete
5927425	delete
5927428	delete
5927431	delete
5927464	delete
5927467	delete
5927470	delete
5927473	delete
5927476	delete
5927507	drop_q1
5927510	drop_q1
5927513	drop_q1
5927516	drop_q1
5927559	drop_q1
5927562	drop_q1
5927565	drop_q1
5927568	drop_q1
5927571	drop_q1
5927636	drop_q1
5927693	drop_q1
5927696	drop_q1
5927699	drop_q1
5927702	drop_q1
5927705	drop_q1
5927708	drop_q1
5927711	drop_q1
5927777	drop_q1
5927780	drop_q1
5927783	drop_q1
5927786	drop_q1
5927789	drop_q1
5927792	drop_q1
5929292	delete
5929295	delete
5929299	delete
5929302	delete
5929532	drop_q2
5929541	delete
5929550	delete
5929559	delete
5929568	delete
5929577	delete
5929586	delete
5929595	delete
5929604	delete
5929613	delete
5929622	delete
5929631	delete
5929745	drop_q2
5929754	delete
5929763	delete
5929772	delete
5929781	delete
5929790	delete
5929799	delete
5929808	delete
5929817	delete
5930420	drop_q2
5930424	delete
5930428	delete
5930432	delete
5930436	delete
5930440	delete
5930443	delete
5930452	delete
5930461	delete
5930470	delete
5930479	delete
5930488	delete
5930533	delete
5930536	delete
5930539	delete
5930542	delete
5930545	delete
5930553	drop_q1
5930578	delete
5930583	delete
5930588	delete
5930593	delete
5930598	delete
5930698	delete
5930701	delete
5930704	delete
5934720	drop_q2
5934771	delete
5934774	delete
5934777	delete
5934780	delete
5934783	delete
5934786	delete
5934789	delete
5934792	delete
5934837	delete
5934913	delete
5934916	drop_q2
5934949	delete
5934952	delete
5934955	delete
5934958	delete
5934961	delete
5934988	delete
5934991	delete
5934994	delete
5935019	drop_q1
5935022	drop_q1
5935025	drop_q1
5935028	drop_q1
5935083	drop_q1
5935133	drop_q1
5935136	drop_q1
5935201	drop_q1
5935204	drop_q1
5935207	drop_q1
5935210	drop_q1
5935213	drop_q1
5935216	drop_q1
5935219	drop_q1
5935298	drop_q1
5935301	drop_q1
5937520	delete
5937523	delete
5937527	delete
5937530	delete
5937770	delete
5937779	drop_q2
5937788	delete
5937797	delete
5937806	delete
5937815	delete
5937824	delete
5937833	delete
5937842	delete
5937851	delete
5937860	delete
5937983	delete
5937992	delete
5938001	drop_q2
5938010	delete
5938019	delete
5938028	delete
5938037	delete
5938046	delete
5938696	drop_q2
5938700	delete
5938704	delete
5938708	delete
5938712	delete
5938716	delete
5938719	delete
5938728	delete
5938737	delete
5938746	delete
5938755	delete
5938764	delete
5938773	drop_q2
5938833	delete
5938836	delete
5938839	delete
5938842	delete
5938845	delete
5938853	drop_q1
5938888	delete
5938893	delete
5938898	delete
5938903	delete
5938908	delete
5939026	delete
5939029	delete
5939032	delete
5939035	delete
5943798	drop_q2
5943801	delete
5943804	delete
5943807	delete
5943810	delete
5943861	delete
5943864	delete
5943867	delete
5943870	delete
5943873	delete
5943876	delete
5944000	delete
5944003	drop_q2
5944006	delete
5944039	delete
5944042	delete
5944045	delete
5944048	delete
5944051	delete
5944082	drop_q1
5944085	drop_q1
5944088	drop_q1
5944091	drop_q1
5944143	drop_q1
5944268	drop_q1
5944271	drop_q1
5944274	drop_q1
5944277	drop_q1
5944280	drop_q1
5944283	drop_q1
5944286	drop_q1
5944361	drop_q1
5944364	drop_q1
5944367	drop_q1
5946635	delete
5946638	delete
5946642	delete
5946645	delete
5946902	drop_q2
5946911	delete
5946920	delete
5946929	delete
5946938	delete
5946947	delete
5946956	delete
5946965	delete
5946974	delete
5947106	delete
5947115	delete
5947124	delete
5947133	delete
5947142	drop_q2
5947151	delete
5947160	delete
5947779	delete
5947783	delete
5947787	delete
5947791	delete
5947794	delete
5947803	delete
5947812	delete
5947821	delete
5947830	delete
5947911	delete
5947914	delete
5947917	delete
5947920	delete
5947928	drop_q1
5947968	delete
5947973	delete
5947978	delete
5947983	delete
5948101	delete
5948104	delete
5952553	drop_q2
5952556	delete
5952559	delete
5952562	delete
5952613	delete
5952616	delete
5952619	delete
5952622	delete
5952625	delete
5952628	delete
5952631	delete
5952751	delete
5952754	drop_q2
5952787	delete
5952790	delete
5952793	delete
5952796	delete
5952799	delete
5952826	delete
5952839	drop_q1
5952842	drop_q1
5952845	drop_q1
5952848	drop_q1
5952903	drop_q1
5953025	drop_q1
5953028	drop_q1
5953031	drop_q1
5953034	drop_q1
5953037	drop_q1
5953040	drop_q1
5953043	drop_q1
5953120	drop_q1
5953123	drop_q1
5953126	drop_q1
5955374	delete
5955377	delete
5955381	delete
5955384	delete
5955638	drop_q2
5955647	delete
5955656	delete
5955665	delete
5955674	delete
5955683	delete
5955692	delete
5955701	delete
5955710	delete
5955719	delete
5955851	delete
5955860	drop_q2
5955869	delete
5955878	delete
5955887	delete
5955896	delete
5955905	delete
5956532	drop_q2
5956536	delete
5956540	delete
5956544	delete
5956548	delete
5956551	delete
5956560	delete
5956569	delete
5956578	delete
5956587	delete
5956596	drop_q2
5956692	delete
5956695	delete
5956698	delete
5956701	delete
5956709	drop_q1
5956754	delete
5956759	delete
5956764	delete
5956769	delete
5956774	delete
5956910	delete
5956913	delete
5956916	delete
5961855	drop_q2
5961858	delete
5961861	delete
5961912	delete
5961915	delete
5961918	delete
5961921	delete
5961924	delete
5961927	delete
5962054	delete
5962090	drop_q2
5962093	delete
5962096	delete
5962099	delete
5962102	delete
5962136	drop_q1
5962139	drop_q1
5962142	drop_q1
5962191	drop_q1
5962197	drop_q1
5962319	drop_q1
5962322	drop_q1
5962325	drop_q1
5962328	drop_q1
5962331	drop_q1
5962334	drop_q1
5962337	drop_q1
5962415	drop_q1
5962418	drop_q1
5964686	delete
5964689	delete
5964693	delete
5964696	delete
5964971	delete
5964980	delete
5964989	delete
5964998	delete
5965007	delete
5965016	drop_q2
5965025	delete
5965184	delete
5965193	delete
5965202	drop_q2
5965211	delete
5965838	delete
5965842	delete
5965846	delete
5965850	delete
5965853	delete
5965862	delete
5965871	delete
5965880	delete
5965889	delete
5965994	delete
5965997	delete
5966000	delete
5966003	delete
5966011	drop_q1
5966061	delete
5966066	delete
5966071	delete
5966076	delete
5966212	delete
5966215	delete
5972072	delete
5972075	drop_q2
5972078	delete
5972081	delete
5972084	delete
5972087	delete
5972132	delete
5972135	delete
5972138	delete
5972253	drop_q2
5972256	delete
5972283	delete
5972286	delete
5972289	delete
5972292	delete
5972313	delete
5972326	drop_q1
5972329	drop_q1
5972332	drop_q1
5972377	drop_q1
5972482	drop_q1
5972485	drop_q1
5972488	drop_q1
5972491	drop_q1
5972556	drop_q1
5972559	drop_q1
5972562	drop_q1
5972565	drop_q1
5972568	drop_q1
5974894	delete
5974898	delete
5974901	delete
5975147	delete
5975150	delete
5975171	delete
5975174	drop_q2
5975177	delete
5975180	delete
5975335	drop_q2
5975338	delete
5975341	delete
5975344	delete
5975365	delete
5975390	drop_q2
5975395	delete
5975400	delete
5975689	delete
5975694	delete
5975699	delete
5975757	delete
5976130	delete
5976135	delete
5976140	delete
5976248	delete
5976252	delete
5976256	delete
5976259	delete
5976268	delete
5976277	delete
5976286	delete
5976406	delete
5976409	delete
5976417	drop_q1
5976467	delete
5976472	delete
5976477	delete
5976482	delete
5976618	delete
5982885	drop_q2
5982888	delete
5982891	delete
5982894	delete
5982897	delete
5982900	delete
5982945	delete
5982948	delete
5983099	delete
5983102	drop_q2
5983105	delete
5983130	drop_q1
5983133	drop_q1
5983286	drop_q1
5983289	drop_q1
5983292	drop_q1
5983363	drop_q1
5983366	drop_q1
5983369	drop_q1
5983372	drop_q1
5985704	delete
5985708	delete
5985711	delete
5985957	drop_q2
5985960	delete
5985981	delete
5985984	delete
5985987	delete
5985990	delete
5986145	drop_q2
5986148	delete
5986151	delete
5986154	delete
5986175	delete
5986200	delete
5986205	delete
5986210	delete
5986499	delete
5986504	delete
5986509	delete
5986567	drop_q2
5986940	delete
5986945	delete
5986950	delete
5987066	delete
5987070	delete
5987073	delete
5987082	delete
5987091	delete
5987232	delete
5987235	delete
5987243	drop_q1
5987298	delete
5987303	delete
5987308	delete
5987313	delete
5987458	delete
5994315	delete
5994318	delete
5994321	delete
5994324	drop_q2
5994327	delete
5994330	delete
5994375	delete
5994493	drop_q2
5994496	delete
5994499	delete
5994526	delete
5994529	delete
5994532	delete
5994563	drop_q1
5994566	drop_q1
5994671	drop_q1
5994674	drop_q1
5994745	drop_q1
5994748	drop_q1
5994751	drop_q1
5994757	drop_q1
5997095	delete
5997099	delete
5997102	delete
5997348	drop_q2
5997351	delete
5997372	delete
5997375	delete
5997378	delete
5997381	delete
5997539	drop_q2
5997542	delete
5997545	delete
5997566	delete
5997596	drop_q2
5997601	delete
5997890	delete
5997895	delete
5997900	delete
5997953	delete
5997958	drop_q2
5998331	delete
5998336	delete
5998341	delete
5998461	delete
5998464	delete
5998473	delete
5998626	delete
5998634	drop_q1
5998699	delete
5998704	delete
6005994	drop_q2
6005997	delete
6006000	delete
6006003	delete
6006006	delete
6006009	delete
6006169	delete
6006175	drop_q2
6006178	delete
6006205	delete
6006208	delete
6006230	drop_q1
6006341	drop_q1
6006412	drop_q1
6006418	drop_q1
6006421	drop_q1
6006424	drop_q1
6006427	drop_q1
6008771	delete
6008775	delete
6008778	delete
6009027	drop_q2
6009048	delete
6009051	delete
6009054	delete
6009057	delete
6009212	drop_q2
6009215	delete
6009218	delete
6009221	delete
6009242	delete
6009267	delete
6009272	delete
6009277	delete
6009566	delete
6009571	delete
6009576	delete
6009634	drop_q2
6010007	delete
6010012	delete
6010017	delete
6010141	delete
6010144	delete
6010153	delete
6010318	delete
6010326	drop_q1
6010396	delete
6010401	delete
6017734	drop_q2
6017737	delete
6017740	delete
6017743	delete
6017746	delete
6017749	delete
6017915	delete
6017918	delete
6017945	drop_q2
6017948	delete
6017976	drop_q1
6018081	drop_q1
6018149	drop_q1
6018158	drop_q1
6018161	drop_q1
6018164	drop_q1
6018167	drop_q1
6020511	delete
6020515	delete
6020518	delete
6020767	delete
6020791	delete
6020794	delete
6020797	drop_q2
6020958	delete
6020961	delete
6020982	delete
6021007	drop_q2
6021012	delete
6021017	delete
6021306	delete
6021311	delete
6021316	delete
6021369	delete
6021747	delete
6021752	delete
6021757	delete
6021885	delete
6021888	delete
6021897	delete
6022071	delete
6022074	delete
6022082	drop_q1
6022152	delete
6022157	delete
6022162	delete
6029640	drop_q2
6029643	delete
6029646	delete
6029649	delete
6029652	delete
6029821	drop_q2
6029848	delete
6029851	delete
6029984	drop_q1
6030055	drop_q1
6030064	drop_q1
6030067	drop_q1
6030070	drop_q1
6032414	delete
6032418	delete
6032421	delete
6032670	delete
6032694	delete
6032700	drop_q2
6032885	drop_q2
6033214	delete
6033650	delete
6033655	delete
6033660	delete
6033792	drop_q2
6033795	delete
6033804	drop_q2
6033813	drop_q2
6033993	delete
6034001	drop_q1
6034086	delete
6041448	drop_q2
6041451	delete
6041454	delete
6041457	delete
6041460	delete
6041625	delete
6041628	drop_q2
6041655	delete
6041674	drop_q1
6041677	drop_q1
6041854	drop_q1
6041863	drop_q1
6041866	drop_q1
6041869	drop_q1
6041872	drop_q1
6044220	delete
6044224	delete
6044227	delete
6044497	delete
6044500	delete
6044503	drop_q2
6044506	delete
6044670	delete
6044691	delete
6044721	drop_q2
6044726	delete
6045015	delete
6045020	delete
6045025	drop_q2
6045456	delete
6045461	delete
6045466	delete
6045602	delete
6045605	delete
6045614	delete
6045815	delete
6045823	drop_q1
6045903	delete
6045908	delete
6045913	delete
6046094	delete
6053145	delete
6053148	drop_q2
6053151	delete
6053334	delete
6053350	drop_q1
6053544	drop_q1
6053547	drop_q1
6053550	drop_q1
6055893	delete
6055897	delete
6055900	delete
6056149	drop_q2
6056170	delete
6056173	delete
6056176	delete
6056179	delete
6056340	drop_q2
6056343	delete
6056364	delete
6056399	drop_q2
6056688	delete
6056693	delete
6056698	delete
6057129	delete
6057134	delete
6057139	delete
6057278	delete
6057488	drop_q2
6057496	drop_q1
6057586	delete
6064901	drop_q2
6064904	delete
6064907	delete
6064910	delete
6065085	drop_q2
6065107	drop_q1
6065295	drop_q1
6065298	drop_q1
6065301	drop_q1
6065304	drop_q1
6065307	drop_q1
6067654	delete
6067658	delete
6067661	delete
6067934	delete
6067937	delete
6067940	delete
6068101	delete
6068125	delete
6068160	delete
6068449	delete
6068454	delete
6068459	delete
6068890	delete
6068895	delete
6068900	delete
6069257	drop_q1
6076582	delete
6076585	drop_q2
6076757	delete
6076760	delete
6076779	drop_q1
6076782	drop_q1
6076970	drop_q1
6076976	drop_q1
6076979	drop_q1
6076982	drop_q1
6079329	delete
6079333	delete
6079336	delete
6079609	delete
6079612	delete
6080129	delete
6080134	delete
6080565	delete
6080570	delete
6080575	delete
6080719	drop_q1
6080722	delete
6080953	drop_q2
6080956	delete
6080964	drop_q1
6081064	delete
6088246	delete
6088249	drop_q2
6088252	delete
6088255	delete
6088406	delete
6088430	delete
6088605	drop_q1
6088611	drop_q1
6088614	drop_q1
6088617	drop_q1
6090973	delete
6090977	delete
6090980	delete
6091259	drop_q2
6091444	drop_q2
6091479	drop_q2
6091768	delete
6092209	delete
6092214	delete
6092219	delete
6092367	drop_q2
6092370	delete
6092379	drop_q2
6092616	delete
6092624	drop_q1
6092729	delete
6100156	delete
6100159	drop_q2
6100162	delete
6100165	delete
6100330	drop_q2
6100333	delete
6100348	delete
6100552	drop_q1
6100555	drop_q1
6100561	drop_q1
6100564	drop_q1
6102907	delete
6102911	delete
6102914	delete
6103187	drop_q2
6103190	delete
6103193	delete
6103378	delete
6103702	drop_q2
6103707	delete
6103712	delete
6104143	delete
6104148	delete
6104153	delete
6104305	drop_q2
6104308	delete
6104566	delete
6104574	drop_q1
6104684	delete
6111895	delete
6111898	drop_q2
6111901	delete
6112251	drop_q1
6112254	drop_q1
6112260	drop_q1
6112263	drop_q1
6114619	delete
6114623	delete
6114626	delete
6114902	delete
6115090	drop_q2
6115125	delete
6115424	delete
6115855	delete
6115860	delete
6115865	delete
6116021	drop_q2
6116024	delete
6116033	drop_q2
6116294	delete
6116302	drop_q1
6116417	delete
6123513	delete
6123558	drop_q2
6123561	delete
6123564	delete
6123739	drop_q2
6123908	drop_q1
6123911	drop_q1
6123914	drop_q1
6123917	drop_q1
6126282	delete
6126286	delete
6126289	delete
6126568	drop_q2
6126753	delete
6127082	delete
6127518	delete
6127523	delete
6127528	delete
6127688	drop_q2
6127691	delete
6127700	drop_q2
6127973	delete
6127981	drop_q1
6128101	delete
6135626	delete
6135632	drop_q2
6135635	delete
6136025	drop_q1
6136034	drop_q1
6138377	delete
6138381	delete
6138384	delete
6138848	drop_q2
6139613	delete
6139618	delete
6139623	delete
6139791	drop_q1
6139794	delete
6139803	drop_q2
6140097	drop_q2
6140100	delete
6140232	delete
6147554	drop_q2
6147557	delete
6147560	delete
6147951	drop_q1
6147954	drop_q1
6147957	drop_q1
6150304	delete
6150308	delete
6150311	delete
6150587	delete
6150754	delete
6151104	drop_q2
6151109	delete
6151540	delete
6151545	delete
6151550	delete
6151722	delete
6151725	delete
6151734	delete
6152043	delete
6152175	delete
6152180	delete
6159448	delete
6159804	drop_q1
6159807	drop_q1
6159810	drop_q1
6162166	delete
6162170	delete
6162173	delete
6162449	drop_q2
6162452	delete
6162637	drop_q2
6162971	drop_q2
6163402	delete
6163407	delete
6163412	delete
6163588	delete
6163591	delete
6163600	delete
6163921	delete
6164053	delete
6164058	delete
6164063	delete
6171570	drop_q2
6171573	delete
6171576	delete
6171967	drop_q1
6171970	drop_q1
6171973	drop_q1
6174320	delete
6174324	delete
6174327	delete
6174603	drop_q2
6174606	delete
6174791	delete
6175125	drop_q2
6175556	delete
6175561	delete
6175566	delete
6175746	delete
6175749	delete
6175758	delete
6176091	delete
6176231	delete
6176236	delete
6183517	delete
6183520	drop_q2
6183873	drop_q1
6183876	drop_q1
6183879	drop_q1
6183882	drop_q1
6186238	delete
6186242	delete
6186245	delete
6186524	delete
6186688	drop_q2
6186709	delete
6187474	delete
6187479	delete
6187484	delete
6187668	delete
6187671	delete
6187680	delete
6188025	delete
6188170	delete
6188175	delete
6195389	delete
6195733	drop_q1
6195739	drop_q1
6195742	drop_q1
6198107	delete
6198111	delete
6198114	delete
6198390	delete
6198393	delete
6198912	delete
6199343	delete
6199348	delete
6199353	delete
6199541	drop_q2
6199544	delete
6199553	drop_q2
6199910	delete
6200065	delete
6207534	delete
6207884	drop_q1
6207893	drop_q1
6210252	delete
6210256	delete
6210259	delete
6210538	delete
6211057	delete
6211488	delete
6211493	delete
6211498	delete
6211718	delete
6211721	delete
6211730	delete
6212118	delete
6212271	delete
6212276	delete
6219500	drop_q2
6219503	delete
6219506	delete
6219681	delete
6219853	drop_q1
6219856	drop_q1
6219859	drop_q1
6222224	delete
6222228	delete
6222231	delete
6222507	delete
6222510	delete
6222695	delete
6223029	delete
6223460	delete
6223465	delete
6223470	delete
6223694	drop_q2
6223697	delete
6223706	drop_q2
6224106	delete
6224269	delete
6231534	drop_q2
6231579	delete
6231582	delete
6231920	drop_q1
6231923	drop_q1
6231926	drop_q1
6234300	delete
6234304	delete
6234307	delete
6235536	delete
6235541	delete
6235546	delete
6235774	drop_q2
6235777	delete
6236198	delete
6236366	delete
6243730	drop_q2
6243775	delete
6243778	delete
6243781	delete
6243956	drop_q2
6244125	drop_q1
6244128	drop_q1
6244131	drop_q1
6244134	drop_q1
6246499	delete
6246503	delete
6246506	delete
6246785	drop_q2
6246970	delete
6247299	delete
6247304	delete
6247735	delete
6247740	delete
6247745	delete
6247995	delete
6247998	delete
6248007	delete
6248441	delete
6248607	delete
6248612	delete
6255893	delete
6255938	delete
6256279	drop_q1
6256285	drop_q1
6258659	delete
6258663	delete
6258666	delete
6258942	drop_q2
6258945	delete
6259459	drop_q2
6259464	delete
6259895	delete
6259900	delete
6259905	delete
6260159	drop_q2
6260162	delete
6260171	drop_q2
6260617	delete
6260793	delete
6268067	drop_q2
6268363	drop_q1
6268366	drop_q1
6270749	delete
6270753	delete
6270756	delete
6271035	delete
6271199	drop_q2
6271220	delete
6271554	drop_q2
6271985	delete
6271990	delete
6271995	delete
6272253	drop_q2
6272256	delete
6272265	delete
6272723	delete
6272899	delete
6272904	delete
6280418	drop_q2
6280756	drop_q1
6280762	drop_q1
6283136	delete
6283140	delete
6283143	delete
6283422	drop_q2
6283936	drop_q2
6283941	delete
6284372	delete
6284377	delete
6284382	delete
6284662	drop_q2
6284665	delete
6285154	delete
6285338	delete
6292580	drop_q2
6292583	delete
6292628	delete
6292785	delete
6292924	drop_q1
6292927	drop_q1
6293007	drop_q1
6293010	drop_q1
6295310	delete
6295314	delete
6295317	delete
6295593	delete
6295596	drop_q2
6296115	delete
6296546	delete
6296551	delete
6296556	delete
6296840	drop_q2
6296843	delete
6296852	drop_q2
6297344	delete
6297533	delete
6305094	drop_q1
6305174	drop_q1
6305180	drop_q1
6307486	delete
6307490	delete
6307493	delete
6307957	delete
6308722	delete
6308727	delete
6308732	delete
6309020	drop_q2
6309023	delete
6309032	drop_q2
6309536	delete
6309725	delete
6309730	delete
6317157	delete
6317160	drop_q2
6317205	delete
6317362	delete
6317501	drop_q1
6317504	drop_q1
6317587	drop_q1
6319887	delete
6319891	delete
6319894	delete
6320173	delete
6320687	drop_q2
6320692	delete
6321123	delete
6321128	delete
6321133	delete
6321443	drop_q2
6321446	delete
6321455	drop_q2
6321981	delete
6322178	delete
6329423	drop_q2
6329755	drop_q1
6329838	drop_q1
6332147	delete
6332151	delete
6332154	delete
6332433	drop_q2
6332952	delete
6333383	delete
6333388	delete
6333393	delete
6333707	drop_q2
6333710	delete
6333719	drop_q2
6334257	delete
6334459	delete
6341438	drop_q2
6341441	delete
6341625	drop_q2
6341628	delete
6341641	drop_q1
6341789	drop_q1
6341862	drop_q1
6344167	delete
6344171	delete
6344174	delete
6344967	delete
6345403	delete
6345408	delete
6345413	delete
6345731	drop_q2
6345734	delete
6345743	delete
6346293	delete
6346495	delete
6346500	delete
6353927	delete
6353930	delete
6354262	drop_q1
6354348	drop_q1
6356654	delete
6356658	delete
6356661	delete
6356937	delete
6356940	drop_q2
6357454	drop_q2
6357459	delete
6357890	delete
6357895	delete
6357900	delete
6358240	drop_q2
6358243	delete
6358252	drop_q2
6358824	delete
6359029	delete
6359034	delete
6366029	drop_q2
6366032	delete
6366380	drop_q1
6366453	drop_q1
6368758	delete
6368762	delete
6368765	delete
6369044	drop_q2
6369229	drop_q2
6369563	delete
6369994	delete
6369999	delete
6370004	delete
6370351	drop_q2
6370944	delete
6371150	delete
6371155	delete
6377927	delete
6377930	drop_q2
6377933	delete
6378326	drop_q1
6378332	drop_q1
6380641	delete
6380645	delete
6380648	delete
6380927	drop_q2
6381877	delete
6381882	delete
6381887	delete
6382238	drop_q2
6382247	drop_q2
6382843	delete
6383054	delete
6383059	delete
6390586	drop_q1
6392964	delete
6392968	delete
6392971	delete
6393247	drop_q2
6393250	delete
6393759	drop_q2
6393764	delete
6393769	delete
6394200	delete
6394205	delete
6394210	delete
6394583	drop_q2
6395210	delete
6395429	delete
6402223	delete
6402616	drop_q1
6402622	drop_q1
6404931	delete
6404935	delete
6404938	delete
6405731	drop_q2
6405736	delete
6406167	delete
6406172	delete
6406177	delete
6406554	drop_q2
6406563	drop_q2
6407193	delete
6407417	delete
6414204	drop_q2
6414207	delete
6414210	delete
6414407	drop_q1
6414601	drop_q1
6414604	drop_q1
6414607	drop_q1
6416920	delete
6416924	delete
6416927	delete
6417725	drop_q2
6418156	delete
6418161	delete
6418166	delete
6418544	drop_q2
6418547	delete
6419198	delete
6419422	delete
6419427	delete
6426406	drop_q2
6426589	delete
6426799	drop_q1
6426805	drop_q1
6429114	delete
6429118	delete
6429121	delete
6430350	delete
6430355	delete
6430360	delete
6430760	drop_q2
6430763	delete
6430772	drop_q2
6431436	delete
6431668	delete
6438468	delete
6438471	drop_q2
6438474	delete
6438477	delete
6438862	drop_q1
6438865	drop_q1
6438868	drop_q1
6438871	drop_q1
6438874	drop_q1
6441187	delete
6441191	delete
6441194	delete
6441693	drop_q2
6442423	delete
6442428	delete
6442433	delete
6442837	delete
6442840	drop_q2
6442849	drop_q2
6443757	delete
6450280	drop_q2
6450283	delete
6450286	delete
6450461	delete
6450639	drop_q1
6450642	drop_q1
6450645	drop_q1
6450648	drop_q1
6452970	delete
6452974	delete
6452977	delete
6453250	drop_q2
6453253	delete
6453256	delete
6453770	drop_q2
6453775	delete
6454206	delete
6454211	delete
6454216	delete
6454627	drop_q2
6455324	drop_q2
6455566	delete
6462554	drop_q2
6462557	delete
6462560	delete
6462735	delete
6462757	drop_q1
6462942	drop_q1
6462951	drop_q1
6462954	drop_q1
6462957	drop_q1
6465270	delete
6465274	delete
6465277	delete
6465556	drop_q2
6466075	drop_q2
6466506	delete
6466511	delete
6466516	delete
6466949	delete
6467668	delete
6467908	delete
6467913	delete
6474447	delete
6474453	delete
6474628	drop_q2
6474806	drop_q1
6474812	drop_q1
6474815	drop_q1
6477137	delete
6477141	delete
6477144	delete
6477420	drop_q2
6477423	delete
6477608	delete
6477942	drop_q2
6478373	delete
6478378	delete
6478383	delete
6478817	drop_q2
6478820	delete
6479551	delete
6479792	delete
6479797	delete
6486819	drop_q2
6489354	delete
6489358	delete
6489361	delete
6489637	delete
6489640	drop_q2
6490154	drop_q2
6490159	delete
6490590	delete
6490595	delete
6490600	delete
6491069	drop_q1
6491072	delete
6491081	drop_q2
6491090	drop_q2
6491839	drop_q2
6491842	delete
6492086	delete
6492091	delete
6498800	delete
6498806	drop_q2
6498981	delete
6499159	drop_q1
6499168	drop_q1
6501490	delete
6501494	delete
6501497	delete
6501776	delete
6501961	delete
6502285	delete
6502295	drop_q2
6502726	delete
6502731	delete
6502736	delete
6503199	delete
6504210	delete
6510764	delete
6510767	delete
6510942	delete
6511114	drop_q1
6511117	drop_q1
6511120	drop_q1
6513451	delete
6513455	delete
6513458	delete
6513734	delete
6513737	delete
6513901	delete
6514251	drop_q2
6514256	delete
6514687	delete
6514692	delete
6514697	delete
6515164	drop_q2
6515941	drop_q2
6522438	drop_q2
6522441	delete
6522782	drop_q1
6522785	drop_q1
6525125	delete
6525129	delete
6525132	delete
6525411	delete
6525930	delete
6526361	delete
6526366	delete
6526371	delete
6526842	delete
6527631	delete
6527879	delete
6534607	drop_q2
6534610	delete
6534613	delete
6534957	drop_q1
6534960	drop_q1
6534963	drop_q1
6534966	drop_q1
6537297	delete
6537301	delete
6537304	delete
6537583	drop_q2
6538102	delete
6538533	delete
6538538	delete
6538543	delete
6539036	drop_q2
6539045	drop_q2
6539847	drop_q2
6546344	delete
6546347	drop_q2
6546504	drop_q2
6546685	drop_q1
6546688	drop_q1
6546691	drop_q1
6549031	delete
6549035	delete
6549038	delete
6549502	drop_q2
6549831	delete
6549836	delete
6550267	delete
6550272	delete
6550277	delete
6550774	delete
6551597	delete
6551845	delete
6558413	delete
6558425	delete
6558428	drop_q2
6558603	delete
6558772	drop_q1
6558775	drop_q1
6558781	drop_q1
6561112	delete
6561116	delete
6561119	delete
6561395	drop_q2
6561398	delete
6561917	drop_q2
6562348	delete
6562353	delete
6562358	delete
6562883	drop_q2
6562887	delete
6562890	delete
6562899	delete
6562908	drop_q2
6563721	delete
6563724	delete
6563962	delete
6563967	delete
6570699	drop_q2
6570702	delete
6570705	delete
6570708	delete
6571061	drop_q1
6571064	drop_q1
6571067	drop_q1
6571070	drop_q1
6573392	delete
6573396	delete
6573399	delete
6573675	drop_q2
6573678	delete
6574197	drop_q2
6574628	delete
6574633	delete
6574638	delete
6575189	drop_q2
6575192	delete
6575201	drop_q2
6575210	drop_q2
6576020	delete
6576261	delete
6576266	delete
6582529	drop_q2
6582538	delete
6582834	drop_q1
6582837	drop_q1
6585186	delete
6585190	delete
6585193	delete
6586422	delete
6586427	delete
6586432	delete
6586959	drop_q2
6587814	drop_q2
6588059	delete
6594336	delete
6594654	drop_q1
6597002	delete
6597006	delete
6597009	delete
6597288	drop_q2
6597802	drop_q2
6597807	delete
6598238	delete
6598243	delete
6598248	delete
6598779	drop_q2
6599646	delete
6599884	delete
6606318	delete
6606327	drop_q2
6606623	drop_q1
6606626	drop_q1
6608975	delete
6608979	delete
6608982	delete
6609258	drop_q2
6609261	delete
6609780	drop_q2
6610211	delete
6610216	delete
6610221	delete
6611600	delete
6611841	delete
6618119	delete
6618276	delete
6618292	drop_q1
6618440	drop_q1
6620788	delete
6620792	delete
6620795	delete
6621074	delete
6621259	delete
6621588	drop_q2
6621593	delete
6622024	delete
6622029	delete
6622034	delete
6622591	drop_q2
6629974	delete
6629980	drop_q2
6632635	delete
6632640	delete
6632643	delete
6633776	drop_q2
6633785	drop_q2
6634506	delete
6634741	delete
6641182	drop_q2
6641185	delete
6641188	delete
6641191	delete
6641509	drop_q1
6643857	delete
6643861	delete
6643864	delete
6644662	delete
6645093	delete
6645098	delete
6645103	delete
6645776	drop_q2
6645779	delete
6646530	delete
6646764	delete
6653051	delete
6653054	drop_q2
6655709	delete
6655714	delete
6655717	delete
6655839	drop_q2
6656855	drop_q2
6656858	delete
6657612	delete
6657851	delete
6663838	delete
6663841	delete
6663979	delete
6663982	delete
6664004	drop_q1
6666496	delete
6666501	delete
6666504	delete
6667662	drop_q2
6667671	drop_q2
6668419	drop_q2
6675122	drop_q2
6677777	delete
6677782	delete
6677785	delete
6677904	delete
6677907	drop_q2
6678934	drop_q2
6679712	delete
6679947	delete
6685941	delete
6688596	delete
6688601	delete
6688604	delete
6689770	drop_q2
6690551	drop_q2
6690787	delete
6696787	delete
6696790	drop_q2
6696931	drop_q2
6699419	delete
6699424	delete
6699427	delete
6699546	drop_q2
6699549	delete
6701394	delete
6701631	delete
6707802	drop_q2
6707943	delete
6710457	delete
6710462	delete
6710465	delete
6710587	drop_q2
6718685	delete
6718688	delete
6718691	drop_q2
6721320	delete
6721325	delete
6721328	delete
6721447	drop_q2
6721450	delete
6722519	delete
6723327	delete
6723564	delete
6729581	delete
6729584	drop_q2
6732213	delete
6732218	delete
6732221	delete
6733426	drop_q2
6733429	delete
6733438	drop_q2
6734240	delete
6734482	delete
6740671	delete
6740674	drop_q2
6743303	delete
6743308	delete
6743311	delete
6744510	drop_q2
6745342	drop_q2
6751604	drop_q2
6751607	delete
6754236	delete
6754241	delete
6754244	delete
6754366	delete
6755460	drop_q2
6756295	drop_q2
6762559	delete
6762562	drop_q2
6762685	delete
6762716	drop_q1
6765191	delete
6765196	delete
6765199	delete
6765318	drop_q2
6765321	delete
6766429	drop_q2
6766432	drop_q2
6767270	delete
6767500	delete
6767505	delete
6773703	drop_q2
6773706	delete
6776335	delete
6776340	delete
6776343	delete
6776465	drop_q2
6777567	drop_q2
6778426	drop_q2
6784695	drop_q2
6784698	delete
6784701	delete
6784824	delete
6787330	delete
6787335	delete
6787338	delete
6787457	drop_q2
6787460	delete
6788579	delete
6788588	drop_q2
6789441	delete
6789676	delete
6795720	drop_q2
6795723	delete
6795726	delete
6798341	delete
6798346	delete
6798349	delete
6798468	drop_q2
6798471	delete
6799603	drop_q2
6799606	delete
6800471	delete
6800707	delete
6806913	delete
6806916	delete
6806922	drop_q2
6806925	delete
6807079	drop_q1
6809554	delete
6809559	delete
6809562	delete
6809681	drop_q2
6809684	delete
6810811	drop_q2
6811697	drop_q2
6817981	drop_q2
6817984	delete
6817987	delete
6817990	delete
6820605	delete
6820610	delete
6820613	delete
6820735	drop_q2
6821878	drop_q2
6822767	delete
6823003	delete
6828751	drop_q2
6828754	delete
6828757	delete
6828865	delete
6831356	delete
6831361	delete
6831364	delete
6831486	drop_q2
6832639	drop_q2
6832642	delete
6832651	drop_q2
6833534	delete
6833767	delete
6839992	drop_q2
6839995	delete
6839998	delete
6840121	drop_q2
6842613	delete
6842618	delete
6842621	delete
6842740	delete
6842743	delete
6844807	delete
6845039	delete
6850794	delete
6853396	delete
6853401	delete
6853404	delete
6853523	drop_q2
6853526	delete
6854687	drop_q2
6854690	delete
6855606	delete
6855843	delete
6861608	drop_q2
6861611	delete
6861614	delete
6861725	drop_q2
6861747	drop_q1
6864213	delete
6864218	delete
6864221	delete
6864340	drop_q2
6864343	delete
6865524	drop_q2
6866676	delete
6872606	drop_q2
6875205	delete
6875210	delete
6875213	delete
6876507	drop_q2
6883452	delete
6886054	delete
6886059	delete
6886062	delete
6886184	delete
6887373	drop_q2
6888316	drop_q2
6894333	delete
6894336	delete
6894339	drop_q2
6894342	delete
6896915	delete
6896920	delete
6896923	delete
6898251	delete
6899197	delete
6899430	delete
6905363	drop_q2
6905366	delete
6905369	delete
6905372	delete
6907971	delete
6907976	delete
6907979	delete
6908098	delete
6909297	drop_q2
6909704	drop_q2
6909809	drop_q2
6910550	drop_q2
6916570	delete
6919143	delete
6919148	delete
6919151	delete
6920487	drop_q2
6921457	delete
6921690	delete
6927475	delete
6927478	delete
6927481	drop_q2
6930054	delete
6930059	delete
6930062	delete
6930181	delete
6931415	drop_q2
6932388	drop_q2
6938558	drop_q2
6938561	delete
6941134	delete
6941139	delete
6941142	delete
6941264	delete
6942901	drop_q2
6942910	drop_q2
6943765	delete
6943993	delete
6949777	drop_q2
6949780	delete
6949783	delete
6949894	drop_q2
6952356	delete
6952361	delete
6952364	delete
6952486	delete
6953724	drop_q2
6954149	drop_q2
6954254	drop_q2
6961040	delete
6961043	delete
6963612	delete
6963617	delete
6963620	delete
6964998	drop_q2
6965998	drop_q2
6966226	delete
6972180	delete
6972183	delete
6974756	delete
6974761	delete
6974764	delete
6974886	drop_q2
6976557	drop_q2
6977667	delete
6983463	drop_q2
6983466	delete
6983469	delete
6986038	delete
6986043	delete
6986046	delete
6987865	drop_q2
6987874	drop_q2
6988741	delete
6988969	delete
6994772	drop_q2
6994775	delete
6994874	delete
6997328	delete
6997333	delete
6997336	delete
6997458	drop_q2
6998735	drop_q2
6998743	drop_q2
6999178	drop_q2
6999283	drop_q2
7000276	delete
7006242	drop_q2
7006245	delete
7008814	delete
7008819	delete
7008822	delete
7010649	drop_q2
7011549	delete
7011777	delete
7017588	drop_q2
7017591	delete
7020144	delete
7020149	delete
7020152	delete
7022002	drop_q2
7022011	drop_q2
7028953	delete
7028956	drop_q2
7029043	drop_q2
7031509	delete
7031514	delete
7031517	delete
7031639	drop_q2
7033393	delete
7033402	drop_q2
7034281	delete
7034504	delete
7040467	drop_q2
7040470	delete
7040473	delete
7040476	delete
7043029	delete
7043034	delete
7043037	delete
7043159	delete
7044895	drop_q2
7051861	delete
7051864	delete
7051867	drop_q2
7054436	delete
7054441	delete
7054444	delete
7054563	delete
7054566	delete
7056288	drop_q1
7056291	delete
7056300	drop_q2
7057251	delete
7057484	delete
7063327	drop_q2
7063414	delete
7065854	delete
7065859	delete
7065862	delete
7065981	drop_q2
7065984	delete
7067772	drop_q2
7068901	delete
7074876	drop_q2
7074879	delete
7074882	delete
7074885	delete
7074984	drop_q2
7074997	drop_q1
7077454	delete
7077459	delete
7077462	delete
7077584	delete
7079314	drop_q1
7079317	delete
7079326	drop_q2
7080301	delete
7080529	delete
7086365	delete
7086368	delete
7086371	drop_q2
7088898	delete
7088903	delete
7088906	delete
7089028	drop_q2
7090824	drop_q2
7097491	delete
7097494	drop_q2
7097497	delete
7100030	delete
7100035	delete
7100038	delete
7100157	drop_q2
7100160	delete
7101986	delete
7102910	delete
7103133	delete
7109123	drop_q2
7109126	delete
7109129	delete
7109216	delete
7111656	delete
7111661	delete
7111664	delete
7113590	drop_q2
7114767	delete
7120289	drop_q2
7120292	delete
7120295	delete
7120373	drop_q2
7120376	delete
7122828	delete
7122833	delete
7122836	delete
7122955	drop_q2
7122958	delete
7124792	drop_q2
7125740	drop_q2
7131472	delete
7131478	delete
7131481	drop_q2
7131562	delete
7131575	drop_q1
7134014	delete
7134019	delete
7134022	delete
7134144	drop_q2
7136000	delete
7136942	delete
7137165	delete
7142857	drop_q2
7142860	delete
7145393	delete
7145398	delete
7145401	delete
7145520	drop_q2
7145523	delete
7147365	drop_q2
7148337	drop_q2
7154410	drop_q2
7154413	delete
7156940	delete
7156945	delete
7156948	delete
7157070	delete
7158891	drop_q1
7158894	delete
7158903	drop_q2
7159905	delete
7159908	delete
7160131	delete
7165673	delete
7165676	drop_q2
7165679	delete
7168212	delete
7168217	delete
7168220	delete
7168336	drop_q2
7168339	delete
7168342	delete
7170189	drop_q2
7170193	delete
7170196	delete
7170205	delete
7171204	delete
7171427	delete
7171432	delete
7177465	delete
7177549	delete
7179992	delete
7179997	delete
7180000	delete
7180119	delete
7181954	drop_q2
7181963	drop_q2
7182992	delete
7183215	delete
7188765	drop_q2
7188768	delete
7188771	delete
7191304	delete
7191309	delete
7191312	delete
7191431	drop_q2
7191434	delete
7193296	drop_q2
7193305	drop_q2
7194328	delete
7194546	delete
7194551	delete
7200105	drop_q2
7200108	delete
7200111	delete
7202644	delete
7202649	delete
7202652	delete
7202774	delete
7204655	drop_q2
7204658	delete
7205684	delete
7205907	delete
7211624	delete
7211627	delete
7211630	drop_q2
7214163	delete
7214168	delete
7214171	delete
7216163	drop_q2
7216172	drop_q2
7217219	delete
7217442	delete
7223007	delete
7223010	delete
7225543	delete
7225548	delete
7225551	delete
7225673	drop_q2
7227562	drop_q2
7227565	delete
7227574	drop_q2
7228615	delete
7228838	delete
7234407	delete
7234410	delete
7236943	delete
7236948	delete
7236951	delete
7237073	drop_q2
7238987	drop_q2
7238996	drop_q2
7240031	drop_q2
7240249	delete
7245969	delete
7245975	drop_q2
7248508	delete
7248513	delete
7248516	delete
7248635	drop_q2
7248638	delete
7250538	drop_q2
7251830	delete
7257412	drop_q2
7257415	delete
7257496	delete
7259948	delete
7259953	delete
7259956	delete
7260078	delete
7262000	drop_q2
7263068	delete
7263286	delete
7268855	delete
7268861	drop_q2
7268942	delete
7271394	delete
7271399	delete
7271402	delete
7271521	delete
7271524	drop_q2
7273500	drop_q2
7280457	drop_q2
7280460	delete
7280463	delete
7280466	delete
7282999	delete
7283004	delete
7283007	delete
7283126	delete
7283129	delete
7285056	drop_q1
7285059	delete
7285068	drop_q2
7286151	delete
7286369	delete
7291949	drop_q2
7291952	delete
7292033	delete
7292046	drop_q1
7294485	delete
7294490	delete
7294493	delete
7294615	drop_q2
7296564	drop_q2
7296567	delete
7296576	drop_q2
7297653	delete
7297871	delete
7303455	drop_q2
7303458	delete
7303539	drop_q2
7305991	delete
7305996	delete
7305999	delete
7306121	delete
7308092	drop_q2
7308095	delete
7308104	drop_q2
7309175	delete
7309393	delete
7309398	delete
7315154	drop_q2
7315157	delete
7315251	drop_q1
7317690	delete
7317695	delete
7317698	delete
7317820	delete
7319777	drop_q2
7319780	delete
7320890	delete
7321113	delete
7326711	drop_q2
7326714	delete
7326717	delete
7326798	drop_q2
7329250	delete
7329255	delete
7329258	delete
7329380	delete
7331362	drop_q2
7332466	delete
7332679	delete
7338263	delete
7338266	drop_q2
7338269	delete
7338350	drop_q2
7340802	delete
7340807	delete
7340810	delete
7340932	delete
7342933	drop_q2
7342936	delete
7344034	delete
7344252	delete
7350011	drop_q2
7350014	delete
7350108	drop_q1
7352547	delete
7352552	delete
7352555	delete
7352674	delete
7352677	delete
7354664	drop_q2
7354667	delete
7355795	delete
7356013	delete
7361620	delete
7364153	delete
7364158	delete
7364161	delete
7364348	drop_q2
7366295	drop_q2
7367417	drop_q2
7373240	drop_q2
7373243	delete
7373246	delete
7373324	delete
7373340	drop_q1
7375779	delete
7375784	delete
7375787	delete
7377943	delete
7379059	delete
7379277	delete
7385048	delete
7385051	drop_q2
7387584	delete
7387589	delete
7387592	delete
7387711	drop_q2
7387714	delete
7389734	drop_q2
7390880	delete
7391093	delete
7396700	delete
7396703	drop_q2
7399236	delete
7399241	delete
7399244	delete
7399366	drop_q2
7399431	delete
7401408	drop_q2
7402548	delete
7402761	delete
7408375	drop_q2
7408453	delete
7408469	drop_q1
7410908	delete
7410913	delete
7410916	delete
7413102	drop_q2
7420220	delete
7420223	drop_q2
7420226	delete
7420320	drop_q1
7422759	delete
7422764	delete
7422767	delete
7424939	drop_q2
7426316	delete
7431938	drop_q2
7434471	delete
7434476	delete
7434479	delete
7434598	delete
7434666	delete
7436673	delete
7437831	delete
7438049	delete
7443684	drop_q2
7446217	delete
7446222	delete
7446225	delete
7448438	drop_q2
7448441	delete
7448450	drop_q2
7449593	delete
7449801	delete
7449806	delete
7455589	drop_q2
7455592	delete
7455595	delete
7455673	drop_q2
7455676	delete
7458128	delete
7458133	delete
7458136	delete
7458258	drop_q2
7460338	drop_q2
7461520	drop_q2
7467358	delete
7467364	delete
7467367	drop_q2
7469900	delete
7469905	delete
7469908	delete
7470027	drop_q2
7470030	delete
7472132	delete
7473308	delete
7473526	delete
7479167	drop_q2
7479170	delete
7479173	delete
7481706	delete
7481711	delete
7481714	delete
7483960	drop_q2
7491152	delete
7491155	drop_q2
7491158	delete
7491239	delete
7491252	drop_q1
7493691	delete
7493696	delete
7493699	delete
7493821	delete
7495931	drop_q2
7502990	drop_q2
7503071	drop_q2
7505523	delete
7505528	delete
7505531	delete
7505647	drop_q2
7505650	delete
7505653	delete
7507785	delete
7508979	delete
7509197	delete
7514847	delete
7514850	drop_q2
7514853	delete
7514856	delete
7514934	drop_q2
7514937	delete
7517389	delete
7517394	delete
7517397	delete
7517584	delete
7519670	drop_q2
7519673	delete
7520861	delete
7521069	delete
7521074	delete
7526884	delete
7526887	delete
7529420	delete
7529425	delete
7529428	delete
7529550	delete
7531687	drop_q2
7531690	delete
7532908	delete
7533121	delete
7538779	drop_q2
7541312	delete
7541317	delete
7541320	delete
7543604	drop_q2
7550375	drop_q2
7550378	delete
7550459	drop_q2
7552911	delete
7552916	delete
7552919	delete
7553041	drop_q2
7555225	delete
7556431	delete
7556644	delete
7562466	delete
7562469	drop_q2
7562550	drop_q2
7565002	delete
7565007	delete
7565010	delete
7565129	drop_q2
7565132	delete
7567299	drop_q2
7567302	delete
7568538	delete
7568751	delete
7574102	delete
7574105	drop_q2
7574108	delete
7574189	drop_q2
7576641	delete
7576646	delete
7576649	delete
7576771	delete
7578963	drop_q2
7580193	drop_q2
7580406	delete
7585764	delete
7585767	drop_q2
7585848	drop_q2
7588300	delete
7588305	delete
7588308	delete
7588430	drop_q2
7597599	delete
7597602	delete
7600138	delete
7600143	delete
7600146	delete
7600268	delete
7602468	drop_q2
7603722	drop_q2
7609281	delete
7609284	drop_q2
7609287	delete
7609290	delete
7611823	delete
7611828	delete
7611831	delete
7614175	drop_q2
7621006	delete
7621009	delete
7621087	delete
7621090	drop_q2
7621103	drop_q1
7623542	delete
7623547	delete
7623550	delete
7625916	delete
7627158	delete
7627366	delete
7632893	delete
7635426	delete
7635431	delete
7635434	delete
7635553	drop_q2
7635556	delete
7637786	drop_q2
7639058	drop_q2
7644632	delete
7644635	drop_q2
7644638	delete
7644732	drop_q1
7647171	delete
7647176	delete
7647179	delete
7649553	delete
7650819	delete
7651027	delete
7656397	drop_q2
7656400	delete
7656403	delete
7658936	delete
7658941	delete
7658944	delete
7659063	delete
7659066	drop_q2
7661337	drop_q2
7661340	delete
7662600	delete
7662808	delete
7668341	delete
7668344	delete
7668347	delete
7670880	delete
7670885	delete
7670888	delete
7671010	delete
7673267	drop_q2
7673270	delete
7674560	delete
7674768	delete
7680146	drop_q2
7680149	delete
7680152	delete
7680233	drop_q2
7682685	delete
7682690	delete
7682693	delete
7682812	delete
7682815	drop_q2
7686381	delete
7691960	delete
7691963	delete
7692041	drop_q2
7692044	delete
7694496	delete
7694501	delete
7694504	delete
7694626	delete
7696930	delete
7698208	delete
7698416	delete
7703967	delete
7704048	drop_q2
7706500	delete
7706505	delete
7706508	delete
7706627	drop_q2
7706630	delete
7706695	delete
7708920	drop_q2
7710436	delete
7715823	drop_q2
7715826	delete
7715829	delete
7715832	delete
7718365	delete
7718370	delete
7718373	delete
7718495	delete
7720807	drop_q2
7722109	delete
7727784	drop_q2
7727797	drop_q1
7730236	delete
7730241	delete
7730244	delete
7730366	delete
7732665	drop_q1
7732668	delete
7734009	delete
7734012	delete
7734215	delete
7734220	delete
7739784	drop_q2
7739787	delete
7742320	delete
7742325	delete
7742328	delete
7742450	drop_q2
7744735	drop_q2
7744738	delete
7744747	drop_q2
7746112	delete
7746320	delete
7751726	drop_q2
7751729	delete
7751732	delete
7754265	delete
7754270	delete
7754273	delete
7754392	drop_q2
7754395	delete
7756702	drop_q2
7756705	delete
7756714	drop_q2
7758073	delete
7758281	delete
7758286	delete
7763708	delete
7763711	delete
7763792	drop_q2
7766244	delete
7766249	delete
7766252	delete
7766374	drop_q2
7768706	delete
7770068	delete
7770271	delete
7775835	delete
7775841	drop_q2
7778374	delete
7778379	delete
7778382	delete
7778504	drop_q2
7780822	drop_q2
7782417	delete
7787826	drop_q2
7787829	delete
7787832	delete
7787913	delete
7790365	delete
7790370	delete
7790373	delete
7790495	delete
7792800	drop_q1
7792803	delete
7792812	drop_q2
7794234	delete
7794237	delete
7794440	delete
7794445	delete
7799871	drop_q2
7799874	delete
7799877	delete
7802410	delete
7802415	delete
7802418	delete
7802537	delete
7804863	drop_q2
7804867	delete
7804870	delete
7804879	delete
7804888	drop_q2
7806295	drop_q2
7806298	delete
7806506	delete
7806511	delete
7812112	drop_q2
7812115	delete
7812178	delete
7812209	drop_q1
7814648	delete
7814653	delete
7814656	delete
7814778	drop_q2
7817126	delete
7818536	delete
7818739	delete
7824160	delete
7824166	delete
7824260	drop_q1
7826699	delete
7826704	delete
7826707	delete
7829196	drop_q2
7829199	delete
7830603	delete
7830806	delete
7830811	delete
7836245	delete
7836248	delete
7838784	delete
7838789	delete
7838792	delete
7838914	delete
7841306	drop_q2
7841315	drop_q2
7842704	drop_q2
7848498	delete
7848501	drop_q2
7851034	delete
7851039	delete
7851042	delete
7854970	delete
7855173	delete
7860612	drop_q2
7860693	drop_q2
7863145	delete
7863150	delete
7863153	delete
7865675	drop_q2
7872737	drop_q2
7872740	delete
7872743	delete
7872837	drop_q1
7875276	delete
7875281	delete
7875284	delete
7875403	drop_q2
7875406	delete
7877828	drop_q2
7877837	drop_q2
7885044	delete
7885050	delete
7885053	delete
7885134	drop_q2
7887586	delete
7887591	delete
7887594	delete
7887710	drop_q2
7887713	delete
7887716	delete
7890124	delete
7891570	delete
7891773	delete
7897221	delete
7897224	drop_q2
7897305	drop_q2
7899757	delete
7899762	delete
7899765	delete
7899884	delete
7899887	drop_q2
7902317	drop_q2
7903757	delete
7903960	delete
7909409	delete
7909412	drop_q2
7909415	delete
7909509	drop_q1
7911948	delete
7911953	delete
7911956	delete
7912078	drop_q2
7914527	drop_q2
7914530	delete
7914539	drop_q2
7915964	delete
7916162	delete
7921771	delete
7921849	delete
7921852	drop_q2
7921865	drop_q1
7924304	delete
7924309	delete
7924312	delete
7924434	drop_q2
7926872	drop_q2
7928336	delete
7933982	drop_q2
7933985	delete
7933988	delete
7934069	delete
7936521	delete
7936526	delete
7936529	delete
7939111	drop_q2
7940569	drop_q2
7946253	delete
7946331	drop_q2
7946334	delete
7948786	delete
7948791	delete
7948794	delete
7951398	delete
7951407	drop_q2
7952850	delete
7953053	delete
7958677	drop_q2
7958680	delete
7958683	delete
7958764	drop_q2
7958777	drop_q1
7961216	delete
7961221	delete
7961224	delete
7963814	delete
7965296	delete
7965499	delete
7970974	drop_q2
7971055	delete
7973507	delete
7973512	delete
7973515	delete
7973634	drop_q2
7973637	delete
7976127	drop_q2
7977603	delete
7977801	delete
7983262	drop_q2
7983265	delete
7983268	delete
7983271	delete
7985804	delete
7985809	delete
7985812	delete
7985931	delete
7985934	drop_q2
7988446	drop_q2
7989916	drop_q2
7990114	delete
7995744	delete
7998280	delete
7998285	delete
7998288	delete
8000908	delete
8002408	delete
8002601	delete
8008067	delete
8008070	delete
8010603	delete
8010608	delete
8010611	delete
8010730	drop_q2
8010733	delete
8013250	drop_q2
8013253	delete
8014747	delete
8014945	delete
8020418	delete
8020424	delete
8020521	drop_q1
8022960	delete
8022965	delete
8022968	delete
8023087	delete
8025629	drop_q2
8025632	delete
8025641	drop_q2
8027120	delete
8027323	delete
8032977	delete
8035510	delete
8035515	delete
8035518	delete
8035640	drop_q2
8038168	drop_q2
8039686	delete
8039884	delete
8045455	delete
8047907	delete
8047912	delete
8047915	delete
8048034	delete
8050587	delete
8052099	delete
8052297	delete
8057785	delete
8057788	delete
8057791	drop_q2
8060324	delete
8060329	delete
8060332	delete
8060454	drop_q2
8063023	drop_q2
8063026	delete
8063035	drop_q2
8064532	delete
8064725	delete
8070367	delete
8070370	drop_q2
8070373	delete
8070467	drop_q1
8072906	delete
8072911	delete
8072914	delete
8073033	delete
8075591	drop_q2
8075594	delete
8077130	delete
8077318	delete
8077323	delete
8082810	delete
8082813	drop_q2
8082816	delete
8082897	drop_q2
8085349	delete
8085354	delete
8085357	delete
8085479	delete
8088059	drop_q2
8089589	delete
8095273	delete
8095279	drop_q2
8095373	drop_q1
8097812	delete
8097817	delete
8097820	delete
8097942	drop_q2
8098007	delete
8100544	drop_q2
8100553	drop_q2
8102068	delete
8102261	delete
8107918	delete
8107921	drop_q2
8108002	drop_q2
8110454	delete
8110459	delete
8110462	delete
8113172	drop_q2
8114726	delete
8114914	delete
8114919	delete
8120421	drop_q2
8120424	delete
8120502	delete
8120505	drop_q2
8120518	drop_q1
8122957	delete
8122962	delete
8122965	delete
8123087	delete
8125694	drop_q2
8125697	delete
8127245	delete
8127433	delete
8127438	delete
8132938	delete
8132947	drop_q2
8135480	delete
8135485	delete
8135488	delete
8135604	drop_q2
8135607	delete
8135610	delete
8138242	drop_q2
8139784	delete
8139972	delete
8145635	drop_q2
8148168	delete
8148173	delete
8148176	delete
8148363	drop_q2
8152488	delete
8152676	delete
8158178	delete
8158181	drop_q2
8158184	delete
8158265	delete
8158278	drop_q1
8160717	delete
8160722	delete
8160725	delete
8163487	drop_q2
8170747	drop_q2
8170750	delete
8170753	delete
8170847	drop_q1
8173286	delete
8173291	delete
8173294	delete
8176078	drop_q2
8176087	drop_q2
8177638	drop_q2
8177826	delete
8183495	drop_q2
8183498	delete
8183501	delete
8186034	delete
8186039	delete
8186042	delete
8186161	delete
8186164	drop_q2
8188812	drop_q2
8190402	delete
8190590	delete
8196104	delete
8196110	delete
8198643	delete
8198648	delete
8198651	delete
8198773	delete
8201443	delete
8203027	delete
8203215	delete
8208733	drop_q2
8208736	delete
8208739	delete
8208833	drop_q1
8211272	delete
8211277	delete
8211280	delete
8211402	delete
8214094	drop_q2
8215672	drop_q2
8215860	delete
8221544	drop_q2
8221547	delete
8224080	delete
8224085	delete
8224088	delete
8226888	drop_q2
8226897	drop_q2
8228496	delete
8228679	delete
8234207	drop_q2
8234210	delete
8234213	delete
8234216	delete
8234297	delete
8236749	delete
8236754	delete
8236757	delete
8239579	drop_q2
8239588	drop_q2
8241181	delete
8241369	delete
8246899	drop_q2
8246902	delete
8246905	delete
8249438	delete
8249443	delete
8249446	delete
8249565	drop_q2
8249568	delete
8252290	drop_q2
8253886	drop_q2
8259767	drop_q2
8259770	delete
8259773	delete
8259854	drop_q2
8259867	drop_q1
8262306	delete
8262311	delete
8262314	delete
8265141	delete
8265144	delete
8265153	drop_q2
8266770	delete
8266953	delete
8266958	delete
8272496	delete
8272499	drop_q2
8272502	delete
8272583	drop_q2
8275035	delete
8275040	delete
8275043	delete
8275162	delete
8277892	drop_q2
8277895	delete
8279515	delete
8279703	delete
8285251	delete
8285329	drop_q2
8285332	delete
8285345	drop_q1
8287784	delete
8287789	delete
8287792	delete
8287914	drop_q2
8290666	drop_q2
8290675	drop_q2
8298159	delete
8298162	drop_q2
8298165	delete
8298246	drop_q2
8298259	drop_q1
8300698	delete
8300703	delete
8300706	delete
8303566	delete
8305210	delete
8305393	delete
8310934	drop_q2
8310937	delete
8310940	delete
8311021	drop_q2
8313473	delete
8313478	delete
8313481	delete
8313603	delete
8316360	drop_q2
8316363	delete
8316372	drop_q2
8318001	delete
8318184	delete
8323732	drop_q2
8323735	delete
8326268	delete
8326273	delete
8326276	delete
8326395	drop_q2
8326398	delete
8329180	drop_q2
8330812	delete
8336700	delete
8336703	delete
8336709	drop_q2
8336787	drop_q2
8336790	delete
8339242	delete
8339247	delete
8339250	delete
8339372	drop_q2
8342140	drop_q2
8343802	delete
8349541	drop_q2
8349544	delete
8349625	delete
8352077	delete
8352082	delete
8352085	delete
8352204	delete
8354997	drop_q2
8355006	drop_q2
8362390	delete
8362393	delete
8362396	delete
8362493	drop_q1
8364932	delete
8364937	delete
8364940	delete
8365062	drop_q2
8367874	delete
8369524	delete
8369702	delete
8375413	delete
8375419	drop_q2
8377952	delete
8377957	delete
8377960	delete
8378079	delete
8378082	delete
8380877	drop_q2
8380880	delete
8380889	drop_q2
8382560	delete
8382743	delete
8388308	delete
8388311	delete
8388314	delete
8390847	delete
8390852	delete
8390855	delete
8390974	delete
8390977	drop_q2
8393794	drop_q2
8393797	delete
8395471	delete
8395644	delete
8395649	delete
8400893	drop_q2
8400896	delete
8400899	delete
8400902	delete
8403435	delete
8403440	delete
8403443	delete
8403565	drop_q2
8406407	drop_q2
8408075	drop_q2
8408258	delete
8414077	delete
8414090	drop_q1
8416529	delete
8416534	delete
8416537	delete
8419487	drop_q2
8421185	delete
8421363	delete
8429157	delete
8429162	delete
8429165	delete
8429284	delete
8429287	delete
8432134	drop_q2
8432137	delete
8433829	delete
8434007	delete
8439269	delete
8439272	drop_q2
8439366	drop_q1
8441805	delete
8441810	delete
8441813	delete
8444804	drop_q2
8444807	delete
8446493	delete
8446671	delete
8452096	drop_q2
8452099	delete
8452177	drop_q2
8452180	delete
8454632	delete
8454637	delete
8454640	delete
8457617	drop_q2
8457620	delete
8459336	delete
8459514	delete
8464787	drop_q2
8464868	drop_q2
8464881	drop_q1
8467320	delete
8467325	delete
8467328	delete
8470330	drop_q2
8470339	drop_q2
8472040	delete
8472208	delete
8477478	delete
8477481	delete
8477559	drop_q2
8477562	delete
8477575	drop_q1
8480014	delete
8480019	delete
8480022	delete
8480138	delete
8483046	drop_q2
8484750	delete
8484923	delete
8484928	delete
8490362	drop_q2
8490365	delete
8490368	delete
8492901	delete
8492906	delete
8492909	delete
8493031	drop_q2
8495919	drop_q2
8497653	delete
8503116	drop_q2
8503197	delete
8505649	delete
8505654	delete
8505657	delete
8508686	drop_q2
8508689	delete
8508698	drop_q2
8510417	delete
8510595	delete
8515878	delete
8515881	drop_q2
8515884	delete
8518417	delete
8518422	delete
8518425	delete
8518547	delete
8521479	drop_q2
8523201	drop_q2
8523374	delete
8528817	delete
8531350	delete
8531355	delete
8531358	delete
8531480	delete
8534398	delete
8534407	delete
8536150	delete
8536328	delete
8541619	drop_q2
8541622	delete
8541625	delete
8541706	drop_q2
8544158	delete
8544163	delete
8544166	delete
8544285	delete
8544288	drop_q2
8547225	drop_q2
8547228	delete
8548974	delete
8549147	delete
8554436	drop_q2
8554439	delete
8554520	drop_q2
8556972	delete
8556977	delete
8556980	delete
8557099	delete
8560064	drop_q2
8561804	drop_q2
8567423	delete
8567429	drop_q2
8567432	delete
8567513	drop_q2
8569965	delete
8569970	delete
8569973	delete
8570095	drop_q2
8573043	drop_q2
8574813	drop_q2
8580283	delete
8580286	delete
8580367	drop_q2
8582819	delete
8582824	delete
8582827	delete
8582949	drop_q2
8585919	drop_q2
8587683	delete
8587856	delete
8593157	drop_q2
8593160	delete
8595693	delete
8595698	delete
8595701	delete
8595823	delete
8598815	drop_q2
8598824	drop_q2
8600573	delete
8600741	delete
8606193	drop_q2
8606196	delete
8606199	delete
8606280	drop_q2
8608732	delete
8608737	delete
8608740	delete
8608859	delete
8608862	delete
8611837	drop_q2
8611840	delete
8613628	delete
8613806	delete
8619121	delete
8619124	delete
8619127	delete
8619208	drop_q2
8621660	delete
8621665	delete
8621668	delete
8621790	drop_q2
8624787	drop_q2
8624790	delete
8624799	drop_q2
8626572	delete
8626740	delete
8632041	delete
8632047	drop_q2
8634580	delete
8634585	delete
8634588	delete
8634707	delete
8634710	drop_q2
8639508	delete
8645143	delete
8645146	delete
8645227	drop_q2
8647679	delete
8647684	delete
8647687	delete
8647874	drop_q2
8650817	delete
8652623	delete
8652796	delete
8658111	drop_q2
8658114	delete
8658117	delete
8658120	delete
8658201	delete
8660653	delete
8660658	delete
8660661	delete
8660783	delete
8663813	drop_q2
8671100	drop_q2
8673633	delete
8673638	delete
8673641	delete
8673763	delete
8676808	delete
8676815	delete
8678609	delete
8678777	delete
8684256	delete
8684259	drop_q2
8684340	delete
8686792	delete
8686797	delete
8686800	delete
8686922	drop_q2
8689957	drop_q2
8689960	delete
8691784	delete
8691957	delete
8697284	delete
8697290	delete
8697293	drop_q2
8697374	delete
8699826	delete
8699831	delete
8699834	delete
8699956	delete
8703016	drop_q2
8703025	drop_q2
8704834	drop_q2
8705007	delete
8710344	drop_q2
8710347	delete
8712880	delete
8712885	delete
8712888	delete
8713004	delete
8713010	drop_q2
8716092	drop_q2
8718062	delete
8723546	delete
8723552	drop_q2
8723633	drop_q2
8726085	delete
8726090	delete
8726093	delete
8726212	drop_q2
8726215	delete
8729280	drop_q2
8729283	delete
8731125	delete
8731293	delete
8736626	drop_q2
8736629	delete
8736632	delete
8736726	drop_q1
8739165	delete
8739170	delete
8739173	delete
8739292	delete
8742385	drop_q2
8742394	drop_q2
8749732	delete
8752265	delete
8752270	delete
8752273	delete
8752389	delete
8755507	delete
8755516	drop_q2
8757337	delete
8757505	delete
8763008	drop_q2
8763011	delete
8763092	drop_q2
8765544	delete
8765549	delete
8765552	delete
8765674	drop_q2
8768772	drop_q2
8776134	delete
8776218	delete
8778670	delete
8778675	delete
8778678	delete
8778800	drop_q2
8783774	delete
8783942	delete
8789294	drop_q2
8789297	delete
8791830	delete
8791835	delete
8791838	delete
8791957	drop_q2
8791960	delete
8795102	delete
8796950	delete
8797118	delete
8802633	delete
8802636	delete
8802714	drop_q2
8802717	delete
8805169	delete
8805174	delete
8805177	delete
8805296	drop_q2
8805299	delete
8808424	drop_q2
8808427	delete
8810305	delete
8810468	delete
8815816	delete
8815819	delete
8818355	delete
8818360	delete
8818363	delete
8821635	drop_q2
8823665	delete
8829022	drop_q2
8829025	delete
8829028	delete
8831561	delete
8831566	delete
8831569	delete
8831691	drop_q2
8834863	drop_q2
8836729	delete
8836892	delete
8842410	drop_q2
8842413	delete
8842494	drop_q2
8842507	drop_q1
8844946	delete
8844951	delete
8844954	delete
8845073	drop_q2
8845076	delete
8848234	drop_q2
8855659	drop_q2
8855740	delete
8858192	delete
8858197	delete
8858200	delete
8858319	drop_q2
8858322	delete
8863392	delete
8863555	delete
8868925	delete
8869006	delete
8871458	delete
8871463	delete
8871466	delete
8871585	delete
8871588	delete
8874790	delete
8876674	delete
8876837	delete
8882364	delete
8882367	drop_q2
8882370	delete
8882448	drop_q2
8882451	delete
8882464	drop_q1
8884903	delete
8884908	delete
8884911	delete
8895628	delete
8895706	delete
8895722	drop_q1
8898161	delete
8898166	delete
8898169	delete
8908886	delete
8911419	delete
8911424	delete
8911427	delete
8922269	drop_q2
8922272	delete
8922275	delete
8922353	delete
8922369	drop_q1
8924808	delete
8924813	delete
8924816	delete
8924938	drop_q2
8935482	drop_q2
8935485	delete
8935488	delete
8935491	delete
8935569	delete
8935572	drop_q2
8935585	drop_q1
8938024	delete
8938029	delete
8938032	delete
8948701	drop_q2
8948704	delete
8948707	delete
8951240	delete
8951245	delete
8951248	delete
8951370	drop_q2
8962051	delete
8962054	delete
8964587	delete
8964592	delete
8964595	delete
8975225	drop_q2
8975228	delete
8977761	delete
8977766	delete
8977769	delete
8977891	drop_q2
8977956	delete
8988382	drop_q2
8988385	delete
8988388	delete
8988482	drop_q1
8990921	delete
8990926	delete
8990929	delete
8991051	delete
9001517	drop_q2
9001520	delete
9001523	delete
9001526	delete
9001529	delete
9001532	delete
9001535	delete
9001538	delete
9001541	delete
9001544	delete
9001547	delete
9001550	delete
9001553	delete
9001585	drop_q2
9001588	delete
9001591	delete
9001594	delete
9001597	delete
9001600	delete
9001610	delete
9001613	delete
9001616	delete
9001631	delete
9001634	delete
9001647	drop_q1
9001669	drop_q1
9001672	drop_q1
9003819	delete
9003821	delete
9003824	delete
9003827	delete
9003912	drop_q2
9003915	delete
9003918	delete
9003921	delete
9004015	drop_q1
9005145	delete
9005147	delete
9005150	delete
9005153	delete
9005238	drop_q2
9005241	delete
9005244	delete
9005247	delete
9005325	delete
9005328	delete
9005341	drop_q1
9028370	delete
9028373	delete
