=== quantum_ecc: build_circuit (untrusted stage) ===

-- building circuit --
ALLOC_NEAR active=1267 next_idx=1266 phase='pp_div_replay' ops_idx=913421 free_pool=0 caller=src/bin/../point_add/mod.rs:487
B0_CENSUS_BEGIN best_active=1267 best_ops=913421 best_phase=pp_div_replay n_live=1267 n_groups=9 win=[913165,913677]
B0_OWN count=333 phase=pp_div_walk caller=src/bin/../point_add/pingpong_div.rs:1668
B0_OWN count=256 phase=init caller=src/bin/../point_add/pingpong_div.rs:2896
B0_OWN count=256 phase=pp_div_replay caller=src/bin/../point_add/pingpong_div.rs:373
B0_OWN count=146 phase=init caller=src/bin/../point_add/pingpong_div.rs:2895
B0_OWN count=146 phase=tlm_inverse caller=src/bin/../point_add/arith/adder.rs:341
B0_OWN count=126 phase=pp_div_replay caller=src/bin/../point_add/pingpong_div.rs:1992
B0_OWN count=2 phase=pp_div_replay caller=src/bin/../point_add/pingpong_div.rs:2135
B0_OWN count=1 phase=pp_div_walk caller=src/bin/../point_add/pingpong_div.rs:852
B0_OWN count=1 phase=pp_div_walk caller=src/bin/../point_add/pingpong_div.rs:925
B0_CENSUS_END
ALLOC_NEAR active=1267 next_idx=1267 phase='pp_div_replay' ops_idx=914706 free_pool=1 caller=src/bin/../point_add/mod.rs:487
ALLOC_NEAR active=1267 next_idx=1267 phase='pp_div_replay' ops_idx=917957 free_pool=1 caller=src/bin/../point_add/mod.rs:487
ALLOC_NEAR active=1267 next_idx=1267 phase='pp_div_replay' ops_idx=919242 free_pool=1 caller=src/bin/../point_add/mod.rs:487
ALLOC_NEAR active=1267 next_idx=1267 phase='pp_div_replay' ops_idx=922493 free_pool=1 caller=src/bin/../point_add/mod.rs:487
ALLOC_NEAR active=1267 next_idx=1267 phase='pp_div_replay' ops_idx=923778 free_pool=1 caller=src/bin/../point_add/mod.rs:487
ALLOC_NEAR active=1267 next_idx=1267 phase='pp_div_replay' ops_idx=927029 free_pool=1 caller=src/bin/../point_add/mod.rs:487
ALLOC_NEAR active=1267 next_idx=1267 phase='pp_div_replay' ops_idx=928314 free_pool=1 caller=src/bin/../point_add/mod.rs:487
ALLOC_NEAR active=1267 next_idx=1267 phase='pp_div_replay' ops_idx=931565 free_pool=1 caller=src/bin/../point_add/mod.rs:487
ALLOC_NEAR active=1267 next_idx=1267 phase='pp_div_replay' ops_idx=932850 free_pool=1 caller=src/bin/../point_add/mod.rs:487
ALLOC_NEAR active=1267 next_idx=1267 phase='pp_div_replay' ops_idx=936101 free_pool=1 caller=src/bin/../point_add/mod.rs:487
ALLOC_NEAR active=1267 next_idx=1267 phase='pp_div_replay' ops_idx=937386 free_pool=1 caller=src/bin/../point_add/mod.rs:487
ALLOC_NEAR active=1267 next_idx=1267 phase='pp_div_replay' ops_idx=940637 free_pool=1 caller=src/bin/../point_add/mod.rs:487
ALLOC_NEAR active=1267 next_idx=1267 phase='pp_div_replay' ops_idx=941922 free_pool=1 caller=src/bin/../point_add/mod.rs:487
ALLOC_NEAR active=1267 next_idx=1267 phase='pp_div_replay' ops_idx=945173 free_pool=1 caller=src/bin/../point_add/mod.rs:487
ALLOC_NEAR active=1267 next_idx=1267 phase='pp_div_replay' ops_idx=946458 free_pool=1 caller=src/bin/../point_add/mod.rs:487
ALLOC_NEAR active=1267 next_idx=1267 phase='pp_div_replay' ops_idx=949709 free_pool=1 caller=src/bin/../point_add/mod.rs:487
ALLOC_NEAR active=1267 next_idx=1267 phase='pp_div_replay' ops_idx=950994 free_pool=1 caller=src/bin/../point_add/mod.rs:487
ALLOC_NEAR active=1267 next_idx=1267 phase='pp_div_replay' ops_idx=954245 free_pool=1 caller=src/bin/../point_add/mod.rs:487
ALLOC_NEAR active=1267 next_idx=1267 phase='pp_div_replay' ops_idx=955530 free_pool=1 caller=src/bin/../point_add/mod.rs:487
ALLOC_NEAR active=1267 next_idx=1267 phase='pp_div_replay' ops_idx=958781 free_pool=1 caller=src/bin/../point_add/mod.rs:487
ALLOC_NEAR active=1267 next_idx=1267 phase='pp_div_replay' ops_idx=960066 free_pool=1 caller=src/bin/../point_add/mod.rs:487
ALLOC_NEAR active=1267 next_idx=1267 phase='pp_div_replay' ops_idx=963317 free_pool=1 caller=src/bin/../point_add/mod.rs:487
ALLOC_NEAR active=1267 next_idx=1267 phase='pp_div_replay' ops_idx=964602 free_pool=1 caller=src/bin/../point_add/mod.rs:487
ALLOC_NEAR active=1267 next_idx=1267 phase='pp_div_replay' ops_idx=967853 free_pool=1 caller=src/bin/../point_add/mod.rs:487
ALLOC_NEAR active=1267 next_idx=1267 phase='pp_div_replay' ops_idx=969138 free_pool=1 caller=src/bin/../point_add/mod.rs:487
ALLOC_NEAR active=1267 next_idx=1267 phase='pp_div_replay' ops_idx=972389 free_pool=1 caller=src/bin/../point_add/mod.rs:487
ALLOC_NEAR active=1267 next_idx=1267 phase='pp_div_replay' ops_idx=973674 free_pool=1 caller=src/bin/../point_add/mod.rs:487
ALLOC_NEAR active=1267 next_idx=1267 phase='pp_div_replay' ops_idx=976925 free_pool=1 caller=src/bin/../point_add/mod.rs:487
ALLOC_NEAR active=1267 next_idx=1267 phase='pp_div_replay' ops_idx=978210 free_pool=1 caller=src/bin/../point_add/mod.rs:487
ALLOC_NEAR active=1267 next_idx=1267 phase='pp_div_replay' ops_idx=981461 free_pool=1 caller=src/bin/../point_add/mod.rs:487
ALLOC_NEAR active=1267 next_idx=1267 phase='pp_div_replay' ops_idx=982746 free_pool=1 caller=src/bin/../point_add/mod.rs:487
ALLOC_NEAR active=1267 next_idx=1267 phase='pp_div_replay' ops_idx=985997 free_pool=1 caller=src/bin/../point_add/mod.rs:487
ALLOC_NEAR active=1267 next_idx=1267 phase='pp_div_replay' ops_idx=987282 free_pool=1 caller=src/bin/../point_add/mod.rs:487
ALLOC_NEAR active=1267 next_idx=1267 phase='pp_div_replay' ops_idx=990533 free_pool=1 caller=src/bin/../point_add/mod.rs:487
ALLOC_NEAR active=1267 next_idx=1267 phase='pp_div_replay' ops_idx=991818 free_pool=1 caller=src/bin/../point_add/mod.rs:487
ALLOC_NEAR active=1267 next_idx=1267 phase='pp_div_replay' ops_idx=995069 free_pool=1 caller=src/bin/../point_add/mod.rs:487
ALLOC_NEAR active=1267 next_idx=1267 phase='pp_div_replay' ops_idx=996354 free_pool=1 caller=src/bin/../point_add/mod.rs:487
ALLOC_NEAR active=1267 next_idx=1267 phase='pp_div_replay' ops_idx=999605 free_pool=1 caller=src/bin/../point_add/mod.rs:487
ALLOC_NEAR active=1267 next_idx=1267 phase='pp_div_replay' ops_idx=1000890 free_pool=1 caller=src/bin/../point_add/mod.rs:487
ALLOC_NEAR active=1267 next_idx=1267 phase='pp_div_replay' ops_idx=1004141 free_pool=1 caller=src/bin/../point_add/mod.rs:487
ALLOC_NEAR active=1267 next_idx=1267 phase='pp_div_replay' ops_idx=1005426 free_pool=1 caller=src/bin/../point_add/mod.rs:487
ALLOC_NEAR active=1267 next_idx=1267 phase='pp_div_replay' ops_idx=1008677 free_pool=1 caller=src/bin/../point_add/mod.rs:487
ALLOC_NEAR active=1267 next_idx=1267 phase='pp_div_replay' ops_idx=1009962 free_pool=1 caller=src/bin/../point_add/mod.rs:487
ALLOC_NEAR active=1267 next_idx=1267 phase='pp_div_replay' ops_idx=1013213 free_pool=1 caller=src/bin/../point_add/mod.rs:487
ALLOC_NEAR active=1267 next_idx=1267 phase='pp_div_replay' ops_idx=1014498 free_pool=1 caller=src/bin/../point_add/mod.rs:487
ALLOC_NEAR active=1267 next_idx=1267 phase='pp_div_replay' ops_idx=1017749 free_pool=1 caller=src/bin/../point_add/mod.rs:487
ALLOC_NEAR active=1267 next_idx=1267 phase='pp_div_replay' ops_idx=1019034 free_pool=1 caller=src/bin/../point_add/mod.rs:487
ALLOC_NEAR active=1267 next_idx=1267 phase='pp_div_replay' ops_idx=1022285 free_pool=1 caller=src/bin/../point_add/mod.rs:487
ALLOC_NEAR active=1267 next_idx=1267 phase='pp_div_replay' ops_idx=1023570 free_pool=1 caller=src/bin/../point_add/mod.rs:487
ALLOC_NEAR active=1267 next_idx=1267 phase='pp_div_replay' ops_idx=1026821 free_pool=1 caller=src/bin/../point_add/mod.rs:487
ALLOC_NEAR active=1267 next_idx=1267 phase='pp_div_replay' ops_idx=1028106 free_pool=1 caller=src/bin/../point_add/mod.rs:487
ALLOC_NEAR active=1267 next_idx=1267 phase='pp_div_replay' ops_idx=1031357 free_pool=1 caller=src/bin/../point_add/mod.rs:487
ALLOC_NEAR active=1267 next_idx=1267 phase='pp_div_replay' ops_idx=1032642 free_pool=1 caller=src/bin/../point_add/mod.rs:487
ALLOC_NEAR active=1267 next_idx=1267 phase='pp_div_replay' ops_idx=1035893 free_pool=1 caller=src/bin/../point_add/mod.rs:487
ALLOC_NEAR active=1267 next_idx=1267 phase='pp_div_replay' ops_idx=1037178 free_pool=1 caller=src/bin/../point_add/mod.rs:487
ALLOC_NEAR active=1267 next_idx=1267 phase='pp_div_replay' ops_idx=1040429 free_pool=1 caller=src/bin/../point_add/mod.rs:487
ALLOC_NEAR active=1267 next_idx=1267 phase='pp_div_replay' ops_idx=1041714 free_pool=1 caller=src/bin/../point_add/mod.rs:487
ALLOC_NEAR active=1267 next_idx=1267 phase='pp_div_replay' ops_idx=1044965 free_pool=1 caller=src/bin/../point_add/mod.rs:487
ALLOC_NEAR active=1267 next_idx=1267 phase='pp_div_replay' ops_idx=1046250 free_pool=1 caller=src/bin/../point_add/mod.rs:487
ALLOC_NEAR active=1267 next_idx=1267 phase='pp_div_replay' ops_idx=1049501 free_pool=1 caller=src/bin/../point_add/mod.rs:487
ALLOC_NEAR active=1267 next_idx=1267 phase='pp_div_replay' ops_idx=1050786 free_pool=1 caller=src/bin/../point_add/mod.rs:487
ALLOC_NEAR active=1267 next_idx=1267 phase='pp_div_replay' ops_idx=1054037 free_pool=1 caller=src/bin/../point_add/mod.rs:487
ALLOC_NEAR active=1267 next_idx=1267 phase='pp_div_replay' ops_idx=1055322 free_pool=1 caller=src/bin/../point_add/mod.rs:487
ALLOC_NEAR active=1267 next_idx=1267 phase='pp_div_replay' ops_idx=1058573 free_pool=1 caller=src/bin/../point_add/mod.rs:487
ALLOC_NEAR active=1267 next_idx=1267 phase='pp_div_replay' ops_idx=1059858 free_pool=1 caller=src/bin/../point_add/mod.rs:487
ALLOC_NEAR active=1267 next_idx=1267 phase='pp_div_replay' ops_idx=1063109 free_pool=1 caller=src/bin/../point_add/mod.rs:487
ALLOC_NEAR active=1267 next_idx=1267 phase='pp_div_replay' ops_idx=1064394 free_pool=1 caller=src/bin/../point_add/mod.rs:487
ALLOC_NEAR active=1267 next_idx=1267 phase='pp_div_replay' ops_idx=1067645 free_pool=1 caller=src/bin/../point_add/mod.rs:487
ALLOC_NEAR active=1267 next_idx=1267 phase='pp_div_replay' ops_idx=1068930 free_pool=1 caller=src/bin/../point_add/mod.rs:487
ALLOC_NEAR active=1267 next_idx=1267 phase='pp_div_replay' ops_idx=1072181 free_pool=1 caller=src/bin/../point_add/mod.rs:487
ALLOC_NEAR active=1267 next_idx=1267 phase='pp_div_replay' ops_idx=1073466 free_pool=1 caller=src/bin/../point_add/mod.rs:487
ALLOC_NEAR active=1267 next_idx=1267 phase='pp_div_replay' ops_idx=1076717 free_pool=1 caller=src/bin/../point_add/mod.rs:487
ALLOC_NEAR active=1267 next_idx=1267 phase='pp_div_replay' ops_idx=1078002 free_pool=1 caller=src/bin/../point_add/mod.rs:487
ALLOC_NEAR active=1267 next_idx=1267 phase='pp_div_replay' ops_idx=1081253 free_pool=1 caller=src/bin/../point_add/mod.rs:487
ALLOC_NEAR active=1267 next_idx=1267 phase='pp_div_replay' ops_idx=1082538 free_pool=1 caller=src/bin/../point_add/mod.rs:487
ALLOC_NEAR active=1267 next_idx=1267 phase='pp_div_replay' ops_idx=1085789 free_pool=1 caller=src/bin/../point_add/mod.rs:487
ALLOC_NEAR active=1267 next_idx=1267 phase='pp_div_replay' ops_idx=1087074 free_pool=1 caller=src/bin/../point_add/mod.rs:487
ALLOC_NEAR active=1267 next_idx=1267 phase='pp_div_replay' ops_idx=1090325 free_pool=1 caller=src/bin/../point_add/mod.rs:487
ALLOC_NEAR active=1267 next_idx=1267 phase='pp_div_replay' ops_idx=1091610 free_pool=1 caller=src/bin/../point_add/mod.rs:487
ALLOC_NEAR active=1267 next_idx=1267 phase='pp_div_replay' ops_idx=1094861 free_pool=1 caller=src/bin/../point_add/mod.rs:487
ALLOC_NEAR active=1267 next_idx=1267 phase='pp_div_replay' ops_idx=1096146 free_pool=1 caller=src/bin/../point_add/mod.rs:487
ALLOC_NEAR active=1267 next_idx=1267 phase='pp_div_replay' ops_idx=1099397 free_pool=1 caller=src/bin/../point_add/mod.rs:487
ALLOC_NEAR active=1267 next_idx=1267 phase='pp_div_replay' ops_idx=1100682 free_pool=1 caller=src/bin/../point_add/mod.rs:487
ALLOC_NEAR active=1267 next_idx=1267 phase='pp_div_replay' ops_idx=1103933 free_pool=1 caller=src/bin/../point_add/mod.rs:487
ALLOC_NEAR active=1267 next_idx=1267 phase='pp_div_replay' ops_idx=1105218 free_pool=1 caller=src/bin/../point_add/mod.rs:487
ALLOC_NEAR active=1267 next_idx=1267 phase='pp_div_replay' ops_idx=1108469 free_pool=1 caller=src/bin/../point_add/mod.rs:487
ALLOC_NEAR active=1267 next_idx=1267 phase='pp_div_replay' ops_idx=1109754 free_pool=1 caller=src/bin/../point_add/mod.rs:487
ALLOC_NEAR active=1267 next_idx=1267 phase='pp_div_replay' ops_idx=1113005 free_pool=1 caller=src/bin/../point_add/mod.rs:487
ALLOC_NEAR active=1267 next_idx=1267 phase='pp_div_replay' ops_idx=1114290 free_pool=1 caller=src/bin/../point_add/mod.rs:487
ALLOC_NEAR active=1267 next_idx=1267 phase='pp_div_replay' ops_idx=1117541 free_pool=1 caller=src/bin/../point_add/mod.rs:487
ALLOC_NEAR active=1267 next_idx=1267 phase='pp_div_replay' ops_idx=1118826 free_pool=1 caller=src/bin/../point_add/mod.rs:487
ALLOC_NEAR active=1267 next_idx=1267 phase='pp_div_replay' ops_idx=1122077 free_pool=1 caller=src/bin/../point_add/mod.rs:487
ALLOC_NEAR active=1267 next_idx=1267 phase='pp_div_replay' ops_idx=1123362 free_pool=1 caller=src/bin/../point_add/mod.rs:487
ALLOC_NEAR active=1267 next_idx=1267 phase='pp_div_replay' ops_idx=1126613 free_pool=1 caller=src/bin/../point_add/mod.rs:487
ALLOC_NEAR active=1267 next_idx=1267 phase='pp_div_replay' ops_idx=1127898 free_pool=1 caller=src/bin/../point_add/mod.rs:487
ALLOC_NEAR active=1267 next_idx=1267 phase='pp_div_replay' ops_idx=1131149 free_pool=1 caller=src/bin/../point_add/mod.rs:487
ALLOC_NEAR active=1267 next_idx=1267 phase='pp_div_replay' ops_idx=1132434 free_pool=1 caller=src/bin/../point_add/mod.rs:487
ALLOC_NEAR active=1267 next_idx=1267 phase='pp_div_replay' ops_idx=1135685 free_pool=1 caller=src/bin/../point_add/mod.rs:487
ALLOC_NEAR active=1267 next_idx=1267 phase='pp_div_replay' ops_idx=1136970 free_pool=1 caller=src/bin/../point_add/mod.rs:487
ALLOC_NEAR active=1267 next_idx=1267 phase='pp_div_replay' ops_idx=1140221 free_pool=1 caller=src/bin/../point_add/mod.rs:487
ALLOC_NEAR active=1267 next_idx=1267 phase='pp_div_replay' ops_idx=1141506 free_pool=1 caller=src/bin/../point_add/mod.rs:487
ALLOC_NEAR active=1267 next_idx=1267 phase='pp_div_replay' ops_idx=1144757 free_pool=1 caller=src/bin/../point_add/mod.rs:487
ALLOC_NEAR active=1267 next_idx=1267 phase='pp_div_replay' ops_idx=1146042 free_pool=1 caller=src/bin/../point_add/mod.rs:487
ALLOC_NEAR active=1267 next_idx=1267 phase='pp_div_replay' ops_idx=1149293 free_pool=1 caller=src/bin/../point_add/mod.rs:487
ALLOC_NEAR active=1267 next_idx=1267 phase='pp_div_replay' ops_idx=1150578 free_pool=1 caller=src/bin/../point_add/mod.rs:487
ALLOC_NEAR active=1267 next_idx=1267 phase='pp_div_replay' ops_idx=1153829 free_pool=1 caller=src/bin/../point_add/mod.rs:487
ALLOC_NEAR active=1267 next_idx=1267 phase='pp_div_replay' ops_idx=1155114 free_pool=1 caller=src/bin/../point_add/mod.rs:487
ALLOC_NEAR active=1267 next_idx=1267 phase='pp_div_replay' ops_idx=1158365 free_pool=1 caller=src/bin/../point_add/mod.rs:487
ALLOC_NEAR active=1267 next_idx=1267 phase='pp_div_replay' ops_idx=1159650 free_pool=1 caller=src/bin/../point_add/mod.rs:487
ALLOC_NEAR active=1267 next_idx=1267 phase='pp_div_replay' ops_idx=1162901 free_pool=1 caller=src/bin/../point_add/mod.rs:487
ALLOC_NEAR active=1267 next_idx=1267 phase='pp_div_replay' ops_idx=1164186 free_pool=1 caller=src/bin/../point_add/mod.rs:487
ALLOC_NEAR active=1267 next_idx=1267 phase='pp_div_replay' ops_idx=1167437 free_pool=1 caller=src/bin/../point_add/mod.rs:487
ALLOC_NEAR active=1267 next_idx=1267 phase='pp_div_replay' ops_idx=1168722 free_pool=1 caller=src/bin/../point_add/mod.rs:487
ALLOC_NEAR active=1267 next_idx=1267 phase='pp_div_replay' ops_idx=1171973 free_pool=1 caller=src/bin/../point_add/mod.rs:487
ALLOC_NEAR active=1267 next_idx=1267 phase='pp_div_replay' ops_idx=1173258 free_pool=1 caller=src/bin/../point_add/mod.rs:487
ALLOC_NEAR active=1267 next_idx=1267 phase='pp_div_replay' ops_idx=1176509 free_pool=1 caller=src/bin/../point_add/mod.rs:487
ALLOC_NEAR active=1267 next_idx=1267 phase='pp_div_replay' ops_idx=1177794 free_pool=1 caller=src/bin/../point_add/mod.rs:487
ALLOC_NEAR active=1267 next_idx=1267 phase='pp_div_replay' ops_idx=1181045 free_pool=1 caller=src/bin/../point_add/mod.rs:487
ALLOC_NEAR active=1267 next_idx=1267 phase='pp_div_replay' ops_idx=1182330 free_pool=1 caller=src/bin/../point_add/mod.rs:487
ALLOC_NEAR active=1267 next_idx=1267 phase='pp_div_replay' ops_idx=1185581 free_pool=1 caller=src/bin/../point_add/mod.rs:487
ALLOC_NEAR active=1267 next_idx=1267 phase='pp_div_replay' ops_idx=1186866 free_pool=1 caller=src/bin/../point_add/mod.rs:487
ALLOC_NEAR active=1267 next_idx=1267 phase='pp_div_replay' ops_idx=1190117 free_pool=1 caller=src/bin/../point_add/mod.rs:487
ALLOC_NEAR active=1267 next_idx=1267 phase='pp_div_replay' ops_idx=1191402 free_pool=1 caller=src/bin/../point_add/mod.rs:487
ALLOC_NEAR active=1267 next_idx=1267 phase='pp_div_replay' ops_idx=1194653 free_pool=1 caller=src/bin/../point_add/mod.rs:487
ALLOC_NEAR active=1267 next_idx=1267 phase='pp_div_replay' ops_idx=1195938 free_pool=1 caller=src/bin/../point_add/mod.rs:487
ALLOC_NEAR active=1267 next_idx=1267 phase='pp_div_replay' ops_idx=1199189 free_pool=1 caller=src/bin/../point_add/mod.rs:487
ALLOC_NEAR active=1267 next_idx=1267 phase='pp_div_replay' ops_idx=1200474 free_pool=1 caller=src/bin/../point_add/mod.rs:487
ALLOC_NEAR active=1267 next_idx=1267 phase='pp_div_replay' ops_idx=1203725 free_pool=1 caller=src/bin/../point_add/mod.rs:487
ALLOC_NEAR active=1267 next_idx=1267 phase='pp_div_replay' ops_idx=1205010 free_pool=1 caller=src/bin/../point_add/mod.rs:487
ALLOC_NEAR active=1267 next_idx=1267 phase='pp_div_replay' ops_idx=1208261 free_pool=1 caller=src/bin/../point_add/mod.rs:487
ALLOC_NEAR active=1267 next_idx=1267 phase='pp_div_replay' ops_idx=1209546 free_pool=1 caller=src/bin/../point_add/mod.rs:487
ALLOC_NEAR active=1267 next_idx=1267 phase='pp_div_replay' ops_idx=1212797 free_pool=1 caller=src/bin/../point_add/mod.rs:487
ALLOC_NEAR active=1267 next_idx=1267 phase='pp_div_replay' ops_idx=1214082 free_pool=1 caller=src/bin/../point_add/mod.rs:487
ALLOC_NEAR active=1267 next_idx=1267 phase='pp_div_replay' ops_idx=1217333 free_pool=1 caller=src/bin/../point_add/mod.rs:487
ALLOC_NEAR active=1267 next_idx=1267 phase='pp_div_replay' ops_idx=1218618 free_pool=1 caller=src/bin/../point_add/mod.rs:487
ALLOC_NEAR active=1267 next_idx=1267 phase='pp_div_replay' ops_idx=1221869 free_pool=1 caller=src/bin/../point_add/mod.rs:487
ALLOC_NEAR active=1267 next_idx=1267 phase='pp_div_replay' ops_idx=1223154 free_pool=1 caller=src/bin/../point_add/mod.rs:487
ALLOC_NEAR active=1267 next_idx=1267 phase='pp_div_replay' ops_idx=1226405 free_pool=1 caller=src/bin/../point_add/mod.rs:487
ALLOC_NEAR active=1267 next_idx=1267 phase='pp_div_replay' ops_idx=1227690 free_pool=1 caller=src/bin/../point_add/mod.rs:487
ALLOC_NEAR active=1267 next_idx=1267 phase='pp_div_replay' ops_idx=1230941 free_pool=1 caller=src/bin/../point_add/mod.rs:487
ALLOC_NEAR active=1267 next_idx=1267 phase='pp_div_replay' ops_idx=1232226 free_pool=1 caller=src/bin/../point_add/mod.rs:487
ALLOC_NEAR active=1267 next_idx=1267 phase='pp_div_replay' ops_idx=1235477 free_pool=1 caller=src/bin/../point_add/mod.rs:487
ALLOC_NEAR active=1267 next_idx=1267 phase='pp_div_replay' ops_idx=1236762 free_pool=1 caller=src/bin/../point_add/mod.rs:487
ALLOC_NEAR active=1267 next_idx=1267 phase='pp_div_replay' ops_idx=1240013 free_pool=1 caller=src/bin/../point_add/mod.rs:487
ALLOC_NEAR active=1267 next_idx=1267 phase='pp_div_replay' ops_idx=1241298 free_pool=1 caller=src/bin/../point_add/mod.rs:487
ALLOC_NEAR active=1267 next_idx=1267 phase='pp_div_replay' ops_idx=1244549 free_pool=1 caller=src/bin/../point_add/mod.rs:487
ALLOC_NEAR active=1267 next_idx=1267 phase='pp_div_replay' ops_idx=1245834 free_pool=1 caller=src/bin/../point_add/mod.rs:487
ALLOC_NEAR active=1267 next_idx=1267 phase='pp_div_replay' ops_idx=1249085 free_pool=1 caller=src/bin/../point_add/mod.rs:487
ALLOC_NEAR active=1267 next_idx=1267 phase='pp_div_replay' ops_idx=1250370 free_pool=1 caller=src/bin/../point_add/mod.rs:487
ALLOC_NEAR active=1267 next_idx=1267 phase='pp_div_replay' ops_idx=1253621 free_pool=1 caller=src/bin/../point_add/mod.rs:487
ALLOC_NEAR active=1267 next_idx=1267 phase='pp_div_replay' ops_idx=1254906 free_pool=1 caller=src/bin/../point_add/mod.rs:487
ALLOC_NEAR active=1267 next_idx=1267 phase='pp_div_replay' ops_idx=1258157 free_pool=1 caller=src/bin/../point_add/mod.rs:487
ALLOC_NEAR active=1267 next_idx=1267 phase='pp_div_replay' ops_idx=1259442 free_pool=1 caller=src/bin/../point_add/mod.rs:487
ALLOC_NEAR active=1267 next_idx=1267 phase='pp_div_replay' ops_idx=1262693 free_pool=1 caller=src/bin/../point_add/mod.rs:487
ALLOC_NEAR active=1267 next_idx=1267 phase='pp_div_replay' ops_idx=1263978 free_pool=1 caller=src/bin/../point_add/mod.rs:487
ALLOC_NEAR active=1267 next_idx=1267 phase='pp_div_replay' ops_idx=1267229 free_pool=1 caller=src/bin/../point_add/mod.rs:487
ALLOC_NEAR active=1267 next_idx=1267 phase='pp_div_replay' ops_idx=1268514 free_pool=1 caller=src/bin/../point_add/mod.rs:487
ALLOC_NEAR active=1267 next_idx=1267 phase='pp_div_replay' ops_idx=1271765 free_pool=1 caller=src/bin/../point_add/mod.rs:487
ALLOC_NEAR active=1267 next_idx=1267 phase='pp_div_replay' ops_idx=1273050 free_pool=1 caller=src/bin/../point_add/mod.rs:487
ALLOC_NEAR active=1267 next_idx=1267 phase='pp_div_replay' ops_idx=1276301 free_pool=1 caller=src/bin/../point_add/mod.rs:487
ALLOC_NEAR active=1267 next_idx=1267 phase='pp_div_replay' ops_idx=1277586 free_pool=1 caller=src/bin/../point_add/mod.rs:487
ALLOC_NEAR active=1267 next_idx=1267 phase='pp_div_replay' ops_idx=1280837 free_pool=1 caller=src/bin/../point_add/mod.rs:487
ALLOC_NEAR active=1267 next_idx=1267 phase='pp_div_replay' ops_idx=1282122 free_pool=1 caller=src/bin/../point_add/mod.rs:487
ALLOC_NEAR active=1267 next_idx=1267 phase='pp_div_replay' ops_idx=1285373 free_pool=1 caller=src/bin/../point_add/mod.rs:487
ALLOC_NEAR active=1267 next_idx=1267 phase='pp_div_replay' ops_idx=1286658 free_pool=1 caller=src/bin/../point_add/mod.rs:487
ALLOC_NEAR active=1267 next_idx=1267 phase='pp_div_replay' ops_idx=1289909 free_pool=1 caller=src/bin/../point_add/mod.rs:487
ALLOC_NEAR active=1267 next_idx=1267 phase='pp_div_replay' ops_idx=1291194 free_pool=1 caller=src/bin/../point_add/mod.rs:487
ALLOC_NEAR active=1267 next_idx=1267 phase='pp_div_replay' ops_idx=1294445 free_pool=1 caller=src/bin/../point_add/mod.rs:487
ALLOC_NEAR active=1267 next_idx=1267 phase='pp_div_replay' ops_idx=1295730 free_pool=1 caller=src/bin/../point_add/mod.rs:487
ALLOC_NEAR active=1267 next_idx=1267 phase='pp_div_replay' ops_idx=1298981 free_pool=1 caller=src/bin/../point_add/mod.rs:487
ALLOC_NEAR active=1267 next_idx=1267 phase='pp_div_replay' ops_idx=1300266 free_pool=1 caller=src/bin/../point_add/mod.rs:487
ALLOC_NEAR active=1267 next_idx=1267 phase='pp_div_replay' ops_idx=1303517 free_pool=1 caller=src/bin/../point_add/mod.rs:487
ALLOC_NEAR active=1267 next_idx=1267 phase='pp_div_replay' ops_idx=1304802 free_pool=1 caller=src/bin/../point_add/mod.rs:487
ALLOC_NEAR active=1267 next_idx=1267 phase='pp_div_replay' ops_idx=1308053 free_pool=1 caller=src/bin/../point_add/mod.rs:487
ALLOC_NEAR active=1267 next_idx=1267 phase='pp_div_replay' ops_idx=1309338 free_pool=1 caller=src/bin/../point_add/mod.rs:487
ALLOC_NEAR active=1267 next_idx=1267 phase='pp_div_replay' ops_idx=1312589 free_pool=1 caller=src/bin/../point_add/mod.rs:487
ALLOC_NEAR active=1267 next_idx=1267 phase='pp_div_replay' ops_idx=1313874 free_pool=1 caller=src/bin/../point_add/mod.rs:487
ALLOC_NEAR active=1267 next_idx=1267 phase='pp_div_replay' ops_idx=1317125 free_pool=1 caller=src/bin/../point_add/mod.rs:487
ALLOC_NEAR active=1267 next_idx=1267 phase='pp_div_replay' ops_idx=1318410 free_pool=1 caller=src/bin/../point_add/mod.rs:487
ALLOC_NEAR active=1267 next_idx=1267 phase='pp_div_replay' ops_idx=1321661 free_pool=1 caller=src/bin/../point_add/mod.rs:487
ALLOC_NEAR active=1267 next_idx=1267 phase='pp_div_replay' ops_idx=1322946 free_pool=1 caller=src/bin/../point_add/mod.rs:487
ALLOC_NEAR active=1267 next_idx=1267 phase='pp_div_replay' ops_idx=1326197 free_pool=1 caller=src/bin/../point_add/mod.rs:487
ALLOC_NEAR active=1267 next_idx=1267 phase='pp_div_replay' ops_idx=1327482 free_pool=1 caller=src/bin/../point_add/mod.rs:487
ALLOC_NEAR active=1267 next_idx=1267 phase='pp_div_replay' ops_idx=1330733 free_pool=1 caller=src/bin/../point_add/mod.rs:487
ALLOC_NEAR active=1267 next_idx=1267 phase='pp_div_replay' ops_idx=1332018 free_pool=1 caller=src/bin/../point_add/mod.rs:487
ALLOC_NEAR active=1267 next_idx=1267 phase='pp_div_replay' ops_idx=1335269 free_pool=1 caller=src/bin/../point_add/mod.rs:487
ALLOC_NEAR active=1267 next_idx=1267 phase='pp_div_replay' ops_idx=1336554 free_pool=1 caller=src/bin/../point_add/mod.rs:487
ALLOC_NEAR active=1267 next_idx=1267 phase='pp_div_replay' ops_idx=1339805 free_pool=1 caller=src/bin/../point_add/mod.rs:487
ALLOC_NEAR active=1267 next_idx=1267 phase='pp_div_replay' ops_idx=1341090 free_pool=1 caller=src/bin/../point_add/mod.rs:487
ALLOC_NEAR active=1267 next_idx=1267 phase='pp_div_replay' ops_idx=1344341 free_pool=1 caller=src/bin/../point_add/mod.rs:487
ALLOC_NEAR active=1267 next_idx=1267 phase='pp_div_replay' ops_idx=1345626 free_pool=1 caller=src/bin/../point_add/mod.rs:487
ALLOC_NEAR active=1267 next_idx=1267 phase='pp_div_replay' ops_idx=1348877 free_pool=1 caller=src/bin/../point_add/mod.rs:487
ALLOC_NEAR active=1267 next_idx=1267 phase='pp_div_replay' ops_idx=1350162 free_pool=1 caller=src/bin/../point_add/mod.rs:487
ALLOC_NEAR active=1267 next_idx=1267 phase='pp_div_replay' ops_idx=1353413 free_pool=1 caller=src/bin/../point_add/mod.rs:487
ALLOC_NEAR active=1267 next_idx=1267 phase='pp_div_replay' ops_idx=1354698 free_pool=1 caller=src/bin/../point_add/mod.rs:487
ALLOC_NEAR active=1267 next_idx=1267 phase='pp_div_replay' ops_idx=1357949 free_pool=1 caller=src/bin/../point_add/mod.rs:487
ALLOC_NEAR active=1267 next_idx=1267 phase='pp_div_replay' ops_idx=1359234 free_pool=1 caller=src/bin/../point_add/mod.rs:487
ALLOC_NEAR active=1267 next_idx=1267 phase='pp_div_replay' ops_idx=1362485 free_pool=1 caller=src/bin/../point_add/mod.rs:487
ALLOC_NEAR active=1267 next_idx=1267 phase='pp_div_replay' ops_idx=1363770 free_pool=1 caller=src/bin/../point_add/mod.rs:487
ALLOC_NEAR active=1267 next_idx=1267 phase='pp_div_replay' ops_idx=1367021 free_pool=1 caller=src/bin/../point_add/mod.rs:487
ALLOC_NEAR active=1267 next_idx=1267 phase='pp_div_replay' ops_idx=1368306 free_pool=1 caller=src/bin/../point_add/mod.rs:487
ALLOC_NEAR active=1267 next_idx=1267 phase='pp_div_replay' ops_idx=1371557 free_pool=1 caller=src/bin/../point_add/mod.rs:487
ALLOC_NEAR active=1267 next_idx=1267 phase='pp_div_replay' ops_idx=1372842 free_pool=1 caller=src/bin/../point_add/mod.rs:487
ALLOC_NEAR active=1267 next_idx=1267 phase='pp_div_replay' ops_idx=1376093 free_pool=1 caller=src/bin/../point_add/mod.rs:487
ALLOC_NEAR active=1267 next_idx=1267 phase='pp_div_replay' ops_idx=1377378 free_pool=1 caller=src/bin/../point_add/mod.rs:487
ALLOC_NEAR active=1267 next_idx=1267 phase='pp_div_replay' ops_idx=1380629 free_pool=1 caller=src/bin/../point_add/mod.rs:487
ALLOC_NEAR active=1267 next_idx=1267 phase='pp_div_replay' ops_idx=1381914 free_pool=1 caller=src/bin/../point_add/mod.rs:487
ALLOC_NEAR active=1267 next_idx=1267 phase='pp_div_replay' ops_idx=1385165 free_pool=1 caller=src/bin/../point_add/mod.rs:487
ALLOC_NEAR active=1267 next_idx=1267 phase='pp_div_replay' ops_idx=1386450 free_pool=1 caller=src/bin/../point_add/mod.rs:487
ALLOC_NEAR active=1267 next_idx=1267 phase='pp_div_replay' ops_idx=1389701 free_pool=1 caller=src/bin/../point_add/mod.rs:487
ALLOC_NEAR active=1267 next_idx=1267 phase='pp_div_replay' ops_idx=1390986 free_pool=1 caller=src/bin/../point_add/mod.rs:487
ALLOC_NEAR active=1267 next_idx=1267 phase='pp_div_replay' ops_idx=1394237 free_pool=1 caller=src/bin/../point_add/mod.rs:487
ALLOC_NEAR active=1267 next_idx=1267 phase='pp_div_replay' ops_idx=1395522 free_pool=1 caller=src/bin/../point_add/mod.rs:487
ALLOC_NEAR active=1267 next_idx=1267 phase='pp_div_replay' ops_idx=1398773 free_pool=1 caller=src/bin/../point_add/mod.rs:487
ALLOC_NEAR active=1267 next_idx=1267 phase='pp_div_replay' ops_idx=1400058 free_pool=1 caller=src/bin/../point_add/mod.rs:487
ALLOC_NEAR active=1267 next_idx=1267 phase='pp_div_replay' ops_idx=1403309 free_pool=1 caller=src/bin/../point_add/mod.rs:487
ALLOC_NEAR active=1267 next_idx=1267 phase='pp_div_replay' ops_idx=1404594 free_pool=1 caller=src/bin/../point_add/mod.rs:487
ALLOC_NEAR active=1267 next_idx=1267 phase='pp_div_replay' ops_idx=1407845 free_pool=1 caller=src/bin/../point_add/mod.rs:487
ALLOC_NEAR active=1267 next_idx=1267 phase='pp_div_replay' ops_idx=1409130 free_pool=1 caller=src/bin/../point_add/mod.rs:487
ALLOC_NEAR active=1267 next_idx=1267 phase='pp_div_replay' ops_idx=1412381 free_pool=1 caller=src/bin/../point_add/mod.rs:487
ALLOC_NEAR active=1267 next_idx=1267 phase='pp_div_replay' ops_idx=1413666 free_pool=1 caller=src/bin/../point_add/mod.rs:487
ALLOC_NEAR active=1267 next_idx=1267 phase='pp_div_replay' ops_idx=1416917 free_pool=1 caller=src/bin/../point_add/mod.rs:487
ALLOC_NEAR active=1267 next_idx=1267 phase='pp_div_replay' ops_idx=1418202 free_pool=1 caller=src/bin/../point_add/mod.rs:487
ALLOC_NEAR active=1267 next_idx=1267 phase='pp_div_replay' ops_idx=1421453 free_pool=1 caller=src/bin/../point_add/mod.rs:487
ALLOC_NEAR active=1267 next_idx=1267 phase='pp_div_replay' ops_idx=1422738 free_pool=1 caller=src/bin/../point_add/mod.rs:487
ALLOC_NEAR active=1267 next_idx=1267 phase='pp_div_replay' ops_idx=1425989 free_pool=1 caller=src/bin/../point_add/mod.rs:487
ALLOC_NEAR active=1267 next_idx=1267 phase='pp_div_replay' ops_idx=1427274 free_pool=1 caller=src/bin/../point_add/mod.rs:487
ALLOC_NEAR active=1267 next_idx=1267 phase='pp_div_replay' ops_idx=1430525 free_pool=1 caller=src/bin/../point_add/mod.rs:487
ALLOC_NEAR active=1267 next_idx=1267 phase='pp_div_replay' ops_idx=1431810 free_pool=1 caller=src/bin/../point_add/mod.rs:487
ALLOC_NEAR active=1267 next_idx=1267 phase='pp_div_replay' ops_idx=1435061 free_pool=1 caller=src/bin/../point_add/mod.rs:487
ALLOC_NEAR active=1267 next_idx=1267 phase='pp_div_replay' ops_idx=1436346 free_pool=1 caller=src/bin/../point_add/mod.rs:487
ALLOC_NEAR active=1267 next_idx=1267 phase='pp_div_replay' ops_idx=1439597 free_pool=1 caller=src/bin/../point_add/mod.rs:487
ALLOC_NEAR active=1267 next_idx=1267 phase='pp_div_replay' ops_idx=1440882 free_pool=1 caller=src/bin/../point_add/mod.rs:487
ALLOC_NEAR active=1267 next_idx=1267 phase='pp_div_replay' ops_idx=1444133 free_pool=1 caller=src/bin/../point_add/mod.rs:487
ALLOC_NEAR active=1267 next_idx=1267 phase='pp_div_replay' ops_idx=1445418 free_pool=1 caller=src/bin/../point_add/mod.rs:487
ALLOC_NEAR active=1267 next_idx=1267 phase='pp_div_replay' ops_idx=1448669 free_pool=1 caller=src/bin/../point_add/mod.rs:487
ALLOC_NEAR active=1267 next_idx=1267 phase='pp_div_replay' ops_idx=1449954 free_pool=1 caller=src/bin/../point_add/mod.rs:487
ALLOC_NEAR active=1267 next_idx=1267 phase='pp_div_replay' ops_idx=1453205 free_pool=1 caller=src/bin/../point_add/mod.rs:487
ALLOC_NEAR active=1267 next_idx=1267 phase='pp_div_replay' ops_idx=1454490 free_pool=1 caller=src/bin/../point_add/mod.rs:487
ALLOC_NEAR active=1267 next_idx=1267 phase='pp_div_replay' ops_idx=1457741 free_pool=1 caller=src/bin/../point_add/mod.rs:487
ALLOC_NEAR active=1267 next_idx=1267 phase='pp_div_replay' ops_idx=1459026 free_pool=1 caller=src/bin/../point_add/mod.rs:487
ALLOC_NEAR active=1267 next_idx=1267 phase='pp_div_replay' ops_idx=1462277 free_pool=1 caller=src/bin/../point_add/mod.rs:487
ALLOC_NEAR active=1267 next_idx=1267 phase='pp_div_replay' ops_idx=1463562 free_pool=1 caller=src/bin/../point_add/mod.rs:487
ALLOC_NEAR active=1267 next_idx=1267 phase='pp_div_replay' ops_idx=1466813 free_pool=1 caller=src/bin/../point_add/mod.rs:487
ALLOC_NEAR active=1267 next_idx=1267 phase='pp_div_replay' ops_idx=1468098 free_pool=1 caller=src/bin/../point_add/mod.rs:487
ALLOC_NEAR active=1267 next_idx=1267 phase='pp_div_replay' ops_idx=1471349 free_pool=1 caller=src/bin/../point_add/mod.rs:487
ALLOC_NEAR active=1267 next_idx=1267 phase='pp_div_replay' ops_idx=1472634 free_pool=1 caller=src/bin/../point_add/mod.rs:487
ALLOC_NEAR active=1267 next_idx=1267 phase='pp_div_replay' ops_idx=1475885 free_pool=1 caller=src/bin/../point_add/mod.rs:487
ALLOC_NEAR active=1267 next_idx=1267 phase='pp_div_replay' ops_idx=1477170 free_pool=1 caller=src/bin/../point_add/mod.rs:487
ALLOC_NEAR active=1267 next_idx=1267 phase='pp_div_replay' ops_idx=1480421 free_pool=1 caller=src/bin/../point_add/mod.rs:487
ALLOC_NEAR active=1267 next_idx=1267 phase='pp_div_replay' ops_idx=1481706 free_pool=1 caller=src/bin/../point_add/mod.rs:487
ALLOC_NEAR active=1267 next_idx=1267 phase='pp_div_replay' ops_idx=1484957 free_pool=1 caller=src/bin/../point_add/mod.rs:487
ALLOC_NEAR active=1267 next_idx=1267 phase='pp_div_replay' ops_idx=1486242 free_pool=1 caller=src/bin/../point_add/mod.rs:487
ALLOC_NEAR active=1267 next_idx=1267 phase='pp_div_replay' ops_idx=1489493 free_pool=1 caller=src/bin/../point_add/mod.rs:487
ALLOC_NEAR active=1267 next_idx=1267 phase='pp_div_replay' ops_idx=1490778 free_pool=1 caller=src/bin/../point_add/mod.rs:487
ALLOC_NEAR active=1267 next_idx=1267 phase='pp_div_replay' ops_idx=1494029 free_pool=1 caller=src/bin/../point_add/mod.rs:487
ALLOC_NEAR active=1267 next_idx=1267 phase='pp_div_replay' ops_idx=1495314 free_pool=1 caller=src/bin/../point_add/mod.rs:487
ALLOC_NEAR active=1267 next_idx=1267 phase='pp_div_replay' ops_idx=1498565 free_pool=1 caller=src/bin/../point_add/mod.rs:487
ALLOC_NEAR active=1267 next_idx=1267 phase='pp_div_replay' ops_idx=1499850 free_pool=1 caller=src/bin/../point_add/mod.rs:487
ALLOC_NEAR active=1267 next_idx=1267 phase='pp_div_replay' ops_idx=1503101 free_pool=1 caller=src/bin/../point_add/mod.rs:487
ALLOC_NEAR active=1267 next_idx=1267 phase='pp_div_replay' ops_idx=1504386 free_pool=1 caller=src/bin/../point_add/mod.rs:487
ALLOC_NEAR active=1267 next_idx=1267 phase='pp_div_replay' ops_idx=1507637 free_pool=1 caller=src/bin/../point_add/mod.rs:487
ALLOC_NEAR active=1267 next_idx=1267 phase='pp_div_replay' ops_idx=1508922 free_pool=1 caller=src/bin/../point_add/mod.rs:487
ALLOC_NEAR active=1267 next_idx=1267 phase='pp_div_replay' ops_idx=1512173 free_pool=1 caller=src/bin/../point_add/mod.rs:487
ALLOC_NEAR active=1267 next_idx=1267 phase='pp_div_replay' ops_idx=1513458 free_pool=1 caller=src/bin/../point_add/mod.rs:487
ALLOC_NEAR active=1267 next_idx=1267 phase='pp_div_replay' ops_idx=1516709 free_pool=1 caller=src/bin/../point_add/mod.rs:487
ALLOC_NEAR active=1267 next_idx=1267 phase='pp_div_replay' ops_idx=1517994 free_pool=1 caller=src/bin/../point_add/mod.rs:487
ALLOC_NEAR active=1267 next_idx=1267 phase='pp_div_replay' ops_idx=1521245 free_pool=1 caller=src/bin/../point_add/mod.rs:487
ALLOC_NEAR active=1267 next_idx=1267 phase='pp_div_replay' ops_idx=1522530 free_pool=1 caller=src/bin/../point_add/mod.rs:487
ALLOC_NEAR active=1267 next_idx=1267 phase='pp_div_replay' ops_idx=1525781 free_pool=1 caller=src/bin/../point_add/mod.rs:487
ALLOC_NEAR active=1267 next_idx=1267 phase='pp_div_replay' ops_idx=1527066 free_pool=1 caller=src/bin/../point_add/mod.rs:487
ALLOC_NEAR active=1267 next_idx=1267 phase='pp_div_replay' ops_idx=1530317 free_pool=1 caller=src/bin/../point_add/mod.rs:487
ALLOC_NEAR active=1267 next_idx=1267 phase='pp_div_replay' ops_idx=1531602 free_pool=1 caller=src/bin/../point_add/mod.rs:487
ALLOC_NEAR active=1267 next_idx=1267 phase='pp_div_replay' ops_idx=1534853 free_pool=1 caller=src/bin/../point_add/mod.rs:487
ALLOC_NEAR active=1267 next_idx=1267 phase='pp_div_replay' ops_idx=1536138 free_pool=1 caller=src/bin/../point_add/mod.rs:487
ALLOC_NEAR active=1267 next_idx=1267 phase='pp_div_replay' ops_idx=1539389 free_pool=1 caller=src/bin/../point_add/mod.rs:487
ALLOC_NEAR active=1267 next_idx=1267 phase='pp_div_replay' ops_idx=1540674 free_pool=1 caller=src/bin/../point_add/mod.rs:487
ALLOC_NEAR active=1267 next_idx=1267 phase='pp_div_replay' ops_idx=1543925 free_pool=1 caller=src/bin/../point_add/mod.rs:487
ALLOC_NEAR active=1267 next_idx=1267 phase='pp_div_replay' ops_idx=1545210 free_pool=1 caller=src/bin/../point_add/mod.rs:487
ALLOC_NEAR active=1267 next_idx=1267 phase='pp_div_replay' ops_idx=1548461 free_pool=1 caller=src/bin/../point_add/mod.rs:487
ALLOC_NEAR active=1267 next_idx=1267 phase='pp_div_replay' ops_idx=1549746 free_pool=1 caller=src/bin/../point_add/mod.rs:487
ALLOC_NEAR active=1267 next_idx=1267 phase='pp_div_replay' ops_idx=1552997 free_pool=1 caller=src/bin/../point_add/mod.rs:487
ALLOC_NEAR active=1267 next_idx=1267 phase='pp_div_replay' ops_idx=1554282 free_pool=1 caller=src/bin/../point_add/mod.rs:487
ALLOC_NEAR active=1267 next_idx=1267 phase='pp_div_replay' ops_idx=1557533 free_pool=1 caller=src/bin/../point_add/mod.rs:487
ALLOC_NEAR active=1267 next_idx=1267 phase='pp_div_replay' ops_idx=1558818 free_pool=1 caller=src/bin/../point_add/mod.rs:487
ALLOC_NEAR active=1267 next_idx=1267 phase='pp_div_replay' ops_idx=1562069 free_pool=1 caller=src/bin/../point_add/mod.rs:487
ALLOC_NEAR active=1267 next_idx=1267 phase='pp_div_replay' ops_idx=1563354 free_pool=1 caller=src/bin/../point_add/mod.rs:487
ALLOC_NEAR active=1267 next_idx=1267 phase='pp_div_replay' ops_idx=1566605 free_pool=1 caller=src/bin/../point_add/mod.rs:487
ALLOC_NEAR active=1267 next_idx=1267 phase='pp_div_replay' ops_idx=1567890 free_pool=1 caller=src/bin/../point_add/mod.rs:487
ALLOC_NEAR active=1267 next_idx=1267 phase='pp_div_replay' ops_idx=1571141 free_pool=1 caller=src/bin/../point_add/mod.rs:487
ALLOC_NEAR active=1267 next_idx=1267 phase='pp_div_replay' ops_idx=1572426 free_pool=1 caller=src/bin/../point_add/mod.rs:487
ALLOC_NEAR active=1267 next_idx=1267 phase='pp_div_replay' ops_idx=1575677 free_pool=1 caller=src/bin/../point_add/mod.rs:487
ALLOC_NEAR active=1267 next_idx=1267 phase='pp_div_replay' ops_idx=1576962 free_pool=1 caller=src/bin/../point_add/mod.rs:487
ALLOC_NEAR active=1267 next_idx=1267 phase='pp_div_replay' ops_idx=1580213 free_pool=1 caller=src/bin/../point_add/mod.rs:487
ALLOC_NEAR active=1267 next_idx=1267 phase='pp_div_replay' ops_idx=1581498 free_pool=1 caller=src/bin/../point_add/mod.rs:487
ALLOC_NEAR active=1267 next_idx=1267 phase='pp_div_replay' ops_idx=1584749 free_pool=1 caller=src/bin/../point_add/mod.rs:487
ALLOC_NEAR active=1267 next_idx=1267 phase='pp_div_replay' ops_idx=1586034 free_pool=1 caller=src/bin/../point_add/mod.rs:487
ALLOC_NEAR active=1267 next_idx=1267 phase='pp_div_replay' ops_idx=1589285 free_pool=1 caller=src/bin/../point_add/mod.rs:487
ALLOC_NEAR active=1267 next_idx=1267 phase='pp_div_replay' ops_idx=1590570 free_pool=1 caller=src/bin/../point_add/mod.rs:487
ALLOC_NEAR active=1267 next_idx=1267 phase='pp_div_replay' ops_idx=1593821 free_pool=1 caller=src/bin/../point_add/mod.rs:487
ALLOC_NEAR active=1267 next_idx=1267 phase='pp_div_replay' ops_idx=1595106 free_pool=1 caller=src/bin/../point_add/mod.rs:487
ALLOC_NEAR active=1267 next_idx=1267 phase='pp_div_replay' ops_idx=1598357 free_pool=1 caller=src/bin/../point_add/mod.rs:487
ALLOC_NEAR active=1267 next_idx=1267 phase='pp_div_replay' ops_idx=1599642 free_pool=1 caller=src/bin/../point_add/mod.rs:487
ALLOC_NEAR active=1267 next_idx=1267 phase='pp_div_replay' ops_idx=1602893 free_pool=1 caller=src/bin/../point_add/mod.rs:487
ALLOC_NEAR active=1267 next_idx=1267 phase='pp_div_replay' ops_idx=1604178 free_pool=1 caller=src/bin/../point_add/mod.rs:487
ALLOC_NEAR active=1267 next_idx=1267 phase='pp_div_replay' ops_idx=1607429 free_pool=1 caller=src/bin/../point_add/mod.rs:487
ALLOC_NEAR active=1267 next_idx=1267 phase='pp_div_replay' ops_idx=1608714 free_pool=1 caller=src/bin/../point_add/mod.rs:487
ALLOC_NEAR active=1267 next_idx=1267 phase='pp_div_replay' ops_idx=1611965 free_pool=1 caller=src/bin/../point_add/mod.rs:487
ALLOC_NEAR active=1267 next_idx=1267 phase='pp_div_replay' ops_idx=1613250 free_pool=1 caller=src/bin/../point_add/mod.rs:487
ALLOC_NEAR active=1267 next_idx=1267 phase='pp_div_replay' ops_idx=1616501 free_pool=1 caller=src/bin/../point_add/mod.rs:487
ALLOC_NEAR active=1267 next_idx=1267 phase='pp_div_replay' ops_idx=1617786 free_pool=1 caller=src/bin/../point_add/mod.rs:487
ALLOC_NEAR active=1267 next_idx=1267 phase='pp_div_replay' ops_idx=1621037 free_pool=1 caller=src/bin/../point_add/mod.rs:487
ALLOC_NEAR active=1267 next_idx=1267 phase='pp_div_replay' ops_idx=1622322 free_pool=1 caller=src/bin/../point_add/mod.rs:487
ALLOC_NEAR active=1267 next_idx=1267 phase='pp_div_replay' ops_idx=1625573 free_pool=1 caller=src/bin/../point_add/mod.rs:487
ALLOC_NEAR active=1267 next_idx=1267 phase='pp_div_replay' ops_idx=1626858 free_pool=1 caller=src/bin/../point_add/mod.rs:487
ALLOC_NEAR active=1267 next_idx=1267 phase='pp_div_replay' ops_idx=1630109 free_pool=1 caller=src/bin/../point_add/mod.rs:487
ALLOC_NEAR active=1267 next_idx=1267 phase='pp_div_replay' ops_idx=1631394 free_pool=1 caller=src/bin/../point_add/mod.rs:487
ALLOC_NEAR active=1267 next_idx=1267 phase='pp_div_replay' ops_idx=1634645 free_pool=1 caller=src/bin/../point_add/mod.rs:487
ALLOC_NEAR active=1267 next_idx=1267 phase='pp_div_replay' ops_idx=1635930 free_pool=1 caller=src/bin/../point_add/mod.rs:487
ALLOC_NEAR active=1267 next_idx=1267 phase='pp_div_replay' ops_idx=1639181 free_pool=1 caller=src/bin/../point_add/mod.rs:487
ALLOC_NEAR active=1267 next_idx=1267 phase='pp_div_replay' ops_idx=1640466 free_pool=1 caller=src/bin/../point_add/mod.rs:487
ALLOC_NEAR active=1267 next_idx=1267 phase='pp_div_replay' ops_idx=1643717 free_pool=1 caller=src/bin/../point_add/mod.rs:487
ALLOC_NEAR active=1267 next_idx=1267 phase='pp_div_replay' ops_idx=1645002 free_pool=1 caller=src/bin/../point_add/mod.rs:487
ALLOC_NEAR active=1267 next_idx=1267 phase='pp_div_replay' ops_idx=1648253 free_pool=1 caller=src/bin/../point_add/mod.rs:487
ALLOC_NEAR active=1267 next_idx=1267 phase='pp_div_replay' ops_idx=1649538 free_pool=1 caller=src/bin/../point_add/mod.rs:487
ALLOC_NEAR active=1267 next_idx=1267 phase='pp_div_replay' ops_idx=1652789 free_pool=1 caller=src/bin/../point_add/mod.rs:487
ALLOC_NEAR active=1267 next_idx=1267 phase='pp_div_replay' ops_idx=1654074 free_pool=1 caller=src/bin/../point_add/mod.rs:487
ALLOC_NEAR active=1267 next_idx=1267 phase='pp_div_replay' ops_idx=1657325 free_pool=1 caller=src/bin/../point_add/mod.rs:487
ALLOC_NEAR active=1267 next_idx=1267 phase='pp_div_replay' ops_idx=1658610 free_pool=1 caller=src/bin/../point_add/mod.rs:487
ALLOC_NEAR active=1267 next_idx=1267 phase='pp_div_replay' ops_idx=1661861 free_pool=1 caller=src/bin/../point_add/mod.rs:487
ALLOC_NEAR active=1267 next_idx=1267 phase='pp_div_replay' ops_idx=1663146 free_pool=1 caller=src/bin/../point_add/mod.rs:487
ALLOC_NEAR active=1267 next_idx=1267 phase='pp_div_replay' ops_idx=1666397 free_pool=1 caller=src/bin/../point_add/mod.rs:487
ALLOC_NEAR active=1267 next_idx=1267 phase='pp_div_replay' ops_idx=1667682 free_pool=1 caller=src/bin/../point_add/mod.rs:487
ALLOC_NEAR active=1267 next_idx=1267 phase='pp_div_replay' ops_idx=1670933 free_pool=1 caller=src/bin/../point_add/mod.rs:487
ALLOC_NEAR active=1267 next_idx=1267 phase='pp_div_replay' ops_idx=1672218 free_pool=1 caller=src/bin/../point_add/mod.rs:487
ALLOC_NEAR active=1267 next_idx=1267 phase='pp_div_replay' ops_idx=1675469 free_pool=1 caller=src/bin/../point_add/mod.rs:487
ALLOC_NEAR active=1267 next_idx=1267 phase='pp_div_replay' ops_idx=1676754 free_pool=1 caller=src/bin/../point_add/mod.rs:487
ALLOC_NEAR active=1267 next_idx=1267 phase='pp_div_replay' ops_idx=1680005 free_pool=1 caller=src/bin/../point_add/mod.rs:487
ALLOC_NEAR active=1267 next_idx=1267 phase='pp_div_replay' ops_idx=1681290 free_pool=1 caller=src/bin/../point_add/mod.rs:487
ALLOC_NEAR active=1267 next_idx=1267 phase='pp_div_replay' ops_idx=1684541 free_pool=1 caller=src/bin/../point_add/mod.rs:487
ALLOC_NEAR active=1267 next_idx=1267 phase='pp_div_replay' ops_idx=1685826 free_pool=1 caller=src/bin/../point_add/mod.rs:487
ALLOC_NEAR active=1267 next_idx=1267 phase='pp_div_replay' ops_idx=1689077 free_pool=1 caller=src/bin/../point_add/mod.rs:487
ALLOC_NEAR active=1267 next_idx=1267 phase='pp_div_replay' ops_idx=1690362 free_pool=1 caller=src/bin/../point_add/mod.rs:487
ALLOC_NEAR active=1267 next_idx=1267 phase='pp_div_replay' ops_idx=1693613 free_pool=1 caller=src/bin/../point_add/mod.rs:487
ALLOC_NEAR active=1267 next_idx=1267 phase='pp_div_replay' ops_idx=1694898 free_pool=1 caller=src/bin/../point_add/mod.rs:487
ALLOC_NEAR active=1267 next_idx=1267 phase='pp_div_replay' ops_idx=1698149 free_pool=1 caller=src/bin/../point_add/mod.rs:487
ALLOC_NEAR active=1267 next_idx=1267 phase='pp_div_replay' ops_idx=1699434 free_pool=1 caller=src/bin/../point_add/mod.rs:487
ALLOC_NEAR active=1267 next_idx=1267 phase='pp_div_replay' ops_idx=1702685 free_pool=1 caller=src/bin/../point_add/mod.rs:487
ALLOC_NEAR active=1267 next_idx=1267 phase='pp_div_replay' ops_idx=1703970 free_pool=1 caller=src/bin/../point_add/mod.rs:487
ALLOC_NEAR active=1267 next_idx=1267 phase='pp_div_replay' ops_idx=1707221 free_pool=1 caller=src/bin/../point_add/mod.rs:487
ALLOC_NEAR active=1267 next_idx=1267 phase='pp_div_replay' ops_idx=1708506 free_pool=1 caller=src/bin/../point_add/mod.rs:487
ALLOC_NEAR active=1267 next_idx=1267 phase='pp_div_replay' ops_idx=1711757 free_pool=1 caller=src/bin/../point_add/mod.rs:487
ALLOC_NEAR active=1267 next_idx=1267 phase='pp_div_replay' ops_idx=1713042 free_pool=1 caller=src/bin/../point_add/mod.rs:487
ALLOC_NEAR active=1267 next_idx=1267 phase='pp_div_replay' ops_idx=1716293 free_pool=1 caller=src/bin/../point_add/mod.rs:487
ALLOC_NEAR active=1267 next_idx=1267 phase='pp_div_replay' ops_idx=1717578 free_pool=1 caller=src/bin/../point_add/mod.rs:487
ALLOC_NEAR active=1267 next_idx=1267 phase='pp_div_replay' ops_idx=1720829 free_pool=1 caller=src/bin/../point_add/mod.rs:487
ALLOC_NEAR active=1267 next_idx=1267 phase='pp_div_replay' ops_idx=1722114 free_pool=1 caller=src/bin/../point_add/mod.rs:487
ALLOC_NEAR active=1267 next_idx=1267 phase='pp_div_replay' ops_idx=1725365 free_pool=1 caller=src/bin/../point_add/mod.rs:487
ALLOC_NEAR active=1267 next_idx=1267 phase='pp_div_replay' ops_idx=1726650 free_pool=1 caller=src/bin/../point_add/mod.rs:487
ALLOC_NEAR active=1267 next_idx=1267 phase='pp_div_replay' ops_idx=1729901 free_pool=1 caller=src/bin/../point_add/mod.rs:487
ALLOC_NEAR active=1267 next_idx=1267 phase='pp_div_replay' ops_idx=1731186 free_pool=1 caller=src/bin/../point_add/mod.rs:487
ALLOC_NEAR active=1267 next_idx=1267 phase='pp_div_replay' ops_idx=1734437 free_pool=1 caller=src/bin/../point_add/mod.rs:487
ALLOC_NEAR active=1267 next_idx=1267 phase='pp_div_replay' ops_idx=1735722 free_pool=1 caller=src/bin/../point_add/mod.rs:487
ALLOC_NEAR active=1267 next_idx=1267 phase='pp_div_replay' ops_idx=1738973 free_pool=1 caller=src/bin/../point_add/mod.rs:487
ALLOC_NEAR active=1267 next_idx=1267 phase='pp_div_replay' ops_idx=1740258 free_pool=1 caller=src/bin/../point_add/mod.rs:487
ALLOC_NEAR active=1267 next_idx=1267 phase='pp_div_replay' ops_idx=1743509 free_pool=1 caller=src/bin/../point_add/mod.rs:487
ALLOC_NEAR active=1267 next_idx=1267 phase='pp_div_replay' ops_idx=1744794 free_pool=1 caller=src/bin/../point_add/mod.rs:487
ALLOC_NEAR active=1267 next_idx=1267 phase='pp_div_replay' ops_idx=1748045 free_pool=1 caller=src/bin/../point_add/mod.rs:487
ALLOC_NEAR active=1267 next_idx=1267 phase='pp_div_replay' ops_idx=1749330 free_pool=1 caller=src/bin/../point_add/mod.rs:487
ALLOC_NEAR active=1267 next_idx=1267 phase='pp_div_replay' ops_idx=1752581 free_pool=1 caller=src/bin/../point_add/mod.rs:487
ALLOC_NEAR active=1267 next_idx=1267 phase='pp_div_replay' ops_idx=1753866 free_pool=1 caller=src/bin/../point_add/mod.rs:487
ALLOC_NEAR active=1267 next_idx=1267 phase='pp_div_replay' ops_idx=1757117 free_pool=1 caller=src/bin/../point_add/mod.rs:487
ALLOC_NEAR active=1267 next_idx=1267 phase='pp_div_replay' ops_idx=1758402 free_pool=1 caller=src/bin/../point_add/mod.rs:487
ALLOC_NEAR active=1267 next_idx=1267 phase='pp_div_replay' ops_idx=1761653 free_pool=1 caller=src/bin/../point_add/mod.rs:487
ALLOC_NEAR active=1267 next_idx=1267 phase='pp_div_replay' ops_idx=1762938 free_pool=1 caller=src/bin/../point_add/mod.rs:487
ALLOC_NEAR active=1267 next_idx=1267 phase='pp_div_replay' ops_idx=1766189 free_pool=1 caller=src/bin/../point_add/mod.rs:487
ALLOC_NEAR active=1267 next_idx=1267 phase='pp_div_replay' ops_idx=1767474 free_pool=1 caller=src/bin/../point_add/mod.rs:487
ALLOC_NEAR active=1267 next_idx=1267 phase='pp_div_replay' ops_idx=1770725 free_pool=1 caller=src/bin/../point_add/mod.rs:487
ALLOC_NEAR active=1267 next_idx=1267 phase='pp_div_replay' ops_idx=1772010 free_pool=1 caller=src/bin/../point_add/mod.rs:487
ALLOC_NEAR active=1267 next_idx=1267 phase='pp_div_replay' ops_idx=1775261 free_pool=1 caller=src/bin/../point_add/mod.rs:487
ALLOC_NEAR active=1267 next_idx=1267 phase='pp_div_replay' ops_idx=1776546 free_pool=1 caller=src/bin/../point_add/mod.rs:487
ALLOC_NEAR active=1267 next_idx=1267 phase='pp_div_replay' ops_idx=1779797 free_pool=1 caller=src/bin/../point_add/mod.rs:487
ALLOC_NEAR active=1267 next_idx=1267 phase='pp_div_replay' ops_idx=1781082 free_pool=1 caller=src/bin/../point_add/mod.rs:487
ALLOC_NEAR active=1267 next_idx=1267 phase='pp_div_replay' ops_idx=1784333 free_pool=1 caller=src/bin/../point_add/mod.rs:487
ALLOC_NEAR active=1267 next_idx=1267 phase='pp_div_replay' ops_idx=1785618 free_pool=1 caller=src/bin/../point_add/mod.rs:487
ALLOC_NEAR active=1267 next_idx=1267 phase='pp_div_replay' ops_idx=1788869 free_pool=1 caller=src/bin/../point_add/mod.rs:487
ALLOC_NEAR active=1267 next_idx=1267 phase='pp_div_replay' ops_idx=1790154 free_pool=1 caller=src/bin/../point_add/mod.rs:487
ALLOC_NEAR active=1267 next_idx=1267 phase='pp_div_replay' ops_idx=1793405 free_pool=1 caller=src/bin/../point_add/mod.rs:487
ALLOC_NEAR active=1267 next_idx=1267 phase='pp_div_replay' ops_idx=1794690 free_pool=1 caller=src/bin/../point_add/mod.rs:487
ALLOC_NEAR active=1267 next_idx=1267 phase='pp_div_replay' ops_idx=1797941 free_pool=1 caller=src/bin/../point_add/mod.rs:487
ALLOC_NEAR active=1267 next_idx=1267 phase='pp_div_replay' ops_idx=1799226 free_pool=1 caller=src/bin/../point_add/mod.rs:487
ALLOC_NEAR active=1267 next_idx=1267 phase='pp_div_replay' ops_idx=1802477 free_pool=1 caller=src/bin/../point_add/mod.rs:487
ALLOC_NEAR active=1267 next_idx=1267 phase='pp_div_replay' ops_idx=1803762 free_pool=1 caller=src/bin/../point_add/mod.rs:487
ALLOC_NEAR active=1267 next_idx=1267 phase='pp_div_replay' ops_idx=1807013 free_pool=1 caller=src/bin/../point_add/mod.rs:487
ALLOC_NEAR active=1267 next_idx=1267 phase='pp_div_replay' ops_idx=1808298 free_pool=1 caller=src/bin/../point_add/mod.rs:487
ALLOC_NEAR active=1267 next_idx=1267 phase='pp_div_replay' ops_idx=1811549 free_pool=1 caller=src/bin/../point_add/mod.rs:487
ALLOC_NEAR active=1267 next_idx=1267 phase='pp_div_replay' ops_idx=1812834 free_pool=1 caller=src/bin/../point_add/mod.rs:487
ALLOC_NEAR active=1267 next_idx=1267 phase='pp_div_replay' ops_idx=1816085 free_pool=1 caller=src/bin/../point_add/mod.rs:487
ALLOC_NEAR active=1267 next_idx=1267 phase='pp_div_replay' ops_idx=1817370 free_pool=1 caller=src/bin/../point_add/mod.rs:487
ALLOC_NEAR active=1267 next_idx=1267 phase='pp_div_replay' ops_idx=1820621 free_pool=1 caller=src/bin/../point_add/mod.rs:487
ALLOC_NEAR active=1267 next_idx=1267 phase='pp_div_replay' ops_idx=1821906 free_pool=1 caller=src/bin/../point_add/mod.rs:487
ALLOC_NEAR active=1267 next_idx=1267 phase='pp_div_replay' ops_idx=1825157 free_pool=1 caller=src/bin/../point_add/mod.rs:487
ALLOC_NEAR active=1267 next_idx=1267 phase='pp_div_replay' ops_idx=1826442 free_pool=1 caller=src/bin/../point_add/mod.rs:487
ALLOC_NEAR active=1267 next_idx=1267 phase='pp_div_replay' ops_idx=1829693 free_pool=1 caller=src/bin/../point_add/mod.rs:487
ALLOC_NEAR active=1267 next_idx=1267 phase='pp_div_replay' ops_idx=1830978 free_pool=1 caller=src/bin/../point_add/mod.rs:487
ALLOC_NEAR active=1267 next_idx=1267 phase='pp_div_replay' ops_idx=1834229 free_pool=1 caller=src/bin/../point_add/mod.rs:487
ALLOC_NEAR active=1267 next_idx=1267 phase='pp_div_replay' ops_idx=1835514 free_pool=1 caller=src/bin/../point_add/mod.rs:487
ALLOC_NEAR active=1267 next_idx=1267 phase='pp_div_replay' ops_idx=1838765 free_pool=1 caller=src/bin/../point_add/mod.rs:487
ALLOC_NEAR active=1267 next_idx=1267 phase='pp_div_replay' ops_idx=1840050 free_pool=1 caller=src/bin/../point_add/mod.rs:487
ALLOC_NEAR active=1267 next_idx=1267 phase='pp_div_replay' ops_idx=1843301 free_pool=1 caller=src/bin/../point_add/mod.rs:487
ALLOC_NEAR active=1267 next_idx=1267 phase='pp_div_replay' ops_idx=1844586 free_pool=1 caller=src/bin/../point_add/mod.rs:487
ALLOC_NEAR active=1267 next_idx=1267 phase='pp_div_replay' ops_idx=1847837 free_pool=1 caller=src/bin/../point_add/mod.rs:487
ALLOC_NEAR active=1267 next_idx=1267 phase='pp_div_replay' ops_idx=1849122 free_pool=1 caller=src/bin/../point_add/mod.rs:487
ALLOC_NEAR active=1267 next_idx=1267 phase='pp_div_replay' ops_idx=1852373 free_pool=1 caller=src/bin/../point_add/mod.rs:487
ALLOC_NEAR active=1267 next_idx=1267 phase='pp_div_replay' ops_idx=1853658 free_pool=1 caller=src/bin/../point_add/mod.rs:487
ALLOC_NEAR active=1267 next_idx=1267 phase='pp_div_replay' ops_idx=1856909 free_pool=1 caller=src/bin/../point_add/mod.rs:487
ALLOC_NEAR active=1267 next_idx=1267 phase='pp_div_replay' ops_idx=1858194 free_pool=1 caller=src/bin/../point_add/mod.rs:487
ALLOC_NEAR active=1267 next_idx=1267 phase='pp_div_replay' ops_idx=1861445 free_pool=1 caller=src/bin/../point_add/mod.rs:487
ALLOC_NEAR active=1267 next_idx=1267 phase='pp_div_replay' ops_idx=1862730 free_pool=1 caller=src/bin/../point_add/mod.rs:487
ALLOC_NEAR active=1267 next_idx=1267 phase='pp_div_replay' ops_idx=1865981 free_pool=1 caller=src/bin/../point_add/mod.rs:487
ALLOC_NEAR active=1267 next_idx=1267 phase='pp_div_replay' ops_idx=1867266 free_pool=1 caller=src/bin/../point_add/mod.rs:487
ALLOC_NEAR active=1267 next_idx=1267 phase='pp_div_replay' ops_idx=1870517 free_pool=1 caller=src/bin/../point_add/mod.rs:487
ALLOC_NEAR active=1267 next_idx=1267 phase='pp_div_replay' ops_idx=1871802 free_pool=1 caller=src/bin/../point_add/mod.rs:487
ALLOC_NEAR active=1267 next_idx=1267 phase='pp_div_replay' ops_idx=1875053 free_pool=1 caller=src/bin/../point_add/mod.rs:487
ALLOC_NEAR active=1267 next_idx=1267 phase='pp_div_replay' ops_idx=1876338 free_pool=1 caller=src/bin/../point_add/mod.rs:487
ALLOC_NEAR active=1267 next_idx=1267 phase='pp_div_replay' ops_idx=1879589 free_pool=1 caller=src/bin/../point_add/mod.rs:487
ALLOC_NEAR active=1267 next_idx=1267 phase='pp_div_replay' ops_idx=1880874 free_pool=1 caller=src/bin/../point_add/mod.rs:487
ALLOC_NEAR active=1267 next_idx=1267 phase='pp_div_replay' ops_idx=1884125 free_pool=1 caller=src/bin/../point_add/mod.rs:487
ALLOC_NEAR active=1267 next_idx=1267 phase='pp_div_replay' ops_idx=1885410 free_pool=1 caller=src/bin/../point_add/mod.rs:487
ALLOC_NEAR active=1267 next_idx=1267 phase='pp_div_replay' ops_idx=1888661 free_pool=1 caller=src/bin/../point_add/mod.rs:487
ALLOC_NEAR active=1267 next_idx=1267 phase='pp_div_replay' ops_idx=1889946 free_pool=1 caller=src/bin/../point_add/mod.rs:487
ALLOC_NEAR active=1267 next_idx=1267 phase='pp_div_replay' ops_idx=1893197 free_pool=1 caller=src/bin/../point_add/mod.rs:487
ALLOC_NEAR active=1267 next_idx=1267 phase='pp_div_replay' ops_idx=1894482 free_pool=1 caller=src/bin/../point_add/mod.rs:487
ALLOC_NEAR active=1267 next_idx=1267 phase='pp_div_replay' ops_idx=1897733 free_pool=1 caller=src/bin/../point_add/mod.rs:487
ALLOC_NEAR active=1267 next_idx=1267 phase='pp_div_replay' ops_idx=1899018 free_pool=1 caller=src/bin/../point_add/mod.rs:487
ALLOC_NEAR active=1267 next_idx=1267 phase='pp_div_replay' ops_idx=1902269 free_pool=1 caller=src/bin/../point_add/mod.rs:487
ALLOC_NEAR active=1267 next_idx=1267 phase='pp_div_replay' ops_idx=1903554 free_pool=1 caller=src/bin/../point_add/mod.rs:487
ALLOC_NEAR active=1267 next_idx=1267 phase='pp_div_replay' ops_idx=1906805 free_pool=1 caller=src/bin/../point_add/mod.rs:487
ALLOC_NEAR active=1267 next_idx=1267 phase='pp_div_replay' ops_idx=1908090 free_pool=1 caller=src/bin/../point_add/mod.rs:487
ALLOC_NEAR active=1267 next_idx=1267 phase='pp_div_replay' ops_idx=1911341 free_pool=1 caller=src/bin/../point_add/mod.rs:487
ALLOC_NEAR active=1267 next_idx=1267 phase='pp_div_replay' ops_idx=1912626 free_pool=1 caller=src/bin/../point_add/mod.rs:487
ALLOC_NEAR active=1267 next_idx=1267 phase='pp_div_replay' ops_idx=1915877 free_pool=1 caller=src/bin/../point_add/mod.rs:487
ALLOC_NEAR active=1267 next_idx=1267 phase='pp_div_replay' ops_idx=1917162 free_pool=1 caller=src/bin/../point_add/mod.rs:487
ALLOC_NEAR active=1267 next_idx=1267 phase='pp_div_replay' ops_idx=1920413 free_pool=1 caller=src/bin/../point_add/mod.rs:487
ALLOC_NEAR active=1267 next_idx=1267 phase='pp_div_replay' ops_idx=1921698 free_pool=1 caller=src/bin/../point_add/mod.rs:487
ALLOC_NEAR active=1267 next_idx=1267 phase='pp_div_replay' ops_idx=1924949 free_pool=1 caller=src/bin/../point_add/mod.rs:487
ALLOC_NEAR active=1267 next_idx=1267 phase='pp_div_replay' ops_idx=1926234 free_pool=1 caller=src/bin/../point_add/mod.rs:487
ALLOC_NEAR active=1267 next_idx=1267 phase='pp_div_replay' ops_idx=1929485 free_pool=1 caller=src/bin/../point_add/mod.rs:487
ALLOC_NEAR active=1267 next_idx=1267 phase='pp_div_replay' ops_idx=1930770 free_pool=1 caller=src/bin/../point_add/mod.rs:487
ALLOC_NEAR active=1267 next_idx=1267 phase='pp_div_replay' ops_idx=1934021 free_pool=1 caller=src/bin/../point_add/mod.rs:487
ALLOC_NEAR active=1267 next_idx=1267 phase='pp_div_replay' ops_idx=1935306 free_pool=1 caller=src/bin/../point_add/mod.rs:487
ALLOC_NEAR active=1267 next_idx=1267 phase='pp_div_replay' ops_idx=1938557 free_pool=1 caller=src/bin/../point_add/mod.rs:487
ALLOC_NEAR active=1267 next_idx=1267 phase='pp_div_replay' ops_idx=1939842 free_pool=1 caller=src/bin/../point_add/mod.rs:487
ALLOC_NEAR active=1267 next_idx=1267 phase='pp_div_replay' ops_idx=1943093 free_pool=1 caller=src/bin/../point_add/mod.rs:487
ALLOC_NEAR active=1267 next_idx=1267 phase='pp_div_replay' ops_idx=1944378 free_pool=1 caller=src/bin/../point_add/mod.rs:487
ALLOC_NEAR active=1267 next_idx=1267 phase='pp_div_replay' ops_idx=1947629 free_pool=1 caller=src/bin/../point_add/mod.rs:487
ALLOC_NEAR active=1267 next_idx=1267 phase='pp_div_replay' ops_idx=1948914 free_pool=1 caller=src/bin/../point_add/mod.rs:487
ALLOC_NEAR active=1267 next_idx=1267 phase='pp_div_replay' ops_idx=1952165 free_pool=1 caller=src/bin/../point_add/mod.rs:487
ALLOC_NEAR active=1267 next_idx=1267 phase='pp_div_replay' ops_idx=1953450 free_pool=1 caller=src/bin/../point_add/mod.rs:487
ALLOC_NEAR active=1267 next_idx=1267 phase='pp_div_replay' ops_idx=1956701 free_pool=1 caller=src/bin/../point_add/mod.rs:487
ALLOC_NEAR active=1267 next_idx=1267 phase='pp_div_replay' ops_idx=1957986 free_pool=1 caller=src/bin/../point_add/mod.rs:487
ALLOC_NEAR active=1267 next_idx=1267 phase='pp_div_replay' ops_idx=1961237 free_pool=1 caller=src/bin/../point_add/mod.rs:487
ALLOC_NEAR active=1267 next_idx=1267 phase='pp_div_replay' ops_idx=1962522 free_pool=1 caller=src/bin/../point_add/mod.rs:487
ALLOC_NEAR active=1267 next_idx=1267 phase='pp_div_replay' ops_idx=1965773 free_pool=1 caller=src/bin/../point_add/mod.rs:487
ALLOC_NEAR active=1267 next_idx=1267 phase='pp_div_replay' ops_idx=1967058 free_pool=1 caller=src/bin/../point_add/mod.rs:487
ALLOC_NEAR active=1267 next_idx=1267 phase='pp_div_replay' ops_idx=1970309 free_pool=1 caller=src/bin/../point_add/mod.rs:487
ALLOC_NEAR active=1267 next_idx=1267 phase='pp_div_replay' ops_idx=1971594 free_pool=1 caller=src/bin/../point_add/mod.rs:487
ALLOC_NEAR active=1267 next_idx=1267 phase='pp_div_replay' ops_idx=1974845 free_pool=1 caller=src/bin/../point_add/mod.rs:487
ALLOC_NEAR active=1267 next_idx=1267 phase='pp_div_replay' ops_idx=1976130 free_pool=1 caller=src/bin/../point_add/mod.rs:487
ALLOC_NEAR active=1267 next_idx=1267 phase='pp_div_replay' ops_idx=1979381 free_pool=1 caller=src/bin/../point_add/mod.rs:487
ALLOC_NEAR active=1267 next_idx=1267 phase='pp_div_replay' ops_idx=1980666 free_pool=1 caller=src/bin/../point_add/mod.rs:487
ALLOC_NEAR active=1267 next_idx=1267 phase='pp_div_replay' ops_idx=1983917 free_pool=1 caller=src/bin/../point_add/mod.rs:487
ALLOC_NEAR active=1267 next_idx=1267 phase='pp_div_replay' ops_idx=1985202 free_pool=1 caller=src/bin/../point_add/mod.rs:487
ALLOC_NEAR active=1267 next_idx=1267 phase='pp_div_replay' ops_idx=1988453 free_pool=1 caller=src/bin/../point_add/mod.rs:487
ALLOC_NEAR active=1267 next_idx=1267 phase='pp_div_replay' ops_idx=1989738 free_pool=1 caller=src/bin/../point_add/mod.rs:487
ALLOC_NEAR active=1267 next_idx=1267 phase='pp_div_replay' ops_idx=1992989 free_pool=1 caller=src/bin/../point_add/mod.rs:487
ALLOC_NEAR active=1267 next_idx=1267 phase='pp_div_replay' ops_idx=1994274 free_pool=1 caller=src/bin/../point_add/mod.rs:487
ALLOC_NEAR active=1267 next_idx=1267 phase='pp_div_replay' ops_idx=1997525 free_pool=1 caller=src/bin/../point_add/mod.rs:487
ALLOC_NEAR active=1267 next_idx=1267 phase='pp_div_replay' ops_idx=1998810 free_pool=1 caller=src/bin/../point_add/mod.rs:487
ALLOC_NEAR active=1267 next_idx=1267 phase='pp_div_replay' ops_idx=2002061 free_pool=1 caller=src/bin/../point_add/mod.rs:487
ALLOC_NEAR active=1267 next_idx=1267 phase='pp_div_replay' ops_idx=2003346 free_pool=1 caller=src/bin/../point_add/mod.rs:487
ALLOC_NEAR active=1267 next_idx=1267 phase='pp_div_replay' ops_idx=2006597 free_pool=1 caller=src/bin/../point_add/mod.rs:487
ALLOC_NEAR active=1267 next_idx=1267 phase='pp_div_replay' ops_idx=2007882 free_pool=1 caller=src/bin/../point_add/mod.rs:487
ALLOC_NEAR active=1267 next_idx=1267 phase='pp_div_replay' ops_idx=2011133 free_pool=1 caller=src/bin/../point_add/mod.rs:487
ALLOC_NEAR active=1267 next_idx=1267 phase='pp_div_replay' ops_idx=2012418 free_pool=1 caller=src/bin/../point_add/mod.rs:487
ALLOC_NEAR active=1267 next_idx=1267 phase='pp_div_replay' ops_idx=2015669 free_pool=1 caller=src/bin/../point_add/mod.rs:487
ALLOC_NEAR active=1267 next_idx=1267 phase='pp_div_replay' ops_idx=2016954 free_pool=1 caller=src/bin/../point_add/mod.rs:487
ALLOC_NEAR active=1267 next_idx=1267 phase='pp_div_replay' ops_idx=2020205 free_pool=1 caller=src/bin/../point_add/mod.rs:487
ALLOC_NEAR active=1267 next_idx=1267 phase='pp_div_replay' ops_idx=2021490 free_pool=1 caller=src/bin/../point_add/mod.rs:487
ALLOC_NEAR active=1267 next_idx=1267 phase='pp_div_replay' ops_idx=2024741 free_pool=1 caller=src/bin/../point_add/mod.rs:487
ALLOC_NEAR active=1267 next_idx=1267 phase='pp_div_replay' ops_idx=2026026 free_pool=1 caller=src/bin/../point_add/mod.rs:487
ALLOC_NEAR active=1267 next_idx=1267 phase='pp_div_replay' ops_idx=2029277 free_pool=1 caller=src/bin/../point_add/mod.rs:487
ALLOC_NEAR active=1267 next_idx=1267 phase='pp_div_replay' ops_idx=2030562 free_pool=1 caller=src/bin/../point_add/mod.rs:487
ALLOC_NEAR active=1267 next_idx=1267 phase='pp_div_replay' ops_idx=2033813 free_pool=1 caller=src/bin/../point_add/mod.rs:487
ALLOC_NEAR active=1267 next_idx=1267 phase='pp_div_replay' ops_idx=2035098 free_pool=1 caller=src/bin/../point_add/mod.rs:487
ALLOC_NEAR active=1267 next_idx=1267 phase='pp_div_replay' ops_idx=2038349 free_pool=1 caller=src/bin/../point_add/mod.rs:487
ALLOC_NEAR active=1267 next_idx=1267 phase='pp_div_replay' ops_idx=2039634 free_pool=1 caller=src/bin/../point_add/mod.rs:487
ALLOC_NEAR active=1267 next_idx=1267 phase='pp_div_replay' ops_idx=2042885 free_pool=1 caller=src/bin/../point_add/mod.rs:487
ALLOC_NEAR active=1267 next_idx=1267 phase='pp_div_replay' ops_idx=2044170 free_pool=1 caller=src/bin/../point_add/mod.rs:487
ALLOC_NEAR active=1267 next_idx=1267 phase='pp_div_replay' ops_idx=2047421 free_pool=1 caller=src/bin/../point_add/mod.rs:487
ALLOC_NEAR active=1267 next_idx=1267 phase='pp_div_replay' ops_idx=2048706 free_pool=1 caller=src/bin/../point_add/mod.rs:487
ALLOC_NEAR active=1267 next_idx=1267 phase='pp_div_replay' ops_idx=2051957 free_pool=1 caller=src/bin/../point_add/mod.rs:487
ALLOC_NEAR active=1267 next_idx=1267 phase='pp_div_replay' ops_idx=2053242 free_pool=1 caller=src/bin/../point_add/mod.rs:487
ALLOC_NEAR active=1267 next_idx=1267 phase='pp_div_replay' ops_idx=2056493 free_pool=1 caller=src/bin/../point_add/mod.rs:487
ALLOC_NEAR active=1267 next_idx=1267 phase='pp_div_replay' ops_idx=2057778 free_pool=1 caller=src/bin/../point_add/mod.rs:487
ALLOC_NEAR active=1267 next_idx=1267 phase='pp_div_replay' ops_idx=2061029 free_pool=1 caller=src/bin/../point_add/mod.rs:487
ALLOC_NEAR active=1267 next_idx=1267 phase='pp_div_replay' ops_idx=2062314 free_pool=1 caller=src/bin/../point_add/mod.rs:487
ALLOC_NEAR active=1267 next_idx=1267 phase='pp_div_replay' ops_idx=2065565 free_pool=1 caller=src/bin/../point_add/mod.rs:487
ALLOC_NEAR active=1267 next_idx=1267 phase='pp_div_replay' ops_idx=2066850 free_pool=1 caller=src/bin/../point_add/mod.rs:487
ALLOC_NEAR active=1267 next_idx=1267 phase='pp_div_replay' ops_idx=2070101 free_pool=1 caller=src/bin/../point_add/mod.rs:487
ALLOC_NEAR active=1267 next_idx=1267 phase='pp_div_replay' ops_idx=2071386 free_pool=1 caller=src/bin/../point_add/mod.rs:487
ALLOC_NEAR active=1267 next_idx=1267 phase='pp_div_replay' ops_idx=2074637 free_pool=1 caller=src/bin/../point_add/mod.rs:487
ALLOC_NEAR active=1267 next_idx=1267 phase='pp_div_replay' ops_idx=2075922 free_pool=1 caller=src/bin/../point_add/mod.rs:487
ALLOC_NEAR active=1267 next_idx=1267 phase='pp_div_replay' ops_idx=2079173 free_pool=1 caller=src/bin/../point_add/mod.rs:487
ALLOC_NEAR active=1267 next_idx=1267 phase='pp_div_replay' ops_idx=2080458 free_pool=1 caller=src/bin/../point_add/mod.rs:487
ALLOC_NEAR active=1267 next_idx=1267 phase='pp_div_replay' ops_idx=2083709 free_pool=1 caller=src/bin/../point_add/mod.rs:487
ALLOC_NEAR active=1267 next_idx=1267 phase='pp_div_replay' ops_idx=2084994 free_pool=1 caller=src/bin/../point_add/mod.rs:487
ALLOC_NEAR active=1267 next_idx=1267 phase='pp_div_replay' ops_idx=2088245 free_pool=1 caller=src/bin/../point_add/mod.rs:487
ALLOC_NEAR active=1267 next_idx=1267 phase='pp_div_replay' ops_idx=2089530 free_pool=1 caller=src/bin/../point_add/mod.rs:487
ALLOC_NEAR active=1267 next_idx=1267 phase='pp_div_replay' ops_idx=2092781 free_pool=1 caller=src/bin/../point_add/mod.rs:487
ALLOC_NEAR active=1267 next_idx=1267 phase='pp_div_replay' ops_idx=2094066 free_pool=1 caller=src/bin/../point_add/mod.rs:487
ALLOC_NEAR active=1267 next_idx=1267 phase='pp_div_replay' ops_idx=2097317 free_pool=1 caller=src/bin/../point_add/mod.rs:487
ALLOC_NEAR active=1267 next_idx=1267 phase='pp_div_replay' ops_idx=2098602 free_pool=1 caller=src/bin/../point_add/mod.rs:487
ALLOC_NEAR active=1267 next_idx=1267 phase='pp_div_replay' ops_idx=2101853 free_pool=1 caller=src/bin/../point_add/mod.rs:487
ALLOC_NEAR active=1267 next_idx=1267 phase='pp_div_replay' ops_idx=2103138 free_pool=1 caller=src/bin/../point_add/mod.rs:487
ALLOC_NEAR active=1267 next_idx=1267 phase='pp_div_replay' ops_idx=2106389 free_pool=1 caller=src/bin/../point_add/mod.rs:487
ALLOC_NEAR active=1267 next_idx=1267 phase='pp_div_replay' ops_idx=2107674 free_pool=1 caller=src/bin/../point_add/mod.rs:487
ALLOC_NEAR active=1267 next_idx=1267 phase='pp_div_replay' ops_idx=2110925 free_pool=1 caller=src/bin/../point_add/mod.rs:487
ALLOC_NEAR active=1267 next_idx=1267 phase='pp_div_replay' ops_idx=2112210 free_pool=1 caller=src/bin/../point_add/mod.rs:487
ALLOC_NEAR active=1267 next_idx=1267 phase='pp_div_replay' ops_idx=2115461 free_pool=1 caller=src/bin/../point_add/mod.rs:487
ALLOC_NEAR active=1267 next_idx=1267 phase='pp_div_replay' ops_idx=2116746 free_pool=1 caller=src/bin/../point_add/mod.rs:487
ALLOC_NEAR active=1267 next_idx=1267 phase='pp_div_replay' ops_idx=2119997 free_pool=1 caller=src/bin/../point_add/mod.rs:487
ALLOC_NEAR active=1267 next_idx=1267 phase='pp_div_replay' ops_idx=2121282 free_pool=1 caller=src/bin/../point_add/mod.rs:487
ALLOC_NEAR active=1267 next_idx=1267 phase='pp_div_replay' ops_idx=2124533 free_pool=1 caller=src/bin/../point_add/mod.rs:487
ALLOC_NEAR active=1267 next_idx=1267 phase='pp_div_replay' ops_idx=2125818 free_pool=1 caller=src/bin/../point_add/mod.rs:487
ALLOC_NEAR active=1267 next_idx=1267 phase='pp_div_replay' ops_idx=2129069 free_pool=1 caller=src/bin/../point_add/mod.rs:487
ALLOC_NEAR active=1267 next_idx=1267 phase='pp_div_replay' ops_idx=2130354 free_pool=1 caller=src/bin/../point_add/mod.rs:487
ALLOC_NEAR active=1267 next_idx=1267 phase='pp_div_replay' ops_idx=2133605 free_pool=1 caller=src/bin/../point_add/mod.rs:487
ALLOC_NEAR active=1267 next_idx=1267 phase='pp_div_replay' ops_idx=2134890 free_pool=1 caller=src/bin/../point_add/mod.rs:487
ALLOC_NEAR active=1267 next_idx=1267 phase='pp_div_replay' ops_idx=2138141 free_pool=1 caller=src/bin/../point_add/mod.rs:487
ALLOC_NEAR active=1267 next_idx=1267 phase='pp_div_replay' ops_idx=2139426 free_pool=1 caller=src/bin/../point_add/mod.rs:487
ALLOC_NEAR active=1267 next_idx=1267 phase='pp_div_replay' ops_idx=2142677 free_pool=1 caller=src/bin/../point_add/mod.rs:487
ALLOC_NEAR active=1267 next_idx=1267 phase='pp_div_replay' ops_idx=2143962 free_pool=1 caller=src/bin/../point_add/mod.rs:487
ALLOC_NEAR active=1267 next_idx=1267 phase='pp_div_replay' ops_idx=2147213 free_pool=1 caller=src/bin/../point_add/mod.rs:487
ALLOC_NEAR active=1267 next_idx=1267 phase='pp_div_replay' ops_idx=2148498 free_pool=1 caller=src/bin/../point_add/mod.rs:487
ALLOC_NEAR active=1267 next_idx=1267 phase='pp_div_replay' ops_idx=2151749 free_pool=1 caller=src/bin/../point_add/mod.rs:487
ALLOC_NEAR active=1267 next_idx=1267 phase='pp_div_replay' ops_idx=2153034 free_pool=1 caller=src/bin/../point_add/mod.rs:487
ALLOC_NEAR active=1267 next_idx=1267 phase='pp_div_replay' ops_idx=2156285 free_pool=1 caller=src/bin/../point_add/mod.rs:487
ALLOC_NEAR active=1267 next_idx=1267 phase='pp_div_replay' ops_idx=2157570 free_pool=1 caller=src/bin/../point_add/mod.rs:487
ALLOC_NEAR active=1267 next_idx=1267 phase='pp_div_replay' ops_idx=2160821 free_pool=1 caller=src/bin/../point_add/mod.rs:487
ALLOC_NEAR active=1267 next_idx=1267 phase='pp_div_replay' ops_idx=2162106 free_pool=1 caller=src/bin/../point_add/mod.rs:487
ALLOC_NEAR active=1267 next_idx=1267 phase='pp_div_replay' ops_idx=2165357 free_pool=1 caller=src/bin/../point_add/mod.rs:487
ALLOC_NEAR active=1267 next_idx=1267 phase='pp_div_replay' ops_idx=2166642 free_pool=1 caller=src/bin/../point_add/mod.rs:487
ALLOC_NEAR active=1267 next_idx=1267 phase='pp_div_replay' ops_idx=2169893 free_pool=1 caller=src/bin/../point_add/mod.rs:487
ALLOC_NEAR active=1267 next_idx=1267 phase='pp_div_replay' ops_idx=2171178 free_pool=1 caller=src/bin/../point_add/mod.rs:487
ALLOC_NEAR active=1267 next_idx=1267 phase='pp_div_replay' ops_idx=2174429 free_pool=1 caller=src/bin/../point_add/mod.rs:487
ALLOC_NEAR active=1267 next_idx=1267 phase='pp_div_replay' ops_idx=2175714 free_pool=1 caller=src/bin/../point_add/mod.rs:487
ALLOC_NEAR active=1267 next_idx=1267 phase='pp_div_replay' ops_idx=2178965 free_pool=1 caller=src/bin/../point_add/mod.rs:487
ALLOC_NEAR active=1267 next_idx=1267 phase='pp_div_replay' ops_idx=2180250 free_pool=1 caller=src/bin/../point_add/mod.rs:487
ALLOC_NEAR active=1267 next_idx=1267 phase='pp_div_replay' ops_idx=2183501 free_pool=1 caller=src/bin/../point_add/mod.rs:487
ALLOC_NEAR active=1267 next_idx=1267 phase='pp_div_replay' ops_idx=2184786 free_pool=1 caller=src/bin/../point_add/mod.rs:487
ALLOC_NEAR active=1267 next_idx=1267 phase='pp_div_replay' ops_idx=2188037 free_pool=1 caller=src/bin/../point_add/mod.rs:487
ALLOC_NEAR active=1267 next_idx=1267 phase='pp_div_replay' ops_idx=2189322 free_pool=1 caller=src/bin/../point_add/mod.rs:487
ALLOC_NEAR active=1267 next_idx=1267 phase='pp_div_replay' ops_idx=2192573 free_pool=1 caller=src/bin/../point_add/mod.rs:487
ALLOC_NEAR active=1267 next_idx=1267 phase='pp_div_replay' ops_idx=2193858 free_pool=1 caller=src/bin/../point_add/mod.rs:487
ALLOC_NEAR active=1267 next_idx=1267 phase='pp_div_replay' ops_idx=2197109 free_pool=1 caller=src/bin/../point_add/mod.rs:487
ALLOC_NEAR active=1267 next_idx=1267 phase='pp_div_replay' ops_idx=2198394 free_pool=1 caller=src/bin/../point_add/mod.rs:487
ALLOC_NEAR active=1267 next_idx=1267 phase='pp_div_replay' ops_idx=2201645 free_pool=1 caller=src/bin/../point_add/mod.rs:487
ALLOC_NEAR active=1267 next_idx=1267 phase='pp_div_replay' ops_idx=2202930 free_pool=1 caller=src/bin/../point_add/mod.rs:487
ALLOC_NEAR active=1267 next_idx=1267 phase='pp_div_replay' ops_idx=2206181 free_pool=1 caller=src/bin/../point_add/mod.rs:487
ALLOC_NEAR active=1267 next_idx=1267 phase='pp_div_replay' ops_idx=2207466 free_pool=1 caller=src/bin/../point_add/mod.rs:487
ALLOC_NEAR active=1267 next_idx=1267 phase='pp_div_replay' ops_idx=2210717 free_pool=1 caller=src/bin/../point_add/mod.rs:487
ALLOC_NEAR active=1267 next_idx=1267 phase='pp_div_replay' ops_idx=2212002 free_pool=1 caller=src/bin/../point_add/mod.rs:487
ALLOC_NEAR active=1267 next_idx=1267 phase='pp_div_replay' ops_idx=2215253 free_pool=1 caller=src/bin/../point_add/mod.rs:487
ALLOC_NEAR active=1267 next_idx=1267 phase='pp_div_replay' ops_idx=2216538 free_pool=1 caller=src/bin/../point_add/mod.rs:487
ALLOC_NEAR active=1267 next_idx=1267 phase='pp_div_replay' ops_idx=2219789 free_pool=1 caller=src/bin/../point_add/mod.rs:487
ALLOC_NEAR active=1267 next_idx=1267 phase='pp_div_replay' ops_idx=2221074 free_pool=1 caller=src/bin/../point_add/mod.rs:487
ALLOC_NEAR active=1267 next_idx=1267 phase='pp_div_replay' ops_idx=2224325 free_pool=1 caller=src/bin/../point_add/mod.rs:487
ALLOC_NEAR active=1267 next_idx=1267 phase='pp_div_replay' ops_idx=2225610 free_pool=1 caller=src/bin/../point_add/mod.rs:487
ALLOC_NEAR active=1267 next_idx=1267 phase='pp_div_replay' ops_idx=2228861 free_pool=1 caller=src/bin/../point_add/mod.rs:487
ALLOC_NEAR active=1267 next_idx=1267 phase='pp_div_replay' ops_idx=2230146 free_pool=1 caller=src/bin/../point_add/mod.rs:487
ALLOC_NEAR active=1267 next_idx=1267 phase='pp_div_replay' ops_idx=2233397 free_pool=1 caller=src/bin/../point_add/mod.rs:487
ALLOC_NEAR active=1267 next_idx=1267 phase='pp_div_replay' ops_idx=2234682 free_pool=1 caller=src/bin/../point_add/mod.rs:487
ALLOC_NEAR active=1267 next_idx=1267 phase='pp_div_replay' ops_idx=2237933 free_pool=1 caller=src/bin/../point_add/mod.rs:487
ALLOC_NEAR active=1267 next_idx=1267 phase='pp_div_replay' ops_idx=2239218 free_pool=1 caller=src/bin/../point_add/mod.rs:487
ALLOC_NEAR active=1267 next_idx=1267 phase='pp_div_replay' ops_idx=2242469 free_pool=1 caller=src/bin/../point_add/mod.rs:487
ALLOC_NEAR active=1267 next_idx=1267 phase='pp_div_replay' ops_idx=2243754 free_pool=1 caller=src/bin/../point_add/mod.rs:487
ALLOC_NEAR active=1267 next_idx=1267 phase='pp_div_replay' ops_idx=2247005 free_pool=1 caller=src/bin/../point_add/mod.rs:487
ALLOC_NEAR active=1267 next_idx=1267 phase='pp_div_replay' ops_idx=2248290 free_pool=1 caller=src/bin/../point_add/mod.rs:487
ALLOC_NEAR active=1267 next_idx=1267 phase='pp_div_replay' ops_idx=2251541 free_pool=1 caller=src/bin/../point_add/mod.rs:487
ALLOC_NEAR active=1267 next_idx=1267 phase='pp_div_replay' ops_idx=2252826 free_pool=1 caller=src/bin/../point_add/mod.rs:487
ALLOC_NEAR active=1267 next_idx=1267 phase='pp_div_replay' ops_idx=2256077 free_pool=1 caller=src/bin/../point_add/mod.rs:487
ALLOC_NEAR active=1267 next_idx=1267 phase='pp_div_replay' ops_idx=2257362 free_pool=1 caller=src/bin/../point_add/mod.rs:487
ALLOC_NEAR active=1267 next_idx=1267 phase='pp_div_replay' ops_idx=2260613 free_pool=1 caller=src/bin/../point_add/mod.rs:487
ALLOC_NEAR active=1267 next_idx=1267 phase='pp_div_replay' ops_idx=2261898 free_pool=1 caller=src/bin/../point_add/mod.rs:487
ALLOC_NEAR active=1267 next_idx=1267 phase='pp_div_replay' ops_idx=2265149 free_pool=1 caller=src/bin/../point_add/mod.rs:487
ALLOC_NEAR active=1267 next_idx=1267 phase='pp_div_replay' ops_idx=2266434 free_pool=1 caller=src/bin/../point_add/mod.rs:487
ALLOC_NEAR active=1267 next_idx=1267 phase='pp_div_replay' ops_idx=2269685 free_pool=1 caller=src/bin/../point_add/mod.rs:487
ALLOC_NEAR active=1267 next_idx=1267 phase='pp_div_replay' ops_idx=2270970 free_pool=1 caller=src/bin/../point_add/mod.rs:487
ALLOC_NEAR active=1267 next_idx=1267 phase='pp_div_replay' ops_idx=2274221 free_pool=1 caller=src/bin/../point_add/mod.rs:487
ALLOC_NEAR active=1267 next_idx=1267 phase='pp_div_replay' ops_idx=2275506 free_pool=1 caller=src/bin/../point_add/mod.rs:487
ALLOC_NEAR active=1267 next_idx=1267 phase='pp_div_replay' ops_idx=2278757 free_pool=1 caller=src/bin/../point_add/mod.rs:487
ALLOC_NEAR active=1267 next_idx=1267 phase='pp_div_replay' ops_idx=2280042 free_pool=1 caller=src/bin/../point_add/mod.rs:487
ALLOC_NEAR active=1267 next_idx=1267 phase='pp_div_replay' ops_idx=2283293 free_pool=1 caller=src/bin/../point_add/mod.rs:487
ALLOC_NEAR active=1267 next_idx=1267 phase='pp_div_replay' ops_idx=2284578 free_pool=1 caller=src/bin/../point_add/mod.rs:487
ALLOC_NEAR active=1267 next_idx=1267 phase='pp_div_replay' ops_idx=2287829 free_pool=1 caller=src/bin/../point_add/mod.rs:487
ALLOC_NEAR active=1267 next_idx=1267 phase='pp_div_replay' ops_idx=2289114 free_pool=1 caller=src/bin/../point_add/mod.rs:487
ALLOC_NEAR active=1267 next_idx=1267 phase='pp_div_replay' ops_idx=2292365 free_pool=1 caller=src/bin/../point_add/mod.rs:487
ALLOC_NEAR active=1267 next_idx=1267 phase='pp_div_replay' ops_idx=2293650 free_pool=1 caller=src/bin/../point_add/mod.rs:487
ALLOC_NEAR active=1267 next_idx=1267 phase='pp_div_replay' ops_idx=2296901 free_pool=1 caller=src/bin/../point_add/mod.rs:487
ALLOC_NEAR active=1267 next_idx=1267 phase='pp_div_replay' ops_idx=2298186 free_pool=1 caller=src/bin/../point_add/mod.rs:487
ALLOC_NEAR active=1267 next_idx=1267 phase='pp_div_replay' ops_idx=2301437 free_pool=1 caller=src/bin/../point_add/mod.rs:487
ALLOC_NEAR active=1267 next_idx=1267 phase='pp_div_replay' ops_idx=2302722 free_pool=1 caller=src/bin/../point_add/mod.rs:487
ALLOC_NEAR active=1267 next_idx=1267 phase='pp_div_replay' ops_idx=2305973 free_pool=1 caller=src/bin/../point_add/mod.rs:487
ALLOC_NEAR active=1267 next_idx=1267 phase='pp_div_replay' ops_idx=2307258 free_pool=1 caller=src/bin/../point_add/mod.rs:487
ALLOC_NEAR active=1267 next_idx=1267 phase='pp_div_replay' ops_idx=2310509 free_pool=1 caller=src/bin/../point_add/mod.rs:487
ALLOC_NEAR active=1267 next_idx=1267 phase='pp_div_replay' ops_idx=2311794 free_pool=1 caller=src/bin/../point_add/mod.rs:487
ALLOC_NEAR active=1267 next_idx=1267 phase='pp_div_replay' ops_idx=2315045 free_pool=1 caller=src/bin/../point_add/mod.rs:487
ALLOC_NEAR active=1267 next_idx=1267 phase='pp_div_replay' ops_idx=2316330 free_pool=1 caller=src/bin/../point_add/mod.rs:487
ALLOC_NEAR active=1267 next_idx=1267 phase='pp_div_replay' ops_idx=2319581 free_pool=1 caller=src/bin/../point_add/mod.rs:487
ALLOC_NEAR active=1267 next_idx=1267 phase='pp_div_replay' ops_idx=2320866 free_pool=1 caller=src/bin/../point_add/mod.rs:487
ALLOC_NEAR active=1267 next_idx=1267 phase='pp_div_replay' ops_idx=2324117 free_pool=1 caller=src/bin/../point_add/mod.rs:487
ALLOC_NEAR active=1267 next_idx=1267 phase='pp_div_replay' ops_idx=2325402 free_pool=1 caller=src/bin/../point_add/mod.rs:487
ALLOC_NEAR active=1267 next_idx=1267 phase='pp_div_replay' ops_idx=2328653 free_pool=1 caller=src/bin/../point_add/mod.rs:487
ALLOC_NEAR active=1267 next_idx=1267 phase='pp_div_replay' ops_idx=2329938 free_pool=1 caller=src/bin/../point_add/mod.rs:487
ALLOC_NEAR active=1267 next_idx=1267 phase='pp_div_replay' ops_idx=2333189 free_pool=1 caller=src/bin/../point_add/mod.rs:487
ALLOC_NEAR active=1267 next_idx=1267 phase='pp_div_replay' ops_idx=2334474 free_pool=1 caller=src/bin/../point_add/mod.rs:487
ALLOC_NEAR active=1267 next_idx=1267 phase='pp_div_replay' ops_idx=2337725 free_pool=1 caller=src/bin/../point_add/mod.rs:487
ALLOC_NEAR active=1267 next_idx=1267 phase='pp_div_replay' ops_idx=2339010 free_pool=1 caller=src/bin/../point_add/mod.rs:487
ALLOC_NEAR active=1267 next_idx=1267 phase='pp_div_replay' ops_idx=2342261 free_pool=1 caller=src/bin/../point_add/mod.rs:487
ALLOC_NEAR active=1267 next_idx=1267 phase='pp_div_replay' ops_idx=2343546 free_pool=1 caller=src/bin/../point_add/mod.rs:487
ALLOC_NEAR active=1267 next_idx=1267 phase='pp_div_replay' ops_idx=2346797 free_pool=1 caller=src/bin/../point_add/mod.rs:487
ALLOC_NEAR active=1267 next_idx=1267 phase='pp_div_replay' ops_idx=2348082 free_pool=1 caller=src/bin/../point_add/mod.rs:487
ALLOC_NEAR active=1267 next_idx=1267 phase='pp_div_replay' ops_idx=2351333 free_pool=1 caller=src/bin/../point_add/mod.rs:487
ALLOC_NEAR active=1267 next_idx=1267 phase='pp_div_replay' ops_idx=2352618 free_pool=1 caller=src/bin/../point_add/mod.rs:487
ALLOC_NEAR active=1267 next_idx=1267 phase='pp_div_replay' ops_idx=2355869 free_pool=1 caller=src/bin/../point_add/mod.rs:487
ALLOC_NEAR active=1267 next_idx=1267 phase='pp_div_replay' ops_idx=2357154 free_pool=1 caller=src/bin/../point_add/mod.rs:487
ALLOC_NEAR active=1267 next_idx=1267 phase='pp_div_replay' ops_idx=2360405 free_pool=1 caller=src/bin/../point_add/mod.rs:487
ALLOC_NEAR active=1267 next_idx=1267 phase='pp_div_replay' ops_idx=2361690 free_pool=1 caller=src/bin/../point_add/mod.rs:487
ALLOC_NEAR active=1267 next_idx=1267 phase='pp_div_replay' ops_idx=2364941 free_pool=1 caller=src/bin/../point_add/mod.rs:487
ALLOC_NEAR active=1267 next_idx=1267 phase='pp_div_replay' ops_idx=2366226 free_pool=1 caller=src/bin/../point_add/mod.rs:487
ALLOC_NEAR active=1267 next_idx=1267 phase='pp_div_replay' ops_idx=2369477 free_pool=1 caller=src/bin/../point_add/mod.rs:487
ALLOC_NEAR active=1267 next_idx=1267 phase='pp_div_replay' ops_idx=2370762 free_pool=1 caller=src/bin/../point_add/mod.rs:487
ALLOC_NEAR active=1267 next_idx=1267 phase='pp_div_replay' ops_idx=2374013 free_pool=1 caller=src/bin/../point_add/mod.rs:487
ALLOC_NEAR active=1267 next_idx=1267 phase='pp_div_replay' ops_idx=2375298 free_pool=1 caller=src/bin/../point_add/mod.rs:487
ALLOC_NEAR active=1267 next_idx=1267 phase='pp_div_replay' ops_idx=2378549 free_pool=1 caller=src/bin/../point_add/mod.rs:487
ALLOC_NEAR active=1267 next_idx=1267 phase='pp_div_replay' ops_idx=2379834 free_pool=1 caller=src/bin/../point_add/mod.rs:487
ALLOC_NEAR active=1267 next_idx=1267 phase='pp_div_replay' ops_idx=2383085 free_pool=1 caller=src/bin/../point_add/mod.rs:487
ALLOC_NEAR active=1267 next_idx=1267 phase='pp_div_replay' ops_idx=2384370 free_pool=1 caller=src/bin/../point_add/mod.rs:487
ALLOC_NEAR active=1267 next_idx=1267 phase='pp_div_replay' ops_idx=2387621 free_pool=1 caller=src/bin/../point_add/mod.rs:487
ALLOC_NEAR active=1267 next_idx=1267 phase='pp_div_replay' ops_idx=2388906 free_pool=1 caller=src/bin/../point_add/mod.rs:487
ALLOC_NEAR active=1267 next_idx=1267 phase='pp_div_replay' ops_idx=2392157 free_pool=1 caller=src/bin/../point_add/mod.rs:487
ALLOC_NEAR active=1267 next_idx=1267 phase='pp_div_replay' ops_idx=2393442 free_pool=1 caller=src/bin/../point_add/mod.rs:487
ALLOC_NEAR active=1267 next_idx=1267 phase='pp_div_replay' ops_idx=2396693 free_pool=1 caller=src/bin/../point_add/mod.rs:487
ALLOC_NEAR active=1267 next_idx=1267 phase='pp_div_replay' ops_idx=2397978 free_pool=1 caller=src/bin/../point_add/mod.rs:487
ALLOC_NEAR active=1267 next_idx=1267 phase='pp_div_replay' ops_idx=2401229 free_pool=1 caller=src/bin/../point_add/mod.rs:487
ALLOC_NEAR active=1267 next_idx=1267 phase='pp_div_replay' ops_idx=2402514 free_pool=1 caller=src/bin/../point_add/mod.rs:487
ALLOC_NEAR active=1267 next_idx=1267 phase='pp_div_replay' ops_idx=2405765 free_pool=1 caller=src/bin/../point_add/mod.rs:487
ALLOC_NEAR active=1267 next_idx=1267 phase='pp_div_replay' ops_idx=2407050 free_pool=1 caller=src/bin/../point_add/mod.rs:487
ALLOC_NEAR active=1267 next_idx=1267 phase='pp_div_replay' ops_idx=2410301 free_pool=1 caller=src/bin/../point_add/mod.rs:487
ALLOC_NEAR active=1267 next_idx=1267 phase='pp_div_replay' ops_idx=2411586 free_pool=1 caller=src/bin/../point_add/mod.rs:487
ALLOC_NEAR active=1267 next_idx=1267 phase='pp_div_replay' ops_idx=2414837 free_pool=1 caller=src/bin/../point_add/mod.rs:487
ALLOC_NEAR active=1267 next_idx=1267 phase='pp_div_replay' ops_idx=2416122 free_pool=1 caller=src/bin/../point_add/mod.rs:487
ALLOC_NEAR active=1267 next_idx=1267 phase='pp_div_replay' ops_idx=2419373 free_pool=1 caller=src/bin/../point_add/mod.rs:487
ALLOC_NEAR active=1267 next_idx=1267 phase='pp_div_replay' ops_idx=2420658 free_pool=1 caller=src/bin/../point_add/mod.rs:487
ALLOC_NEAR active=1267 next_idx=1267 phase='pp_div_replay' ops_idx=2426006 free_pool=1 caller=src/bin/../point_add/mod.rs:487
ALLOC_NEAR active=1267 next_idx=1267 phase='pp_div_replay' ops_idx=2427305 free_pool=1 caller=src/bin/../point_add/mod.rs:487
ALLOC_NEAR active=1267 next_idx=1267 phase='pp_div_replay' ops_idx=2432675 free_pool=1 caller=src/bin/../point_add/mod.rs:487
ALLOC_NEAR active=1267 next_idx=1267 phase='pp_div_replay' ops_idx=2433988 free_pool=1 caller=src/bin/../point_add/mod.rs:487
ALLOC_NEAR active=1267 next_idx=1267 phase='pp_div_replay' ops_idx=2439380 free_pool=1 caller=src/bin/../point_add/mod.rs:487
ALLOC_NEAR active=1267 next_idx=1267 phase='pp_div_replay' ops_idx=2440707 free_pool=1 caller=src/bin/../point_add/mod.rs:487
ALLOC_NEAR active=1267 next_idx=1267 phase='pp_div_replay' ops_idx=2446085 free_pool=1 caller=src/bin/../point_add/mod.rs:487
ALLOC_NEAR active=1267 next_idx=1267 phase='pp_div_replay' ops_idx=2447398 free_pool=1 caller=src/bin/../point_add/mod.rs:487
ALLOC_NEAR active=1267 next_idx=1267 phase='pp_div_replay' ops_idx=2452765 free_pool=1 caller=src/bin/../point_add/mod.rs:487
ALLOC_NEAR active=1267 next_idx=1267 phase='pp_div_replay' ops_idx=2454092 free_pool=1 caller=src/bin/../point_add/mod.rs:487
ALLOC_NEAR active=1267 next_idx=1267 phase='pp_div_replay' ops_idx=2459481 free_pool=1 caller=src/bin/../point_add/mod.rs:487
ALLOC_NEAR active=1267 next_idx=1267 phase='pp_div_replay' ops_idx=2460822 free_pool=1 caller=src/bin/../point_add/mod.rs:487
ALLOC_NEAR active=1267 next_idx=1267 phase='pp_div_replay' ops_idx=2466233 free_pool=1 caller=src/bin/../point_add/mod.rs:487
ALLOC_NEAR active=1267 next_idx=1267 phase='pp_div_replay' ops_idx=2467588 free_pool=1 caller=src/bin/../point_add/mod.rs:487
ALLOC_NEAR active=1267 next_idx=1267 phase='pp_div_replay' ops_idx=2472985 free_pool=1 caller=src/bin/../point_add/mod.rs:487
ALLOC_NEAR active=1267 next_idx=1267 phase='pp_div_replay' ops_idx=2474326 free_pool=1 caller=src/bin/../point_add/mod.rs:487
ALLOC_NEAR active=1267 next_idx=1267 phase='pp_div_replay' ops_idx=2479712 free_pool=1 caller=src/bin/../point_add/mod.rs:487
ALLOC_NEAR active=1267 next_idx=1267 phase='pp_div_replay' ops_idx=2481067 free_pool=1 caller=src/bin/../point_add/mod.rs:487
ALLOC_NEAR active=1267 next_idx=1267 phase='pp_div_replay' ops_idx=2486475 free_pool=1 caller=src/bin/../point_add/mod.rs:487
ALLOC_NEAR active=1267 next_idx=1267 phase='pp_div_replay' ops_idx=2487844 free_pool=1 caller=src/bin/../point_add/mod.rs:487
ALLOC_NEAR active=1267 next_idx=1267 phase='pp_div_replay' ops_idx=2493238 free_pool=1 caller=src/bin/../point_add/mod.rs:487
ALLOC_NEAR active=1267 next_idx=1267 phase='pp_div_replay' ops_idx=2494593 free_pool=1 caller=src/bin/../point_add/mod.rs:487
ALLOC_NEAR active=1267 next_idx=1267 phase='pp_div_replay' ops_idx=2499976 free_pool=1 caller=src/bin/../point_add/mod.rs:487
ALLOC_NEAR active=1267 next_idx=1267 phase='pp_div_replay' ops_idx=2501345 free_pool=1 caller=src/bin/../point_add/mod.rs:487
ALLOC_NEAR active=1267 next_idx=1267 phase='pp_div_replay' ops_idx=2506714 free_pool=1 caller=src/bin/../point_add/mod.rs:487
ALLOC_NEAR active=1267 next_idx=1267 phase='pp_div_replay' ops_idx=2508069 free_pool=1 caller=src/bin/../point_add/mod.rs:487
ALLOC_NEAR active=1267 next_idx=1267 phase='pp_div_replay' ops_idx=2513427 free_pool=1 caller=src/bin/../point_add/mod.rs:487
ALLOC_NEAR active=1267 next_idx=1267 phase='pp_div_replay' ops_idx=2514796 free_pool=1 caller=src/bin/../point_add/mod.rs:487
ALLOC_NEAR active=1267 next_idx=1267 phase='pp_div_replay' ops_idx=2520140 free_pool=1 caller=src/bin/../point_add/mod.rs:487
ALLOC_NEAR active=1267 next_idx=1267 phase='pp_div_replay' ops_idx=2521495 free_pool=1 caller=src/bin/../point_add/mod.rs:487
ALLOC_NEAR active=1267 next_idx=1267 phase='pp_div_replay' ops_idx=2526828 free_pool=1 caller=src/bin/../point_add/mod.rs:487
ALLOC_NEAR active=1267 next_idx=1267 phase='pp_div_replay' ops_idx=2528197 free_pool=1 caller=src/bin/../point_add/mod.rs:487
ALLOC_NEAR active=1267 next_idx=1267 phase='pp_div_replay' ops_idx=2533552 free_pool=1 caller=src/bin/../point_add/mod.rs:487
ALLOC_NEAR active=1267 next_idx=1267 phase='pp_div_replay' ops_idx=2534935 free_pool=1 caller=src/bin/../point_add/mod.rs:487
ALLOC_NEAR active=1267 next_idx=1267 phase='pp_div_replay' ops_idx=2540276 free_pool=1 caller=src/bin/../point_add/mod.rs:487
ALLOC_NEAR active=1267 next_idx=1267 phase='pp_div_replay' ops_idx=2541645 free_pool=1 caller=src/bin/../point_add/mod.rs:487
ALLOC_NEAR active=1267 next_idx=1267 phase='pp_div_replay' ops_idx=2546975 free_pool=1 caller=src/bin/../point_add/mod.rs:487
ALLOC_NEAR active=1267 next_idx=1267 phase='pp_div_replay' ops_idx=2548358 free_pool=1 caller=src/bin/../point_add/mod.rs:487
ALLOC_NEAR active=1267 next_idx=1267 phase='pp_div_replay' ops_idx=2553674 free_pool=1 caller=src/bin/../point_add/mod.rs:487
ALLOC_NEAR active=1267 next_idx=1267 phase='pp_div_replay' ops_idx=2555043 free_pool=1 caller=src/bin/../point_add/mod.rs:487
ALLOC_NEAR active=1267 next_idx=1267 phase='pp_div_replay' ops_idx=2560348 free_pool=1 caller=src/bin/../point_add/mod.rs:487
ALLOC_NEAR active=1267 next_idx=1267 phase='pp_div_replay' ops_idx=2561731 free_pool=1 caller=src/bin/../point_add/mod.rs:487
ALLOC_NEAR active=1267 next_idx=1267 phase='pp_div_replay' ops_idx=2567022 free_pool=1 caller=src/bin/../point_add/mod.rs:487
ALLOC_NEAR active=1267 next_idx=1267 phase='pp_div_replay' ops_idx=2568391 free_pool=1 caller=src/bin/../point_add/mod.rs:487
ALLOC_NEAR active=1267 next_idx=1267 phase='pp_div_replay' ops_idx=2573671 free_pool=1 caller=src/bin/../point_add/mod.rs:487
ALLOC_NEAR active=1267 next_idx=1267 phase='pp_div_replay' ops_idx=2575054 free_pool=1 caller=src/bin/../point_add/mod.rs:487
ALLOC_NEAR active=1267 next_idx=1267 phase='pp_div_replay' ops_idx=2580320 free_pool=1 caller=src/bin/../point_add/mod.rs:487
ALLOC_NEAR active=1267 next_idx=1267 phase='pp_div_replay' ops_idx=2581689 free_pool=1 caller=src/bin/../point_add/mod.rs:487
ALLOC_NEAR active=1267 next_idx=1267 phase='pp_div_replay' ops_idx=2586944 free_pool=1 caller=src/bin/../point_add/mod.rs:487
ALLOC_NEAR active=1267 next_idx=1267 phase='pp_div_replay' ops_idx=2588327 free_pool=1 caller=src/bin/../point_add/mod.rs:487
ALLOC_NEAR active=1267 next_idx=1267 phase='pp_div_replay' ops_idx=2593604 free_pool=1 caller=src/bin/../point_add/mod.rs:487
ALLOC_NEAR active=1267 next_idx=1267 phase='pp_div_replay' ops_idx=2595001 free_pool=1 caller=src/bin/../point_add/mod.rs:487
ALLOC_NEAR active=1267 next_idx=1267 phase='pp_div_replay' ops_idx=2600264 free_pool=1 caller=src/bin/../point_add/mod.rs:487
ALLOC_NEAR active=1267 next_idx=1267 phase='pp_div_replay' ops_idx=2601647 free_pool=1 caller=src/bin/../point_add/mod.rs:487
ALLOC_NEAR active=1267 next_idx=1267 phase='pp_div_replay' ops_idx=2606899 free_pool=1 caller=src/bin/../point_add/mod.rs:487
ALLOC_NEAR active=1267 next_idx=1267 phase='pp_div_replay' ops_idx=2608296 free_pool=1 caller=src/bin/../point_add/mod.rs:487
ALLOC_NEAR active=1267 next_idx=1267 phase='pp_div_replay' ops_idx=2613534 free_pool=1 caller=src/bin/../point_add/mod.rs:487
ALLOC_NEAR active=1267 next_idx=1267 phase='pp_div_replay' ops_idx=2614917 free_pool=1 caller=src/bin/../point_add/mod.rs:487
ALLOC_NEAR active=1267 next_idx=1267 phase='pp_div_replay' ops_idx=2620144 free_pool=1 caller=src/bin/../point_add/mod.rs:487
ALLOC_NEAR active=1267 next_idx=1267 phase='pp_div_replay' ops_idx=2621541 free_pool=1 caller=src/bin/../point_add/mod.rs:487
ALLOC_NEAR active=1267 next_idx=1267 phase='pp_div_replay' ops_idx=2626790 free_pool=1 caller=src/bin/../point_add/mod.rs:487
ALLOC_NEAR active=1267 next_idx=1267 phase='pp_div_replay' ops_idx=2628201 free_pool=1 caller=src/bin/../point_add/mod.rs:487
ALLOC_NEAR active=1267 next_idx=1267 phase='pp_div_replay' ops_idx=2633472 free_pool=1 caller=src/bin/../point_add/mod.rs:487
ALLOC_NEAR active=1267 next_idx=1267 phase='pp_div_replay' ops_idx=2634897 free_pool=1 caller=src/bin/../point_add/mod.rs:487
ALLOC_NEAR active=1267 next_idx=1267 phase='pp_div_replay' ops_idx=2640154 free_pool=1 caller=src/bin/../point_add/mod.rs:487
ALLOC_NEAR active=1267 next_idx=1267 phase='pp_div_replay' ops_idx=2641565 free_pool=1 caller=src/bin/../point_add/mod.rs:487
ALLOC_NEAR active=1267 next_idx=1267 phase='pp_div_replay' ops_idx=2646811 free_pool=1 caller=src/bin/../point_add/mod.rs:487
ALLOC_NEAR active=1267 next_idx=1267 phase='pp_div_replay' ops_idx=2648236 free_pool=1 caller=src/bin/../point_add/mod.rs:487
ALLOC_NEAR active=1267 next_idx=1267 phase='pp_div_replay' ops_idx=2660173 free_pool=1 caller=src/bin/../point_add/mod.rs:487
ALLOC_NEAR active=1267 next_idx=1267 phase='pp_div_replay' ops_idx=2661598 free_pool=1 caller=src/bin/../point_add/mod.rs:487
ALLOC_NEAR active=1267 next_idx=1267 phase='pp_div_replay' ops_idx=3450557 free_pool=1 caller=src/bin/../point_add/mod.rs:487
ALLOC_NEAR active=1267 next_idx=1267 phase='pp_div_replay' ops_idx=3451408 free_pool=1 caller=src/bin/../point_add/mod.rs:487
ALLOC_NEAR active=1267 next_idx=1267 phase='pp_div_replay' ops_idx=3452513 free_pool=1 caller=src/bin/../point_add/mod.rs:487
ALLOC_NEAR active=1267 next_idx=1267 phase='pp_div_replay' ops_idx=3456469 free_pool=1 caller=src/bin/../point_add/mod.rs:487
ALLOC_NEAR active=1267 next_idx=1267 phase='pp_div_replay' ops_idx=3457348 free_pool=1 caller=src/bin/../point_add/mod.rs:487
ALLOC_NEAR active=1267 next_idx=1267 phase='pp_div_replay' ops_idx=3458443 free_pool=1 caller=src/bin/../point_add/mod.rs:487
ALLOC_NEAR active=1267 next_idx=1267 phase='pp_div_replay' ops_idx=3462362 free_pool=1 caller=src/bin/../point_add/mod.rs:487
ALLOC_NEAR active=1267 next_idx=1267 phase='pp_div_replay' ops_idx=3463213 free_pool=1 caller=src/bin/../point_add/mod.rs:487
ALLOC_NEAR active=1267 next_idx=1267 phase='pp_div_replay' ops_idx=3464318 free_pool=1 caller=src/bin/../point_add/mod.rs:487
ALLOC_NEAR active=1267 next_idx=1267 phase='pp_div_replay' ops_idx=3468261 free_pool=1 caller=src/bin/../point_add/mod.rs:487
ALLOC_NEAR active=1267 next_idx=1267 phase='pp_div_replay' ops_idx=3469140 free_pool=1 caller=src/bin/../point_add/mod.rs:487
ALLOC_NEAR active=1267 next_idx=1267 phase='pp_div_replay' ops_idx=3470235 free_pool=1 caller=src/bin/../point_add/mod.rs:487
ALLOC_NEAR active=1267 next_idx=1267 phase='pp_div_replay' ops_idx=3474141 free_pool=1 caller=src/bin/../point_add/mod.rs:487
ALLOC_NEAR active=1267 next_idx=1267 phase='pp_div_replay' ops_idx=3474992 free_pool=1 caller=src/bin/../point_add/mod.rs:487
ALLOC_NEAR active=1267 next_idx=1267 phase='pp_div_replay' ops_idx=3476097 free_pool=1 caller=src/bin/../point_add/mod.rs:487
ALLOC_NEAR active=1267 next_idx=1267 phase='pp_div_replay' ops_idx=3485842 free_pool=1 caller=src/bin/../point_add/mod.rs:487
ALLOC_NEAR active=1267 next_idx=1267 phase='pp_div_replay' ops_idx=3486693 free_pool=1 caller=src/bin/../point_add/mod.rs:487
ALLOC_NEAR active=1267 next_idx=1267 phase='pp_div_replay' ops_idx=3487798 free_pool=1 caller=src/bin/../point_add/mod.rs:487
ALLOC_NEAR active=1267 next_idx=1267 phase='pp_div_replay' ops_idx=3491715 free_pool=1 caller=src/bin/../point_add/mod.rs:487
ALLOC_NEAR active=1267 next_idx=1267 phase='pp_div_replay' ops_idx=3492594 free_pool=1 caller=src/bin/../point_add/mod.rs:487
ALLOC_NEAR active=1267 next_idx=1267 phase='pp_div_replay' ops_idx=3493689 free_pool=1 caller=src/bin/../point_add/mod.rs:487
ALLOC_NEAR active=1267 next_idx=1267 phase='pp_div_replay' ops_idx=3497626 free_pool=1 caller=src/bin/../point_add/mod.rs:487
ALLOC_NEAR active=1267 next_idx=1267 phase='pp_div_replay' ops_idx=3498531 free_pool=1 caller=src/bin/../point_add/mod.rs:487
ALLOC_NEAR active=1267 next_idx=1267 phase='pp_div_replay' ops_idx=3499616 free_pool=1 caller=src/bin/../point_add/mod.rs:487
ALLOC_NEAR active=1267 next_idx=1267 phase='pp_div_replay' ops_idx=3503517 free_pool=1 caller=src/bin/../point_add/mod.rs:487
ALLOC_NEAR active=1267 next_idx=1267 phase='pp_div_replay' ops_idx=3504396 free_pool=1 caller=src/bin/../point_add/mod.rs:487
ALLOC_NEAR active=1267 next_idx=1267 phase='pp_div_replay' ops_idx=3505491 free_pool=1 caller=src/bin/../point_add/mod.rs:487
ALLOC_NEAR active=1267 next_idx=1267 phase='pp_div_replay' ops_idx=3509415 free_pool=1 caller=src/bin/../point_add/mod.rs:487
ALLOC_NEAR active=1267 next_idx=1267 phase='pp_div_replay' ops_idx=3510320 free_pool=1 caller=src/bin/../point_add/mod.rs:487
ALLOC_NEAR active=1267 next_idx=1267 phase='pp_div_replay' ops_idx=3511405 free_pool=1 caller=src/bin/../point_add/mod.rs:487
ALLOC_NEAR active=1267 next_idx=1267 phase='pp_div_replay' ops_idx=3515293 free_pool=1 caller=src/bin/../point_add/mod.rs:487
ALLOC_NEAR active=1267 next_idx=1267 phase='pp_div_replay' ops_idx=3516172 free_pool=1 caller=src/bin/../point_add/mod.rs:487
ALLOC_NEAR active=1267 next_idx=1267 phase='pp_div_replay' ops_idx=3517267 free_pool=1 caller=src/bin/../point_add/mod.rs:487
ALLOC_NEAR active=1267 next_idx=1267 phase='pp_div_replay' ops_idx=3521178 free_pool=1 caller=src/bin/../point_add/mod.rs:487
ALLOC_NEAR active=1267 next_idx=1267 phase='pp_div_replay' ops_idx=3522083 free_pool=1 caller=src/bin/../point_add/mod.rs:487
ALLOC_NEAR active=1267 next_idx=1267 phase='pp_div_replay' ops_idx=3523168 free_pool=1 caller=src/bin/../point_add/mod.rs:487
ALLOC_NEAR active=1267 next_idx=1267 phase='pp_div_replay' ops_idx=3527043 free_pool=1 caller=src/bin/../point_add/mod.rs:487
ALLOC_NEAR active=1267 next_idx=1267 phase='pp_div_replay' ops_idx=3527922 free_pool=1 caller=src/bin/../point_add/mod.rs:487
ALLOC_NEAR active=1267 next_idx=1267 phase='pp_div_replay' ops_idx=3529017 free_pool=1 caller=src/bin/../point_add/mod.rs:487
ALLOC_NEAR active=1267 next_idx=1267 phase='pp_div_replay' ops_idx=3532915 free_pool=1 caller=src/bin/../point_add/mod.rs:487
ALLOC_NEAR active=1267 next_idx=1267 phase='pp_div_replay' ops_idx=3533820 free_pool=1 caller=src/bin/../point_add/mod.rs:487
ALLOC_NEAR active=1267 next_idx=1267 phase='pp_div_replay' ops_idx=3534905 free_pool=1 caller=src/bin/../point_add/mod.rs:487
ALLOC_NEAR active=1267 next_idx=1267 phase='pp_div_replay' ops_idx=3538767 free_pool=1 caller=src/bin/../point_add/mod.rs:487
ALLOC_NEAR active=1267 next_idx=1267 phase='pp_div_replay' ops_idx=3539646 free_pool=1 caller=src/bin/../point_add/mod.rs:487
ALLOC_NEAR active=1267 next_idx=1267 phase='pp_div_replay' ops_idx=3540741 free_pool=1 caller=src/bin/../point_add/mod.rs:487
ALLOC_NEAR active=1267 next_idx=1267 phase='pp_div_replay' ops_idx=3544626 free_pool=1 caller=src/bin/../point_add/mod.rs:487
ALLOC_NEAR active=1267 next_idx=1267 phase='pp_div_replay' ops_idx=3545531 free_pool=1 caller=src/bin/../point_add/mod.rs:487
ALLOC_NEAR active=1267 next_idx=1267 phase='pp_div_replay' ops_idx=3546616 free_pool=1 caller=src/bin/../point_add/mod.rs:487
ALLOC_NEAR active=1267 next_idx=1267 phase='pp_div_replay' ops_idx=3550521 free_pool=1 caller=src/bin/../point_add/mod.rs:487
ALLOC_NEAR active=1267 next_idx=1267 phase='pp_div_replay' ops_idx=3551452 free_pool=1 caller=src/bin/../point_add/mod.rs:487
ALLOC_NEAR active=1267 next_idx=1267 phase='pp_div_replay' ops_idx=3552527 free_pool=1 caller=src/bin/../point_add/mod.rs:487
ALLOC_NEAR active=1267 next_idx=1267 phase='pp_div_replay' ops_idx=3556396 free_pool=1 caller=src/bin/../point_add/mod.rs:487
ALLOC_NEAR active=1267 next_idx=1267 phase='pp_div_replay' ops_idx=3557301 free_pool=1 caller=src/bin/../point_add/mod.rs:487
ALLOC_NEAR active=1267 next_idx=1267 phase='pp_div_replay' ops_idx=3558386 free_pool=1 caller=src/bin/../point_add/mod.rs:487
ALLOC_NEAR active=1267 next_idx=1267 phase='pp_div_replay' ops_idx=3562278 free_pool=1 caller=src/bin/../point_add/mod.rs:487
ALLOC_NEAR active=1267 next_idx=1267 phase='pp_div_replay' ops_idx=3563209 free_pool=1 caller=src/bin/../point_add/mod.rs:487
ALLOC_NEAR active=1267 next_idx=1267 phase='pp_div_replay' ops_idx=3564284 free_pool=1 caller=src/bin/../point_add/mod.rs:487
ALLOC_NEAR active=1267 next_idx=1267 phase='pp_div_replay' ops_idx=3568140 free_pool=1 caller=src/bin/../point_add/mod.rs:487
ALLOC_NEAR active=1267 next_idx=1267 phase='pp_div_replay' ops_idx=3569045 free_pool=1 caller=src/bin/../point_add/mod.rs:487
ALLOC_NEAR active=1267 next_idx=1267 phase='pp_div_replay' ops_idx=3570130 free_pool=1 caller=src/bin/../point_add/mod.rs:487
ALLOC_NEAR active=1267 next_idx=1267 phase='pp_div_replay' ops_idx=3574009 free_pool=1 caller=src/bin/../point_add/mod.rs:487
ALLOC_NEAR active=1267 next_idx=1267 phase='pp_div_replay' ops_idx=3574940 free_pool=1 caller=src/bin/../point_add/mod.rs:487
ALLOC_NEAR active=1267 next_idx=1267 phase='pp_div_replay' ops_idx=3576015 free_pool=1 caller=src/bin/../point_add/mod.rs:487
ALLOC_NEAR active=1267 next_idx=1267 phase='pp_div_replay' ops_idx=3579858 free_pool=1 caller=src/bin/../point_add/mod.rs:487
ALLOC_NEAR active=1267 next_idx=1267 phase='pp_div_replay' ops_idx=3580763 free_pool=1 caller=src/bin/../point_add/mod.rs:487
ALLOC_NEAR active=1267 next_idx=1267 phase='pp_div_replay' ops_idx=3581848 free_pool=1 caller=src/bin/../point_add/mod.rs:487
ALLOC_NEAR active=1267 next_idx=1267 phase='pp_div_replay' ops_idx=3585714 free_pool=1 caller=src/bin/../point_add/mod.rs:487
ALLOC_NEAR active=1267 next_idx=1267 phase='pp_div_replay' ops_idx=3586645 free_pool=1 caller=src/bin/../point_add/mod.rs:487
ALLOC_NEAR active=1267 next_idx=1267 phase='pp_div_replay' ops_idx=3587720 free_pool=1 caller=src/bin/../point_add/mod.rs:487
ALLOC_NEAR active=1267 next_idx=1267 phase='pp_div_replay' ops_idx=3591606 free_pool=1 caller=src/bin/../point_add/mod.rs:487
ALLOC_NEAR active=1267 next_idx=1267 phase='pp_div_replay' ops_idx=3592563 free_pool=1 caller=src/bin/../point_add/mod.rs:487
ALLOC_NEAR active=1267 next_idx=1267 phase='pp_div_replay' ops_idx=3593628 free_pool=1 caller=src/bin/../point_add/mod.rs:487
ALLOC_NEAR active=1267 next_idx=1267 phase='pp_div_replay' ops_idx=3597478 free_pool=1 caller=src/bin/../point_add/mod.rs:487
ALLOC_NEAR active=1267 next_idx=1267 phase='pp_div_replay' ops_idx=3598409 free_pool=1 caller=src/bin/../point_add/mod.rs:487
ALLOC_NEAR active=1267 next_idx=1267 phase='pp_div_replay' ops_idx=3599484 free_pool=1 caller=src/bin/../point_add/mod.rs:487
ALLOC_NEAR active=1267 next_idx=1267 phase='pp_div_replay' ops_idx=3603301 free_pool=1 caller=src/bin/../point_add/mod.rs:487
ALLOC_NEAR active=1267 next_idx=1267 phase='pp_div_replay' ops_idx=3604206 free_pool=1 caller=src/bin/../point_add/mod.rs:487
ALLOC_NEAR active=1267 next_idx=1267 phase='pp_div_replay' ops_idx=3605291 free_pool=1 caller=src/bin/../point_add/mod.rs:487
ALLOC_NEAR active=1267 next_idx=1267 phase='pp_div_replay' ops_idx=3609131 free_pool=1 caller=src/bin/../point_add/mod.rs:487
ALLOC_NEAR active=1267 next_idx=1267 phase='pp_div_replay' ops_idx=3610062 free_pool=1 caller=src/bin/../point_add/mod.rs:487
ALLOC_NEAR active=1267 next_idx=1267 phase='pp_div_replay' ops_idx=3611137 free_pool=1 caller=src/bin/../point_add/mod.rs:487
ALLOC_NEAR active=1267 next_idx=1267 phase='pp_div_replay' ops_idx=3614941 free_pool=1 caller=src/bin/../point_add/mod.rs:487
ALLOC_NEAR active=1267 next_idx=1267 phase='pp_div_replay' ops_idx=3615846 free_pool=1 caller=src/bin/../point_add/mod.rs:487
ALLOC_NEAR active=1267 next_idx=1267 phase='pp_div_replay' ops_idx=3616931 free_pool=1 caller=src/bin/../point_add/mod.rs:487
ALLOC_NEAR active=1267 next_idx=1267 phase='pp_div_replay' ops_idx=3620758 free_pool=1 caller=src/bin/../point_add/mod.rs:487
ALLOC_NEAR active=1267 next_idx=1267 phase='pp_div_replay' ops_idx=3621689 free_pool=1 caller=src/bin/../point_add/mod.rs:487
ALLOC_NEAR active=1267 next_idx=1267 phase='pp_div_replay' ops_idx=3622764 free_pool=1 caller=src/bin/../point_add/mod.rs:487
ALLOC_NEAR active=1267 next_idx=1267 phase='pp_div_replay' ops_idx=3626611 free_pool=1 caller=src/bin/../point_add/mod.rs:487
ALLOC_NEAR active=1267 next_idx=1267 phase='pp_div_replay' ops_idx=3627568 free_pool=1 caller=src/bin/../point_add/mod.rs:487
ALLOC_NEAR active=1267 next_idx=1267 phase='pp_div_replay' ops_idx=3628633 free_pool=1 caller=src/bin/../point_add/mod.rs:487
ALLOC_NEAR active=1267 next_idx=1267 phase='pp_div_replay' ops_idx=3632444 free_pool=1 caller=src/bin/../point_add/mod.rs:487
ALLOC_NEAR active=1267 next_idx=1267 phase='pp_div_replay' ops_idx=3633375 free_pool=1 caller=src/bin/../point_add/mod.rs:487
ALLOC_NEAR active=1267 next_idx=1267 phase='pp_div_replay' ops_idx=3634450 free_pool=1 caller=src/bin/../point_add/mod.rs:487
ALLOC_NEAR active=1267 next_idx=1267 phase='pp_div_replay' ops_idx=3638284 free_pool=1 caller=src/bin/../point_add/mod.rs:487
ALLOC_NEAR active=1267 next_idx=1267 phase='pp_div_replay' ops_idx=3639241 free_pool=1 caller=src/bin/../point_add/mod.rs:487
ALLOC_NEAR active=1267 next_idx=1267 phase='pp_div_replay' ops_idx=3640306 free_pool=1 caller=src/bin/../point_add/mod.rs:487
ALLOC_NEAR active=1267 next_idx=1267 phase='pp_div_replay' ops_idx=3644160 free_pool=1 caller=src/bin/../point_add/mod.rs:487
ALLOC_NEAR active=1267 next_idx=1267 phase='pp_div_replay' ops_idx=3645143 free_pool=1 caller=src/bin/../point_add/mod.rs:487
ALLOC_NEAR active=1267 next_idx=1267 phase='pp_div_replay' ops_idx=3646198 free_pool=1 caller=src/bin/../point_add/mod.rs:487
ALLOC_NEAR active=1267 next_idx=1267 phase='pp_div_replay' ops_idx=3650016 free_pool=1 caller=src/bin/../point_add/mod.rs:487
ALLOC_NEAR active=1267 next_idx=1267 phase='pp_div_replay' ops_idx=3650973 free_pool=1 caller=src/bin/../point_add/mod.rs:487
ALLOC_NEAR active=1267 next_idx=1267 phase='pp_div_replay' ops_idx=3652038 free_pool=1 caller=src/bin/../point_add/mod.rs:487
ALLOC_NEAR active=1267 next_idx=1267 phase='pp_div_replay' ops_idx=3655879 free_pool=1 caller=src/bin/../point_add/mod.rs:487
ALLOC_NEAR active=1267 next_idx=1267 phase='pp_div_replay' ops_idx=3656862 free_pool=1 caller=src/bin/../point_add/mod.rs:487
ALLOC_NEAR active=1267 next_idx=1267 phase='pp_div_replay' ops_idx=3657917 free_pool=1 caller=src/bin/../point_add/mod.rs:487
ALLOC_NEAR active=1267 next_idx=1267 phase='pp_div_replay' ops_idx=3661722 free_pool=1 caller=src/bin/../point_add/mod.rs:487
ALLOC_NEAR active=1267 next_idx=1267 phase='pp_div_replay' ops_idx=3662679 free_pool=1 caller=src/bin/../point_add/mod.rs:487
ALLOC_NEAR active=1267 next_idx=1267 phase='pp_div_replay' ops_idx=3663744 free_pool=1 caller=src/bin/../point_add/mod.rs:487
ALLOC_NEAR active=1267 next_idx=1267 phase='pp_div_replay' ops_idx=3667572 free_pool=1 caller=src/bin/../point_add/mod.rs:487
ALLOC_NEAR active=1267 next_idx=1267 phase='pp_div_replay' ops_idx=3668555 free_pool=1 caller=src/bin/../point_add/mod.rs:487
ALLOC_NEAR active=1267 next_idx=1267 phase='pp_div_replay' ops_idx=3669610 free_pool=1 caller=src/bin/../point_add/mod.rs:487
ALLOC_NEAR active=1267 next_idx=1267 phase='pp_div_replay' ops_idx=3673458 free_pool=1 caller=src/bin/../point_add/mod.rs:487
ALLOC_NEAR active=1267 next_idx=1267 phase='pp_div_replay' ops_idx=3674467 free_pool=1 caller=src/bin/../point_add/mod.rs:487
ALLOC_NEAR active=1267 next_idx=1267 phase='pp_div_replay' ops_idx=3675512 free_pool=1 caller=src/bin/../point_add/mod.rs:487
ALLOC_NEAR active=1267 next_idx=1267 phase='pp_div_replay' ops_idx=3679324 free_pool=1 caller=src/bin/../point_add/mod.rs:487
ALLOC_NEAR active=1267 next_idx=1267 phase='pp_div_replay' ops_idx=3680307 free_pool=1 caller=src/bin/../point_add/mod.rs:487
ALLOC_NEAR active=1267 next_idx=1267 phase='pp_div_replay' ops_idx=3681362 free_pool=1 caller=src/bin/../point_add/mod.rs:487
ALLOC_NEAR active=1267 next_idx=1267 phase='pp_div_replay' ops_idx=3685197 free_pool=1 caller=src/bin/../point_add/mod.rs:487
ALLOC_NEAR active=1267 next_idx=1267 phase='pp_div_replay' ops_idx=3686206 free_pool=1 caller=src/bin/../point_add/mod.rs:487
ALLOC_NEAR active=1267 next_idx=1267 phase='pp_div_replay' ops_idx=3687251 free_pool=1 caller=src/bin/../point_add/mod.rs:487
ALLOC_NEAR active=1267 next_idx=1267 phase='pp_div_replay' ops_idx=3691106 free_pool=1 caller=src/bin/../point_add/mod.rs:487
ALLOC_NEAR active=1267 next_idx=1267 phase='pp_div_replay' ops_idx=3692141 free_pool=1 caller=src/bin/../point_add/mod.rs:487
ALLOC_NEAR active=1267 next_idx=1267 phase='pp_div_replay' ops_idx=3693176 free_pool=1 caller=src/bin/../point_add/mod.rs:487
ALLOC_NEAR active=1267 next_idx=1267 phase='pp_div_replay' ops_idx=3696995 free_pool=1 caller=src/bin/../point_add/mod.rs:487
ALLOC_NEAR active=1267 next_idx=1267 phase='pp_div_replay' ops_idx=3698004 free_pool=1 caller=src/bin/../point_add/mod.rs:487
ALLOC_NEAR active=1267 next_idx=1267 phase='pp_div_replay' ops_idx=3699049 free_pool=1 caller=src/bin/../point_add/mod.rs:487
ALLOC_NEAR active=1267 next_idx=1267 phase='pp_div_replay' ops_idx=3702891 free_pool=1 caller=src/bin/../point_add/mod.rs:487
ALLOC_NEAR active=1267 next_idx=1267 phase='pp_div_replay' ops_idx=3703926 free_pool=1 caller=src/bin/../point_add/mod.rs:487
ALLOC_NEAR active=1267 next_idx=1267 phase='pp_div_replay' ops_idx=3704961 free_pool=1 caller=src/bin/../point_add/mod.rs:487
ALLOC_NEAR active=1267 next_idx=1267 phase='pp_div_replay' ops_idx=3714699 free_pool=1 caller=src/bin/../point_add/mod.rs:487
ALLOC_NEAR active=1267 next_idx=1267 phase='pp_div_replay' ops_idx=3715734 free_pool=1 caller=src/bin/../point_add/mod.rs:487
ALLOC_NEAR active=1267 next_idx=1267 phase='pp_div_replay' ops_idx=3716769 free_pool=1 caller=src/bin/../point_add/mod.rs:487
ALLOC_NEAR active=1267 next_idx=1267 phase='pp_div_replay' ops_idx=4070856 free_pool=1 caller=src/bin/../point_add/mod.rs:487
ALLOC_NEAR active=1267 next_idx=1267 phase='pp_div_replay' ops_idx=4071751 free_pool=1 caller=src/bin/../point_add/mod.rs:487
ALLOC_NEAR active=1267 next_idx=1267 phase='pp_div_replay' ops_idx=4072646 free_pool=1 caller=src/bin/../point_add/mod.rs:487
ALLOC_NEAR active=1267 next_idx=1267 phase='pp_div_replay' ops_idx=4082001 free_pool=1 caller=src/bin/../point_add/mod.rs:487
ALLOC_NEAR active=1267 next_idx=1267 phase='pp_div_replay' ops_idx=4082896 free_pool=1 caller=src/bin/../point_add/mod.rs:487
ALLOC_NEAR active=1267 next_idx=1267 phase='pp_div_replay' ops_idx=4083791 free_pool=1 caller=src/bin/../point_add/mod.rs:487
ALLOC_NEAR active=1267 next_idx=1267 phase='pp_div_replay' ops_idx=4093120 free_pool=1 caller=src/bin/../point_add/mod.rs:487
ALLOC_NEAR active=1267 next_idx=1267 phase='pp_div_replay' ops_idx=4094015 free_pool=1 caller=src/bin/../point_add/mod.rs:487
ALLOC_NEAR active=1267 next_idx=1267 phase='pp_div_replay' ops_idx=4094910 free_pool=1 caller=src/bin/../point_add/mod.rs:487
ALLOC_NEAR active=1267 next_idx=1267 phase='pp_div_replay' ops_idx=4104213 free_pool=1 caller=src/bin/../point_add/mod.rs:487
ALLOC_NEAR active=1267 next_idx=1267 phase='pp_div_replay' ops_idx=4105108 free_pool=1 caller=src/bin/../point_add/mod.rs:487
ALLOC_NEAR active=1267 next_idx=1267 phase='pp_div_replay' ops_idx=4106003 free_pool=1 caller=src/bin/../point_add/mod.rs:487
ALLOC_NEAR active=1267 next_idx=1267 phase='pp_div_replay' ops_idx=4109151 free_pool=1 caller=src/bin/../point_add/mod.rs:487
ALLOC_NEAR active=1267 next_idx=1267 phase='pp_div_replay' ops_idx=4109820 free_pool=1 caller=src/bin/../point_add/mod.rs:487
ALLOC_NEAR active=1267 next_idx=1267 phase='pp_div_replay' ops_idx=4110705 free_pool=1 caller=src/bin/../point_add/mod.rs:487
ALLOC_NEAR active=1267 next_idx=1267 phase='pp_div_replay' ops_idx=4111590 free_pool=1 caller=src/bin/../point_add/mod.rs:487
ALLOC_NEAR active=1267 next_idx=1267 phase='pp_div_replay' ops_idx=4115332 free_pool=1 caller=src/bin/../point_add/mod.rs:487
ALLOC_NEAR active=1267 next_idx=1267 phase='pp_div_replay' ops_idx=4116227 free_pool=1 caller=src/bin/../point_add/mod.rs:487
ALLOC_NEAR active=1267 next_idx=1267 phase='pp_div_replay' ops_idx=4117122 free_pool=1 caller=src/bin/../point_add/mod.rs:487
ALLOC_NEAR active=1267 next_idx=1267 phase='pp_div_replay' ops_idx=4120257 free_pool=1 caller=src/bin/../point_add/mod.rs:487
ALLOC_NEAR active=1267 next_idx=1267 phase='pp_div_replay' ops_idx=4120926 free_pool=1 caller=src/bin/../point_add/mod.rs:487
ALLOC_NEAR active=1267 next_idx=1267 phase='pp_div_replay' ops_idx=4121811 free_pool=1 caller=src/bin/../point_add/mod.rs:487
ALLOC_NEAR active=1267 next_idx=1267 phase='pp_div_replay' ops_idx=4122696 free_pool=1 caller=src/bin/../point_add/mod.rs:487
ALLOC_NEAR active=1267 next_idx=1267 phase='pp_div_replay' ops_idx=4126425 free_pool=1 caller=src/bin/../point_add/mod.rs:487
ALLOC_NEAR active=1267 next_idx=1267 phase='pp_div_replay' ops_idx=4127320 free_pool=1 caller=src/bin/../point_add/mod.rs:487
ALLOC_NEAR active=1267 next_idx=1267 phase='pp_div_replay' ops_idx=4128215 free_pool=1 caller=src/bin/../point_add/mod.rs:487
ALLOC_NEAR active=1267 next_idx=1267 phase='pp_div_replay' ops_idx=4131337 free_pool=1 caller=src/bin/../point_add/mod.rs:487
ALLOC_NEAR active=1267 next_idx=1267 phase='pp_div_replay' ops_idx=4132006 free_pool=1 caller=src/bin/../point_add/mod.rs:487
ALLOC_NEAR active=1267 next_idx=1267 phase='pp_div_replay' ops_idx=4132891 free_pool=1 caller=src/bin/../point_add/mod.rs:487
ALLOC_NEAR active=1267 next_idx=1267 phase='pp_div_replay' ops_idx=4133776 free_pool=1 caller=src/bin/../point_add/mod.rs:487
ALLOC_NEAR active=1267 next_idx=1267 phase='pp_div_replay' ops_idx=4137492 free_pool=1 caller=src/bin/../point_add/mod.rs:487
ALLOC_NEAR active=1267 next_idx=1267 phase='pp_div_replay' ops_idx=4138387 free_pool=1 caller=src/bin/../point_add/mod.rs:487
ALLOC_NEAR active=1267 next_idx=1267 phase='pp_div_replay' ops_idx=4139282 free_pool=1 caller=src/bin/../point_add/mod.rs:487
ALLOC_NEAR active=1267 next_idx=1267 phase='pp_div_replay' ops_idx=4142391 free_pool=1 caller=src/bin/../point_add/mod.rs:487
ALLOC_NEAR active=1267 next_idx=1267 phase='pp_div_replay' ops_idx=4143060 free_pool=1 caller=src/bin/../point_add/mod.rs:487
ALLOC_NEAR active=1267 next_idx=1267 phase='pp_div_replay' ops_idx=4143945 free_pool=1 caller=src/bin/../point_add/mod.rs:487
ALLOC_NEAR active=1267 next_idx=1267 phase='pp_div_replay' ops_idx=4144830 free_pool=1 caller=src/bin/../point_add/mod.rs:487
ALLOC_NEAR active=1267 next_idx=1267 phase='pp_div_replay' ops_idx=4147969 free_pool=1 caller=src/bin/../point_add/mod.rs:487
ALLOC_NEAR active=1267 next_idx=1267 phase='pp_div_replay' ops_idx=4148676 free_pool=1 caller=src/bin/../point_add/mod.rs:487
ALLOC_NEAR active=1267 next_idx=1267 phase='pp_div_replay' ops_idx=4149551 free_pool=1 caller=src/bin/../point_add/mod.rs:487
ALLOC_NEAR active=1267 next_idx=1267 phase='pp_div_replay' ops_idx=4150426 free_pool=1 caller=src/bin/../point_add/mod.rs:487
ALLOC_NEAR active=1267 next_idx=1267 phase='pp_div_replay' ops_idx=4153519 free_pool=1 caller=src/bin/../point_add/mod.rs:487
ALLOC_NEAR active=1267 next_idx=1267 phase='pp_div_replay' ops_idx=4154188 free_pool=1 caller=src/bin/../point_add/mod.rs:487
ALLOC_NEAR active=1267 next_idx=1267 phase='pp_div_replay' ops_idx=4155073 free_pool=1 caller=src/bin/../point_add/mod.rs:487
ALLOC_NEAR active=1267 next_idx=1267 phase='pp_div_replay' ops_idx=4155958 free_pool=1 caller=src/bin/../point_add/mod.rs:487
ALLOC_NEAR active=1267 next_idx=1267 phase='pp_div_replay' ops_idx=4159084 free_pool=1 caller=src/bin/../point_add/mod.rs:487
ALLOC_NEAR active=1267 next_idx=1267 phase='pp_div_replay' ops_idx=4159791 free_pool=1 caller=src/bin/../point_add/mod.rs:487
ALLOC_NEAR active=1267 next_idx=1267 phase='pp_div_replay' ops_idx=4160666 free_pool=1 caller=src/bin/../point_add/mod.rs:487
ALLOC_NEAR active=1267 next_idx=1267 phase='pp_div_replay' ops_idx=4161541 free_pool=1 caller=src/bin/../point_add/mod.rs:487
ALLOC_NEAR active=1267 next_idx=1267 phase='pp_div_replay' ops_idx=4164697 free_pool=1 caller=src/bin/../point_add/mod.rs:487
ALLOC_NEAR active=1267 next_idx=1267 phase='pp_div_replay' ops_idx=4165442 free_pool=1 caller=src/bin/../point_add/mod.rs:487
ALLOC_NEAR active=1267 next_idx=1267 phase='pp_div_replay' ops_idx=4166307 free_pool=1 caller=src/bin/../point_add/mod.rs:487
ALLOC_NEAR active=1267 next_idx=1267 phase='pp_div_replay' ops_idx=4167172 free_pool=1 caller=src/bin/../point_add/mod.rs:487
ALLOC_NEAR active=1267 next_idx=1267 phase='pp_div_replay' ops_idx=4170358 free_pool=1 caller=src/bin/../point_add/mod.rs:487
ALLOC_NEAR active=1267 next_idx=1267 phase='pp_div_replay' ops_idx=4171141 free_pool=1 caller=src/bin/../point_add/mod.rs:487
ALLOC_NEAR active=1267 next_idx=1267 phase='pp_div_replay' ops_idx=4171996 free_pool=1 caller=src/bin/../point_add/mod.rs:487
ALLOC_NEAR active=1267 next_idx=1267 phase='pp_div_replay' ops_idx=4172851 free_pool=1 caller=src/bin/../point_add/mod.rs:487
ALLOC_NEAR active=1267 next_idx=1267 phase='pp_div_replay' ops_idx=4175991 free_pool=1 caller=src/bin/../point_add/mod.rs:487
ALLOC_NEAR active=1267 next_idx=1267 phase='pp_div_replay' ops_idx=4176736 free_pool=1 caller=src/bin/../point_add/mod.rs:487
ALLOC_NEAR active=1267 next_idx=1267 phase='pp_div_replay' ops_idx=4177601 free_pool=1 caller=src/bin/../point_add/mod.rs:487
ALLOC_NEAR active=1267 next_idx=1267 phase='pp_div_replay' ops_idx=4178466 free_pool=1 caller=src/bin/../point_add/mod.rs:487
ALLOC_NEAR active=1267 next_idx=1267 phase='pp_div_replay' ops_idx=4181639 free_pool=1 caller=src/bin/../point_add/mod.rs:487
ALLOC_NEAR active=1267 next_idx=1267 phase='pp_div_replay' ops_idx=4182422 free_pool=1 caller=src/bin/../point_add/mod.rs:487
ALLOC_NEAR active=1267 next_idx=1267 phase='pp_div_replay' ops_idx=4183277 free_pool=1 caller=src/bin/../point_add/mod.rs:487
ALLOC_NEAR active=1267 next_idx=1267 phase='pp_div_replay' ops_idx=4184132 free_pool=1 caller=src/bin/../point_add/mod.rs:487
ALLOC_NEAR active=1267 next_idx=1267 phase='pp_div_replay' ops_idx=4187259 free_pool=1 caller=src/bin/../point_add/mod.rs:487
ALLOC_NEAR active=1267 next_idx=1267 phase='pp_div_replay' ops_idx=4188004 free_pool=1 caller=src/bin/../point_add/mod.rs:487
ALLOC_NEAR active=1267 next_idx=1267 phase='pp_div_replay' ops_idx=4188869 free_pool=1 caller=src/bin/../point_add/mod.rs:487
ALLOC_NEAR active=1267 next_idx=1267 phase='pp_div_replay' ops_idx=4189734 free_pool=1 caller=src/bin/../point_add/mod.rs:487
ALLOC_NEAR active=1267 next_idx=1267 phase='pp_div_replay' ops_idx=4192894 free_pool=1 caller=src/bin/../point_add/mod.rs:487
ALLOC_NEAR active=1267 next_idx=1267 phase='pp_div_replay' ops_idx=4193677 free_pool=1 caller=src/bin/../point_add/mod.rs:487
ALLOC_NEAR active=1267 next_idx=1267 phase='pp_div_replay' ops_idx=4194532 free_pool=1 caller=src/bin/../point_add/mod.rs:487
ALLOC_NEAR active=1267 next_idx=1267 phase='pp_div_replay' ops_idx=4195387 free_pool=1 caller=src/bin/../point_add/mod.rs:487
ALLOC_NEAR active=1267 next_idx=1267 phase='pp_div_replay' ops_idx=4198577 free_pool=1 caller=src/bin/../point_add/mod.rs:487
ALLOC_NEAR active=1267 next_idx=1267 phase='pp_div_replay' ops_idx=4199398 free_pool=1 caller=src/bin/../point_add/mod.rs:487
ALLOC_NEAR active=1267 next_idx=1267 phase='pp_div_replay' ops_idx=4200243 free_pool=1 caller=src/bin/../point_add/mod.rs:487
ALLOC_NEAR active=1267 next_idx=1267 phase='pp_div_replay' ops_idx=4201088 free_pool=1 caller=src/bin/../point_add/mod.rs:487
ALLOC_NEAR active=1267 next_idx=1267 phase='pp_div_replay' ops_idx=4204232 free_pool=1 caller=src/bin/../point_add/mod.rs:487
ALLOC_NEAR active=1267 next_idx=1267 phase='pp_div_replay' ops_idx=4205015 free_pool=1 caller=src/bin/../point_add/mod.rs:487
ALLOC_NEAR active=1267 next_idx=1267 phase='pp_div_replay' ops_idx=4205870 free_pool=1 caller=src/bin/../point_add/mod.rs:487
ALLOC_NEAR active=1267 next_idx=1267 phase='pp_div_replay' ops_idx=4206725 free_pool=1 caller=src/bin/../point_add/mod.rs:487
ALLOC_NEAR active=1267 next_idx=1267 phase='pp_div_replay' ops_idx=4209902 free_pool=1 caller=src/bin/../point_add/mod.rs:487
ALLOC_NEAR active=1267 next_idx=1267 phase='pp_div_replay' ops_idx=4210723 free_pool=1 caller=src/bin/../point_add/mod.rs:487
ALLOC_NEAR active=1267 next_idx=1267 phase='pp_div_replay' ops_idx=4211568 free_pool=1 caller=src/bin/../point_add/mod.rs:487
ALLOC_NEAR active=1267 next_idx=1267 phase='pp_div_replay' ops_idx=4212413 free_pool=1 caller=src/bin/../point_add/mod.rs:487
ALLOC_NEAR active=1267 next_idx=1267 phase='pp_div_replay' ops_idx=4215544 free_pool=1 caller=src/bin/../point_add/mod.rs:487
ALLOC_NEAR active=1267 next_idx=1267 phase='pp_div_replay' ops_idx=4216327 free_pool=1 caller=src/bin/../point_add/mod.rs:487
ALLOC_NEAR active=1267 next_idx=1267 phase='pp_div_replay' ops_idx=4217182 free_pool=1 caller=src/bin/../point_add/mod.rs:487
ALLOC_NEAR active=1267 next_idx=1267 phase='pp_div_replay' ops_idx=4218037 free_pool=1 caller=src/bin/../point_add/mod.rs:487
ALLOC_NEAR active=1267 next_idx=1267 phase='pp_div_replay' ops_idx=4221201 free_pool=1 caller=src/bin/../point_add/mod.rs:487
ALLOC_NEAR active=1267 next_idx=1267 phase='pp_div_replay' ops_idx=4222022 free_pool=1 caller=src/bin/../point_add/mod.rs:487
ALLOC_NEAR active=1267 next_idx=1267 phase='pp_div_replay' ops_idx=4222867 free_pool=1 caller=src/bin/../point_add/mod.rs:487
ALLOC_NEAR active=1267 next_idx=1267 phase='pp_div_replay' ops_idx=4223712 free_pool=1 caller=src/bin/../point_add/mod.rs:487
ALLOC_NEAR active=1267 next_idx=1267 phase='pp_div_replay' ops_idx=4226830 free_pool=1 caller=src/bin/../point_add/mod.rs:487
ALLOC_NEAR active=1267 next_idx=1267 phase='pp_div_replay' ops_idx=4227613 free_pool=1 caller=src/bin/../point_add/mod.rs:487
ALLOC_NEAR active=1267 next_idx=1267 phase='pp_div_replay' ops_idx=4228468 free_pool=1 caller=src/bin/../point_add/mod.rs:487
ALLOC_NEAR active=1267 next_idx=1267 phase='pp_div_replay' ops_idx=4229323 free_pool=1 caller=src/bin/../point_add/mod.rs:487
ALLOC_NEAR active=1267 next_idx=1267 phase='pp_div_replay' ops_idx=4232474 free_pool=1 caller=src/bin/../point_add/mod.rs:487
ALLOC_NEAR active=1267 next_idx=1267 phase='pp_div_replay' ops_idx=4233295 free_pool=1 caller=src/bin/../point_add/mod.rs:487
ALLOC_NEAR active=1267 next_idx=1267 phase='pp_div_replay' ops_idx=4234140 free_pool=1 caller=src/bin/../point_add/mod.rs:487
ALLOC_NEAR active=1267 next_idx=1267 phase='pp_div_replay' ops_idx=4234985 free_pool=1 caller=src/bin/../point_add/mod.rs:487
ALLOC_NEAR active=1267 next_idx=1267 phase='pp_div_replay' ops_idx=4238090 free_pool=1 caller=src/bin/../point_add/mod.rs:487
ALLOC_NEAR active=1267 next_idx=1267 phase='pp_div_replay' ops_idx=4238873 free_pool=1 caller=src/bin/../point_add/mod.rs:487
ALLOC_NEAR active=1267 next_idx=1267 phase='pp_div_replay' ops_idx=4239728 free_pool=1 caller=src/bin/../point_add/mod.rs:487
ALLOC_NEAR active=1267 next_idx=1267 phase='pp_div_replay' ops_idx=4240583 free_pool=1 caller=src/bin/../point_add/mod.rs:487
ALLOC_NEAR active=1267 next_idx=1267 phase='pp_div_replay' ops_idx=4243721 free_pool=1 caller=src/bin/../point_add/mod.rs:487
ALLOC_NEAR active=1267 next_idx=1267 phase='pp_div_replay' ops_idx=4244542 free_pool=1 caller=src/bin/../point_add/mod.rs:487
ALLOC_NEAR active=1267 next_idx=1267 phase='pp_div_replay' ops_idx=4245387 free_pool=1 caller=src/bin/../point_add/mod.rs:487
ALLOC_NEAR active=1267 next_idx=1267 phase='pp_div_replay' ops_idx=4246232 free_pool=1 caller=src/bin/../point_add/mod.rs:487
ALLOC_NEAR active=1267 next_idx=1267 phase='pp_div_replay' ops_idx=4249324 free_pool=1 caller=src/bin/../point_add/mod.rs:487
ALLOC_NEAR active=1267 next_idx=1267 phase='pp_div_replay' ops_idx=4250107 free_pool=1 caller=src/bin/../point_add/mod.rs:487
ALLOC_NEAR active=1267 next_idx=1267 phase='pp_div_replay' ops_idx=4250962 free_pool=1 caller=src/bin/../point_add/mod.rs:487
ALLOC_NEAR active=1267 next_idx=1267 phase='pp_div_replay' ops_idx=4251817 free_pool=1 caller=src/bin/../point_add/mod.rs:487
ALLOC_NEAR active=1267 next_idx=1267 phase='pp_div_replay' ops_idx=4254942 free_pool=1 caller=src/bin/../point_add/mod.rs:487
ALLOC_NEAR active=1267 next_idx=1267 phase='pp_div_replay' ops_idx=4255763 free_pool=1 caller=src/bin/../point_add/mod.rs:487
ALLOC_NEAR active=1267 next_idx=1267 phase='pp_div_replay' ops_idx=4256608 free_pool=1 caller=src/bin/../point_add/mod.rs:487
ALLOC_NEAR active=1267 next_idx=1267 phase='pp_div_replay' ops_idx=4257453 free_pool=1 caller=src/bin/../point_add/mod.rs:487
ALLOC_NEAR active=1267 next_idx=1267 phase='pp_div_replay' ops_idx=4260532 free_pool=1 caller=src/bin/../point_add/mod.rs:487
ALLOC_NEAR active=1267 next_idx=1267 phase='pp_div_replay' ops_idx=4261315 free_pool=1 caller=src/bin/../point_add/mod.rs:487
ALLOC_NEAR active=1267 next_idx=1267 phase='pp_div_replay' ops_idx=4262170 free_pool=1 caller=src/bin/../point_add/mod.rs:487
ALLOC_NEAR active=1267 next_idx=1267 phase='pp_div_replay' ops_idx=4263025 free_pool=1 caller=src/bin/../point_add/mod.rs:487
ALLOC_NEAR active=1267 next_idx=1267 phase='pp_div_replay' ops_idx=4266137 free_pool=1 caller=src/bin/../point_add/mod.rs:487
ALLOC_NEAR active=1267 next_idx=1267 phase='pp_div_replay' ops_idx=4266958 free_pool=1 caller=src/bin/../point_add/mod.rs:487
ALLOC_NEAR active=1267 next_idx=1267 phase='pp_div_replay' ops_idx=4267803 free_pool=1 caller=src/bin/../point_add/mod.rs:487
ALLOC_NEAR active=1267 next_idx=1267 phase='pp_div_replay' ops_idx=4268648 free_pool=1 caller=src/bin/../point_add/mod.rs:487
ALLOC_NEAR active=1267 next_idx=1267 phase='pp_mul_walkback' ops_idx=8322690 free_pool=1 caller=src/bin/../point_add/mod.rs:487
ALLOC_NEAR active=1267 next_idx=1267 phase='pp_mul_walkback' ops_idx=8323511 free_pool=1 caller=src/bin/../point_add/mod.rs:487
ALLOC_NEAR active=1267 next_idx=1267 phase='pp_mul_walkback' ops_idx=8324356 free_pool=1 caller=src/bin/../point_add/mod.rs:487
ALLOC_NEAR active=1267 next_idx=1267 phase='pp_mul_walkback' ops_idx=8325201 free_pool=1 caller=src/bin/../point_add/mod.rs:487
ALLOC_NEAR active=1267 next_idx=1267 phase='pp_mul_walkback' ops_idx=8333954 free_pool=1 caller=src/bin/../point_add/mod.rs:487
ALLOC_NEAR active=1267 next_idx=1267 phase='pp_mul_walkback' ops_idx=8334775 free_pool=1 caller=src/bin/../point_add/mod.rs:487
ALLOC_NEAR active=1267 next_idx=1267 phase='pp_mul_walkback' ops_idx=8335620 free_pool=1 caller=src/bin/../point_add/mod.rs:487
ALLOC_NEAR active=1267 next_idx=1267 phase='pp_mul_walkback' ops_idx=8336465 free_pool=1 caller=src/bin/../point_add/mod.rs:487
ALLOC_NEAR active=1267 next_idx=1267 phase='pp_mul_walkback' ops_idx=8345244 free_pool=1 caller=src/bin/../point_add/mod.rs:487
ALLOC_NEAR active=1267 next_idx=1267 phase='pp_mul_walkback' ops_idx=8346065 free_pool=1 caller=src/bin/../point_add/mod.rs:487
ALLOC_NEAR active=1267 next_idx=1267 phase='pp_mul_walkback' ops_idx=8346910 free_pool=1 caller=src/bin/../point_add/mod.rs:487
ALLOC_NEAR active=1267 next_idx=1267 phase='pp_mul_walkback' ops_idx=8347755 free_pool=1 caller=src/bin/../point_add/mod.rs:487
ALLOC_NEAR active=1267 next_idx=1267 phase='pp_mul_walkback' ops_idx=8356560 free_pool=1 caller=src/bin/../point_add/mod.rs:487
ALLOC_NEAR active=1267 next_idx=1267 phase='pp_mul_walkback' ops_idx=8357381 free_pool=1 caller=src/bin/../point_add/mod.rs:487
ALLOC_NEAR active=1267 next_idx=1267 phase='pp_mul_walkback' ops_idx=8358226 free_pool=1 caller=src/bin/../point_add/mod.rs:487
ALLOC_NEAR active=1267 next_idx=1267 phase='pp_mul_walkback' ops_idx=8359071 free_pool=1 caller=src/bin/../point_add/mod.rs:487
ALLOC_NEAR active=1267 next_idx=1267 phase='pp_mul_walkback' ops_idx=8367902 free_pool=1 caller=src/bin/../point_add/mod.rs:487
ALLOC_NEAR active=1267 next_idx=1267 phase='pp_mul_walkback' ops_idx=8368723 free_pool=1 caller=src/bin/../point_add/mod.rs:487
ALLOC_NEAR active=1267 next_idx=1267 phase='pp_mul_walkback' ops_idx=8369568 free_pool=1 caller=src/bin/../point_add/mod.rs:487
ALLOC_NEAR active=1267 next_idx=1267 phase='pp_mul_walkback' ops_idx=8370413 free_pool=1 caller=src/bin/../point_add/mod.rs:487
ALLOC_NEAR active=1267 next_idx=1267 phase='pp_mul_walkback' ops_idx=8379270 free_pool=1 caller=src/bin/../point_add/mod.rs:487
ALLOC_NEAR active=1267 next_idx=1267 phase='pp_mul_walkback' ops_idx=8380091 free_pool=1 caller=src/bin/../point_add/mod.rs:487
ALLOC_NEAR active=1267 next_idx=1267 phase='pp_mul_walkback' ops_idx=8380936 free_pool=1 caller=src/bin/../point_add/mod.rs:487
ALLOC_NEAR active=1267 next_idx=1267 phase='pp_mul_walkback' ops_idx=8381781 free_pool=1 caller=src/bin/../point_add/mod.rs:487
ALLOC_NEAR active=1267 next_idx=1267 phase='pp_mul_walkback' ops_idx=8390664 free_pool=1 caller=src/bin/../point_add/mod.rs:487
ALLOC_NEAR active=1267 next_idx=1267 phase='pp_mul_walkback' ops_idx=8391485 free_pool=1 caller=src/bin/../point_add/mod.rs:487
ALLOC_NEAR active=1267 next_idx=1267 phase='pp_mul_walkback' ops_idx=8392330 free_pool=1 caller=src/bin/../point_add/mod.rs:487
ALLOC_NEAR active=1267 next_idx=1267 phase='pp_mul_walkback' ops_idx=8393175 free_pool=1 caller=src/bin/../point_add/mod.rs:487
ALLOC_NEAR active=1267 next_idx=1267 phase='pp_mul_walkback' ops_idx=8396308 free_pool=1 caller=src/bin/../point_add/mod.rs:487
ALLOC_NEAR active=1267 next_idx=1267 phase='pp_mul_walkback' ops_idx=8397091 free_pool=1 caller=src/bin/../point_add/mod.rs:487
ALLOC_NEAR active=1267 next_idx=1267 phase='pp_mul_walkback' ops_idx=8397946 free_pool=1 caller=src/bin/../point_add/mod.rs:487
ALLOC_NEAR active=1267 next_idx=1267 phase='pp_mul_walkback' ops_idx=8398801 free_pool=1 caller=src/bin/../point_add/mod.rs:487
ALLOC_NEAR active=1267 next_idx=1267 phase='pp_mul_walkback' ops_idx=8401999 free_pool=1 caller=src/bin/../point_add/mod.rs:487
ALLOC_NEAR active=1267 next_idx=1267 phase='pp_mul_walkback' ops_idx=8402820 free_pool=1 caller=src/bin/../point_add/mod.rs:487
ALLOC_NEAR active=1267 next_idx=1267 phase='pp_mul_walkback' ops_idx=8403665 free_pool=1 caller=src/bin/../point_add/mod.rs:487
ALLOC_NEAR active=1267 next_idx=1267 phase='pp_mul_walkback' ops_idx=8404510 free_pool=1 caller=src/bin/../point_add/mod.rs:487
ALLOC_NEAR active=1267 next_idx=1267 phase='pp_mul_walkback' ops_idx=8407656 free_pool=1 caller=src/bin/../point_add/mod.rs:487
ALLOC_NEAR active=1267 next_idx=1267 phase='pp_mul_walkback' ops_idx=8408439 free_pool=1 caller=src/bin/../point_add/mod.rs:487
ALLOC_NEAR active=1267 next_idx=1267 phase='pp_mul_walkback' ops_idx=8409294 free_pool=1 caller=src/bin/../point_add/mod.rs:487
ALLOC_NEAR active=1267 next_idx=1267 phase='pp_mul_walkback' ops_idx=8410149 free_pool=1 caller=src/bin/../point_add/mod.rs:487
ALLOC_NEAR active=1267 next_idx=1267 phase='pp_mul_walkback' ops_idx=8413360 free_pool=1 caller=src/bin/../point_add/mod.rs:487
ALLOC_NEAR active=1267 next_idx=1267 phase='pp_mul_walkback' ops_idx=8414181 free_pool=1 caller=src/bin/../point_add/mod.rs:487
ALLOC_NEAR active=1267 next_idx=1267 phase='pp_mul_walkback' ops_idx=8415026 free_pool=1 caller=src/bin/../point_add/mod.rs:487
ALLOC_NEAR active=1267 next_idx=1267 phase='pp_mul_walkback' ops_idx=8415871 free_pool=1 caller=src/bin/../point_add/mod.rs:487
ALLOC_NEAR active=1267 next_idx=1267 phase='pp_mul_walkback' ops_idx=8419030 free_pool=1 caller=src/bin/../point_add/mod.rs:487
ALLOC_NEAR active=1267 next_idx=1267 phase='pp_mul_walkback' ops_idx=8419813 free_pool=1 caller=src/bin/../point_add/mod.rs:487
ALLOC_NEAR active=1267 next_idx=1267 phase='pp_mul_walkback' ops_idx=8420668 free_pool=1 caller=src/bin/../point_add/mod.rs:487
ALLOC_NEAR active=1267 next_idx=1267 phase='pp_mul_walkback' ops_idx=8421523 free_pool=1 caller=src/bin/../point_add/mod.rs:487
ALLOC_NEAR active=1267 next_idx=1267 phase='pp_mul_walkback' ops_idx=8424652 free_pool=1 caller=src/bin/../point_add/mod.rs:487
ALLOC_NEAR active=1267 next_idx=1267 phase='pp_mul_walkback' ops_idx=8425397 free_pool=1 caller=src/bin/../point_add/mod.rs:487
ALLOC_NEAR active=1267 next_idx=1267 phase='pp_mul_walkback' ops_idx=8426262 free_pool=1 caller=src/bin/../point_add/mod.rs:487
ALLOC_NEAR active=1267 next_idx=1267 phase='pp_mul_walkback' ops_idx=8427127 free_pool=1 caller=src/bin/../point_add/mod.rs:487
ALLOC_NEAR active=1267 next_idx=1267 phase='pp_mul_walkback' ops_idx=8430226 free_pool=1 caller=src/bin/../point_add/mod.rs:487
ALLOC_NEAR active=1267 next_idx=1267 phase='pp_mul_walkback' ops_idx=8430933 free_pool=1 caller=src/bin/../point_add/mod.rs:487
ALLOC_NEAR active=1267 next_idx=1267 phase='pp_mul_walkback' ops_idx=8431808 free_pool=1 caller=src/bin/../point_add/mod.rs:487
ALLOC_NEAR active=1267 next_idx=1267 phase='pp_mul_walkback' ops_idx=8432683 free_pool=1 caller=src/bin/../point_add/mod.rs:487
ALLOC_NEAR active=1267 next_idx=1267 phase='pp_mul_walkback' ops_idx=8435847 free_pool=1 caller=src/bin/../point_add/mod.rs:487
ALLOC_NEAR active=1267 next_idx=1267 phase='pp_mul_walkback' ops_idx=8436592 free_pool=1 caller=src/bin/../point_add/mod.rs:487
ALLOC_NEAR active=1267 next_idx=1267 phase='pp_mul_walkback' ops_idx=8437457 free_pool=1 caller=src/bin/../point_add/mod.rs:487
ALLOC_NEAR active=1267 next_idx=1267 phase='pp_mul_walkback' ops_idx=8438322 free_pool=1 caller=src/bin/../point_add/mod.rs:487
ALLOC_NEAR active=1267 next_idx=1267 phase='pp_mul_walkback' ops_idx=8441434 free_pool=1 caller=src/bin/../point_add/mod.rs:487
ALLOC_NEAR active=1267 next_idx=1267 phase='pp_mul_walkback' ops_idx=8442141 free_pool=1 caller=src/bin/../point_add/mod.rs:487
ALLOC_NEAR active=1267 next_idx=1267 phase='pp_mul_walkback' ops_idx=8443016 free_pool=1 caller=src/bin/../point_add/mod.rs:487
ALLOC_NEAR active=1267 next_idx=1267 phase='pp_mul_walkback' ops_idx=8443891 free_pool=1 caller=src/bin/../point_add/mod.rs:487
ALLOC_NEAR active=1267 next_idx=1267 phase='pp_mul_walkback' ops_idx=8446973 free_pool=1 caller=src/bin/../point_add/mod.rs:487
ALLOC_NEAR active=1267 next_idx=1267 phase='pp_mul_walkback' ops_idx=8447642 free_pool=1 caller=src/bin/../point_add/mod.rs:487
ALLOC_NEAR active=1267 next_idx=1267 phase='pp_mul_walkback' ops_idx=8448527 free_pool=1 caller=src/bin/../point_add/mod.rs:487
ALLOC_NEAR active=1267 next_idx=1267 phase='pp_mul_walkback' ops_idx=8449412 free_pool=1 caller=src/bin/../point_add/mod.rs:487
ALLOC_NEAR active=1267 next_idx=1267 phase='pp_mul_walkback' ops_idx=8452559 free_pool=1 caller=src/bin/../point_add/mod.rs:487
ALLOC_NEAR active=1267 next_idx=1267 phase='pp_mul_walkback' ops_idx=8453266 free_pool=1 caller=src/bin/../point_add/mod.rs:487
ALLOC_NEAR active=1267 next_idx=1267 phase='pp_mul_walkback' ops_idx=8454141 free_pool=1 caller=src/bin/../point_add/mod.rs:487
ALLOC_NEAR active=1267 next_idx=1267 phase='pp_mul_walkback' ops_idx=8455016 free_pool=1 caller=src/bin/../point_add/mod.rs:487
ALLOC_NEAR active=1267 next_idx=1267 phase='pp_mul_walkback' ops_idx=8458111 free_pool=1 caller=src/bin/../point_add/mod.rs:487
ALLOC_NEAR active=1267 next_idx=1267 phase='pp_mul_walkback' ops_idx=8458780 free_pool=1 caller=src/bin/../point_add/mod.rs:487
ALLOC_NEAR active=1267 next_idx=1267 phase='pp_mul_walkback' ops_idx=8459665 free_pool=1 caller=src/bin/../point_add/mod.rs:487
ALLOC_NEAR active=1267 next_idx=1267 phase='pp_mul_walkback' ops_idx=8460550 free_pool=1 caller=src/bin/../point_add/mod.rs:487
ALLOC_NEAR active=1267 next_idx=1267 phase='pp_mul_walkback' ops_idx=8463710 free_pool=1 caller=src/bin/../point_add/mod.rs:487
ALLOC_NEAR active=1267 next_idx=1267 phase='pp_mul_walkback' ops_idx=8464417 free_pool=1 caller=src/bin/../point_add/mod.rs:487
ALLOC_NEAR active=1267 next_idx=1267 phase='pp_mul_walkback' ops_idx=8465292 free_pool=1 caller=src/bin/../point_add/mod.rs:487
ALLOC_NEAR active=1267 next_idx=1267 phase='pp_mul_walkback' ops_idx=8466167 free_pool=1 caller=src/bin/../point_add/mod.rs:487
ALLOC_NEAR active=1267 next_idx=1267 phase='pp_mul_walkback' ops_idx=8469275 free_pool=1 caller=src/bin/../point_add/mod.rs:487
ALLOC_NEAR active=1267 next_idx=1267 phase='pp_mul_walkback' ops_idx=8469944 free_pool=1 caller=src/bin/../point_add/mod.rs:487
ALLOC_NEAR active=1267 next_idx=1267 phase='pp_mul_walkback' ops_idx=8470829 free_pool=1 caller=src/bin/../point_add/mod.rs:487
ALLOC_NEAR active=1267 next_idx=1267 phase='pp_mul_walkback' ops_idx=8471714 free_pool=1 caller=src/bin/../point_add/mod.rs:487
ALLOC_NEAR active=1267 next_idx=1267 phase='pp_mul_walkback' ops_idx=8474887 free_pool=1 caller=src/bin/../point_add/mod.rs:487
ALLOC_NEAR active=1267 next_idx=1267 phase='pp_mul_walkback' ops_idx=8475594 free_pool=1 caller=src/bin/../point_add/mod.rs:487
ALLOC_NEAR active=1267 next_idx=1267 phase='pp_mul_walkback' ops_idx=8476469 free_pool=1 caller=src/bin/../point_add/mod.rs:487
ALLOC_NEAR active=1267 next_idx=1267 phase='pp_mul_walkback' ops_idx=8477344 free_pool=1 caller=src/bin/../point_add/mod.rs:487
ALLOC_NEAR active=1267 next_idx=1267 phase='pp_mul_walkback' ops_idx=8480465 free_pool=1 caller=src/bin/../point_add/mod.rs:487
ALLOC_NEAR active=1267 next_idx=1267 phase='pp_mul_walkback' ops_idx=8481134 free_pool=1 caller=src/bin/../point_add/mod.rs:487
ALLOC_NEAR active=1267 next_idx=1267 phase='pp_mul_walkback' ops_idx=8482019 free_pool=1 caller=src/bin/../point_add/mod.rs:487
ALLOC_NEAR active=1267 next_idx=1267 phase='pp_mul_walkback' ops_idx=8482904 free_pool=1 caller=src/bin/../point_add/mod.rs:487
ALLOC_NEAR active=1267 next_idx=1267 phase='pp_mul_walkback' ops_idx=8486635 free_pool=1 caller=src/bin/../point_add/mod.rs:487
ALLOC_NEAR active=1267 next_idx=1267 phase='pp_mul_walkback' ops_idx=8487530 free_pool=1 caller=src/bin/../point_add/mod.rs:487
ALLOC_NEAR active=1267 next_idx=1267 phase='pp_mul_walkback' ops_idx=8488425 free_pool=1 caller=src/bin/../point_add/mod.rs:487
ALLOC_NEAR active=1267 next_idx=1267 phase='pp_mul_walkback' ops_idx=8491581 free_pool=1 caller=src/bin/../point_add/mod.rs:487
ALLOC_NEAR active=1267 next_idx=1267 phase='pp_mul_walkback' ops_idx=8492250 free_pool=1 caller=src/bin/../point_add/mod.rs:487
ALLOC_NEAR active=1267 next_idx=1267 phase='pp_mul_walkback' ops_idx=8493135 free_pool=1 caller=src/bin/../point_add/mod.rs:487
ALLOC_NEAR active=1267 next_idx=1267 phase='pp_mul_walkback' ops_idx=8494020 free_pool=1 caller=src/bin/../point_add/mod.rs:487
ALLOC_NEAR active=1267 next_idx=1267 phase='pp_mul_walkback' ops_idx=8497764 free_pool=1 caller=src/bin/../point_add/mod.rs:487
ALLOC_NEAR active=1267 next_idx=1267 phase='pp_mul_walkback' ops_idx=8498659 free_pool=1 caller=src/bin/../point_add/mod.rs:487
ALLOC_NEAR active=1267 next_idx=1267 phase='pp_mul_walkback' ops_idx=8499554 free_pool=1 caller=src/bin/../point_add/mod.rs:487
ALLOC_NEAR active=1267 next_idx=1267 phase='pp_mul_walkback' ops_idx=8502723 free_pool=1 caller=src/bin/../point_add/mod.rs:487
ALLOC_NEAR active=1267 next_idx=1267 phase='pp_mul_walkback' ops_idx=8503392 free_pool=1 caller=src/bin/../point_add/mod.rs:487
ALLOC_NEAR active=1267 next_idx=1267 phase='pp_mul_walkback' ops_idx=8504277 free_pool=1 caller=src/bin/../point_add/mod.rs:487
ALLOC_NEAR active=1267 next_idx=1267 phase='pp_mul_walkback' ops_idx=8505162 free_pool=1 caller=src/bin/../point_add/mod.rs:487
ALLOC_NEAR active=1267 next_idx=1267 phase='pp_mul_walkback' ops_idx=8508919 free_pool=1 caller=src/bin/../point_add/mod.rs:487
ALLOC_NEAR active=1267 next_idx=1267 phase='pp_mul_walkback' ops_idx=8509814 free_pool=1 caller=src/bin/../point_add/mod.rs:487
ALLOC_NEAR active=1267 next_idx=1267 phase='pp_mul_walkback' ops_idx=8510709 free_pool=1 caller=src/bin/../point_add/mod.rs:487
ALLOC_NEAR active=1267 next_idx=1267 phase='pp_mul_walkback' ops_idx=8513891 free_pool=1 caller=src/bin/../point_add/mod.rs:487
ALLOC_NEAR active=1267 next_idx=1267 phase='pp_mul_walkback' ops_idx=8514560 free_pool=1 caller=src/bin/../point_add/mod.rs:487
ALLOC_NEAR active=1267 next_idx=1267 phase='pp_mul_walkback' ops_idx=8515445 free_pool=1 caller=src/bin/../point_add/mod.rs:487
ALLOC_NEAR active=1267 next_idx=1267 phase='pp_mul_walkback' ops_idx=8516330 free_pool=1 caller=src/bin/../point_add/mod.rs:487
ALLOC_NEAR active=1267 next_idx=1267 phase='pp_mul_walkback' ops_idx=8520100 free_pool=1 caller=src/bin/../point_add/mod.rs:487
ALLOC_NEAR active=1267 next_idx=1267 phase='pp_mul_walkback' ops_idx=8520995 free_pool=1 caller=src/bin/../point_add/mod.rs:487
ALLOC_NEAR active=1267 next_idx=1267 phase='pp_mul_walkback' ops_idx=8521890 free_pool=1 caller=src/bin/../point_add/mod.rs:487
ALLOC_NEAR active=1267 next_idx=1267 phase='pp_mul_walkback' ops_idx=8531255 free_pool=1 caller=src/bin/../point_add/mod.rs:487
ALLOC_NEAR active=1267 next_idx=1267 phase='pp_mul_walkback' ops_idx=8532150 free_pool=1 caller=src/bin/../point_add/mod.rs:487
ALLOC_NEAR active=1267 next_idx=1267 phase='pp_mul_walkback' ops_idx=8533045 free_pool=1 caller=src/bin/../point_add/mod.rs:487
ALLOC_NEAR active=1267 next_idx=1267 phase='pp_mul_walkback' ops_idx=8542436 free_pool=1 caller=src/bin/../point_add/mod.rs:487
ALLOC_NEAR active=1267 next_idx=1267 phase='pp_mul_walkback' ops_idx=8543331 free_pool=1 caller=src/bin/../point_add/mod.rs:487
ALLOC_NEAR active=1267 next_idx=1267 phase='pp_mul_walkback' ops_idx=8544226 free_pool=1 caller=src/bin/../point_add/mod.rs:487
ALLOC_NEAR active=1267 next_idx=1267 phase='pp_mul_walkback' ops_idx=8553643 free_pool=1 caller=src/bin/../point_add/mod.rs:487
ALLOC_NEAR active=1267 next_idx=1267 phase='pp_mul_walkback' ops_idx=8554538 free_pool=1 caller=src/bin/../point_add/mod.rs:487
ALLOC_NEAR active=1267 next_idx=1267 phase='pp_mul_walkback' ops_idx=8555433 free_pool=1 caller=src/bin/../point_add/mod.rs:487
ALLOC_NEAR active=1267 next_idx=1267 phase='pp_mul_walkback' ops_idx=8887052 free_pool=1 caller=src/bin/../point_add/mod.rs:487
ALLOC_NEAR active=1267 next_idx=1267 phase='pp_mul_walkback' ops_idx=8888087 free_pool=1 caller=src/bin/../point_add/mod.rs:487
ALLOC_NEAR active=1267 next_idx=1267 phase='pp_mul_walkback' ops_idx=8889122 free_pool=1 caller=src/bin/../point_add/mod.rs:487
ALLOC_NEAR active=1267 next_idx=1267 phase='pp_mul_walkback' ops_idx=8898870 free_pool=1 caller=src/bin/../point_add/mod.rs:487
ALLOC_NEAR active=1267 next_idx=1267 phase='pp_mul_walkback' ops_idx=8899905 free_pool=1 caller=src/bin/../point_add/mod.rs:487
ALLOC_NEAR active=1267 next_idx=1267 phase='pp_mul_walkback' ops_idx=8900940 free_pool=1 caller=src/bin/../point_add/mod.rs:487
ALLOC_NEAR active=1267 next_idx=1267 phase='pp_mul_walkback' ops_idx=8904748 free_pool=1 caller=src/bin/../point_add/mod.rs:487
ALLOC_NEAR active=1267 next_idx=1267 phase='pp_mul_walkback' ops_idx=8905757 free_pool=1 caller=src/bin/../point_add/mod.rs:487
ALLOC_NEAR active=1267 next_idx=1267 phase='pp_mul_walkback' ops_idx=8906802 free_pool=1 caller=src/bin/../point_add/mod.rs:487
ALLOC_NEAR active=1267 next_idx=1267 phase='pp_mul_walkback' ops_idx=8910665 free_pool=1 caller=src/bin/../point_add/mod.rs:487
ALLOC_NEAR active=1267 next_idx=1267 phase='pp_mul_walkback' ops_idx=8911700 free_pool=1 caller=src/bin/../point_add/mod.rs:487
ALLOC_NEAR active=1267 next_idx=1267 phase='pp_mul_walkback' ops_idx=8912735 free_pool=1 caller=src/bin/../point_add/mod.rs:487
ALLOC_NEAR active=1267 next_idx=1267 phase='pp_mul_walkback' ops_idx=8916556 free_pool=1 caller=src/bin/../point_add/mod.rs:487
ALLOC_NEAR active=1267 next_idx=1267 phase='pp_mul_walkback' ops_idx=8917565 free_pool=1 caller=src/bin/../point_add/mod.rs:487
ALLOC_NEAR active=1267 next_idx=1267 phase='pp_mul_walkback' ops_idx=8918610 free_pool=1 caller=src/bin/../point_add/mod.rs:487
ALLOC_NEAR active=1267 next_idx=1267 phase='pp_mul_walkback' ops_idx=8922411 free_pool=1 caller=src/bin/../point_add/mod.rs:487
ALLOC_NEAR active=1267 next_idx=1267 phase='pp_mul_walkback' ops_idx=8923394 free_pool=1 caller=src/bin/../point_add/mod.rs:487
ALLOC_NEAR active=1267 next_idx=1267 phase='pp_mul_walkback' ops_idx=8924449 free_pool=1 caller=src/bin/../point_add/mod.rs:487
ALLOC_NEAR active=1267 next_idx=1267 phase='pp_mul_walkback' ops_idx=8928305 free_pool=1 caller=src/bin/../point_add/mod.rs:487
ALLOC_NEAR active=1267 next_idx=1267 phase='pp_mul_walkback' ops_idx=8929314 free_pool=1 caller=src/bin/../point_add/mod.rs:487
ALLOC_NEAR active=1267 next_idx=1267 phase='pp_mul_walkback' ops_idx=8930359 free_pool=1 caller=src/bin/../point_add/mod.rs:487
ALLOC_NEAR active=1267 next_idx=1267 phase='pp_mul_walkback' ops_idx=8934173 free_pool=1 caller=src/bin/../point_add/mod.rs:487
ALLOC_NEAR active=1267 next_idx=1267 phase='pp_mul_walkback' ops_idx=8935156 free_pool=1 caller=src/bin/../point_add/mod.rs:487
ALLOC_NEAR active=1267 next_idx=1267 phase='pp_mul_walkback' ops_idx=8936211 free_pool=1 caller=src/bin/../point_add/mod.rs:487
ALLOC_NEAR active=1267 next_idx=1267 phase='pp_mul_walkback' ops_idx=8940080 free_pool=1 caller=src/bin/../point_add/mod.rs:487
ALLOC_NEAR active=1267 next_idx=1267 phase='pp_mul_walkback' ops_idx=8941089 free_pool=1 caller=src/bin/../point_add/mod.rs:487
ALLOC_NEAR active=1267 next_idx=1267 phase='pp_mul_walkback' ops_idx=8942134 free_pool=1 caller=src/bin/../point_add/mod.rs:487
ALLOC_NEAR active=1267 next_idx=1267 phase='pp_mul_walkback' ops_idx=8945961 free_pool=1 caller=src/bin/../point_add/mod.rs:487
ALLOC_NEAR active=1267 next_idx=1267 phase='pp_mul_walkback' ops_idx=8946944 free_pool=1 caller=src/bin/../point_add/mod.rs:487
ALLOC_NEAR active=1267 next_idx=1267 phase='pp_mul_walkback' ops_idx=8947999 free_pool=1 caller=src/bin/../point_add/mod.rs:487
ALLOC_NEAR active=1267 next_idx=1267 phase='pp_mul_walkback' ops_idx=8951806 free_pool=1 caller=src/bin/../point_add/mod.rs:487
ALLOC_NEAR active=1267 next_idx=1267 phase='pp_mul_walkback' ops_idx=8952763 free_pool=1 caller=src/bin/../point_add/mod.rs:487
ALLOC_NEAR active=1267 next_idx=1267 phase='pp_mul_walkback' ops_idx=8953828 free_pool=1 caller=src/bin/../point_add/mod.rs:487
ALLOC_NEAR active=1267 next_idx=1267 phase='pp_mul_walkback' ops_idx=8957690 free_pool=1 caller=src/bin/../point_add/mod.rs:487
ALLOC_NEAR active=1267 next_idx=1267 phase='pp_mul_walkback' ops_idx=8958673 free_pool=1 caller=src/bin/../point_add/mod.rs:487
ALLOC_NEAR active=1267 next_idx=1267 phase='pp_mul_walkback' ops_idx=8959728 free_pool=1 caller=src/bin/../point_add/mod.rs:487
ALLOC_NEAR active=1267 next_idx=1267 phase='pp_mul_walkback' ops_idx=8963548 free_pool=1 caller=src/bin/../point_add/mod.rs:487
ALLOC_NEAR active=1267 next_idx=1267 phase='pp_mul_walkback' ops_idx=8964505 free_pool=1 caller=src/bin/../point_add/mod.rs:487
ALLOC_NEAR active=1267 next_idx=1267 phase='pp_mul_walkback' ops_idx=8965570 free_pool=1 caller=src/bin/../point_add/mod.rs:487
ALLOC_NEAR active=1267 next_idx=1267 phase='pp_mul_walkback' ops_idx=8969370 free_pool=1 caller=src/bin/../point_add/mod.rs:487
ALLOC_NEAR active=1267 next_idx=1267 phase='pp_mul_walkback' ops_idx=8970301 free_pool=1 caller=src/bin/../point_add/mod.rs:487
ALLOC_NEAR active=1267 next_idx=1267 phase='pp_mul_walkback' ops_idx=8971376 free_pool=1 caller=src/bin/../point_add/mod.rs:487
ALLOC_NEAR active=1267 next_idx=1267 phase='pp_mul_walkback' ops_idx=8975231 free_pool=1 caller=src/bin/../point_add/mod.rs:487
ALLOC_NEAR active=1267 next_idx=1267 phase='pp_mul_walkback' ops_idx=8976188 free_pool=1 caller=src/bin/../point_add/mod.rs:487
ALLOC_NEAR active=1267 next_idx=1267 phase='pp_mul_walkback' ops_idx=8977253 free_pool=1 caller=src/bin/../point_add/mod.rs:487
ALLOC_NEAR active=1267 next_idx=1267 phase='pp_mul_walkback' ops_idx=8981066 free_pool=1 caller=src/bin/../point_add/mod.rs:487
ALLOC_NEAR active=1267 next_idx=1267 phase='pp_mul_walkback' ops_idx=8981997 free_pool=1 caller=src/bin/../point_add/mod.rs:487
ALLOC_NEAR active=1267 next_idx=1267 phase='pp_mul_walkback' ops_idx=8983072 free_pool=1 caller=src/bin/../point_add/mod.rs:487
ALLOC_NEAR active=1267 next_idx=1267 phase='pp_mul_walkback' ops_idx=8986940 free_pool=1 caller=src/bin/../point_add/mod.rs:487
ALLOC_NEAR active=1267 next_idx=1267 phase='pp_mul_walkback' ops_idx=8987897 free_pool=1 caller=src/bin/../point_add/mod.rs:487
ALLOC_NEAR active=1267 next_idx=1267 phase='pp_mul_walkback' ops_idx=8988962 free_pool=1 caller=src/bin/../point_add/mod.rs:487
ALLOC_NEAR active=1267 next_idx=1267 phase='pp_mul_walkback' ops_idx=8992863 free_pool=1 caller=src/bin/../point_add/mod.rs:487
ALLOC_NEAR active=1267 next_idx=1267 phase='pp_mul_walkback' ops_idx=8993846 free_pool=1 caller=src/bin/../point_add/mod.rs:487
ALLOC_NEAR active=1267 next_idx=1267 phase='pp_mul_walkback' ops_idx=8994901 free_pool=1 caller=src/bin/../point_add/mod.rs:487
ALLOC_NEAR active=1267 next_idx=1267 phase='pp_mul_walkback' ops_idx=8998760 free_pool=1 caller=src/bin/../point_add/mod.rs:487
ALLOC_NEAR active=1267 next_idx=1267 phase='pp_mul_walkback' ops_idx=8999717 free_pool=1 caller=src/bin/../point_add/mod.rs:487
ALLOC_NEAR active=1267 next_idx=1267 phase='pp_mul_walkback' ops_idx=9000782 free_pool=1 caller=src/bin/../point_add/mod.rs:487
ALLOC_NEAR active=1267 next_idx=1267 phase='pp_mul_walkback' ops_idx=9004621 free_pool=1 caller=src/bin/../point_add/mod.rs:487
ALLOC_NEAR active=1267 next_idx=1267 phase='pp_mul_walkback' ops_idx=9005552 free_pool=1 caller=src/bin/../point_add/mod.rs:487
ALLOC_NEAR active=1267 next_idx=1267 phase='pp_mul_walkback' ops_idx=9006627 free_pool=1 caller=src/bin/../point_add/mod.rs:487
ALLOC_NEAR active=1267 next_idx=1267 phase='pp_mul_walkback' ops_idx=9010521 free_pool=1 caller=src/bin/../point_add/mod.rs:487
ALLOC_NEAR active=1267 next_idx=1267 phase='pp_mul_walkback' ops_idx=9011478 free_pool=1 caller=src/bin/../point_add/mod.rs:487
ALLOC_NEAR active=1267 next_idx=1267 phase='pp_mul_walkback' ops_idx=9012543 free_pool=1 caller=src/bin/../point_add/mod.rs:487
ALLOC_NEAR active=1267 next_idx=1267 phase='pp_mul_walkback' ops_idx=9016395 free_pool=1 caller=src/bin/../point_add/mod.rs:487
ALLOC_NEAR active=1267 next_idx=1267 phase='pp_mul_walkback' ops_idx=9017326 free_pool=1 caller=src/bin/../point_add/mod.rs:487
ALLOC_NEAR active=1267 next_idx=1267 phase='pp_mul_walkback' ops_idx=9018401 free_pool=1 caller=src/bin/../point_add/mod.rs:487
ALLOC_NEAR active=1267 next_idx=1267 phase='pp_mul_walkback' ops_idx=9022308 free_pool=1 caller=src/bin/../point_add/mod.rs:487
ALLOC_NEAR active=1267 next_idx=1267 phase='pp_mul_walkback' ops_idx=9023265 free_pool=1 caller=src/bin/../point_add/mod.rs:487
ALLOC_NEAR active=1267 next_idx=1267 phase='pp_mul_walkback' ops_idx=9024330 free_pool=1 caller=src/bin/../point_add/mod.rs:487
ALLOC_NEAR active=1267 next_idx=1267 phase='pp_mul_walkback' ops_idx=9028195 free_pool=1 caller=src/bin/../point_add/mod.rs:487
ALLOC_NEAR active=1267 next_idx=1267 phase='pp_mul_walkback' ops_idx=9029126 free_pool=1 caller=src/bin/../point_add/mod.rs:487
ALLOC_NEAR active=1267 next_idx=1267 phase='pp_mul_walkback' ops_idx=9030201 free_pool=1 caller=src/bin/../point_add/mod.rs:487
ALLOC_NEAR active=1267 next_idx=1267 phase='pp_mul_walkback' ops_idx=9034121 free_pool=1 caller=src/bin/../point_add/mod.rs:487
ALLOC_NEAR active=1267 next_idx=1267 phase='pp_mul_walkback' ops_idx=9035078 free_pool=1 caller=src/bin/../point_add/mod.rs:487
ALLOC_NEAR active=1267 next_idx=1267 phase='pp_mul_walkback' ops_idx=9036143 free_pool=1 caller=src/bin/../point_add/mod.rs:487
ALLOC_NEAR active=1267 next_idx=1267 phase='pp_mul_walkback' ops_idx=9040021 free_pool=1 caller=src/bin/../point_add/mod.rs:487
ALLOC_NEAR active=1267 next_idx=1267 phase='pp_mul_walkback' ops_idx=9040952 free_pool=1 caller=src/bin/../point_add/mod.rs:487
ALLOC_NEAR active=1267 next_idx=1267 phase='pp_mul_walkback' ops_idx=9042027 free_pool=1 caller=src/bin/../point_add/mod.rs:487
ALLOC_NEAR active=1267 next_idx=1267 phase='pp_mul_walkback' ops_idx=9045885 free_pool=1 caller=src/bin/../point_add/mod.rs:487
ALLOC_NEAR active=1267 next_idx=1267 phase='pp_mul_walkback' ops_idx=9046790 free_pool=1 caller=src/bin/../point_add/mod.rs:487
ALLOC_NEAR active=1267 next_idx=1267 phase='pp_mul_walkback' ops_idx=9047875 free_pool=1 caller=src/bin/../point_add/mod.rs:487
ALLOC_NEAR active=1267 next_idx=1267 phase='pp_mul_walkback' ops_idx=9051788 free_pool=1 caller=src/bin/../point_add/mod.rs:487
ALLOC_NEAR active=1267 next_idx=1267 phase='pp_mul_walkback' ops_idx=9052719 free_pool=1 caller=src/bin/../point_add/mod.rs:487
ALLOC_NEAR active=1267 next_idx=1267 phase='pp_mul_walkback' ops_idx=9053794 free_pool=1 caller=src/bin/../point_add/mod.rs:487
ALLOC_NEAR active=1267 next_idx=1267 phase='pp_mul_walkback' ops_idx=9057665 free_pool=1 caller=src/bin/../point_add/mod.rs:487
ALLOC_NEAR active=1267 next_idx=1267 phase='pp_mul_walkback' ops_idx=9058570 free_pool=1 caller=src/bin/../point_add/mod.rs:487
ALLOC_NEAR active=1267 next_idx=1267 phase='pp_mul_walkback' ops_idx=9059655 free_pool=1 caller=src/bin/../point_add/mod.rs:487
ALLOC_NEAR active=1267 next_idx=1267 phase='pp_mul_walkback' ops_idx=9063581 free_pool=1 caller=src/bin/../point_add/mod.rs:487
ALLOC_NEAR active=1267 next_idx=1267 phase='pp_mul_walkback' ops_idx=9064512 free_pool=1 caller=src/bin/../point_add/mod.rs:487
ALLOC_NEAR active=1267 next_idx=1267 phase='pp_mul_walkback' ops_idx=9065587 free_pool=1 caller=src/bin/../point_add/mod.rs:487
ALLOC_NEAR active=1267 next_idx=1267 phase='pp_mul_walkback' ops_idx=9069471 free_pool=1 caller=src/bin/../point_add/mod.rs:487
ALLOC_NEAR active=1267 next_idx=1267 phase='pp_mul_walkback' ops_idx=9070376 free_pool=1 caller=src/bin/../point_add/mod.rs:487
ALLOC_NEAR active=1267 next_idx=1267 phase='pp_mul_walkback' ops_idx=9071461 free_pool=1 caller=src/bin/../point_add/mod.rs:487
ALLOC_NEAR active=1267 next_idx=1267 phase='pp_mul_walkback' ops_idx=9075400 free_pool=1 caller=src/bin/../point_add/mod.rs:487
ALLOC_NEAR active=1267 next_idx=1267 phase='pp_mul_walkback' ops_idx=9076331 free_pool=1 caller=src/bin/../point_add/mod.rs:487
ALLOC_NEAR active=1267 next_idx=1267 phase='pp_mul_walkback' ops_idx=9077406 free_pool=1 caller=src/bin/../point_add/mod.rs:487
ALLOC_NEAR active=1267 next_idx=1267 phase='pp_mul_walkback' ops_idx=9081303 free_pool=1 caller=src/bin/../point_add/mod.rs:487
ALLOC_NEAR active=1267 next_idx=1267 phase='pp_mul_walkback' ops_idx=9082208 free_pool=1 caller=src/bin/../point_add/mod.rs:487
ALLOC_NEAR active=1267 next_idx=1267 phase='pp_mul_walkback' ops_idx=9083293 free_pool=1 caller=src/bin/../point_add/mod.rs:487
ALLOC_NEAR active=1267 next_idx=1267 phase='pp_mul_walkback' ops_idx=9087245 free_pool=1 caller=src/bin/../point_add/mod.rs:487
ALLOC_NEAR active=1267 next_idx=1267 phase='pp_mul_walkback' ops_idx=9088176 free_pool=1 caller=src/bin/../point_add/mod.rs:487
ALLOC_NEAR active=1267 next_idx=1267 phase='pp_mul_walkback' ops_idx=9089251 free_pool=1 caller=src/bin/../point_add/mod.rs:487
ALLOC_NEAR active=1267 next_idx=1267 phase='pp_mul_walkback' ops_idx=9093161 free_pool=1 caller=src/bin/../point_add/mod.rs:487
ALLOC_NEAR active=1267 next_idx=1267 phase='pp_mul_walkback' ops_idx=9094066 free_pool=1 caller=src/bin/../point_add/mod.rs:487
ALLOC_NEAR active=1267 next_idx=1267 phase='pp_mul_walkback' ops_idx=9095151 free_pool=1 caller=src/bin/../point_add/mod.rs:487
ALLOC_NEAR active=1267 next_idx=1267 phase='pp_mul_walkback' ops_idx=9099041 free_pool=1 caller=src/bin/../point_add/mod.rs:487
ALLOC_NEAR active=1267 next_idx=1267 phase='pp_mul_walkback' ops_idx=9099920 free_pool=1 caller=src/bin/../point_add/mod.rs:487
ALLOC_NEAR active=1267 next_idx=1267 phase='pp_mul_walkback' ops_idx=9101015 free_pool=1 caller=src/bin/../point_add/mod.rs:487
ALLOC_NEAR active=1267 next_idx=1267 phase='pp_mul_walkback' ops_idx=9104884 free_pool=1 caller=src/bin/../point_add/mod.rs:487
ALLOC_NEAR active=1267 next_idx=1267 phase='pp_mul_walkback' ops_idx=9105735 free_pool=1 caller=src/bin/../point_add/mod.rs:487
ALLOC_NEAR active=1267 next_idx=1267 phase='pp_mul_walkback' ops_idx=9106840 free_pool=1 caller=src/bin/../point_add/mod.rs:487
ALLOC_NEAR active=1267 next_idx=1267 phase='pp_mul_walkback' ops_idx=9110765 free_pool=1 caller=src/bin/../point_add/mod.rs:487
ALLOC_NEAR active=1267 next_idx=1267 phase='pp_mul_walkback' ops_idx=9111644 free_pool=1 caller=src/bin/../point_add/mod.rs:487
ALLOC_NEAR active=1267 next_idx=1267 phase='pp_mul_walkback' ops_idx=9112739 free_pool=1 caller=src/bin/../point_add/mod.rs:487
ALLOC_NEAR active=1267 next_idx=1267 phase='pp_mul_walkback' ops_idx=9116697 free_pool=1 caller=src/bin/../point_add/mod.rs:487
ALLOC_NEAR active=1267 next_idx=1267 phase='pp_mul_walkback' ops_idx=9117602 free_pool=1 caller=src/bin/../point_add/mod.rs:487
ALLOC_NEAR active=1267 next_idx=1267 phase='pp_mul_walkback' ops_idx=9118687 free_pool=1 caller=src/bin/../point_add/mod.rs:487
ALLOC_NEAR active=1267 next_idx=1267 phase='pp_mul_walkback' ops_idx=9122603 free_pool=1 caller=src/bin/../point_add/mod.rs:487
ALLOC_NEAR active=1267 next_idx=1267 phase='pp_mul_walkback' ops_idx=9123482 free_pool=1 caller=src/bin/../point_add/mod.rs:487
ALLOC_NEAR active=1267 next_idx=1267 phase='pp_mul_walkback' ops_idx=9124577 free_pool=1 caller=src/bin/../point_add/mod.rs:487
ALLOC_NEAR active=1267 next_idx=1267 phase='pp_mul_walkback' ops_idx=9128548 free_pool=1 caller=src/bin/../point_add/mod.rs:487
ALLOC_NEAR active=1267 next_idx=1267 phase='pp_mul_walkback' ops_idx=9129453 free_pool=1 caller=src/bin/../point_add/mod.rs:487
ALLOC_NEAR active=1267 next_idx=1267 phase='pp_mul_walkback' ops_idx=9130538 free_pool=1 caller=src/bin/../point_add/mod.rs:487
ALLOC_NEAR active=1267 next_idx=1267 phase='pp_mul_walkback' ops_idx=9134467 free_pool=1 caller=src/bin/../point_add/mod.rs:487
ALLOC_NEAR active=1267 next_idx=1267 phase='pp_mul_walkback' ops_idx=9135346 free_pool=1 caller=src/bin/../point_add/mod.rs:487
ALLOC_NEAR active=1267 next_idx=1267 phase='pp_mul_walkback' ops_idx=9136441 free_pool=1 caller=src/bin/../point_add/mod.rs:487
ALLOC_NEAR active=1267 next_idx=1267 phase='pp_mul_walkback' ops_idx=9140349 free_pool=1 caller=src/bin/../point_add/mod.rs:487
ALLOC_NEAR active=1267 next_idx=1267 phase='pp_mul_walkback' ops_idx=9141200 free_pool=1 caller=src/bin/../point_add/mod.rs:487
ALLOC_NEAR active=1267 next_idx=1267 phase='pp_mul_walkback' ops_idx=9142305 free_pool=1 caller=src/bin/../point_add/mod.rs:487
ALLOC_NEAR active=1267 next_idx=1267 phase='pp_mul_walkback' ops_idx=9152112 free_pool=1 caller=src/bin/../point_add/mod.rs:487
ALLOC_NEAR active=1267 next_idx=1267 phase='pp_mul_walkback' ops_idx=9152963 free_pool=1 caller=src/bin/../point_add/mod.rs:487
ALLOC_NEAR active=1267 next_idx=1267 phase='pp_mul_walkback' ops_idx=9154068 free_pool=1 caller=src/bin/../point_add/mod.rs:487
ALLOC_NEAR active=1267 next_idx=1267 phase='pp_mul_walkback' ops_idx=9163901 free_pool=1 caller=src/bin/../point_add/mod.rs:487
ALLOC_NEAR active=1267 next_idx=1267 phase='pp_mul_walkback' ops_idx=9164752 free_pool=1 caller=src/bin/../point_add/mod.rs:487
ALLOC_NEAR active=1267 next_idx=1267 phase='pp_mul_walkback' ops_idx=9165857 free_pool=1 caller=src/bin/../point_add/mod.rs:487
ALLOC_NEAR active=1267 next_idx=1267 phase='pp_mul_walkback' ops_idx=9175716 free_pool=1 caller=src/bin/../point_add/mod.rs:487
ALLOC_NEAR active=1267 next_idx=1267 phase='pp_mul_walkback' ops_idx=9176567 free_pool=1 caller=src/bin/../point_add/mod.rs:487
ALLOC_NEAR active=1267 next_idx=1267 phase='pp_mul_walkback' ops_idx=9177672 free_pool=1 caller=src/bin/../point_add/mod.rs:487
ALLOC_NEAR active=1267 next_idx=1267 phase='pp_mul_walkback' ops_idx=9944917 free_pool=1 caller=src/bin/../point_add/mod.rs:487
ALLOC_NEAR active=1267 next_idx=1267 phase='pp_mul_walkback' ops_idx=9946342 free_pool=1 caller=src/bin/../point_add/mod.rs:487
ALLOC_NEAR active=1267 next_idx=1267 phase='pp_mul_walkback' ops_idx=9958301 free_pool=1 caller=src/bin/../point_add/mod.rs:487
ALLOC_NEAR active=1267 next_idx=1267 phase='pp_mul_walkback' ops_idx=9959726 free_pool=1 caller=src/bin/../point_add/mod.rs:487
ALLOC_NEAR active=1267 next_idx=1267 phase='pp_mul_walkback' ops_idx=9964954 free_pool=1 caller=src/bin/../point_add/mod.rs:487
ALLOC_NEAR active=1267 next_idx=1267 phase='pp_mul_walkback' ops_idx=9966365 free_pool=1 caller=src/bin/../point_add/mod.rs:487
ALLOC_NEAR active=1267 next_idx=1267 phase='pp_mul_walkback' ops_idx=9971571 free_pool=1 caller=src/bin/../point_add/mod.rs:487
ALLOC_NEAR active=1267 next_idx=1267 phase='pp_mul_walkback' ops_idx=9972968 free_pool=1 caller=src/bin/../point_add/mod.rs:487
ALLOC_NEAR active=1267 next_idx=1267 phase='pp_mul_walkback' ops_idx=9978243 free_pool=1 caller=src/bin/../point_add/mod.rs:487
ALLOC_NEAR active=1267 next_idx=1267 phase='pp_mul_walkback' ops_idx=9979654 free_pool=1 caller=src/bin/../point_add/mod.rs:487
ALLOC_NEAR active=1267 next_idx=1267 phase='pp_mul_walkback' ops_idx=9984885 free_pool=1 caller=src/bin/../point_add/mod.rs:487
ALLOC_NEAR active=1267 next_idx=1267 phase='pp_mul_walkback' ops_idx=9986282 free_pool=1 caller=src/bin/../point_add/mod.rs:487
ALLOC_NEAR active=1267 next_idx=1267 phase='pp_mul_walkback' ops_idx=9991582 free_pool=1 caller=src/bin/../point_add/mod.rs:487
ALLOC_NEAR active=1267 next_idx=1267 phase='pp_mul_walkback' ops_idx=9992993 free_pool=1 caller=src/bin/../point_add/mod.rs:487
ALLOC_NEAR active=1267 next_idx=1267 phase='pp_mul_walkback' ops_idx=9998249 free_pool=1 caller=src/bin/../point_add/mod.rs:487
ALLOC_NEAR active=1267 next_idx=1267 phase='pp_mul_walkback' ops_idx=9999646 free_pool=1 caller=src/bin/../point_add/mod.rs:487
ALLOC_NEAR active=1267 next_idx=1267 phase='pp_mul_walkback' ops_idx=10004880 free_pool=1 caller=src/bin/../point_add/mod.rs:487
ALLOC_NEAR active=1267 next_idx=1267 phase='pp_mul_walkback' ops_idx=10006263 free_pool=1 caller=src/bin/../point_add/mod.rs:487
ALLOC_NEAR active=1267 next_idx=1267 phase='pp_mul_walkback' ops_idx=10011566 free_pool=1 caller=src/bin/../point_add/mod.rs:487
ALLOC_NEAR active=1267 next_idx=1267 phase='pp_mul_walkback' ops_idx=10012963 free_pool=1 caller=src/bin/../point_add/mod.rs:487
ALLOC_NEAR active=1267 next_idx=1267 phase='pp_mul_walkback' ops_idx=10018222 free_pool=1 caller=src/bin/../point_add/mod.rs:487
ALLOC_NEAR active=1267 next_idx=1267 phase='pp_mul_walkback' ops_idx=10019605 free_pool=1 caller=src/bin/../point_add/mod.rs:487
ALLOC_NEAR active=1267 next_idx=1267 phase='pp_mul_walkback' ops_idx=10024933 free_pool=1 caller=src/bin/../point_add/mod.rs:487
ALLOC_NEAR active=1267 next_idx=1267 phase='pp_mul_walkback' ops_idx=10026330 free_pool=1 caller=src/bin/../point_add/mod.rs:487
ALLOC_NEAR active=1267 next_idx=1267 phase='pp_mul_walkback' ops_idx=10031614 free_pool=1 caller=src/bin/../point_add/mod.rs:487
ALLOC_NEAR active=1267 next_idx=1267 phase='pp_mul_walkback' ops_idx=10032997 free_pool=1 caller=src/bin/../point_add/mod.rs:487
ALLOC_NEAR active=1267 next_idx=1267 phase='pp_mul_walkback' ops_idx=10038350 free_pool=1 caller=src/bin/../point_add/mod.rs:487
ALLOC_NEAR active=1267 next_idx=1267 phase='pp_mul_walkback' ops_idx=10039747 free_pool=1 caller=src/bin/../point_add/mod.rs:487
ALLOC_NEAR active=1267 next_idx=1267 phase='pp_mul_walkback' ops_idx=10045056 free_pool=1 caller=src/bin/../point_add/mod.rs:487
ALLOC_NEAR active=1267 next_idx=1267 phase='pp_mul_walkback' ops_idx=10046439 free_pool=1 caller=src/bin/../point_add/mod.rs:487
ALLOC_NEAR active=1267 next_idx=1267 phase='pp_mul_walkback' ops_idx=10051817 free_pool=1 caller=src/bin/../point_add/mod.rs:487
ALLOC_NEAR active=1267 next_idx=1267 phase='pp_mul_walkback' ops_idx=10053214 free_pool=1 caller=src/bin/../point_add/mod.rs:487
ALLOC_NEAR active=1267 next_idx=1267 phase='pp_mul_walkback' ops_idx=10058548 free_pool=1 caller=src/bin/../point_add/mod.rs:487
ALLOC_NEAR active=1267 next_idx=1267 phase='pp_mul_walkback' ops_idx=10059931 free_pool=1 caller=src/bin/../point_add/mod.rs:487
ALLOC_NEAR active=1267 next_idx=1267 phase='pp_mul_walkback' ops_idx=10065243 free_pool=1 caller=src/bin/../point_add/mod.rs:487
ALLOC_NEAR active=1267 next_idx=1267 phase='pp_mul_walkback' ops_idx=10066612 free_pool=1 caller=src/bin/../point_add/mod.rs:487
ALLOC_NEAR active=1267 next_idx=1267 phase='pp_mul_walkback' ops_idx=10071993 free_pool=1 caller=src/bin/../point_add/mod.rs:487
ALLOC_NEAR active=1267 next_idx=1267 phase='pp_mul_walkback' ops_idx=10073376 free_pool=1 caller=src/bin/../point_add/mod.rs:487
ALLOC_NEAR active=1267 next_idx=1267 phase='pp_mul_walkback' ops_idx=10078713 free_pool=1 caller=src/bin/../point_add/mod.rs:487
ALLOC_NEAR active=1267 next_idx=1267 phase='pp_mul_walkback' ops_idx=10080082 free_pool=1 caller=src/bin/../point_add/mod.rs:487
ALLOC_NEAR active=1267 next_idx=1267 phase='pp_mul_walkback' ops_idx=10085488 free_pool=1 caller=src/bin/../point_add/mod.rs:487
ALLOC_NEAR active=1267 next_idx=1267 phase='pp_mul_walkback' ops_idx=10086871 free_pool=1 caller=src/bin/../point_add/mod.rs:487
ALLOC_NEAR active=1267 next_idx=1267 phase='pp_mul_walkback' ops_idx=10092233 free_pool=1 caller=src/bin/../point_add/mod.rs:487
ALLOC_NEAR active=1267 next_idx=1267 phase='pp_mul_walkback' ops_idx=10093602 free_pool=1 caller=src/bin/../point_add/mod.rs:487
ALLOC_NEAR active=1267 next_idx=1267 phase='pp_mul_walkback' ops_idx=10099033 free_pool=1 caller=src/bin/../point_add/mod.rs:487
ALLOC_NEAR active=1267 next_idx=1267 phase='pp_mul_walkback' ops_idx=10100416 free_pool=1 caller=src/bin/../point_add/mod.rs:487
ALLOC_NEAR active=1267 next_idx=1267 phase='pp_mul_walkback' ops_idx=10105803 free_pool=1 caller=src/bin/../point_add/mod.rs:487
ALLOC_NEAR active=1267 next_idx=1267 phase='pp_mul_walkback' ops_idx=10107172 free_pool=1 caller=src/bin/../point_add/mod.rs:487
ALLOC_NEAR active=1267 next_idx=1267 phase='pp_mul_walkback' ops_idx=10112537 free_pool=1 caller=src/bin/../point_add/mod.rs:487
ALLOC_NEAR active=1267 next_idx=1267 phase='pp_mul_walkback' ops_idx=10113892 free_pool=1 caller=src/bin/../point_add/mod.rs:487
ALLOC_NEAR active=1267 next_idx=1267 phase='pp_mul_walkback' ops_idx=10119326 free_pool=1 caller=src/bin/../point_add/mod.rs:487
ALLOC_NEAR active=1267 next_idx=1267 phase='pp_mul_walkback' ops_idx=10120695 free_pool=1 caller=src/bin/../point_add/mod.rs:487
ALLOC_NEAR active=1267 next_idx=1267 phase='pp_mul_walkback' ops_idx=10126085 free_pool=1 caller=src/bin/../point_add/mod.rs:487
ALLOC_NEAR active=1267 next_idx=1267 phase='pp_mul_walkback' ops_idx=10127440 free_pool=1 caller=src/bin/../point_add/mod.rs:487
ALLOC_NEAR active=1267 next_idx=1267 phase='pp_mul_walkback' ops_idx=10132808 free_pool=1 caller=src/bin/../point_add/mod.rs:487
ALLOC_NEAR active=1267 next_idx=1267 phase='pp_mul_walkback' ops_idx=10134149 free_pool=1 caller=src/bin/../point_add/mod.rs:487
ALLOC_NEAR active=1267 next_idx=1267 phase='pp_mul_walkback' ops_idx=10139495 free_pool=1 caller=src/bin/../point_add/mod.rs:487
ALLOC_NEAR active=1267 next_idx=1267 phase='pp_mul_walkback' ops_idx=10140822 free_pool=1 caller=src/bin/../point_add/mod.rs:487
ALLOC_NEAR active=1267 next_idx=1267 phase='pp_mul_walkback' ops_idx=10146237 free_pool=1 caller=src/bin/../point_add/mod.rs:487
ALLOC_NEAR active=1267 next_idx=1267 phase='pp_mul_walkback' ops_idx=10147578 free_pool=1 caller=src/bin/../point_add/mod.rs:487
ALLOC_NEAR active=1267 next_idx=1267 phase='pp_mul_walkback' ops_idx=10152949 free_pool=1 caller=src/bin/../point_add/mod.rs:487
ALLOC_NEAR active=1267 next_idx=1267 phase='pp_mul_walkback' ops_idx=10154276 free_pool=1 caller=src/bin/../point_add/mod.rs:487
ALLOC_NEAR active=1267 next_idx=1267 phase='pp_mul_walkback' ops_idx=10159625 free_pool=1 caller=src/bin/../point_add/mod.rs:487
ALLOC_NEAR active=1267 next_idx=1267 phase='pp_mul_walkback' ops_idx=10160938 free_pool=1 caller=src/bin/../point_add/mod.rs:487
ALLOC_NEAR active=1267 next_idx=1267 phase='pp_mul_walkback' ops_idx=10166265 free_pool=1 caller=src/bin/../point_add/mod.rs:487
ALLOC_NEAR active=1267 next_idx=1267 phase='pp_mul_walkback' ops_idx=10167564 free_pool=1 caller=src/bin/../point_add/mod.rs:487
ALLOC_NEAR active=1267 next_idx=1267 phase='pp_mul_walkback' ops_idx=10172960 free_pool=1 caller=src/bin/../point_add/mod.rs:487
ALLOC_NEAR active=1267 next_idx=1267 phase='pp_mul_walkback' ops_idx=10174273 free_pool=1 caller=src/bin/../point_add/mod.rs:487
ALLOC_NEAR active=1267 next_idx=1267 phase='pp_mul_walkback' ops_idx=10179625 free_pool=1 caller=src/bin/../point_add/mod.rs:487
ALLOC_NEAR active=1267 next_idx=1267 phase='pp_mul_walkback' ops_idx=10180924 free_pool=1 caller=src/bin/../point_add/mod.rs:487
ALLOC_NEAR active=1267 next_idx=1267 phase='pp_mul_walkback' ops_idx=10186345 free_pool=1 caller=src/bin/../point_add/mod.rs:487
ALLOC_NEAR active=1267 next_idx=1267 phase='pp_mul_walkback' ops_idx=10187658 free_pool=1 caller=src/bin/../point_add/mod.rs:487
ALLOC_NEAR active=1267 next_idx=1267 phase='pp_mul_walkback' ops_idx=10193035 free_pool=1 caller=src/bin/../point_add/mod.rs:487
ALLOC_NEAR active=1267 next_idx=1267 phase='pp_mul_walkback' ops_idx=10194334 free_pool=1 caller=src/bin/../point_add/mod.rs:487
ALLOC_NEAR active=1267 next_idx=1267 phase='pp_mul_walkback' ops_idx=10199780 free_pool=1 caller=src/bin/../point_add/mod.rs:487
ALLOC_NEAR active=1267 next_idx=1267 phase='pp_mul_walkback' ops_idx=10201093 free_pool=1 caller=src/bin/../point_add/mod.rs:487
ALLOC_NEAR active=1267 next_idx=1267 phase='pp_mul_walkback' ops_idx=10206495 free_pool=1 caller=src/bin/../point_add/mod.rs:487
ALLOC_NEAR active=1267 next_idx=1267 phase='pp_mul_walkback' ops_idx=10207794 free_pool=1 caller=src/bin/../point_add/mod.rs:487
ALLOC_NEAR active=1267 next_idx=1267 phase='pp_mul_walkback' ops_idx=10213265 free_pool=1 caller=src/bin/../point_add/mod.rs:487
ALLOC_NEAR active=1267 next_idx=1267 phase='pp_mul_walkback' ops_idx=10214578 free_pool=1 caller=src/bin/../point_add/mod.rs:487
ALLOC_NEAR active=1267 next_idx=1267 phase='pp_mul_walkback' ops_idx=10220005 free_pool=1 caller=src/bin/../point_add/mod.rs:487
ALLOC_NEAR active=1267 next_idx=1267 phase='pp_mul_walkback' ops_idx=10221304 free_pool=1 caller=src/bin/../point_add/mod.rs:487
ALLOC_NEAR active=1267 next_idx=1267 phase='pp_mul_walkback' ops_idx=10226709 free_pool=1 caller=src/bin/../point_add/mod.rs:487
ALLOC_NEAR active=1267 next_idx=1267 phase='pp_mul_walkback' ops_idx=10227994 free_pool=1 caller=src/bin/../point_add/mod.rs:487
ALLOC_NEAR active=1267 next_idx=1267 phase='pp_mul_walkback' ops_idx=10233468 free_pool=1 caller=src/bin/../point_add/mod.rs:487
ALLOC_NEAR active=1267 next_idx=1267 phase='pp_mul_walkback' ops_idx=10234767 free_pool=1 caller=src/bin/../point_add/mod.rs:487
ALLOC_NEAR active=1267 next_idx=1267 phase='pp_mul_walkback' ops_idx=10240197 free_pool=1 caller=src/bin/../point_add/mod.rs:487
ALLOC_NEAR active=1267 next_idx=1267 phase='pp_mul_walkback' ops_idx=10241482 free_pool=1 caller=src/bin/../point_add/mod.rs:487
ALLOC_NEAR active=1267 next_idx=1267 phase='pp_mul_walkback' ops_idx=10248170 free_pool=1 caller=src/bin/../point_add/mod.rs:487
ALLOC_NEAR active=1267 next_idx=1267 phase='pp_mul_walkback' ops_idx=10253647 free_pool=1 caller=src/bin/../point_add/mod.rs:487
ALLOC_NEAR active=1267 next_idx=1267 phase='pp_mul_walkback' ops_idx=10254932 free_pool=1 caller=src/bin/../point_add/mod.rs:487
ALLOC_NEAR active=1267 next_idx=1267 phase='pp_mul_walkback' ops_idx=10261645 free_pool=1 caller=src/bin/../point_add/mod.rs:487
ALLOC_NEAR active=1267 next_idx=1267 phase='pp_mul_walkback' ops_idx=10267147 free_pool=1 caller=src/bin/../point_add/mod.rs:487
ALLOC_NEAR active=1267 next_idx=1267 phase='pp_mul_walkback' ops_idx=10268432 free_pool=1 caller=src/bin/../point_add/mod.rs:487
ALLOC_NEAR active=1267 next_idx=1267 phase='pp_mul_walkback' ops_idx=10275170 free_pool=1 caller=src/bin/../point_add/mod.rs:487
ALLOC_NEAR active=1267 next_idx=1267 phase='pp_mul_walkback' ops_idx=10288681 free_pool=1 caller=src/bin/../point_add/mod.rs:487
ALLOC_NEAR active=1267 next_idx=1267 phase='pp_mul_walkback' ops_idx=10302242 free_pool=1 caller=src/bin/../point_add/mod.rs:487
ALLOC_NEAR active=1267 next_idx=1267 phase='pp_mul_walkback' ops_idx=10306761 free_pool=1 caller=src/bin/../point_add/mod.rs:487
ALLOC_NEAR active=1267 next_idx=1267 phase='pp_mul_walkback' ops_idx=10311280 free_pool=1 caller=src/bin/../point_add/mod.rs:487
ALLOC_NEAR active=1267 next_idx=1267 phase='pp_mul_walkback' ops_idx=10315799 free_pool=1 caller=src/bin/../point_add/mod.rs:487
ALLOC_NEAR active=1267 next_idx=1267 phase='pp_mul_walkback' ops_idx=10320318 free_pool=1 caller=src/bin/../point_add/mod.rs:487
ALLOC_NEAR active=1267 next_idx=1267 phase='pp_mul_walkback' ops_idx=10324837 free_pool=1 caller=src/bin/../point_add/mod.rs:487
ALLOC_NEAR active=1267 next_idx=1267 phase='pp_mul_walkback' ops_idx=10329356 free_pool=1 caller=src/bin/../point_add/mod.rs:487
ALLOC_NEAR active=1267 next_idx=1267 phase='pp_mul_walkback' ops_idx=10333875 free_pool=1 caller=src/bin/../point_add/mod.rs:487
ALLOC_NEAR active=1267 next_idx=1267 phase='pp_mul_walkback' ops_idx=10338394 free_pool=1 caller=src/bin/../point_add/mod.rs:487
ALLOC_NEAR active=1267 next_idx=1267 phase='pp_mul_walkback' ops_idx=10342913 free_pool=1 caller=src/bin/../point_add/mod.rs:487
ALLOC_NEAR active=1267 next_idx=1267 phase='pp_mul_walkback' ops_idx=10347432 free_pool=1 caller=src/bin/../point_add/mod.rs:487
ALLOC_NEAR active=1267 next_idx=1267 phase='pp_mul_walkback' ops_idx=10351951 free_pool=1 caller=src/bin/../point_add/mod.rs:487
ALLOC_NEAR active=1267 next_idx=1267 phase='pp_mul_walkback' ops_idx=10356470 free_pool=1 caller=src/bin/../point_add/mod.rs:487
ALLOC_NEAR active=1267 next_idx=1267 phase='pp_mul_walkback' ops_idx=10360989 free_pool=1 caller=src/bin/../point_add/mod.rs:487
ALLOC_NEAR active=1267 next_idx=1267 phase='pp_mul_walkback' ops_idx=10365508 free_pool=1 caller=src/bin/../point_add/mod.rs:487
ALLOC_NEAR active=1267 next_idx=1267 phase='pp_mul_walkback' ops_idx=10370027 free_pool=1 caller=src/bin/../point_add/mod.rs:487
ALLOC_NEAR active=1267 next_idx=1267 phase='pp_mul_walkback' ops_idx=10374546 free_pool=1 caller=src/bin/../point_add/mod.rs:487
ALLOC_NEAR active=1267 next_idx=1267 phase='pp_mul_walkback' ops_idx=10379065 free_pool=1 caller=src/bin/../point_add/mod.rs:487
ALLOC_NEAR active=1267 next_idx=1267 phase='pp_mul_walkback' ops_idx=10383584 free_pool=1 caller=src/bin/../point_add/mod.rs:487
ALLOC_NEAR active=1267 next_idx=1267 phase='pp_mul_walkback' ops_idx=10388103 free_pool=1 caller=src/bin/../point_add/mod.rs:487
ALLOC_NEAR active=1267 next_idx=1267 phase='pp_mul_walkback' ops_idx=10392622 free_pool=1 caller=src/bin/../point_add/mod.rs:487
ALLOC_NEAR active=1267 next_idx=1267 phase='pp_mul_walkback' ops_idx=10397141 free_pool=1 caller=src/bin/../point_add/mod.rs:487
ALLOC_NEAR active=1267 next_idx=1267 phase='pp_mul_walkback' ops_idx=10401660 free_pool=1 caller=src/bin/../point_add/mod.rs:487
ALLOC_NEAR active=1267 next_idx=1267 phase='pp_mul_walkback' ops_idx=10406179 free_pool=1 caller=src/bin/../point_add/mod.rs:487
ALLOC_NEAR active=1267 next_idx=1267 phase='pp_mul_walkback' ops_idx=10410698 free_pool=1 caller=src/bin/../point_add/mod.rs:487
ALLOC_NEAR active=1267 next_idx=1267 phase='pp_mul_walkback' ops_idx=10415217 free_pool=1 caller=src/bin/../point_add/mod.rs:487
ALLOC_NEAR active=1267 next_idx=1267 phase='pp_mul_walkback' ops_idx=10419736 free_pool=1 caller=src/bin/../point_add/mod.rs:487
ALLOC_NEAR active=1267 next_idx=1267 phase='pp_mul_walkback' ops_idx=10424255 free_pool=1 caller=src/bin/../point_add/mod.rs:487
ALLOC_NEAR active=1267 next_idx=1267 phase='pp_mul_walkback' ops_idx=10428774 free_pool=1 caller=src/bin/../point_add/mod.rs:487
ALLOC_NEAR active=1267 next_idx=1267 phase='pp_mul_walkback' ops_idx=10433293 free_pool=1 caller=src/bin/../point_add/mod.rs:487
ALLOC_NEAR active=1267 next_idx=1267 phase='pp_mul_walkback' ops_idx=10437812 free_pool=1 caller=src/bin/../point_add/mod.rs:487
ALLOC_NEAR active=1267 next_idx=1267 phase='pp_mul_walkback' ops_idx=10442331 free_pool=1 caller=src/bin/../point_add/mod.rs:487
ALLOC_NEAR active=1267 next_idx=1267 phase='pp_mul_walkback' ops_idx=10446850 free_pool=1 caller=src/bin/../point_add/mod.rs:487
ALLOC_NEAR active=1267 next_idx=1267 phase='pp_mul_walkback' ops_idx=10451369 free_pool=1 caller=src/bin/../point_add/mod.rs:487
ALLOC_NEAR active=1267 next_idx=1267 phase='pp_mul_walkback' ops_idx=10455888 free_pool=1 caller=src/bin/../point_add/mod.rs:487
ALLOC_NEAR active=1267 next_idx=1267 phase='pp_mul_walkback' ops_idx=10460407 free_pool=1 caller=src/bin/../point_add/mod.rs:487
ALLOC_NEAR active=1267 next_idx=1267 phase='pp_mul_walkback' ops_idx=10464926 free_pool=1 caller=src/bin/../point_add/mod.rs:487
ALLOC_NEAR active=1267 next_idx=1267 phase='pp_mul_walkback' ops_idx=10469445 free_pool=1 caller=src/bin/../point_add/mod.rs:487
ALLOC_NEAR active=1267 next_idx=1267 phase='pp_mul_walkback' ops_idx=10473964 free_pool=1 caller=src/bin/../point_add/mod.rs:487
ALLOC_NEAR active=1267 next_idx=1267 phase='pp_mul_walkback' ops_idx=10478483 free_pool=1 caller=src/bin/../point_add/mod.rs:487
ALLOC_NEAR active=1267 next_idx=1267 phase='pp_mul_walkback' ops_idx=10483002 free_pool=1 caller=src/bin/../point_add/mod.rs:487
ALLOC_NEAR active=1267 next_idx=1267 phase='pp_mul_walkback' ops_idx=10487521 free_pool=1 caller=src/bin/../point_add/mod.rs:487
ALLOC_NEAR active=1267 next_idx=1267 phase='pp_mul_walkback' ops_idx=10492040 free_pool=1 caller=src/bin/../point_add/mod.rs:487
ALLOC_NEAR active=1267 next_idx=1267 phase='pp_mul_walkback' ops_idx=10496559 free_pool=1 caller=src/bin/../point_add/mod.rs:487
ALLOC_NEAR active=1267 next_idx=1267 phase='pp_mul_walkback' ops_idx=10501078 free_pool=1 caller=src/bin/../point_add/mod.rs:487
ALLOC_NEAR active=1267 next_idx=1267 phase='pp_mul_walkback' ops_idx=10505597 free_pool=1 caller=src/bin/../point_add/mod.rs:487
ALLOC_NEAR active=1267 next_idx=1267 phase='pp_mul_walkback' ops_idx=10510116 free_pool=1 caller=src/bin/../point_add/mod.rs:487
ALLOC_NEAR active=1267 next_idx=1267 phase='pp_mul_walkback' ops_idx=10514635 free_pool=1 caller=src/bin/../point_add/mod.rs:487
ALLOC_NEAR active=1267 next_idx=1267 phase='pp_mul_walkback' ops_idx=10519154 free_pool=1 caller=src/bin/../point_add/mod.rs:487
ALLOC_NEAR active=1267 next_idx=1267 phase='pp_mul_walkback' ops_idx=10523673 free_pool=1 caller=src/bin/../point_add/mod.rs:487
ALLOC_NEAR active=1267 next_idx=1267 phase='pp_mul_walkback' ops_idx=10528192 free_pool=1 caller=src/bin/../point_add/mod.rs:487
ALLOC_NEAR active=1267 next_idx=1267 phase='pp_mul_walkback' ops_idx=10532711 free_pool=1 caller=src/bin/../point_add/mod.rs:487
ALLOC_NEAR active=1267 next_idx=1267 phase='pp_mul_walkback' ops_idx=10537230 free_pool=1 caller=src/bin/../point_add/mod.rs:487
ALLOC_NEAR active=1267 next_idx=1267 phase='pp_mul_walkback' ops_idx=10541749 free_pool=1 caller=src/bin/../point_add/mod.rs:487
ALLOC_NEAR active=1267 next_idx=1267 phase='pp_mul_walkback' ops_idx=10546268 free_pool=1 caller=src/bin/../point_add/mod.rs:487
ALLOC_NEAR active=1267 next_idx=1267 phase='pp_mul_walkback' ops_idx=10550787 free_pool=1 caller=src/bin/../point_add/mod.rs:487
ALLOC_NEAR active=1267 next_idx=1267 phase='pp_mul_walkback' ops_idx=10555306 free_pool=1 caller=src/bin/../point_add/mod.rs:487
ALLOC_NEAR active=1267 next_idx=1267 phase='pp_mul_walkback' ops_idx=10559825 free_pool=1 caller=src/bin/../point_add/mod.rs:487
ALLOC_NEAR active=1267 next_idx=1267 phase='pp_mul_walkback' ops_idx=10564344 free_pool=1 caller=src/bin/../point_add/mod.rs:487
ALLOC_NEAR active=1267 next_idx=1267 phase='pp_mul_walkback' ops_idx=10568863 free_pool=1 caller=src/bin/../point_add/mod.rs:487
ALLOC_NEAR active=1267 next_idx=1267 phase='pp_mul_walkback' ops_idx=10573382 free_pool=1 caller=src/bin/../point_add/mod.rs:487
ALLOC_NEAR active=1267 next_idx=1267 phase='pp_mul_walkback' ops_idx=10577901 free_pool=1 caller=src/bin/../point_add/mod.rs:487
ALLOC_NEAR active=1267 next_idx=1267 phase='pp_mul_walkback' ops_idx=10582420 free_pool=1 caller=src/bin/../point_add/mod.rs:487
ALLOC_NEAR active=1267 next_idx=1267 phase='pp_mul_walkback' ops_idx=10586939 free_pool=1 caller=src/bin/../point_add/mod.rs:487
ALLOC_NEAR active=1267 next_idx=1267 phase='pp_mul_walkback' ops_idx=10591458 free_pool=1 caller=src/bin/../point_add/mod.rs:487
ALLOC_NEAR active=1267 next_idx=1267 phase='pp_mul_walkback' ops_idx=10595977 free_pool=1 caller=src/bin/../point_add/mod.rs:487
ALLOC_NEAR active=1267 next_idx=1267 phase='pp_mul_walkback' ops_idx=10600496 free_pool=1 caller=src/bin/../point_add/mod.rs:487
ALLOC_NEAR active=1267 next_idx=1267 phase='pp_mul_walkback' ops_idx=10605015 free_pool=1 caller=src/bin/../point_add/mod.rs:487
ALLOC_NEAR active=1267 next_idx=1267 phase='pp_mul_walkback' ops_idx=10609534 free_pool=1 caller=src/bin/../point_add/mod.rs:487
ALLOC_NEAR active=1267 next_idx=1267 phase='pp_mul_walkback' ops_idx=10614053 free_pool=1 caller=src/bin/../point_add/mod.rs:487
ALLOC_NEAR active=1267 next_idx=1267 phase='pp_mul_walkback' ops_idx=10618572 free_pool=1 caller=src/bin/../point_add/mod.rs:487
ALLOC_NEAR active=1267 next_idx=1267 phase='pp_mul_walkback' ops_idx=10623091 free_pool=1 caller=src/bin/../point_add/mod.rs:487
ALLOC_NEAR active=1267 next_idx=1267 phase='pp_mul_walkback' ops_idx=10627610 free_pool=1 caller=src/bin/../point_add/mod.rs:487
ALLOC_NEAR active=1267 next_idx=1267 phase='pp_mul_walkback' ops_idx=10632129 free_pool=1 caller=src/bin/../point_add/mod.rs:487
ALLOC_NEAR active=1267 next_idx=1267 phase='pp_mul_walkback' ops_idx=10636648 free_pool=1 caller=src/bin/../point_add/mod.rs:487
ALLOC_NEAR active=1267 next_idx=1267 phase='pp_mul_walkback' ops_idx=10641167 free_pool=1 caller=src/bin/../point_add/mod.rs:487
ALLOC_NEAR active=1267 next_idx=1267 phase='pp_mul_walkback' ops_idx=10645686 free_pool=1 caller=src/bin/../point_add/mod.rs:487
ALLOC_NEAR active=1267 next_idx=1267 phase='pp_mul_walkback' ops_idx=10650205 free_pool=1 caller=src/bin/../point_add/mod.rs:487
ALLOC_NEAR active=1267 next_idx=1267 phase='pp_mul_walkback' ops_idx=10654724 free_pool=1 caller=src/bin/../point_add/mod.rs:487
ALLOC_NEAR active=1267 next_idx=1267 phase='pp_mul_walkback' ops_idx=10659243 free_pool=1 caller=src/bin/../point_add/mod.rs:487
ALLOC_NEAR active=1267 next_idx=1267 phase='pp_mul_walkback' ops_idx=10663762 free_pool=1 caller=src/bin/../point_add/mod.rs:487
ALLOC_NEAR active=1267 next_idx=1267 phase='pp_mul_walkback' ops_idx=10668281 free_pool=1 caller=src/bin/../point_add/mod.rs:487
ALLOC_NEAR active=1267 next_idx=1267 phase='pp_mul_walkback' ops_idx=10672800 free_pool=1 caller=src/bin/../point_add/mod.rs:487
ALLOC_NEAR active=1267 next_idx=1267 phase='pp_mul_walkback' ops_idx=10677319 free_pool=1 caller=src/bin/../point_add/mod.rs:487
ALLOC_NEAR active=1267 next_idx=1267 phase='pp_mul_walkback' ops_idx=10681838 free_pool=1 caller=src/bin/../point_add/mod.rs:487
ALLOC_NEAR active=1267 next_idx=1267 phase='pp_mul_walkback' ops_idx=10686357 free_pool=1 caller=src/bin/../point_add/mod.rs:487
ALLOC_NEAR active=1267 next_idx=1267 phase='pp_mul_walkback' ops_idx=10690876 free_pool=1 caller=src/bin/../point_add/mod.rs:487
ALLOC_NEAR active=1267 next_idx=1267 phase='pp_mul_walkback' ops_idx=10695395 free_pool=1 caller=src/bin/../point_add/mod.rs:487
ALLOC_NEAR active=1267 next_idx=1267 phase='pp_mul_walkback' ops_idx=10699914 free_pool=1 caller=src/bin/../point_add/mod.rs:487
ALLOC_NEAR active=1267 next_idx=1267 phase='pp_mul_walkback' ops_idx=10704433 free_pool=1 caller=src/bin/../point_add/mod.rs:487
ALLOC_NEAR active=1267 next_idx=1267 phase='pp_mul_walkback' ops_idx=10708952 free_pool=1 caller=src/bin/../point_add/mod.rs:487
ALLOC_NEAR active=1267 next_idx=1267 phase='pp_mul_walkback' ops_idx=10713471 free_pool=1 caller=src/bin/../point_add/mod.rs:487
ALLOC_NEAR active=1267 next_idx=1267 phase='pp_mul_walkback' ops_idx=10717990 free_pool=1 caller=src/bin/../point_add/mod.rs:487
ALLOC_NEAR active=1267 next_idx=1267 phase='pp_mul_walkback' ops_idx=10722509 free_pool=1 caller=src/bin/../point_add/mod.rs:487
ALLOC_NEAR active=1267 next_idx=1267 phase='pp_mul_walkback' ops_idx=10727028 free_pool=1 caller=src/bin/../point_add/mod.rs:487
ALLOC_NEAR active=1267 next_idx=1267 phase='pp_mul_walkback' ops_idx=10731547 free_pool=1 caller=src/bin/../point_add/mod.rs:487
ALLOC_NEAR active=1267 next_idx=1267 phase='pp_mul_walkback' ops_idx=10736066 free_pool=1 caller=src/bin/../point_add/mod.rs:487
ALLOC_NEAR active=1267 next_idx=1267 phase='pp_mul_walkback' ops_idx=10740585 free_pool=1 caller=src/bin/../point_add/mod.rs:487
ALLOC_NEAR active=1267 next_idx=1267 phase='pp_mul_walkback' ops_idx=10745104 free_pool=1 caller=src/bin/../point_add/mod.rs:487
ALLOC_NEAR active=1267 next_idx=1267 phase='pp_mul_walkback' ops_idx=10749623 free_pool=1 caller=src/bin/../point_add/mod.rs:487
ALLOC_NEAR active=1267 next_idx=1267 phase='pp_mul_walkback' ops_idx=10754142 free_pool=1 caller=src/bin/../point_add/mod.rs:487
ALLOC_NEAR active=1267 next_idx=1267 phase='pp_mul_walkback' ops_idx=10758661 free_pool=1 caller=src/bin/../point_add/mod.rs:487
ALLOC_NEAR active=1267 next_idx=1267 phase='pp_mul_walkback' ops_idx=10763180 free_pool=1 caller=src/bin/../point_add/mod.rs:487
ALLOC_NEAR active=1267 next_idx=1267 phase='pp_mul_walkback' ops_idx=10767699 free_pool=1 caller=src/bin/../point_add/mod.rs:487
ALLOC_NEAR active=1267 next_idx=1267 phase='pp_mul_walkback' ops_idx=10772218 free_pool=1 caller=src/bin/../point_add/mod.rs:487
ALLOC_NEAR active=1267 next_idx=1267 phase='pp_mul_walkback' ops_idx=10776737 free_pool=1 caller=src/bin/../point_add/mod.rs:487
ALLOC_NEAR active=1267 next_idx=1267 phase='pp_mul_walkback' ops_idx=10781256 free_pool=1 caller=src/bin/../point_add/mod.rs:487
ALLOC_NEAR active=1267 next_idx=1267 phase='pp_mul_walkback' ops_idx=10785775 free_pool=1 caller=src/bin/../point_add/mod.rs:487
ALLOC_NEAR active=1267 next_idx=1267 phase='pp_mul_walkback' ops_idx=10790294 free_pool=1 caller=src/bin/../point_add/mod.rs:487
ALLOC_NEAR active=1267 next_idx=1267 phase='pp_mul_walkback' ops_idx=10794813 free_pool=1 caller=src/bin/../point_add/mod.rs:487
ALLOC_NEAR active=1267 next_idx=1267 phase='pp_mul_walkback' ops_idx=10799332 free_pool=1 caller=src/bin/../point_add/mod.rs:487
ALLOC_NEAR active=1267 next_idx=1267 phase='pp_mul_walkback' ops_idx=10803851 free_pool=1 caller=src/bin/../point_add/mod.rs:487
ALLOC_NEAR active=1267 next_idx=1267 phase='pp_mul_walkback' ops_idx=10808370 free_pool=1 caller=src/bin/../point_add/mod.rs:487
ALLOC_NEAR active=1267 next_idx=1267 phase='pp_mul_walkback' ops_idx=10812889 free_pool=1 caller=src/bin/../point_add/mod.rs:487
ALLOC_NEAR active=1267 next_idx=1267 phase='pp_mul_walkback' ops_idx=10817408 free_pool=1 caller=src/bin/../point_add/mod.rs:487
ALLOC_NEAR active=1267 next_idx=1267 phase='pp_mul_walkback' ops_idx=10821927 free_pool=1 caller=src/bin/../point_add/mod.rs:487
ALLOC_NEAR active=1267 next_idx=1267 phase='pp_mul_walkback' ops_idx=10826446 free_pool=1 caller=src/bin/../point_add/mod.rs:487
ALLOC_NEAR active=1267 next_idx=1267 phase='pp_mul_walkback' ops_idx=10830965 free_pool=1 caller=src/bin/../point_add/mod.rs:487
ALLOC_NEAR active=1267 next_idx=1267 phase='pp_mul_walkback' ops_idx=10835484 free_pool=1 caller=src/bin/../point_add/mod.rs:487
ALLOC_NEAR active=1267 next_idx=1267 phase='pp_mul_walkback' ops_idx=10840003 free_pool=1 caller=src/bin/../point_add/mod.rs:487
ALLOC_NEAR active=1267 next_idx=1267 phase='pp_mul_walkback' ops_idx=10844522 free_pool=1 caller=src/bin/../point_add/mod.rs:487
ALLOC_NEAR active=1267 next_idx=1267 phase='pp_mul_walkback' ops_idx=10849041 free_pool=1 caller=src/bin/../point_add/mod.rs:487
ALLOC_NEAR active=1267 next_idx=1267 phase='pp_mul_walkback' ops_idx=10853560 free_pool=1 caller=src/bin/../point_add/mod.rs:487
ALLOC_NEAR active=1267 next_idx=1267 phase='pp_mul_walkback' ops_idx=10858079 free_pool=1 caller=src/bin/../point_add/mod.rs:487
ALLOC_NEAR active=1267 next_idx=1267 phase='pp_mul_walkback' ops_idx=10862598 free_pool=1 caller=src/bin/../point_add/mod.rs:487
ALLOC_NEAR active=1267 next_idx=1267 phase='pp_mul_walkback' ops_idx=10867117 free_pool=1 caller=src/bin/../point_add/mod.rs:487
ALLOC_NEAR active=1267 next_idx=1267 phase='pp_mul_walkback' ops_idx=10871636 free_pool=1 caller=src/bin/../point_add/mod.rs:487
ALLOC_NEAR active=1267 next_idx=1267 phase='pp_mul_walkback' ops_idx=10876155 free_pool=1 caller=src/bin/../point_add/mod.rs:487
ALLOC_NEAR active=1267 next_idx=1267 phase='pp_mul_walkback' ops_idx=10880674 free_pool=1 caller=src/bin/../point_add/mod.rs:487
ALLOC_NEAR active=1267 next_idx=1267 phase='pp_mul_walkback' ops_idx=10885193 free_pool=1 caller=src/bin/../point_add/mod.rs:487
ALLOC_NEAR active=1267 next_idx=1267 phase='pp_mul_walkback' ops_idx=10889712 free_pool=1 caller=src/bin/../point_add/mod.rs:487
ALLOC_NEAR active=1267 next_idx=1267 phase='pp_mul_walkback' ops_idx=10894231 free_pool=1 caller=src/bin/../point_add/mod.rs:487
ALLOC_NEAR active=1267 next_idx=1267 phase='pp_mul_walkback' ops_idx=10898750 free_pool=1 caller=src/bin/../point_add/mod.rs:487
ALLOC_NEAR active=1267 next_idx=1267 phase='pp_mul_walkback' ops_idx=10903269 free_pool=1 caller=src/bin/../point_add/mod.rs:487
ALLOC_NEAR active=1267 next_idx=1267 phase='pp_mul_walkback' ops_idx=10907788 free_pool=1 caller=src/bin/../point_add/mod.rs:487
ALLOC_NEAR active=1267 next_idx=1267 phase='pp_mul_walkback' ops_idx=10912307 free_pool=1 caller=src/bin/../point_add/mod.rs:487
ALLOC_NEAR active=1267 next_idx=1267 phase='pp_mul_walkback' ops_idx=10916826 free_pool=1 caller=src/bin/../point_add/mod.rs:487
ALLOC_NEAR active=1267 next_idx=1267 phase='pp_mul_walkback' ops_idx=10921345 free_pool=1 caller=src/bin/../point_add/mod.rs:487
ALLOC_NEAR active=1267 next_idx=1267 phase='pp_mul_walkback' ops_idx=10925864 free_pool=1 caller=src/bin/../point_add/mod.rs:487
ALLOC_NEAR active=1267 next_idx=1267 phase='pp_mul_walkback' ops_idx=10930383 free_pool=1 caller=src/bin/../point_add/mod.rs:487
ALLOC_NEAR active=1267 next_idx=1267 phase='pp_mul_walkback' ops_idx=10934902 free_pool=1 caller=src/bin/../point_add/mod.rs:487
ALLOC_NEAR active=1267 next_idx=1267 phase='pp_mul_walkback' ops_idx=10939421 free_pool=1 caller=src/bin/../point_add/mod.rs:487
ALLOC_NEAR active=1267 next_idx=1267 phase='pp_mul_walkback' ops_idx=10943940 free_pool=1 caller=src/bin/../point_add/mod.rs:487
ALLOC_NEAR active=1267 next_idx=1267 phase='pp_mul_walkback' ops_idx=10948459 free_pool=1 caller=src/bin/../point_add/mod.rs:487
ALLOC_NEAR active=1267 next_idx=1267 phase='pp_mul_walkback' ops_idx=10952978 free_pool=1 caller=src/bin/../point_add/mod.rs:487
ALLOC_NEAR active=1267 next_idx=1267 phase='pp_mul_walkback' ops_idx=10957497 free_pool=1 caller=src/bin/../point_add/mod.rs:487
ALLOC_NEAR active=1267 next_idx=1267 phase='pp_mul_walkback' ops_idx=10962016 free_pool=1 caller=src/bin/../point_add/mod.rs:487
ALLOC_NEAR active=1267 next_idx=1267 phase='pp_mul_walkback' ops_idx=10966535 free_pool=1 caller=src/bin/../point_add/mod.rs:487
ALLOC_NEAR active=1267 next_idx=1267 phase='pp_mul_walkback' ops_idx=10971054 free_pool=1 caller=src/bin/../point_add/mod.rs:487
ALLOC_NEAR active=1267 next_idx=1267 phase='pp_mul_walkback' ops_idx=10975573 free_pool=1 caller=src/bin/../point_add/mod.rs:487
ALLOC_NEAR active=1267 next_idx=1267 phase='pp_mul_walkback' ops_idx=10980092 free_pool=1 caller=src/bin/../point_add/mod.rs:487
ALLOC_NEAR active=1267 next_idx=1267 phase='pp_mul_walkback' ops_idx=10984611 free_pool=1 caller=src/bin/../point_add/mod.rs:487
ALLOC_NEAR active=1267 next_idx=1267 phase='pp_mul_walkback' ops_idx=10989130 free_pool=1 caller=src/bin/../point_add/mod.rs:487
ALLOC_NEAR active=1267 next_idx=1267 phase='pp_mul_walkback' ops_idx=10993649 free_pool=1 caller=src/bin/../point_add/mod.rs:487
ALLOC_NEAR active=1267 next_idx=1267 phase='pp_mul_walkback' ops_idx=10998168 free_pool=1 caller=src/bin/../point_add/mod.rs:487
ALLOC_NEAR active=1267 next_idx=1267 phase='pp_mul_walkback' ops_idx=11002687 free_pool=1 caller=src/bin/../point_add/mod.rs:487
ALLOC_NEAR active=1267 next_idx=1267 phase='pp_mul_walkback' ops_idx=11007206 free_pool=1 caller=src/bin/../point_add/mod.rs:487
ALLOC_NEAR active=1267 next_idx=1267 phase='pp_mul_walkback' ops_idx=11011725 free_pool=1 caller=src/bin/../point_add/mod.rs:487
ALLOC_NEAR active=1267 next_idx=1267 phase='pp_mul_walkback' ops_idx=11016244 free_pool=1 caller=src/bin/../point_add/mod.rs:487
ALLOC_NEAR active=1267 next_idx=1267 phase='pp_mul_walkback' ops_idx=11020763 free_pool=1 caller=src/bin/../point_add/mod.rs:487
ALLOC_NEAR active=1267 next_idx=1267 phase='pp_mul_walkback' ops_idx=11025282 free_pool=1 caller=src/bin/../point_add/mod.rs:487
ALLOC_NEAR active=1267 next_idx=1267 phase='pp_mul_walkback' ops_idx=11029801 free_pool=1 caller=src/bin/../point_add/mod.rs:487
ALLOC_NEAR active=1267 next_idx=1267 phase='pp_mul_walkback' ops_idx=11034320 free_pool=1 caller=src/bin/../point_add/mod.rs:487
ALLOC_NEAR active=1267 next_idx=1267 phase='pp_mul_walkback' ops_idx=11038839 free_pool=1 caller=src/bin/../point_add/mod.rs:487
ALLOC_NEAR active=1267 next_idx=1267 phase='pp_mul_walkback' ops_idx=11043358 free_pool=1 caller=src/bin/../point_add/mod.rs:487
ALLOC_NEAR active=1267 next_idx=1267 phase='pp_mul_walkback' ops_idx=11047877 free_pool=1 caller=src/bin/../point_add/mod.rs:487
ALLOC_NEAR active=1267 next_idx=1267 phase='pp_mul_walkback' ops_idx=11052396 free_pool=1 caller=src/bin/../point_add/mod.rs:487
ALLOC_NEAR active=1267 next_idx=1267 phase='pp_mul_walkback' ops_idx=11056915 free_pool=1 caller=src/bin/../point_add/mod.rs:487
ALLOC_NEAR active=1267 next_idx=1267 phase='pp_mul_walkback' ops_idx=11061434 free_pool=1 caller=src/bin/../point_add/mod.rs:487
ALLOC_NEAR active=1267 next_idx=1267 phase='pp_mul_walkback' ops_idx=11065953 free_pool=1 caller=src/bin/../point_add/mod.rs:487
ALLOC_NEAR active=1267 next_idx=1267 phase='pp_mul_walkback' ops_idx=11070472 free_pool=1 caller=src/bin/../point_add/mod.rs:487
ALLOC_NEAR active=1267 next_idx=1267 phase='pp_mul_walkback' ops_idx=11074991 free_pool=1 caller=src/bin/../point_add/mod.rs:487
ALLOC_NEAR active=1267 next_idx=1267 phase='pp_mul_walkback' ops_idx=11079510 free_pool=1 caller=src/bin/../point_add/mod.rs:487
ALLOC_NEAR active=1267 next_idx=1267 phase='pp_mul_walkback' ops_idx=11084029 free_pool=1 caller=src/bin/../point_add/mod.rs:487
ALLOC_NEAR active=1267 next_idx=1267 phase='pp_mul_walkback' ops_idx=11088548 free_pool=1 caller=src/bin/../point_add/mod.rs:487
ALLOC_NEAR active=1267 next_idx=1267 phase='pp_mul_walkback' ops_idx=11093067 free_pool=1 caller=src/bin/../point_add/mod.rs:487
ALLOC_NEAR active=1267 next_idx=1267 phase='pp_mul_walkback' ops_idx=11097586 free_pool=1 caller=src/bin/../point_add/mod.rs:487
ALLOC_NEAR active=1267 next_idx=1267 phase='pp_mul_walkback' ops_idx=11102105 free_pool=1 caller=src/bin/../point_add/mod.rs:487
ALLOC_NEAR active=1267 next_idx=1267 phase='pp_mul_walkback' ops_idx=11106624 free_pool=1 caller=src/bin/../point_add/mod.rs:487
ALLOC_NEAR active=1267 next_idx=1267 phase='pp_mul_walkback' ops_idx=11111143 free_pool=1 caller=src/bin/../point_add/mod.rs:487
ALLOC_NEAR active=1267 next_idx=1267 phase='pp_mul_walkback' ops_idx=11115662 free_pool=1 caller=src/bin/../point_add/mod.rs:487
ALLOC_NEAR active=1267 next_idx=1267 phase='pp_mul_walkback' ops_idx=11120181 free_pool=1 caller=src/bin/../point_add/mod.rs:487
ALLOC_NEAR active=1267 next_idx=1267 phase='pp_mul_walkback' ops_idx=11124700 free_pool=1 caller=src/bin/../point_add/mod.rs:487
ALLOC_NEAR active=1267 next_idx=1267 phase='pp_mul_walkback' ops_idx=11129219 free_pool=1 caller=src/bin/../point_add/mod.rs:487
ALLOC_NEAR active=1267 next_idx=1267 phase='pp_mul_walkback' ops_idx=11133738 free_pool=1 caller=src/bin/../point_add/mod.rs:487
ALLOC_NEAR active=1267 next_idx=1267 phase='pp_mul_walkback' ops_idx=11138257 free_pool=1 caller=src/bin/../point_add/mod.rs:487
ALLOC_NEAR active=1267 next_idx=1267 phase='pp_mul_walkback' ops_idx=11142776 free_pool=1 caller=src/bin/../point_add/mod.rs:487
ALLOC_NEAR active=1267 next_idx=1267 phase='pp_mul_walkback' ops_idx=11147295 free_pool=1 caller=src/bin/../point_add/mod.rs:487
ALLOC_NEAR active=1267 next_idx=1267 phase='pp_mul_walkback' ops_idx=11151814 free_pool=1 caller=src/bin/../point_add/mod.rs:487
ALLOC_NEAR active=1267 next_idx=1267 phase='pp_mul_walkback' ops_idx=11156333 free_pool=1 caller=src/bin/../point_add/mod.rs:487
ALLOC_NEAR active=1267 next_idx=1267 phase='pp_mul_walkback' ops_idx=11160852 free_pool=1 caller=src/bin/../point_add/mod.rs:487
ALLOC_NEAR active=1267 next_idx=1267 phase='pp_mul_walkback' ops_idx=11165371 free_pool=1 caller=src/bin/../point_add/mod.rs:487
ALLOC_NEAR active=1267 next_idx=1267 phase='pp_mul_walkback' ops_idx=11169890 free_pool=1 caller=src/bin/../point_add/mod.rs:487
ALLOC_NEAR active=1267 next_idx=1267 phase='pp_mul_walkback' ops_idx=11174409 free_pool=1 caller=src/bin/../point_add/mod.rs:487
ALLOC_NEAR active=1267 next_idx=1267 phase='pp_mul_walkback' ops_idx=11178928 free_pool=1 caller=src/bin/../point_add/mod.rs:487
ALLOC_NEAR active=1267 next_idx=1267 phase='pp_mul_walkback' ops_idx=11183447 free_pool=1 caller=src/bin/../point_add/mod.rs:487
ALLOC_NEAR active=1267 next_idx=1267 phase='pp_mul_walkback' ops_idx=11187966 free_pool=1 caller=src/bin/../point_add/mod.rs:487
ALLOC_NEAR active=1267 next_idx=1267 phase='pp_mul_walkback' ops_idx=11192485 free_pool=1 caller=src/bin/../point_add/mod.rs:487
ALLOC_NEAR active=1267 next_idx=1267 phase='pp_mul_walkback' ops_idx=11197004 free_pool=1 caller=src/bin/../point_add/mod.rs:487
ALLOC_NEAR active=1267 next_idx=1267 phase='pp_mul_walkback' ops_idx=11201523 free_pool=1 caller=src/bin/../point_add/mod.rs:487
ALLOC_NEAR active=1267 next_idx=1267 phase='pp_mul_walkback' ops_idx=11206042 free_pool=1 caller=src/bin/../point_add/mod.rs:487
ALLOC_NEAR active=1267 next_idx=1267 phase='pp_mul_walkback' ops_idx=11210561 free_pool=1 caller=src/bin/../point_add/mod.rs:487
ALLOC_NEAR active=1267 next_idx=1267 phase='pp_mul_walkback' ops_idx=11215080 free_pool=1 caller=src/bin/../point_add/mod.rs:487
ALLOC_NEAR active=1267 next_idx=1267 phase='pp_mul_walkback' ops_idx=11219599 free_pool=1 caller=src/bin/../point_add/mod.rs:487
ALLOC_NEAR active=1267 next_idx=1267 phase='pp_mul_walkback' ops_idx=11224118 free_pool=1 caller=src/bin/../point_add/mod.rs:487
ALLOC_NEAR active=1267 next_idx=1267 phase='pp_mul_walkback' ops_idx=11228637 free_pool=1 caller=src/bin/../point_add/mod.rs:487
ALLOC_NEAR active=1267 next_idx=1267 phase='pp_mul_walkback' ops_idx=11233156 free_pool=1 caller=src/bin/../point_add/mod.rs:487
ALLOC_NEAR active=1267 next_idx=1267 phase='pp_mul_walkback' ops_idx=11237675 free_pool=1 caller=src/bin/../point_add/mod.rs:487
ALLOC_NEAR active=1267 next_idx=1267 phase='pp_mul_walkback' ops_idx=11242194 free_pool=1 caller=src/bin/../point_add/mod.rs:487
ALLOC_NEAR active=1267 next_idx=1267 phase='pp_mul_walkback' ops_idx=11246713 free_pool=1 caller=src/bin/../point_add/mod.rs:487
ALLOC_NEAR active=1267 next_idx=1267 phase='pp_mul_walkback' ops_idx=11251232 free_pool=1 caller=src/bin/../point_add/mod.rs:487
ALLOC_NEAR active=1267 next_idx=1267 phase='pp_mul_walkback' ops_idx=11255751 free_pool=1 caller=src/bin/../point_add/mod.rs:487
ALLOC_NEAR active=1267 next_idx=1267 phase='pp_mul_walkback' ops_idx=11260270 free_pool=1 caller=src/bin/../point_add/mod.rs:487
ALLOC_NEAR active=1267 next_idx=1267 phase='pp_mul_walkback' ops_idx=11264789 free_pool=1 caller=src/bin/../point_add/mod.rs:487
ALLOC_NEAR active=1267 next_idx=1267 phase='pp_mul_walkback' ops_idx=11269308 free_pool=1 caller=src/bin/../point_add/mod.rs:487
ALLOC_NEAR active=1267 next_idx=1267 phase='pp_mul_walkback' ops_idx=11273827 free_pool=1 caller=src/bin/../point_add/mod.rs:487
ALLOC_NEAR active=1267 next_idx=1267 phase='pp_mul_walkback' ops_idx=11278346 free_pool=1 caller=src/bin/../point_add/mod.rs:487
ALLOC_NEAR active=1267 next_idx=1267 phase='pp_mul_walkback' ops_idx=11282865 free_pool=1 caller=src/bin/../point_add/mod.rs:487
ALLOC_NEAR active=1267 next_idx=1267 phase='pp_mul_walkback' ops_idx=11287384 free_pool=1 caller=src/bin/../point_add/mod.rs:487
ALLOC_NEAR active=1267 next_idx=1267 phase='pp_mul_walkback' ops_idx=11291903 free_pool=1 caller=src/bin/../point_add/mod.rs:487
ALLOC_NEAR active=1267 next_idx=1267 phase='pp_mul_walkback' ops_idx=11296422 free_pool=1 caller=src/bin/../point_add/mod.rs:487
ALLOC_NEAR active=1267 next_idx=1267 phase='pp_mul_walkback' ops_idx=11300941 free_pool=1 caller=src/bin/../point_add/mod.rs:487
ALLOC_NEAR active=1267 next_idx=1267 phase='pp_mul_walkback' ops_idx=11305460 free_pool=1 caller=src/bin/../point_add/mod.rs:487
ALLOC_NEAR active=1267 next_idx=1267 phase='pp_mul_walkback' ops_idx=11309979 free_pool=1 caller=src/bin/../point_add/mod.rs:487
ALLOC_NEAR active=1267 next_idx=1267 phase='pp_mul_walkback' ops_idx=11314498 free_pool=1 caller=src/bin/../point_add/mod.rs:487
ALLOC_NEAR active=1267 next_idx=1267 phase='pp_mul_walkback' ops_idx=11319017 free_pool=1 caller=src/bin/../point_add/mod.rs:487
ALLOC_NEAR active=1267 next_idx=1267 phase='pp_mul_walkback' ops_idx=11323536 free_pool=1 caller=src/bin/../point_add/mod.rs:487
ALLOC_NEAR active=1267 next_idx=1267 phase='pp_mul_walkback' ops_idx=11328055 free_pool=1 caller=src/bin/../point_add/mod.rs:487
ALLOC_NEAR active=1267 next_idx=1267 phase='pp_mul_walkback' ops_idx=11332574 free_pool=1 caller=src/bin/../point_add/mod.rs:487
ALLOC_NEAR active=1267 next_idx=1267 phase='pp_mul_walkback' ops_idx=11337093 free_pool=1 caller=src/bin/../point_add/mod.rs:487
ALLOC_NEAR active=1267 next_idx=1267 phase='pp_mul_walkback' ops_idx=11341612 free_pool=1 caller=src/bin/../point_add/mod.rs:487
ALLOC_NEAR active=1267 next_idx=1267 phase='pp_mul_walkback' ops_idx=11346131 free_pool=1 caller=src/bin/../point_add/mod.rs:487
ALLOC_NEAR active=1267 next_idx=1267 phase='pp_mul_walkback' ops_idx=11350650 free_pool=1 caller=src/bin/../point_add/mod.rs:487
ALLOC_NEAR active=1267 next_idx=1267 phase='pp_mul_walkback' ops_idx=11355169 free_pool=1 caller=src/bin/../point_add/mod.rs:487
ALLOC_NEAR active=1267 next_idx=1267 phase='pp_mul_walkback' ops_idx=11359688 free_pool=1 caller=src/bin/../point_add/mod.rs:487
ALLOC_NEAR active=1267 next_idx=1267 phase='pp_mul_walkback' ops_idx=11364207 free_pool=1 caller=src/bin/../point_add/mod.rs:487
ALLOC_NEAR active=1267 next_idx=1267 phase='pp_mul_walkback' ops_idx=11368726 free_pool=1 caller=src/bin/../point_add/mod.rs:487
ALLOC_NEAR active=1267 next_idx=1267 phase='pp_mul_walkback' ops_idx=11373245 free_pool=1 caller=src/bin/../point_add/mod.rs:487
ALLOC_NEAR active=1267 next_idx=1267 phase='pp_mul_walkback' ops_idx=11377764 free_pool=1 caller=src/bin/../point_add/mod.rs:487
ALLOC_NEAR active=1267 next_idx=1267 phase='pp_mul_walkback' ops_idx=11382283 free_pool=1 caller=src/bin/../point_add/mod.rs:487
ALLOC_NEAR active=1267 next_idx=1267 phase='pp_mul_walkback' ops_idx=11386802 free_pool=1 caller=src/bin/../point_add/mod.rs:487
ALLOC_NEAR active=1267 next_idx=1267 phase='pp_mul_walkback' ops_idx=11391321 free_pool=1 caller=src/bin/../point_add/mod.rs:487
ALLOC_NEAR active=1267 next_idx=1267 phase='pp_mul_walkback' ops_idx=11395840 free_pool=1 caller=src/bin/../point_add/mod.rs:487
ALLOC_NEAR active=1267 next_idx=1267 phase='pp_mul_walkback' ops_idx=11400359 free_pool=1 caller=src/bin/../point_add/mod.rs:487
ALLOC_NEAR active=1267 next_idx=1267 phase='pp_mul_walkback' ops_idx=11404878 free_pool=1 caller=src/bin/../point_add/mod.rs:487
ALLOC_NEAR active=1267 next_idx=1267 phase='pp_mul_walkback' ops_idx=11409397 free_pool=1 caller=src/bin/../point_add/mod.rs:487
ALLOC_NEAR active=1267 next_idx=1267 phase='pp_mul_walkback' ops_idx=11413916 free_pool=1 caller=src/bin/../point_add/mod.rs:487
ALLOC_NEAR active=1267 next_idx=1267 phase='pp_mul_walkback' ops_idx=11418435 free_pool=1 caller=src/bin/../point_add/mod.rs:487
ALLOC_NEAR active=1267 next_idx=1267 phase='pp_mul_walkback' ops_idx=11422954 free_pool=1 caller=src/bin/../point_add/mod.rs:487
ALLOC_NEAR active=1267 next_idx=1267 phase='pp_mul_walkback' ops_idx=11427473 free_pool=1 caller=src/bin/../point_add/mod.rs:487
ALLOC_NEAR active=1267 next_idx=1267 phase='pp_mul_walkback' ops_idx=11431992 free_pool=1 caller=src/bin/../point_add/mod.rs:487
ALLOC_NEAR active=1267 next_idx=1267 phase='pp_mul_walkback' ops_idx=11436511 free_pool=1 caller=src/bin/../point_add/mod.rs:487
ALLOC_NEAR active=1267 next_idx=1267 phase='pp_mul_walkback' ops_idx=11441030 free_pool=1 caller=src/bin/../point_add/mod.rs:487
ALLOC_NEAR active=1267 next_idx=1267 phase='pp_mul_walkback' ops_idx=11445549 free_pool=1 caller=src/bin/../point_add/mod.rs:487
ALLOC_NEAR active=1267 next_idx=1267 phase='pp_mul_walkback' ops_idx=11450068 free_pool=1 caller=src/bin/../point_add/mod.rs:487
ALLOC_NEAR active=1267 next_idx=1267 phase='pp_mul_walkback' ops_idx=11454587 free_pool=1 caller=src/bin/../point_add/mod.rs:487
ALLOC_NEAR active=1267 next_idx=1267 phase='pp_mul_walkback' ops_idx=11459106 free_pool=1 caller=src/bin/../point_add/mod.rs:487
ALLOC_NEAR active=1267 next_idx=1267 phase='pp_mul_walkback' ops_idx=11463625 free_pool=1 caller=src/bin/../point_add/mod.rs:487
ALLOC_NEAR active=1267 next_idx=1267 phase='pp_mul_walkback' ops_idx=11468144 free_pool=1 caller=src/bin/../point_add/mod.rs:487
ALLOC_NEAR active=1267 next_idx=1267 phase='pp_mul_walkback' ops_idx=11472663 free_pool=1 caller=src/bin/../point_add/mod.rs:487
ALLOC_NEAR active=1267 next_idx=1267 phase='pp_mul_walkback' ops_idx=11477182 free_pool=1 caller=src/bin/../point_add/mod.rs:487
ALLOC_NEAR active=1267 next_idx=1267 phase='pp_mul_walkback' ops_idx=11481701 free_pool=1 caller=src/bin/../point_add/mod.rs:487
ALLOC_NEAR active=1267 next_idx=1267 phase='pp_mul_walkback' ops_idx=11486220 free_pool=1 caller=src/bin/../point_add/mod.rs:487
ALLOC_NEAR active=1267 next_idx=1267 phase='pp_mul_walkback' ops_idx=11490739 free_pool=1 caller=src/bin/../point_add/mod.rs:487
ALLOC_NEAR active=1267 next_idx=1267 phase='pp_mul_walkback' ops_idx=11495258 free_pool=1 caller=src/bin/../point_add/mod.rs:487
ALLOC_NEAR active=1267 next_idx=1267 phase='pp_mul_walkback' ops_idx=11499777 free_pool=1 caller=src/bin/../point_add/mod.rs:487
ALLOC_NEAR active=1267 next_idx=1267 phase='pp_mul_walkback' ops_idx=11504296 free_pool=1 caller=src/bin/../point_add/mod.rs:487
ALLOC_NEAR active=1267 next_idx=1267 phase='pp_mul_walkback' ops_idx=11508815 free_pool=1 caller=src/bin/../point_add/mod.rs:487
ALLOC_NEAR active=1267 next_idx=1267 phase='pp_mul_walkback' ops_idx=11513334 free_pool=1 caller=src/bin/../point_add/mod.rs:487
ALLOC_NEAR active=1267 next_idx=1267 phase='pp_mul_walkback' ops_idx=11517853 free_pool=1 caller=src/bin/../point_add/mod.rs:487
ALLOC_NEAR active=1267 next_idx=1267 phase='pp_mul_walkback' ops_idx=11522372 free_pool=1 caller=src/bin/../point_add/mod.rs:487
ALLOC_NEAR active=1267 next_idx=1267 phase='pp_mul_walkback' ops_idx=11526891 free_pool=1 caller=src/bin/../point_add/mod.rs:487
ALLOC_NEAR active=1267 next_idx=1267 phase='pp_mul_walkback' ops_idx=11531410 free_pool=1 caller=src/bin/../point_add/mod.rs:487
ALLOC_NEAR active=1267 next_idx=1267 phase='pp_mul_walkback' ops_idx=11535929 free_pool=1 caller=src/bin/../point_add/mod.rs:487
ALLOC_NEAR active=1267 next_idx=1267 phase='pp_mul_walkback' ops_idx=11540448 free_pool=1 caller=src/bin/../point_add/mod.rs:487
ALLOC_NEAR active=1267 next_idx=1267 phase='pp_mul_walkback' ops_idx=11544967 free_pool=1 caller=src/bin/../point_add/mod.rs:487
ALLOC_NEAR active=1267 next_idx=1267 phase='pp_mul_walkback' ops_idx=11549486 free_pool=1 caller=src/bin/../point_add/mod.rs:487
ALLOC_NEAR active=1267 next_idx=1267 phase='pp_mul_walkback' ops_idx=11554005 free_pool=1 caller=src/bin/../point_add/mod.rs:487
ALLOC_NEAR active=1267 next_idx=1267 phase='pp_mul_walkback' ops_idx=11558524 free_pool=1 caller=src/bin/../point_add/mod.rs:487
ALLOC_NEAR active=1267 next_idx=1267 phase='pp_mul_walkback' ops_idx=11563043 free_pool=1 caller=src/bin/../point_add/mod.rs:487
ALLOC_NEAR active=1267 next_idx=1267 phase='pp_mul_walkback' ops_idx=11567562 free_pool=1 caller=src/bin/../point_add/mod.rs:487
ALLOC_NEAR active=1267 next_idx=1267 phase='pp_mul_walkback' ops_idx=11572081 free_pool=1 caller=src/bin/../point_add/mod.rs:487
ALLOC_NEAR active=1267 next_idx=1267 phase='pp_mul_walkback' ops_idx=11576600 free_pool=1 caller=src/bin/../point_add/mod.rs:487
ALLOC_NEAR active=1267 next_idx=1267 phase='pp_mul_walkback' ops_idx=11581119 free_pool=1 caller=src/bin/../point_add/mod.rs:487
ALLOC_NEAR active=1267 next_idx=1267 phase='pp_mul_walkback' ops_idx=11585638 free_pool=1 caller=src/bin/../point_add/mod.rs:487
ALLOC_NEAR active=1267 next_idx=1267 phase='pp_mul_walkback' ops_idx=11590157 free_pool=1 caller=src/bin/../point_add/mod.rs:487
ALLOC_NEAR active=1267 next_idx=1267 phase='pp_mul_walkback' ops_idx=11594676 free_pool=1 caller=src/bin/../point_add/mod.rs:487
ALLOC_NEAR active=1267 next_idx=1267 phase='pp_mul_walkback' ops_idx=11599195 free_pool=1 caller=src/bin/../point_add/mod.rs:487
ALLOC_NEAR active=1267 next_idx=1267 phase='pp_mul_walkback' ops_idx=11603714 free_pool=1 caller=src/bin/../point_add/mod.rs:487
ALLOC_NEAR active=1267 next_idx=1267 phase='pp_mul_walkback' ops_idx=11608233 free_pool=1 caller=src/bin/../point_add/mod.rs:487
ALLOC_NEAR active=1267 next_idx=1267 phase='pp_mul_walkback' ops_idx=11612752 free_pool=1 caller=src/bin/../point_add/mod.rs:487
ALLOC_NEAR active=1267 next_idx=1267 phase='pp_mul_walkback' ops_idx=11617271 free_pool=1 caller=src/bin/../point_add/mod.rs:487
ALLOC_NEAR active=1267 next_idx=1267 phase='pp_mul_walkback' ops_idx=11621790 free_pool=1 caller=src/bin/../point_add/mod.rs:487
ALLOC_NEAR active=1267 next_idx=1267 phase='pp_mul_walkback' ops_idx=11626309 free_pool=1 caller=src/bin/../point_add/mod.rs:487
ALLOC_NEAR active=1267 next_idx=1267 phase='pp_mul_walkback' ops_idx=11630828 free_pool=1 caller=src/bin/../point_add/mod.rs:487
ALLOC_NEAR active=1267 next_idx=1267 phase='pp_mul_walkback' ops_idx=11635347 free_pool=1 caller=src/bin/../point_add/mod.rs:487
ALLOC_NEAR active=1267 next_idx=1267 phase='pp_mul_walkback' ops_idx=11639866 free_pool=1 caller=src/bin/../point_add/mod.rs:487
ALLOC_NEAR active=1267 next_idx=1267 phase='pp_mul_walkback' ops_idx=11644385 free_pool=1 caller=src/bin/../point_add/mod.rs:487
ALLOC_NEAR active=1267 next_idx=1267 phase='pp_mul_walkback' ops_idx=11648904 free_pool=1 caller=src/bin/../point_add/mod.rs:487
ALLOC_NEAR active=1267 next_idx=1267 phase='pp_mul_walkback' ops_idx=11653423 free_pool=1 caller=src/bin/../point_add/mod.rs:487
ALLOC_NEAR active=1267 next_idx=1267 phase='pp_mul_walkback' ops_idx=11657942 free_pool=1 caller=src/bin/../point_add/mod.rs:487
ALLOC_NEAR active=1267 next_idx=1267 phase='pp_mul_walkback' ops_idx=11662461 free_pool=1 caller=src/bin/../point_add/mod.rs:487
ALLOC_NEAR active=1267 next_idx=1267 phase='pp_mul_walkback' ops_idx=11666980 free_pool=1 caller=src/bin/../point_add/mod.rs:487
ALLOC_NEAR active=1267 next_idx=1267 phase='pp_mul_walkback' ops_idx=11671499 free_pool=1 caller=src/bin/../point_add/mod.rs:487
ALLOC_NEAR active=1267 next_idx=1267 phase='pp_mul_walkback' ops_idx=11676018 free_pool=1 caller=src/bin/../point_add/mod.rs:487
ALLOC_NEAR active=1267 next_idx=1267 phase='pp_mul_walkback' ops_idx=11680537 free_pool=1 caller=src/bin/../point_add/mod.rs:487
ALLOC_NEAR active=1267 next_idx=1267 phase='pp_mul_walkback' ops_idx=11685056 free_pool=1 caller=src/bin/../point_add/mod.rs:487
ALLOC_NEAR active=1267 next_idx=1267 phase='pp_mul_walkback' ops_idx=11689575 free_pool=1 caller=src/bin/../point_add/mod.rs:487
ALLOC_NEAR active=1267 next_idx=1267 phase='pp_mul_walkback' ops_idx=11694094 free_pool=1 caller=src/bin/../point_add/mod.rs:487
ALLOC_NEAR active=1267 next_idx=1267 phase='pp_mul_walkback' ops_idx=11698613 free_pool=1 caller=src/bin/../point_add/mod.rs:487
ALLOC_NEAR active=1267 next_idx=1267 phase='pp_mul_walkback' ops_idx=11703132 free_pool=1 caller=src/bin/../point_add/mod.rs:487
ALLOC_NEAR active=1267 next_idx=1267 phase='pp_mul_walkback' ops_idx=11707651 free_pool=1 caller=src/bin/../point_add/mod.rs:487
ALLOC_NEAR active=1267 next_idx=1267 phase='pp_mul_walkback' ops_idx=11712170 free_pool=1 caller=src/bin/../point_add/mod.rs:487
  emitted ops : 12593858
  wrote       : ops.bin (45668102 bytes on disk, 705256064 uncompressed, 15.4x)

=== build_circuit OK ===
